1341847980.722988 0.000000000 0.000000000 0.000000000 -0.000000000 -0.000000000 -0.000000000 1.000000000
1341847980.754743 -0.015050815 0.007879589 -0.026817026 -0.000116096 0.001035860 -0.000026549 0.999999464
1341847980.786856 0.000278577 0.000378311 0.001522872 -0.000332729 -0.000339617 -0.000877711 0.999999523
1341847980.822978 0.002753222 -0.001286110 0.004870761 0.000539649 -0.000595560 -0.001610819 0.999998391
1341847980.854676 -0.000110844 0.000049400 -0.000711781 0.000610150 -0.000103646 -0.002053544 0.999997735
1341847980.890728 0.003094887 0.001277195 -0.004986568 0.000766930 -0.000386810 -0.002099293 0.999997437
1341847980.922978 0.002325732 0.001525474 -0.003580556 0.001184705 -0.000703203 -0.002505402 0.999995947
1341847980.954645 0.005068814 0.003205465 -0.008835012 0.001069558 -0.000504118 -0.003086172 0.999994576
1341847980.990699 0.005634801 0.004113830 -0.008614496 0.000954982 -0.000364723 -0.003000890 0.999994993
1341847981.022715 0.006509373 0.005308816 -0.009840311 0.001306150 -0.000710014 -0.002975036 0.999994516
1341847981.054711 0.005712769 0.005263127 -0.009625269 0.001125360 -0.000728439 -0.003032873 0.999994516
1341847981.090715 0.008683404 0.005970505 -0.014011127 0.001380332 -0.000437069 -0.003269034 0.999993622
1341847981.122985 0.008772931 0.004957476 -0.015612737 0.001601908 -0.000023787 -0.002765883 0.999994934
1341847981.158632 0.010137127 0.006814510 -0.018510886 0.001327072 -0.000138666 -0.001702903 0.999997675
1341847981.190636 0.010802405 0.007216849 -0.018897476 0.001002873 -0.000486348 -0.000017413 0.999999404
1341847981.222978 0.012146253 0.009870981 -0.020753954 0.002085159 -0.001046047 0.001819280 0.999995649
1341847981.258722 0.014324443 0.008529199 -0.024208894 0.001989529 -0.002086450 0.003170581 0.999990821
1341847981.290787 0.014499549 0.009401086 -0.025114425 0.002021510 -0.002143023 0.003187031 0.999990582
1341847981.322892 0.018998319 0.010924979 -0.032813668 0.002501003 -0.001751480 0.003394001 0.999989629
1341847981.358690 0.021704564 0.014518478 -0.037456878 0.002916018 -0.001650793 0.003876567 0.999986887
1341847981.390810 0.024163967 0.015668783 -0.040016223 0.003067703 -0.002417214 0.004903470 0.999980390
1341847981.426707 0.027717018 0.018198950 -0.047255568 0.003897663 -0.003687643 0.005925719 0.999968052
1341847981.458797 0.031332221 0.020312173 -0.055451415 0.003960906 -0.004674155 0.006336045 0.999961138
1341847981.490701 0.033718437 0.021439761 -0.059403326 0.003851364 -0.005069906 0.006501245 0.999958634
1341847981.527039 0.039917052 0.024456043 -0.068294525 0.004530606 -0.005750819 0.005822530 0.999956250
1341847981.558722 0.038174581 0.016653493 -0.072167434 0.003711355 -0.005605264 0.005685640 0.999961257
1341847981.594855 0.042495601 0.021476870 -0.083020605 0.004627750 -0.005450380 0.004772818 0.999963105
1341847981.626675 0.040322997 -0.014217539 -0.103423864 0.002992236 -0.005510706 0.006277345 0.999960661
1341847981.658738 0.039328590 -0.013048807 -0.123075493 0.001584912 -0.006096946 0.005670106 0.999964058
1341847981.694720 0.045641057 -0.002859831 -0.122667111 0.002374316 -0.006649476 0.005489288 0.999960005
1341847981.726650 0.037674051 -0.010370979 -0.139686927 0.001020439 -0.006553391 0.006152207 0.999959111
1341847981.758846 0.054022167 -0.013138506 -0.142869934 -0.000568654 -0.008485156 0.005390461 0.999949336
1341847981.794659 0.025437793 -0.003886351 -0.159139097 -0.001181331 -0.007452177 0.006368210 0.999951243
1341847981.826678 0.037766084 -0.014049264 -0.157042220 -0.004080882 -0.008536822 0.005265822 0.999941349
1341847981.862719 0.151975960 -0.052250713 -0.101047203 -0.006830922 -0.019092789 0.005871763 0.999777138
1341847981.894631 0.156807259 -0.039862640 -0.109477706 -0.006308095 -0.021605296 0.006568942 0.999725103
1341847981.926602 0.155628771 -0.039448448 -0.113584682 -0.009455750 -0.022939699 0.006605170 0.999670327
1341847981.962757 0.184541956 -0.062977202 -0.091995381 -0.012710623 -0.025522467 0.006979844 0.999569058
1341847981.994808 0.186495855 -0.064013191 -0.088537909 -0.012764862 -0.026492786 0.006290414 0.999547720
1341847982.027112 0.186059192 -0.063431315 -0.089771800 -0.011779171 -0.027401835 0.005045802 0.999542356
1341847982.062739 0.185369864 -0.062916532 -0.091896236 -0.010151221 -0.028687850 0.003930557 0.999529123
1341847982.094786 0.184723362 -0.062677719 -0.093714237 -0.009467821 -0.029783221 0.003065875 0.999506831
1341847982.130710 0.207424641 -0.058056023 -0.106521398 -0.006935985 -0.033404175 0.000491561 0.999417722
1341847982.162730 0.218957454 -0.054332953 -0.119027287 -0.003579239 -0.036331892 0.001722262 0.999331892
1341847982.194674 0.189915404 -0.044420291 -0.136019588 -0.004324396 -0.035229415 0.002122600 0.999367654
1341847982.230594 0.197122276 -0.038730551 -0.127951667 -0.005252942 -0.034225106 0.001461763 0.999399364
1341847982.262666 0.209042013 -0.039446652 -0.128687710 -0.004121165 -0.033334482 0.000868686 0.999435425
1341847982.294994 0.271500379 -0.046565890 -0.136256114 -0.004185683 -0.032954883 -0.001002341 0.999447584
1341847982.330655 0.235952258 -0.041608118 -0.106270596 -0.002535670 -0.032643218 0.002460474 0.999460876
1341847982.362722 0.239445224 -0.039377913 -0.110363819 0.000317690 -0.034333672 0.006411365 0.999389827
1341847982.398909 0.239164680 -0.039009050 -0.111183405 0.002592460 -0.037097357 0.008731538 0.999270201
1341847982.430770 0.243716627 -0.036342647 -0.119376719 0.003530131 -0.037240718 0.008534452 0.999263704
1341847982.462624 0.239039287 -0.036540259 -0.128468528 0.004100959 -0.034249566 0.008831678 0.999365866
1341847982.498616 0.247170642 -0.045206603 -0.126810402 0.003196472 -0.032588739 0.009548252 0.999418199
1341847982.530757 0.267438918 -0.053395908 -0.123125799 0.001250115 -0.032873046 0.010090279 0.999407828
1341847982.566660 0.254317969 -0.052754678 -0.129052699 -0.000169869 -0.031017458 0.011041849 0.999457836
1341847982.598726 0.268115431 -0.051242009 -0.119681239 -0.002788387 -0.029802943 0.012695794 0.999471247
1341847982.630723 0.309307963 -0.028129237 -0.158329606 -0.001213662 -0.028382776 0.010810419 0.999537945
1341847982.666620 0.310668141 -0.027826373 -0.159120828 -0.002485031 -0.026691150 0.010601317 0.999584436
1341847982.698638 0.314521849 -0.026749136 -0.162423298 -0.003927170 -0.024604917 0.010434176 0.999635160
1341847982.730674 0.319169462 -0.023226731 -0.171625957 -0.004673479 -0.022330245 0.009978969 0.999689937
1341847982.766706 0.298339576 -0.052732978 -0.126595214 -0.006401003 -0.023099188 0.014057010 0.999613881
1341847982.798737 0.304466695 -0.049514074 -0.134393752 -0.006215358 -0.023151599 0.015412115 0.999593854
1341847982.834747 0.345453143 -0.034548916 -0.120813310 -0.003975973 -0.026505418 0.014401099 0.999537051
1341847982.866670 0.345965177 -0.033973441 -0.123418495 -0.001496217 -0.027564216 0.016068559 0.999489784
1341847982.898700 0.381076604 -0.054773249 -0.142762721 -0.001502420 -0.032385953 0.018187290 0.999308825
1341847982.934803 0.368041039 -0.075773403 -0.144198090 -0.004062421 -0.035979010 0.022400251 0.999093235
1341847982.966708 0.374496669 -0.072685622 -0.150907353 -0.005147282 -0.039194565 0.022155849 0.998972714
1341847982.998783 0.384253919 -0.071807489 -0.162514836 -0.006239985 -0.040050089 0.019785034 0.998982370
1341847983.034693 0.399998903 -0.058937065 -0.180311948 -0.006621131 -0.041566588 0.020543689 0.998902619
1341847983.066707 0.445078850 -0.075191744 -0.124134488 -0.009177938 -0.046931062 0.018912433 0.998676956
1341847983.102757 0.453171790 -0.072674371 -0.133776784 -0.009968095 -0.049449280 0.019837840 0.998529911
1341847983.134717 0.462727159 -0.067924194 -0.145894602 -0.009304991 -0.052153494 0.020456627 0.998386204
1341847983.166651 0.496544272 -0.070836388 -0.135613710 -0.008158592 -0.057937220 0.022234846 0.998039246
1341847983.202653 0.501562893 -0.069002859 -0.141638666 -0.008365358 -0.061369486 0.022705372 0.997821748
1341847983.234717 0.506766558 -0.066932492 -0.147180721 -0.009276876 -0.063791506 0.022190902 0.997673392
1341847983.266753 0.497140318 -0.073241219 -0.158566758 -0.011808753 -0.064175270 0.021911711 0.997628212
1341847983.302701 0.498879462 -0.072537735 -0.159733877 -0.014184758 -0.063911051 0.020386586 0.997646570
1341847983.334718 0.492648721 -0.064210758 -0.181784242 -0.014605284 -0.062593013 0.019175755 0.997748017
1341847983.370887 0.544604540 -0.084631734 -0.177795619 -0.016057607 -0.065200947 0.018530885 0.997570872
1341847983.402670 0.563217342 -0.082339510 -0.180718750 -0.014424863 -0.067886449 0.020212786 0.997384012
1341847983.434705 0.584585130 -0.094568014 -0.188029841 -0.017190721 -0.072498456 0.022153191 0.996974349
1341847983.470674 0.589954972 -0.054506272 -0.176680923 -0.014514331 -0.074924089 0.020936843 0.996863842
1341847983.502767 0.596010387 -0.052138895 -0.184492946 -0.012364101 -0.073908702 0.017639663 0.997032404
1341847983.534806 0.610122800 -0.044041317 -0.206045315 -0.011260030 -0.072447017 0.015661405 0.997185767
1341847983.570684 0.616582751 -0.040514611 -0.215047449 -0.011575859 -0.072673246 0.015492788 0.997168303
1341847983.602741 0.628491819 -0.034236833 -0.231571227 -0.010168656 -0.074995793 0.015431942 0.997012615
1341847983.638729 0.633963645 -0.081826285 -0.240081623 -0.011853023 -0.078400344 0.019786999 0.996655107
1341847983.670715 0.649291933 -0.075997673 -0.254431456 -0.009406338 -0.079843141 0.019368576 0.996574879
1341847983.702857 0.698240280 -0.095316805 -0.244637132 -0.008235930 -0.085165165 0.023500349 0.996055603
1341847983.738736 0.713581681 -0.089289367 -0.257382244 -0.007275047 -0.088841364 0.025635319 0.995689273
1341847983.770707 0.725404978 -0.115396507 -0.289257318 -0.008463330 -0.091894954 0.026197264 0.995388150
1341847983.806672 0.718767285 -0.079548180 -0.290176839 -0.004157888 -0.092814356 0.025319142 0.995352805
1341847983.838719 0.739381909 -0.068929948 -0.312766224 -0.000081208 -0.095319659 0.025151467 0.995128930
1341847983.870712 0.749832749 -0.066666044 -0.320613444 0.000653820 -0.099705532 0.028696168 0.994602919
1341847983.906692 0.811992586 -0.106709793 -0.315884411 -0.003762553 -0.109764561 0.032499101 0.993419051
1341847983.938757 0.823265076 -0.103064142 -0.326489896 -0.003919134 -0.113501608 0.032333508 0.993003905
1341847983.970809 0.835214615 -0.101864018 -0.344137818 -0.005556851 -0.114394911 0.028870661 0.993000269
1341847984.006722 0.847337186 -0.117226996 -0.345906109 -0.007834214 -0.115755245 0.028842678 0.992828012
1341847984.038718 0.856532156 -0.114025109 -0.355069488 -0.009302018 -0.116184451 0.028329831 0.992780030
1341847984.074737 0.871976733 -0.109096274 -0.369575709 -0.011444311 -0.116397291 0.025328210 0.992813826
1341847984.106759 0.919038892 -0.129460037 -0.366475821 -0.017260477 -0.120442808 0.023122543 0.992300868
1341847984.138698 0.930997908 -0.122979559 -0.381704032 -0.017399017 -0.122121997 0.022133686 0.992115736
1341847984.174831 0.952770770 -0.122898668 -0.382408559 -0.020410659 -0.124016806 0.019220434 0.991883993
1341847984.206711 0.961388469 -0.120353281 -0.387621194 -0.024757959 -0.125493690 0.016987538 0.991639972
1341847984.238670 0.975638568 -0.112503998 -0.400659978 -0.024970522 -0.129910216 0.017624199 0.991054595
1341847984.274795 1.019215822 -0.116629221 -0.385004580 -0.028240355 -0.136461586 0.017102966 0.990095079
1341847984.306662 1.032469630 -0.111330494 -0.397274673 -0.030441806 -0.139412045 0.016435938 0.989629984
1341847984.343094 1.028618813 -0.112657808 -0.391883016 -0.032177269 -0.141269609 0.016038533 0.989318132
1341847984.374794 1.061645746 -0.141231999 -0.368694723 -0.036419734 -0.149476662 0.016157217 0.987962186
1341847984.406718 1.064030051 -0.140724808 -0.369557619 -0.039156873 -0.153574720 0.016935943 0.987215638
1341847984.442894 1.116141081 -0.140252694 -0.335351318 -0.040837754 -0.160920575 0.017621737 0.985964715
1341847984.474640 1.114710331 -0.141499668 -0.332156092 -0.040324219 -0.162568763 0.017143337 0.985723853
1341847984.506747 1.125779510 -0.137586430 -0.340553582 -0.040591441 -0.164838329 0.016850034 0.985341012
1341847984.542747 1.103528142 -0.134398058 -0.331194490 -0.040435176 -0.163474530 0.018611176 0.985542834
1341847984.574807 1.109389067 -0.131504193 -0.336221069 -0.041880123 -0.163010851 0.019489219 0.985542417
1341847984.610792 1.117125154 -0.125369951 -0.343834907 -0.039783917 -0.165966302 0.020269148 0.985120118
1341847984.642667 1.186706305 -0.122336142 -0.271793246 -0.036707446 -0.175132185 0.018139794 0.983693182
1341847984.674804 1.194493175 -0.116416514 -0.282372564 -0.035965741 -0.177854046 0.018991679 0.983216047
1341847984.710651 1.192849755 -0.115547247 -0.278969139 -0.033623502 -0.180690363 0.020261515 0.982756376
1341847984.743352 1.258565426 -0.122117415 -0.208442554 -0.030639336 -0.188829184 0.019659374 0.981334984
1341847984.778881 1.248120189 -0.110429697 -0.198259622 -0.029157566 -0.189865619 0.017378813 0.981223166
1341847984.810639 1.269240856 -0.108908340 -0.185355097 -0.027910860 -0.193456262 0.020959651 0.980487823
1341847984.842655 1.285988212 -0.115048505 -0.172165483 -0.025200062 -0.196530297 0.022706006 0.979910910
1341847984.878779 1.300612569 -0.096073590 -0.141474098 -0.021721266 -0.199935764 0.024864484 0.979252577
1341847984.910613 1.302466631 -0.101552330 -0.129184216 -0.022351680 -0.202399060 0.027672907 0.978656888
1341847984.943053 1.307857633 -0.086924478 -0.120424062 -0.022658447 -0.206359491 0.031511754 0.977706194
1341847984.979236 1.333353519 -0.092624694 -0.093784861 -0.023692871 -0.212122545 0.033606775 0.976377666
1341847985.010633 1.321932912 -0.138840243 -0.065574780 -0.029393427 -0.211097911 0.036997568 0.976322114
1341847985.046612 1.463784814 -0.099332742 -0.053905770 -0.028971717 -0.220445663 0.027918298 0.974569142
1341847985.078667 1.447316527 -0.107510418 -0.042212211 -0.029368190 -0.217965275 0.026908847 0.975143373
1341847985.110771 1.440240502 -0.104230583 -0.018381644 -0.029817114 -0.216848880 0.029278088 0.975310445
1341847985.146824 1.486627221 -0.112553716 0.068872884 -0.029985495 -0.221376792 0.028979693 0.974296391
1341847985.178699 1.487580776 -0.113868833 0.098091155 -0.030164117 -0.221939981 0.030381409 0.974120021
1341847985.210840 1.480299473 -0.114903860 0.117584005 -0.027767463 -0.221371278 0.031459931 0.974286437
1341847985.246735 1.478725672 -0.134957463 0.145622239 -0.027962454 -0.220155105 0.031328596 0.974560618
1341847985.278902 1.470217347 -0.137787774 0.148018032 -0.027559692 -0.218213588 0.031659462 0.974997997
1341847985.314648 1.463806510 -0.129482299 0.167962417 -0.023708044 -0.216930538 0.032281533 0.975365043
1341847985.346842 1.481021881 -0.132426962 0.200850770 -0.022609608 -0.218655691 0.032259755 0.975006640
1341847985.378830 1.473407507 -0.108556919 0.217649147 -0.020726668 -0.218641296 0.032688141 0.975037396
1341847985.414650 1.478762150 -0.113355398 0.243790478 -0.021033840 -0.218296364 0.032992862 0.975097835
1341847985.446854 1.528141618 -0.096358769 0.251798600 -0.016891705 -0.221819952 0.033853926 0.974353433
1341847985.478685 1.573360801 -0.076792508 0.309397876 -0.014247980 -0.226123109 0.035602134 0.973343670
1341847985.514673 1.577292681 -0.050861210 0.311291397 -0.012056581 -0.226346254 0.036203064 0.973299205
1341847985.546814 1.570728540 -0.050182365 0.317358822 -0.011787998 -0.224836275 0.036691714 0.973634183
1341847985.582581 1.587477088 -0.090078205 0.357957602 -0.014025059 -0.226216629 0.038370520 0.973219931
1341847985.614773 1.589940548 -0.089769080 0.381910473 -0.012440667 -0.227100462 0.041321307 0.972914755
1341847985.647097 1.592111707 -0.086915165 0.425772011 -0.008773776 -0.227476284 0.041297980 0.972867966
1341847985.682842 1.581764340 -0.086792871 0.400667161 -0.007398714 -0.225689098 0.046974398 0.973038077
1341847985.714719 1.593576431 -0.109877959 0.439665347 -0.005711124 -0.228937477 0.050066195 0.972136021
1341847985.746954 1.600917697 -0.067111157 0.484312981 0.001981281 -0.231741726 0.052616060 0.971351326
1341847985.782765 1.633005500 -0.059588574 0.519448519 0.005677482 -0.235344201 0.055448368 0.970312595
1341847985.814703 1.624125004 -0.035298549 0.535815716 0.014261555 -0.235088959 0.060663134 0.969974101
1341847985.850739 1.618607521 -0.073136404 0.514035642 0.016558865 -0.235544607 0.065942891 0.969482422
1341847985.882782 1.621274590 -0.069987193 0.521415114 0.016047470 -0.237517059 0.070850343 0.968663216
1341847985.914968 1.632238507 -0.052632082 0.534149289 0.015623238 -0.237879559 0.070646279 0.968596101
1341847985.950751 1.625672221 -0.036362849 0.569646358 0.018093914 -0.235433429 0.069481976 0.969234705
1341847985.982712 1.633628011 -0.039676022 0.574825585 0.019736506 -0.233515725 0.071188010 0.969542742
1341847986.018756 1.654094100 -0.040480781 0.592540622 0.019662175 -0.235414729 0.072319478 0.969001114
1341847986.051991 1.684428096 -0.045194395 0.615030348 0.018070782 -0.238878846 0.073762521 0.968075156
1341847986.082612 1.698288441 -0.044594578 0.650356770 0.018435868 -0.241278827 0.073795825 0.967470348
1341847986.118719 1.680857062 -0.037328586 0.637663305 0.019634539 -0.238766387 0.075274959 0.967956007
1341847986.150636 1.688123584 -0.022615217 0.666480899 0.019185554 -0.237150893 0.077256203 0.968205988
1341847986.182648 1.691125393 -0.009785770 0.686663926 0.021083375 -0.236319736 0.077423133 0.968356490
1341847986.218674 1.692679048 -0.003574942 0.693340957 0.024170889 -0.235243216 0.079459637 0.968381464
1341847986.250584 1.703554273 -0.022771373 0.719390154 0.023645021 -0.235784933 0.082040675 0.968047380
1341847986.286733 1.707342386 -0.015281733 0.725820720 0.026220493 -0.234982640 0.084294900 0.967982471
1341847986.326156 1.708711505 -0.012652959 0.732996583 0.029105097 -0.234036535 0.085449405 0.968028069
1341847986.359210 1.741486311 -0.019967388 0.788951159 0.030941566 -0.236690536 0.088734895 0.967029631
1341847986.394467 1.742469788 -0.019798189 0.791539311 0.031333219 -0.235687584 0.091126062 0.967039645
1341847986.425858 1.752154827 -0.024407683 0.813486099 0.031160505 -0.235887572 0.092063390 0.966907680
1341847986.457691 1.764760733 -0.005148584 0.829658449 0.032820512 -0.235582858 0.090517148 0.967073023
1341847986.493735 1.783325553 -0.027364630 0.927982807 0.033629201 -0.241164342 0.092339396 0.965495884
1341847986.525772 1.785347104 -0.017156530 0.927590072 0.035760276 -0.241476938 0.094859727 0.965096772
1341847986.561706 1.794056177 -0.019946128 0.937602460 0.035081837 -0.242396384 0.093379311 0.965035558
1341847986.593712 1.793529630 -0.010130377 0.945235372 0.035721060 -0.241278172 0.090843841 0.965534210
1341847986.625740 1.792227626 -0.019876987 1.003785610 0.038157847 -0.241151035 0.094716318 0.965100527
1341847986.661920 1.798541784 -0.015117558 1.000364065 0.039660428 -0.241654009 0.099821135 0.964399397
1341847986.693739 1.807073355 0.006502297 0.997608542 0.040930606 -0.243704379 0.101046756 0.963702500
1341847986.725896 1.827255964 -0.055565514 1.096172929 0.033549253 -0.250236839 0.109253414 0.961415470
1341847986.762616 1.826529503 -0.055170760 1.092113853 0.031722587 -0.251615524 0.112495810 0.960743487
1341847986.793794 1.833479166 -0.017642140 1.088945746 0.031985868 -0.252274394 0.109237045 0.960938036
1341847986.829823 1.833249450 -0.035563119 1.201626778 0.030317273 -0.253721267 0.113187633 0.960153639
1341847986.861756 1.833728909 -0.032487083 1.197095513 0.030091355 -0.254088938 0.116034232 0.959723592
1341847986.886746 1.883035183 -0.016909875 1.253261089 0.029821828 -0.261945158 0.114612736 0.957788825
1341847986.922699 1.889494181 -0.021748342 1.268833399 0.026198721 -0.264273793 0.116479479 0.957029521
1341847986.954690 1.891325593 -0.019777216 1.280126929 0.025129955 -0.264863104 0.116674662 0.956871510
1341847986.990631 1.886606097 -0.017488170 1.283785820 0.024936717 -0.264053255 0.116399512 0.957133830
1341847987.022895 1.887934685 -0.019899264 1.287597060 0.024248339 -0.264763862 0.120502934 0.956447184
1341847987.054629 1.895193338 -0.020164968 1.296106815 0.022146104 -0.266456097 0.120987430 0.955966890
1341847987.091223 1.892624617 -0.018144099 1.303292036 0.021640424 -0.267437100 0.121295825 0.955665410
1341847987.123199 1.889423490 -0.001522345 1.321196437 0.023539498 -0.266697556 0.121699803 0.955775857
1341847987.154654 1.884099007 -0.009116549 1.335656404 0.022463432 -0.263741136 0.121701807 0.956621468
1341847987.190716 1.878855348 -0.019869406 1.350022554 0.020890180 -0.260656148 0.121567614 0.957519352
1341847987.222678 1.889115810 0.007926464 1.304829001 0.022065869 -0.259224176 0.121160023 0.957933307
1341847987.259261 1.885645747 0.010248998 1.308331132 0.021421637 -0.258435994 0.121265970 0.958147526
1341847987.290653 1.903779626 0.013263075 1.356076360 0.022660261 -0.257981509 0.120916069 0.958285689
1341847987.322780 1.903129101 0.014153877 1.357457399 0.024047822 -0.253904194 0.120614842 0.959378183
1341847987.358780 1.915070295 0.036852740 1.368717551 0.029818781 -0.252470136 0.118536778 0.959853470
1341847987.390720 1.925642371 0.027435791 1.395307302 0.033699747 -0.250695765 0.119295523 0.960096121
1341847987.422820 1.917179227 0.034755956 1.356333375 0.037229881 -0.244781092 0.121952750 0.961157501
1341847987.458620 1.931941032 0.044306852 1.363836884 0.041374326 -0.244096190 0.121551439 0.961213052
1341847987.490754 1.949644804 0.043925826 1.371229053 0.044982821 -0.245540440 0.126580611 0.960033298
1341847987.526761 1.930445194 0.016594451 1.359791756 0.040088687 -0.242549658 0.133266583 0.960105538
1341847987.558679 1.946400404 0.048506219 1.401328802 0.043940365 -0.243996024 0.133813575 0.959494174
1341847987.590776 1.951204300 0.047801495 1.400090694 0.046410363 -0.242738441 0.142029315 0.958515465
1341847987.626925 1.958050966 0.034353890 1.351515293 0.042827357 -0.241333872 0.142033607 0.959036112
1341847987.658922 1.959666967 0.043868527 1.376683712 0.042233404 -0.244223952 0.139014140 0.958773255
1341847987.691638 1.956696272 0.040694695 1.376549482 0.040877357 -0.245066196 0.143639311 0.957934976
1341847987.726721 1.961236000 0.031903777 1.392548084 0.039283894 -0.248612061 0.146087527 0.956716955
1341847987.758741 2.001458883 0.038638726 1.382145524 0.037508525 -0.252416342 0.153024003 0.954705596
1341847987.794708 2.026558638 0.038916636 1.397243857 0.035127670 -0.256769150 0.157810792 0.952854335
1341847987.826748 2.037786722 0.041852809 1.418355823 0.034191225 -0.261270374 0.159861580 0.951321781
1341847987.865879 2.049298763 0.043006521 1.416470528 0.033218667 -0.266128242 0.162686199 0.949529052
1341847987.897796 2.040254831 0.051559336 1.404527545 0.034376074 -0.267695487 0.166683719 0.948353291
1341847987.933722 2.058015347 0.045425542 1.425320387 0.034337986 -0.274112403 0.167518616 0.946372449
1341847987.965806 2.061057568 0.061637513 1.434119821 0.039891735 -0.277072012 0.163765997 0.945949495
1341847987.997794 2.068772078 0.063311189 1.423505664 0.042559911 -0.278766334 0.162233174 0.945599496
1341847988.033757 2.100924730 0.060683426 1.457256556 0.044210408 -0.283142477 0.161468163 0.944353700
1341847988.065746 2.103121519 0.056031857 1.434156537 0.048931498 -0.285060972 0.162220344 0.943414330
1341847988.098165 2.106956482 0.062446665 1.429775596 0.053689118 -0.286274612 0.158163294 0.943476915
1341847988.133763 2.123911619 0.068521604 1.432401061 0.057228822 -0.287821949 0.155601516 0.943224132
1341847988.165801 2.123710871 0.082255617 1.441622615 0.061299898 -0.289751589 0.155216053 0.942440689
1341847988.201710 2.128872633 0.084290519 1.434088349 0.058832619 -0.293145776 0.155687258 0.941470027
1341847988.233777 2.141340971 0.095091954 1.425566554 0.056337014 -0.297523737 0.157452807 0.939954519
1341847988.265702 2.147233963 0.101727828 1.438808441 0.057017226 -0.297863096 0.156271145 0.940003216
1341847988.301776 2.158200741 0.094804853 1.441192031 0.055389967 -0.299206167 0.157902345 0.939401150
1341847988.333739 2.164669514 0.088297032 1.451671004 0.050949149 -0.301547617 0.159929380 0.938560486
1341847988.369715 2.192418575 0.076035142 1.484364748 0.046415057 -0.306249112 0.170037180 0.935491562
1341847988.401745 2.192854643 0.070874669 1.466891766 0.044652589 -0.307747245 0.172534004 0.934628189
1341847988.433996 2.207162380 0.073134415 1.491039395 0.042396661 -0.311893016 0.174876750 0.932922006
1341847988.469742 2.197489500 0.077470906 1.489724874 0.044758886 -0.310893983 0.174298093 0.933253348
1341847988.502496 2.210691929 0.057742253 1.549607158 0.042223111 -0.314868271 0.169542506 0.932915092
1341847988.537778 2.217451572 0.061452795 1.534630299 0.038953234 -0.315686256 0.172516808 0.932235360
1341847988.569700 2.226067543 0.049788527 1.555227995 0.034457412 -0.320683777 0.171697170 0.930856943
1341847988.601796 2.237908125 0.058573525 1.539577007 0.032913897 -0.322238207 0.169794291 0.930725098
1341847988.637768 2.239844322 0.051640384 1.546690822 0.030288901 -0.321312368 0.169055730 0.931268573
1341847988.669807 2.241749525 0.051639255 1.548522234 0.029544167 -0.320335686 0.167613253 0.931889534
1341847988.706192 2.260672808 0.061576050 1.529183865 0.028846703 -0.322189629 0.165071070 0.931726038
1341847988.737940 2.292895079 0.048762329 1.572940588 0.025691302 -0.326368690 0.166612372 0.930088043
1341847988.769740 2.284306288 0.068235338 1.522270441 0.025337702 -0.325758070 0.169400796 0.929808140
1341847988.806051 2.302193642 0.056528538 1.543098092 0.022858378 -0.329519421 0.173223853 0.927840471
1341847988.837897 2.311099529 0.065435052 1.518254280 0.021884387 -0.329537392 0.173386812 0.927827179
1341847988.873917 2.321204662 0.073842585 1.514567375 0.020867459 -0.329321891 0.172878906 0.928021908
1341847988.937824 2.352563381 0.079592735 1.542589426 0.019100606 -0.331713229 0.170768201 0.927598894
1341847988.966828 2.362185478 0.093849756 1.524108410 0.016877960 -0.332177937 0.173427045 0.926982284
1341847988.998737 2.369055033 0.092569932 1.512453794 0.014482703 -0.333456337 0.175641268 0.926146507
1341847989.034678 2.399832249 0.115231439 1.498969316 0.013697669 -0.337332726 0.172330573 0.925376236
1341847989.066658 2.408210516 0.122256160 1.502342820 0.013026478 -0.339589179 0.172890425 0.924455822
1341847989.098821 2.452323437 0.104532450 1.534433365 0.012956939 -0.345986962 0.175713062 0.921547651
1341847989.134676 2.444271564 0.144616216 1.504756093 0.020571453 -0.346574545 0.172338724 0.921825588
1341847989.166672 2.447344303 0.147701964 1.505357146 0.022917440 -0.349089295 0.175872982 0.920152307
1341847989.202743 2.447270632 0.159046620 1.448879361 0.026331877 -0.350013882 0.176271558 0.919633210
1341847989.234728 2.476264477 0.189029127 1.439880252 0.031476308 -0.357705861 0.176773503 0.916409850
1341847989.266651 2.481934547 0.191678271 1.432483435 0.033694100 -0.360346317 0.173830643 0.915859282
1341847989.302773 2.493778944 0.192353770 1.421964288 0.036320060 -0.364360452 0.169377536 0.915004671
1341847989.334871 2.502263308 0.194382697 1.399118543 0.037823834 -0.367094994 0.163436741 0.914931178
1341847989.366685 2.519752502 0.212928042 1.408701420 0.041500684 -0.371442288 0.157954291 0.913979709
1341847989.402777 2.548093796 0.240657002 1.426189423 0.046445690 -0.374862671 0.148769170 0.913886487
1341847989.434824 2.559231997 0.247917607 1.419951439 0.050988268 -0.376705796 0.147549659 0.913083851
1341847989.470712 2.572866917 0.259392500 1.390368104 0.052351266 -0.377782553 0.146441892 0.912740111
1341847989.502614 2.598035574 0.250505209 1.396064639 0.049122944 -0.380003452 0.146496132 0.911988616
1341847989.534687 2.615108013 0.250653386 1.395022988 0.049086921 -0.383520335 0.147789627 0.910308123
1341847989.570705 2.622574806 0.264365435 1.362248302 0.050168417 -0.384606808 0.144990101 0.910240948
1341847989.602804 2.627608299 0.267837912 1.359347224 0.050318319 -0.383627146 0.142650411 0.911015511
1341847989.634745 2.643898726 0.284438998 1.348462343 0.055320978 -0.382032573 0.141455397 0.911581695
1341847989.670627 2.688060999 0.313492507 1.291899920 0.057202816 -0.382192165 0.139951468 0.911630809
1341847989.702606 2.697812557 0.305147856 1.293925524 0.054820400 -0.383378893 0.136828080 0.911752999
1341847989.738929 2.706069946 0.306485385 1.256534457 0.054999653 -0.381252259 0.136012435 0.912755370
1341847989.770735 2.710927963 0.303234190 1.241441965 0.053390503 -0.380058676 0.135854945 0.913371980
1341847989.802890 2.712589025 0.303941369 1.232486486 0.052002225 -0.379727662 0.136180922 0.913541138
1341847989.838780 2.718960762 0.306860358 1.228288889 0.051290344 -0.380103797 0.135968506 0.913456619
1341847989.870960 2.744262695 0.322681755 1.178132534 0.054270096 -0.379010111 0.136588603 0.913646400
1341847989.902718 2.761569977 0.284336925 1.170044541 0.049662150 -0.379437268 0.142542496 0.912821293
1341847989.938921 2.763964653 0.294128388 1.176059246 0.049694665 -0.381617308 0.145223364 0.911487162
1341847989.970730 2.776834965 0.306204885 1.143976331 0.050027054 -0.384641290 0.149096042 0.909570634
1341847990.006923 2.785341263 0.308689505 1.138073444 0.050419804 -0.385019958 0.148589924 0.909471571
1341847990.039001 2.798321486 0.285150111 1.139731765 0.047303628 -0.385408968 0.151035413 0.909071267
1341847990.070686 2.811663866 0.330854952 1.086408854 0.052879434 -0.385501653 0.151123255 0.908710063
1341847990.106701 2.826133966 0.317091316 1.077941775 0.051055133 -0.387537628 0.152870238 0.907655597
1341847990.139194 2.829988480 0.314891338 1.061041951 0.049919803 -0.387398332 0.154714793 0.907465637
1341847990.171055 2.830490351 0.311641902 1.039416194 0.050067555 -0.389386743 0.161797598 0.905368865
1341847990.207022 2.860742331 0.319435656 0.992304444 0.050943356 -0.392936498 0.162366346 0.903683007
1341847990.238920 2.908673286 0.344277084 1.017242074 0.051882084 -0.401136190 0.158887535 0.900640190
1341847990.274709 2.925213337 0.349127859 1.011926055 0.052195568 -0.404378504 0.160456687 0.898892283
1341847990.306743 2.960080624 0.378310561 0.983545065 0.055256799 -0.408430010 0.159410104 0.897061944
1341847990.339079 2.969363689 0.382439345 0.981899261 0.054487485 -0.410335869 0.158171237 0.896458268
1341847990.374663 3.002892017 0.378111839 0.984271646 0.053997234 -0.414845973 0.157073513 0.894603312
1341847990.406760 3.027848244 0.383672059 0.973622978 0.053150613 -0.418463498 0.156424731 0.893081605
1341847990.442575 3.030333519 0.394421637 0.965820789 0.050906576 -0.419565946 0.156010240 0.892767489
1341847990.474644 3.095712185 0.434063256 0.895292580 0.052637279 -0.423859954 0.157063037 0.890451133
1341847990.506783 3.111249924 0.440796316 0.887531281 0.052675083 -0.425698966 0.155905023 0.889774919
1341847990.542835 3.159892082 0.359220386 0.896715224 0.038613699 -0.429731995 0.160445854 0.887748063
1341847990.574711 3.171904564 0.366907597 0.894185066 0.037119288 -0.432739079 0.163048342 0.885874927
1341847990.606790 3.182045460 0.372514963 0.891777873 0.036648232 -0.434492379 0.163280815 0.884993076
1341847990.642783 3.214630842 0.373146892 0.895843983 0.034586351 -0.435616165 0.161546677 0.884841800
1341847990.674787 3.230053425 0.382500201 0.891793668 0.033108030 -0.436354488 0.162731782 0.884317279
1341847990.710795 3.258106709 0.396332145 0.888466120 0.032129038 -0.439697385 0.165559009 0.882170141
1341847990.742712 3.286849499 0.391917765 0.900331080 0.027263856 -0.443297535 0.168199494 0.880030096
1341847990.774671 3.298175812 0.400691688 0.898527861 0.026116658 -0.444693387 0.169452339 0.879119813
1341847990.810771 3.310470581 0.408744931 0.897257984 0.027613632 -0.444870353 0.171393126 0.878608227
1341847990.842713 3.332685709 0.421579123 0.893210351 0.027266057 -0.446274251 0.170607656 0.878059804
1341847990.874745 3.357871056 0.421644807 0.936001182 0.024972735 -0.449215710 0.171260402 0.876499593
1341847990.910825 3.373740196 0.432059377 0.933386385 0.025453564 -0.449665904 0.171329811 0.876241267
1341847990.942685 3.397058487 0.445060909 0.930865467 0.025623661 -0.449999332 0.169251218 0.876469135
1341847990.978824 3.381783009 0.487217367 0.943048716 0.030426107 -0.447589278 0.165661618 0.878233612
1341847991.010797 3.398341179 0.497654974 0.940248311 0.032155417 -0.448541462 0.166229993 0.877578616
1341847991.042752 3.421181917 0.511923313 0.934606731 0.032252718 -0.449234724 0.167623758 0.876955092
1341847991.078680 3.431302547 0.511618495 0.979369402 0.031616319 -0.451099902 0.169180542 0.875721037
1341847991.111319 3.451986790 0.525669456 0.975772440 0.031857859 -0.452598244 0.172108933 0.874367535
1341847991.142784 3.468884706 0.534785867 0.974179804 0.032192104 -0.453748614 0.172575384 0.873666823
1341847991.178778 3.482827902 0.540280581 0.999515057 0.032427847 -0.454960704 0.173072278 0.872929156
1341847991.210687 3.459993839 0.537906170 1.037736535 0.034751635 -0.455787510 0.173885390 0.872246504
1341847991.246842 3.487258434 0.554386675 1.032879949 0.036637597 -0.457592607 0.173204839 0.871359229
1341847991.278726 3.501786232 0.563472509 1.030374408 0.036821861 -0.457985342 0.173962399 0.870994151
1341847991.310807 3.507269859 0.546325743 1.063267469 0.035785109 -0.460417807 0.179160714 0.868698061
1341847991.346722 3.541895866 0.567407131 1.059096217 0.035365768 -0.465952098 0.181630522 0.865244627
1341847991.378800 3.557623386 0.551189065 1.094024301 0.027888944 -0.471717894 0.186542481 0.861339927
1341847991.414715 3.560276985 0.568591595 1.118868113 0.025524728 -0.474499851 0.186193183 0.859959602
1341847991.446744 3.587901115 0.588824451 1.117499232 0.026316520 -0.474673569 0.184192106 0.860270739
1341847991.478824 3.592338085 0.583094180 1.156941891 0.024151677 -0.475599438 0.183876216 0.859890401
1341847991.514709 3.610409737 0.593916237 1.151885271 0.022623781 -0.475768328 0.185160115 0.859562933
1341847991.546725 3.627820015 0.604881167 1.151510000 0.020771023 -0.476873696 0.188161299 0.858344555
1341847991.578804 3.626694202 0.592607796 1.172034740 0.016629647 -0.477802068 0.191813961 0.857109129
1341847991.614853 3.631962776 0.601486802 1.189810634 0.014396385 -0.478261918 0.195579425 0.856041491
1341847991.646714 3.633378983 0.610285163 1.175979972 0.012732990 -0.475237399 0.200790599 0.856545687
1341847991.689872 3.647320271 0.624949872 1.194787383 0.012679623 -0.472496718 0.203992277 0.857305884
1341847991.714700 3.660839558 0.628193021 1.195301294 0.011966893 -0.470116675 0.206730232 0.857968390
1341847991.746823 3.666308880 0.629562378 1.193499565 0.009805352 -0.469014019 0.209851176 0.857841611
1341847991.782657 3.674482822 0.635123014 1.217072129 0.008029063 -0.468954355 0.210906103 0.857634008
1341847991.814748 3.669363499 0.637095273 1.235833287 0.008187028 -0.467154294 0.211896315 0.858370483
1341847991.846729 3.679806232 0.646957397 1.236079454 0.011973052 -0.464386344 0.211685956 0.859878480
1341847991.882784 3.693131208 0.648316860 1.251996756 0.009727473 -0.463331401 0.214443639 0.859792650
1341847991.915817 3.692690134 0.658772230 1.245724678 0.009479901 -0.463035196 0.217923790 0.859079659
1341847991.950761 3.705282688 0.663847208 1.258443952 0.010310630 -0.464082479 0.218183815 0.858438730
1341847991.982826 3.711946011 0.676807761 1.272804976 0.012471409 -0.463343978 0.216606528 0.859208107
1341847992.014724 3.717352390 0.684431672 1.270372033 0.012687141 -0.461352915 0.218224004 0.859866738
1341847992.050647 3.736835003 0.671356022 1.295778751 0.011307588 -0.463048697 0.217662185 0.859116554
1341847992.082793 3.747125626 0.689127386 1.314929485 0.012118608 -0.465240985 0.217662528 0.857920170
1341847992.114842 3.762615681 0.698277712 1.335054517 0.012919733 -0.466607392 0.217255637 0.857269347
1341847992.150789 3.772170067 0.698803484 1.339927197 0.012903580 -0.466909885 0.217962429 0.856925368
1341847992.182813 3.791787863 0.704513192 1.338212609 0.012148676 -0.468531102 0.219451278 0.855670571
1341847992.218736 3.802672386 0.711943865 1.355469823 0.012120235 -0.470164508 0.220942393 0.854390383
1341847992.250652 3.817625523 0.719876945 1.358641982 0.012358281 -0.469830215 0.221074820 0.854536593
1341847992.282910 3.843225241 0.719411433 1.380509019 0.011068218 -0.470336825 0.221997723 0.854036152
1341847992.318683 3.847350121 0.722148597 1.382612705 0.010733758 -0.470128298 0.224114582 0.853602350
1341847992.350695 3.865549803 0.734070063 1.383726835 0.009843266 -0.471080959 0.225804284 0.852642000
1341847992.382858 3.895968676 0.739781797 1.400067449 0.008573766 -0.472924143 0.227104634 0.851288855
1341847992.418855 3.915856361 0.751535177 1.405775785 0.007609022 -0.473682582 0.231697842 0.849636972
1341847992.450822 3.939149380 0.760702789 1.422261119 0.006353568 -0.475299209 0.234057188 0.848096430
1341847992.486713 3.962376833 0.775107503 1.428415537 0.004153200 -0.477104813 0.236091509 0.846530914
1341847992.518735 3.982554197 0.786930501 1.444495916 0.004020890 -0.479151845 0.237638816 0.844940901
1341847992.550596 4.002412319 0.795713902 1.454065084 0.004626848 -0.480981499 0.237486675 0.843940437
1341847992.586730 4.034024239 0.815524399 1.453986526 0.003982971 -0.483472615 0.236934528 0.842674553
1341847992.618832 4.065764427 0.842864752 1.445427418 0.004151286 -0.485540748 0.236841664 0.841509938
1341847992.654692 4.084707737 0.857987523 1.443364859 0.003852381 -0.488100171 0.236409068 0.840151310
1341847992.686829 4.097813606 0.868885517 1.442531347 0.003397068 -0.490123332 0.236487418 0.838952541
1341847992.718718 4.121108055 0.873041928 1.467709184 0.004331074 -0.492271006 0.235772565 0.837891340
1341847992.754765 4.141474724 0.888404250 1.464445114 0.004562544 -0.493906170 0.236918539 0.836603582
1341847992.786631 4.170635700 0.911681950 1.457974315 0.004718008 -0.497496963 0.236855268 0.834490359
1341847992.818723 4.185526848 0.888362825 1.500052214 0.002728967 -0.500504434 0.236746028 0.832729936
1341847992.854856 4.203094959 0.902006447 1.497525454 0.002683826 -0.501277566 0.234831989 0.832807004
1341847992.886610 4.220108032 0.915498316 1.495587587 0.001736769 -0.502452552 0.232482865 0.832760572
1341847992.922713 4.247387886 0.935573876 1.499260783 0.001325681 -0.504935026 0.232201174 0.831337094
1341847992.954645 4.250171661 0.938051403 1.498823881 0.000125158 -0.505110562 0.233164266 0.830961943
1341847992.986720 4.255247116 0.942782819 1.498011589 -0.000522863 -0.504768312 0.235624850 0.830475569
1341847993.022736 4.301338673 0.916764796 1.547953844 -0.003646611 -0.509557664 0.236133158 0.827392817
1341847993.054757 4.304350853 0.919605672 1.547558427 -0.005252582 -0.510383368 0.237472102 0.826491594
1341847993.086751 4.314704895 0.927535474 1.546476960 -0.005139229 -0.511373401 0.235844791 0.826346219
1341847993.122668 4.357606888 0.960693777 1.542997599 -0.003488852 -0.513477683 0.233037159 0.825846374
1341847993.154688 4.337999344 0.966473639 1.604648232 -0.003647697 -0.515830874 0.230471089 0.825099051
1341847993.190779 4.353109837 0.979975581 1.603312969 -0.003685109 -0.515677154 0.231946960 0.824781239
1341847993.222703 4.352238178 0.979932129 1.604736328 -0.003367470 -0.515483022 0.235026717 0.824031770
1341847993.261799 4.386872292 0.985358000 1.614426613 -0.004294870 -0.518241227 0.240109012 0.820825994
1341847993.291547 4.395422459 0.993469775 1.613925457 -0.003397583 -0.519508362 0.243254349 0.819101334
1341847993.322794 4.417662144 1.011749625 1.611792326 -0.002308261 -0.520075738 0.246560216 0.817755520
1341847993.354702 4.422050476 1.018205762 1.657013416 -0.002907559 -0.522371352 0.245851517 0.816502750
1341847993.390722 4.435751915 1.027608633 1.665753126 -0.002752075 -0.522976518 0.246688336 0.815863252
1341847993.422745 4.441194534 1.032692313 1.665623665 -0.003221034 -0.522461116 0.247349814 0.815991461
1341847993.458848 4.453175545 1.033620119 1.717954040 -0.004338963 -0.524573743 0.249846399 0.813867509
1341847993.490680 4.465738297 1.044024229 1.717071533 -0.005133330 -0.525065064 0.253390998 0.812449038
1341847993.522707 4.496360779 1.069647431 1.715636969 -0.005800690 -0.527918875 0.256235868 0.809698284
1341847993.558719 4.511629105 1.082471728 1.715204716 -0.008421959 -0.530161500 0.257980227 0.807653427
1341847993.590981 4.532087326 1.084557176 1.740920067 -0.012036680 -0.534504712 0.258454740 0.804587543
1341847993.626764 4.541906357 1.093388081 1.740670681 -0.013512677 -0.536594748 0.258264244 0.803232908
1341847993.658928 4.569909096 1.117770195 1.740080953 -0.015953282 -0.539864302 0.256387562 0.801596880
1341847993.690739 4.605618000 1.188173056 1.659952641 -0.013614490 -0.540470779 0.254372537 0.801873267
1341847993.727062 4.610614777 1.137399554 1.770864725 -0.019545963 -0.546073973 0.253388673 0.798257709
1341847993.758693 4.627183914 1.154683113 1.755497336 -0.018542767 -0.543689549 0.253662288 0.799820840
1341847993.790887 4.624818325 1.135342836 1.815646410 -0.021518650 -0.546266079 0.253417104 0.798066556
1341847993.826735 4.656307697 1.151133657 1.793355465 -0.021118881 -0.548205853 0.253430873 0.796741664
1341847993.858891 4.663014412 1.156674623 1.792890072 -0.020880571 -0.550016046 0.252126098 0.795913815
1341847993.901726 4.669629574 1.162753105 1.792366028 -0.021310145 -0.550503075 0.251727492 0.795691907
1341847993.933661 4.677395821 1.191623211 1.843334436 -0.018596916 -0.554033279 0.252230614 0.793146253
1341847993.965821 4.680262089 1.194067836 1.843038797 -0.017675543 -0.554950953 0.250857294 0.792961299
1341847994.001991 4.700976849 1.215067983 1.869768023 -0.016542217 -0.555175304 0.249951243 0.793114841
1341847994.034008 4.721047401 1.234423399 1.869295835 -0.012706127 -0.554308057 0.251550168 0.793286681
1341847994.065706 4.745703697 1.257663846 1.883517265 -0.011610685 -0.555197060 0.253432781 0.792081594
1341847994.101772 4.750813484 1.268741012 1.878385305 -0.009843387 -0.555142522 0.253867865 0.792004406
1341847994.133885 4.755476952 1.272879601 1.878457427 -0.007375002 -0.554443002 0.256633878 0.791629732
1341847994.169705 4.778225899 1.277806759 1.858213663 -0.007359927 -0.553937614 0.261027783 0.790546298
1341847994.201675 4.788734436 1.284964800 1.850862026 -0.008005286 -0.554428458 0.263669908 0.789318204
1341847994.233618 4.806035042 1.301522017 1.850164652 -0.005943242 -0.555299282 0.269451886 0.786767483
1341847994.269680 4.839802742 1.308904052 1.839680195 -0.006513578 -0.554628193 0.275064498 0.785292864
1341847994.301751 4.851306915 1.339881182 1.846926212 -0.004147144 -0.555721939 0.273217916 0.785180271
1341847994.333755 4.855798721 1.346457601 1.848825574 -0.002393583 -0.555726767 0.276116222 0.784169614
1341847994.369712 4.860526562 1.313672900 1.812130094 -0.004243242 -0.554348350 0.279880077 0.783802986
1341847994.401655 4.871333122 1.324009299 1.812566042 -0.003280733 -0.555786312 0.282262921 0.781932533
1341847994.433802 4.884582520 1.334853888 1.815671325 -0.003739316 -0.557975590 0.287460446 0.778470159
1341847994.469690 4.889774323 1.342144370 1.816899300 -0.001891640 -0.560444653 0.289242208 0.776039422
1341847994.501736 4.918864727 1.368973494 1.817346215 -0.001408678 -0.562906384 0.290347308 0.773842931
1341847994.537738 4.915111542 1.366324902 1.819527149 -0.000763935 -0.564535797 0.292284399 0.771925271
1341847994.569734 4.930310249 1.381922722 1.823389649 -0.001667176 -0.567027807 0.294346452 0.769309342
1341847994.601688 4.944016457 1.393485546 1.825900316 -0.003688995 -0.569222152 0.294062316 0.767788947
1341847994.637836 4.946883202 1.397850990 1.830153346 -0.005309028 -0.571053207 0.294439226 0.766273797
1341847994.669750 4.956660748 1.408108234 1.832051516 -0.004708361 -0.573461115 0.294601828 0.764414787
1341847994.701643 4.977044106 1.427585602 1.836003184 -0.006463574 -0.576160610 0.293142140 0.762931764
1341847994.769803 5.003698349 1.399610043 1.763781548 -0.009016592 -0.574487865 0.293898821 0.763875544
1341847994.798790 5.028236866 1.420780182 1.763938308 -0.009865828 -0.574809551 0.292672902 0.764093757
1341847994.831306 5.032757759 1.424595118 1.766811132 -0.016585518 -0.576761782 0.290059566 0.763502598
1341847994.866828 5.047821999 1.439463615 1.768628836 -0.018806638 -0.579537690 0.289352685 0.761614978
1341847994.898727 5.051259041 1.443274498 1.769744992 -0.019998781 -0.581871569 0.288690299 0.760054886
1341847994.930711 5.066926956 1.456662416 1.771702290 -0.020781804 -0.583124638 0.286093384 0.760055542
1341847994.966673 5.072368622 1.464142561 1.773536921 -0.021577498 -0.583077133 0.285644859 0.760238528
1341847994.998679 5.076365471 1.468049765 1.774321318 -0.022407806 -0.582799435 0.288058102 0.759516478
1341847995.030768 5.076872826 1.467388868 1.775741577 -0.025410006 -0.582214594 0.288653940 0.759644270
1341847995.066673 5.087331772 1.481120467 1.777334809 -0.027109161 -0.581627727 0.291892558 0.758797169
1341847995.098711 5.094293594 1.487213135 1.780111074 -0.027109962 -0.580102921 0.295240194 0.758669138
1341847995.134939 5.094141006 1.488765597 1.790056944 -0.028288079 -0.578912139 0.295927137 0.759267867
1341847995.166644 5.093412399 1.494897246 1.794438601 -0.029069556 -0.578423381 0.298817724 0.758478343
1341847995.198787 5.099654198 1.506567478 1.802372694 -0.027888911 -0.578163624 0.301698238 0.757579863
1341847995.234663 5.102270126 1.509167433 1.809401989 -0.028788008 -0.578281879 0.302535564 0.757121980
1341847995.266776 5.093186855 1.509182692 1.824765682 -0.028873704 -0.579248190 0.303868055 0.755845249
1341847995.298812 5.077416420 1.505471706 1.837289214 -0.028642850 -0.579034567 0.307870001 0.754396856
1341847995.334686 5.083817959 1.508259535 1.841860414 -0.028978711 -0.579780400 0.307577193 0.753930509
1341847995.366701 5.080259323 1.509007931 1.848402023 -0.029428003 -0.579948485 0.306996852 0.754020333
1341847995.402793 5.074796677 1.523083806 1.861278892 -0.028069653 -0.580908358 0.307967722 0.752936602
1341847995.434743 5.070907593 1.520827055 1.871158719 -0.028310612 -0.582279086 0.306829005 0.752333403
1341847995.466776 5.060771465 1.526641488 1.883057356 -0.027915491 -0.583067179 0.307285279 0.751551211
1341847995.502702 5.082317829 1.549505472 1.891479254 -0.026689840 -0.584851265 0.309566379 0.749269843
1341847995.534752 5.099004745 1.564424992 1.907464623 -0.027146988 -0.589007497 0.313093334 0.744517148
1341847995.566681 5.106437206 1.571654081 1.909030437 -0.030361252 -0.591944218 0.316000491 0.740826547
1341847995.602698 5.105736732 1.572754860 1.926342964 -0.034352332 -0.596392453 0.317230016 0.736546814
1341847995.634814 5.103770256 1.571064949 1.934213638 -0.036578435 -0.598896027 0.316263199 0.734821856
1341847995.670769 5.112800598 1.583040714 1.941725254 -0.038522217 -0.600448728 0.315413237 0.733820021
1341847995.702780 5.110949993 1.585310817 1.948772550 -0.042105488 -0.601067007 0.314386696 0.733557522
1341847995.734774 5.105976582 1.584177732 1.955131173 -0.043543473 -0.602595091 0.314150929 0.732319832
1341847995.770704 5.109561920 1.587948322 1.956035614 -0.044165902 -0.603683293 0.314735800 0.731134236
1341847995.802752 5.116401672 1.596035123 1.958306789 -0.045424510 -0.604174316 0.315075457 0.730504930
1341847995.838779 5.122168064 1.614517570 1.968958855 -0.043019287 -0.605986416 0.314879805 0.729232788
1341847995.870641 5.130030632 1.621952057 1.972240210 -0.042342041 -0.606704295 0.314992607 0.728626668
1341847995.902803 5.137876511 1.628603458 1.973963261 -0.043054976 -0.606810570 0.314013749 0.728918791
1341847995.938733 5.141640663 1.636584997 1.977949858 -0.042304616 -0.606598914 0.312738240 0.729686856
1341847995.970733 5.145906448 1.639019251 1.973843575 -0.042705588 -0.604883015 0.315511107 0.729894161
1341847996.002709 5.155102253 1.649635077 1.977715492 -0.042835679 -0.604093254 0.314673960 0.730901420
1341847996.038762 5.154457092 1.649613857 1.979053736 -0.043001395 -0.602753997 0.314891756 0.731902778
1341847996.070721 5.154818535 1.650569081 1.979196191 -0.042500995 -0.601220608 0.318263620 0.731734812
1341847996.106729 5.155649662 1.651088238 1.980257750 -0.042286102 -0.600291252 0.319353461 0.732035339
1341847996.138845 5.160426617 1.669548750 2.000505447 -0.040815961 -0.599925041 0.319305331 0.732439876
1341847996.170714 5.164841175 1.674195290 2.003612757 -0.040077593 -0.597099960 0.323421896 0.732982755
1341847996.206643 5.166625977 1.674972892 2.002434969 -0.038845520 -0.595889688 0.323666334 0.733925521
1341847996.239003 5.167212009 1.675161600 2.001821041 -0.040735919 -0.594359577 0.323808283 0.735000432
1341847996.270754 5.164992809 1.674225330 2.004550457 -0.042309389 -0.593713045 0.324729323 0.735027611
1341847996.306636 5.162181854 1.673057556 2.008081913 -0.043735716 -0.593803406 0.326441467 0.734112263
1341847996.338944 5.161550999 1.672737122 2.008759022 -0.045067444 -0.592569768 0.327429414 0.734588385
1341847996.374711 5.182182312 1.699331760 2.025010347 -0.044372462 -0.592854023 0.326957166 0.734611630
1341847996.406705 5.196638107 1.714550257 2.029974937 -0.045701522 -0.592299402 0.329897523 0.733662426
1341847996.438632 5.203603745 1.727778673 2.039593458 -0.047355477 -0.592007518 0.331834108 0.732919335
1341847996.474783 5.200230598 1.730963707 2.047217369 -0.049037367 -0.591964424 0.333002150 0.732313573
1341847996.506707 5.202107430 1.736734867 2.053166389 -0.048458233 -0.591556489 0.336077213 0.731276155
1341847996.538771 5.204949379 1.736987710 2.056038380 -0.048592709 -0.591198027 0.337090909 0.731090605
1341847996.574796 5.199360371 1.734228849 2.062605143 -0.051751982 -0.591914833 0.336602718 0.730518520
1341847996.607104 5.198796749 1.734051824 2.063249111 -0.052867003 -0.592377663 0.337436438 0.729678333
1341847996.642752 5.199379444 1.734135866 2.062891245 -0.056090299 -0.592120588 0.337808460 0.729474127
1341847996.674774 5.204531193 1.736272335 2.057699203 -0.059951022 -0.592908442 0.335389942 0.729643166
1341847996.706896 5.202480316 1.735301971 2.060059071 -0.061889216 -0.591958404 0.335460812 0.730219841
1341847996.742663 5.204805374 1.736478806 2.057641268 -0.063809283 -0.588549972 0.331933171 0.734409750
1341847996.774747 5.204127789 1.736142993 2.058411360 -0.067016818 -0.587084234 0.329515189 0.736383438
1341847996.806787 5.201993942 1.735285044 2.060827255 -0.070717387 -0.586082458 0.331884205 0.735771298
1341847996.842763 5.201791286 1.735203505 2.061053514 -0.072766691 -0.585306525 0.332260787 0.736019075
1341847996.874766 5.201268196 1.734966516 2.061615944 -0.074968912 -0.585583448 0.332779408 0.735343158
1341847996.910785 5.202892780 1.735816002 2.061883450 -0.075114831 -0.586480379 0.334513605 0.733825147
1341847996.942686 5.204080582 1.735639095 2.061303139 -0.078617074 -0.586967945 0.337683320 0.731613338
1341847996.974782 5.205992222 1.736543417 2.059396744 -0.077693254 -0.586993575 0.338735729 0.731204748
1341847997.010744 5.206306458 1.736671925 2.059089899 -0.078003451 -0.586608171 0.341835201 0.730037689
1341847997.042675 5.206227303 1.736646652 2.059158802 -0.076733924 -0.585700631 0.342282444 0.730691135
1341847997.078725 5.206906796 1.736931324 2.058492184 -0.077112958 -0.586325109 0.343437195 0.729607761
1341847997.110693 5.209360600 1.737984180 2.056032896 -0.077208929 -0.586610138 0.344526231 0.728854597
1341847997.142993 5.207449913 1.737154603 2.057991743 -0.076365881 -0.587742567 0.343550354 0.728491724
1341847997.178794 5.208894730 1.737781763 2.056574821 -0.075053535 -0.588547528 0.343737006 0.727889895
1341847997.210888 5.213127613 1.739560843 2.052392483 -0.074231796 -0.588950336 0.343720913 0.727655888
1341847997.242959 5.211422920 1.738821983 2.054171562 -0.074707463 -0.590316951 0.342819721 0.726924598
1341847997.278756 5.211065769 1.738665342 2.054491043 -0.075823821 -0.591043472 0.342632592 0.726306677
1341847997.311412 5.212134361 1.739163876 2.053499222 -0.075717486 -0.591814160 0.341395885 0.726272464
1341847997.346642 5.216711998 1.741186142 2.049003601 -0.076042823 -0.590218842 0.341322482 0.727570057
1341847997.378668 5.208732605 1.737733841 2.056949139 -0.075849093 -0.590168297 0.342482209 0.727086127
1341847997.410817 5.211993217 1.739154458 2.053768635 -0.075593434 -0.588433325 0.342012823 0.728738010
1341847997.446693 5.214220524 1.740156174 2.051538944 -0.074659348 -0.587066054 0.345104456 0.728479445
1341847997.478752 5.229274750 1.736781597 2.052381754 -0.075629935 -0.584603488 0.345759034 0.730047643
1341847997.510941 5.233233929 1.734994650 2.063980103 -0.076733164 -0.584192872 0.344385117 0.730910122
1341847997.546599 5.226164818 1.735930920 2.056552887 -0.076286517 -0.581129611 0.346075416 0.732598484
1341847997.578740 5.216164589 1.736570358 2.058788538 -0.075286247 -0.579316139 0.347786337 0.733327746
1341847997.614736 5.221422195 1.740908623 2.056798935 -0.073896021 -0.577561021 0.347844750 0.734824359
1341847997.646995 5.212741375 1.736208916 2.065829992 -0.073050566 -0.576238334 0.347549617 0.736085773
1341847997.678842 5.210411549 1.739119887 2.069247961 -0.070467755 -0.576341450 0.349914819 0.735135794
1341847997.714639 5.200864792 1.739544392 2.081640720 -0.068994097 -0.577128947 0.352279723 0.733526409
1341847997.746602 5.207100868 1.735322714 2.075518131 -0.069294132 -0.574684858 0.353638738 0.734762073
1341847997.778734 5.213776588 1.740391016 2.069665432 -0.067036815 -0.572566330 0.355840981 0.735561728
1341847997.814628 5.190363407 1.748717785 2.100044250 -0.065086819 -0.574422598 0.358475208 0.733006179
1341847997.846906 5.181711197 1.748151779 2.106935501 -0.065763690 -0.574720204 0.361839086 0.731056988
1341847997.882641 5.176607132 1.745874405 2.111872673 -0.069622688 -0.574736953 0.365211129 0.729006827
1341847997.915169 5.179543018 1.747308016 2.109444618 -0.070539832 -0.575480640 0.365015030 0.728429914
1341847997.946999 5.180301189 1.747843385 2.108904123 -0.072577544 -0.575879514 0.367856055 0.726482749
1341847997.982715 5.180520058 1.747886181 2.109375000 -0.075040460 -0.577513397 0.370567739 0.723551452
1341847998.014866 5.173218727 1.751798987 2.116939068 -0.073814034 -0.578786850 0.372123301 0.721859872
1341847998.050805 5.157582283 1.745583653 2.131092310 -0.074848726 -0.579460919 0.374586165 0.719936132
1341847998.082631 5.155317307 1.744859457 2.133977175 -0.075131297 -0.582062364 0.375874132 0.717131317
1341847998.122275 5.151675224 1.743354678 2.137307882 -0.077650361 -0.585285544 0.376679510 0.713809371
1341847998.154051 5.147858143 1.742304206 2.140890121 -0.078176908 -0.587967873 0.376568407 0.711602688
1341847998.185663 5.137747765 1.740359306 2.155263901 -0.075635038 -0.590705633 0.374215573 0.710850835
1341847998.253760 5.127099991 1.746323824 2.172610760 -0.072672047 -0.595438778 0.371004879 0.708891213
1341847998.283062 5.127083778 1.746625304 2.173397541 -0.069947250 -0.598518968 0.370021105 0.707083285
1341847998.318804 5.115501881 1.742985725 2.184210777 -0.068749204 -0.600348055 0.370239019 0.705534458
1341847998.351206 5.113429070 1.742734551 2.186470985 -0.068428159 -0.602984130 0.368930787 0.704001367
1341847998.382723 5.116386414 1.741266131 2.186583281 -0.068379171 -0.606474280 0.368451416 0.701253712
1341847998.419237 5.115258217 1.741288900 2.187480450 -0.065148547 -0.608202875 0.364794105 0.701975942
1341847998.450786 5.116565704 1.741289854 2.186913013 -0.065103807 -0.610146761 0.362149000 0.701662719
1341847998.484037 5.113582611 1.734251857 2.187245607 -0.064072371 -0.613135874 0.359108657 0.700714111
1341847998.518722 5.114921570 1.736296892 2.190065622 -0.063046686 -0.615915000 0.356848359 0.699523449
1341847998.550746 5.118906975 1.737315655 2.185191154 -0.061939616 -0.617205381 0.353944510 0.699960172
1341847998.586740 5.114589691 1.736101270 2.190384865 -0.060289532 -0.619186580 0.351412594 0.699630141
1341847998.618771 5.112536430 1.735022306 2.192197323 -0.060435005 -0.621343493 0.350978315 0.697921276
1341847998.650736 5.107951164 1.744833112 2.201101065 -0.058308069 -0.624511957 0.349385142 0.696071148
1341847998.686862 5.107263565 1.744851828 2.208413839 -0.059090938 -0.625551403 0.346873164 0.696328104
1341847998.718741 5.098448277 1.742011189 2.218816042 -0.060268294 -0.628038168 0.348474652 0.693181932
1341847998.750838 5.103576660 1.753016233 2.220731974 -0.059489705 -0.630243242 0.349205524 0.690876245
1341847998.786762 5.098157883 1.754803658 2.226797819 -0.059986290 -0.632206559 0.348389477 0.689449966
1341847998.818756 5.098266602 1.755512357 2.225618124 -0.061181098 -0.631477773 0.350120664 0.689135969
1341847998.854711 5.104039669 1.768247008 2.241470814 -0.060045566 -0.633782864 0.347969264 0.688208699
1341847998.886699 5.093957424 1.764573932 2.251211405 -0.060682345 -0.636029124 0.347153544 0.686490357
1341847998.918666 5.096821785 1.781632304 2.250052691 -0.062613562 -0.638481200 0.350329459 0.682415247
1341847998.954799 5.100933075 1.782349348 2.252838135 -0.065607287 -0.640858948 0.348751694 0.680711329
1341847998.986722 5.094178200 1.774743915 2.251444817 -0.068082958 -0.642721772 0.347335279 0.679434896
1341847999.018809 5.093904495 1.774289370 2.251364708 -0.068590008 -0.644036591 0.346926183 0.678346932
1341847999.054894 5.096370697 1.768828511 2.251975298 -0.071591094 -0.644999921 0.346154600 0.677515268
1341847999.086763 5.106190681 1.782566190 2.253521204 -0.072088480 -0.647915602 0.343793511 0.675880671
1341847999.122718 5.104450703 1.780730128 2.253202677 -0.072640926 -0.649153709 0.342923462 0.675074995
1341847999.154891 5.108760834 1.785446405 2.253870010 -0.074430145 -0.648864448 0.343395442 0.674918234
1341847999.186738 5.108819008 1.785203218 2.253689289 -0.076157950 -0.646918118 0.343513578 0.676531851
1341847999.222717 5.114031792 1.785968781 2.251117945 -0.077336691 -0.644179225 0.345559180 0.677968383
1341847999.254873 5.107587814 1.778046370 2.249723434 -0.076929115 -0.640450835 0.347116202 0.680745959
1341847999.290995 5.111072540 1.782350183 2.250059366 -0.078820631 -0.636075795 0.351939529 0.682153583
1341847999.322701 5.106963634 1.778637886 2.255123377 -0.081301227 -0.635968685 0.356132865 0.679781854
1341847999.354861 5.113749981 1.773336768 2.250735044 -0.085907541 -0.634647191 0.360835105 0.677968204
1341847999.390790 5.105344296 1.773216248 2.254535913 -0.087468594 -0.632749915 0.365161389 0.677225173
1341847999.423935 5.110345840 1.778939843 2.258795023 -0.088814475 -0.631126344 0.366869837 0.677641630
1341847999.454933 5.110577583 1.790787101 2.262034893 -0.087504879 -0.628649652 0.370537013 0.678118706
1341847999.490878 5.110046387 1.786672592 2.258193970 -0.090185016 -0.624251187 0.373732388 0.680074394
1341847999.522673 5.107460022 1.782801747 2.259575367 -0.096759193 -0.619020998 0.377947390 0.681620479
1341847999.558926 5.091590881 1.774564385 2.264236212 -0.101073340 -0.617325246 0.383868694 0.679219186
1341847999.590686 5.092772007 1.793558359 2.262255907 -0.102378026 -0.615743339 0.389615178 0.677184641
1341847999.622896 5.095780373 1.794774532 2.268687487 -0.104606599 -0.612439036 0.389162004 0.680094719
1341847999.658843 5.085114479 1.794062495 2.268796921 -0.106118292 -0.609492004 0.392356366 0.680672407
1341847999.691111 5.087993622 1.793561697 2.268257618 -0.108453482 -0.606679976 0.395076513 0.681242943
1341847999.722697 5.087940216 1.789095879 2.296132088 -0.110457003 -0.608605742 0.392686129 0.680584967
1341847999.758778 5.079222202 1.786514640 2.285254002 -0.111291215 -0.604586363 0.394423336 0.683022559
1341847999.791003 5.085328102 1.783342838 2.291912317 -0.114726953 -0.601229787 0.399520278 0.682454407
1341847999.826747 5.088407040 1.783670664 2.290169001 -0.117070183 -0.599464238 0.401153833 0.682651281
1341847999.858757 5.076624870 1.787705302 2.300566673 -0.120466016 -0.597437859 0.403358310 0.682537913
1341847999.858757 5.076624870 1.787705302 2.300566673 -0.120466016 -0.597437859 0.403358310 0.682537913
1341847999.858757 5.076624870 1.787705302 2.300566673 -0.120466016 -0.597437859 0.403358310 0.682537913
1341847999.858757 5.076624870 1.787705302 2.300566673 -0.120466016 -0.597437859 0.403358310 0.682537913
1341847999.858757 5.076624870 1.787705302 2.300566673 -0.120466016 -0.597437859 0.403358310 0.682537913
1341847999.858757 5.076624870 1.787705302 2.300566673 -0.120466016 -0.597437859 0.403358310 0.682537913
1341847999.858757 5.076624870 1.787705302 2.300566673 -0.120466016 -0.597437859 0.403358310 0.682537913
1341847999.858757 5.076624870 1.787705302 2.300566673 -0.120466016 -0.597437859 0.403358310 0.682537913
1341847999.858757 5.076624870 1.787705302 2.300566673 -0.120466016 -0.597437859 0.403358310 0.682537913
1341847999.858757 5.076624870 1.787705302 2.300566673 -0.120466016 -0.597437859 0.403358310 0.682537913
1341847999.858757 5.076624870 1.787705302 2.300566673 -0.120466016 -0.597437859 0.403358310 0.682537913
1341847999.858757 5.076624870 1.787705302 2.300566673 -0.120466016 -0.597437859 0.403358310 0.682537913
1341847999.858757 5.076624870 1.787705302 2.300566673 -0.120466016 -0.597437859 0.403358310 0.682537913
1341847999.858757 5.076624870 1.787705302 2.300566673 -0.120466016 -0.597437859 0.403358310 0.682537913
1341847999.858757 5.076624870 1.787705302 2.300566673 -0.120466016 -0.597437859 0.403358310 0.682537913
1341847999.858757 5.076624870 1.787705302 2.300566673 -0.120466016 -0.597437859 0.403358310 0.682537913
1341847999.858757 5.076624870 1.787705302 2.300566673 -0.120466016 -0.597437859 0.403358310 0.682537913
1341847999.858757 5.076624870 1.787705302 2.300566673 -0.120466016 -0.597437859 0.403358310 0.682537913
1341847999.858757 5.076624870 1.787705302 2.300566673 -0.120466016 -0.597437859 0.403358310 0.682537913
1341847999.858757 5.076624870 1.787705302 2.300566673 -0.120466016 -0.597437859 0.403358310 0.682537913
1341847999.858757 5.076624870 1.787705302 2.300566673 -0.120466016 -0.597437859 0.403358310 0.682537913
1341847999.858757 5.076624870 1.787705302 2.300566673 -0.120466016 -0.597437859 0.403358310 0.682537913
1341847999.858757 5.076624870 1.787705302 2.300566673 -0.120466016 -0.597437859 0.403358310 0.682537913
1341847999.858757 5.076624870 1.787705302 2.300566673 -0.120466016 -0.597437859 0.403358310 0.682537913
1341847999.858757 5.076624870 1.787705302 2.300566673 -0.120466016 -0.597437859 0.403358310 0.682537913
1341847999.858757 5.076624870 1.787705302 2.300566673 -0.120466016 -0.597437859 0.403358310 0.682537913
1341847999.858757 5.076624870 1.787705302 2.300566673 -0.120466016 -0.597437859 0.403358310 0.682537913
1341847999.858757 5.076624870 1.787705302 2.300566673 -0.120466016 -0.597437859 0.403358310 0.682537913
1341847999.858757 5.076624870 1.787705302 2.300566673 -0.120466016 -0.597437859 0.403358310 0.682537913
1341847999.858757 5.076624870 1.787705302 2.300566673 -0.120466016 -0.597437859 0.403358310 0.682537913
1341847999.858757 5.076624870 1.787705302 2.300566673 -0.120466016 -0.597437859 0.403358310 0.682537913
1341847999.858757 5.076624870 1.787705302 2.300566673 -0.120466016 -0.597437859 0.403358310 0.682537913
1341847999.858757 5.076624870 1.787705302 2.300566673 -0.120466016 -0.597437859 0.403358310 0.682537913
1341847999.858757 5.076624870 1.787705302 2.300566673 -0.120466016 -0.597437859 0.403358310 0.682537913
1341847999.858757 5.076624870 1.787705302 2.300566673 -0.120466016 -0.597437859 0.403358310 0.682537913
1341847999.858757 5.076624870 1.787705302 2.300566673 -0.120466016 -0.597437859 0.403358310 0.682537913
1341847999.858757 5.076624870 1.787705302 2.300566673 -0.120466016 -0.597437859 0.403358310 0.682537913
1341847999.858757 5.076624870 1.787705302 2.300566673 -0.120466016 -0.597437859 0.403358310 0.682537913
1341847999.858757 5.076624870 1.787705302 2.300566673 -0.120466016 -0.597437859 0.403358310 0.682537913
1341847999.858757 5.076624870 1.787705302 2.300566673 -0.120466016 -0.597437859 0.403358310 0.682537913
1341847999.858757 5.076624870 1.787705302 2.300566673 -0.120466016 -0.597437859 0.403358310 0.682537913
1341847999.858757 5.076624870 1.787705302 2.300566673 -0.120466016 -0.597437859 0.403358310 0.682537913
1341847999.858757 5.076624870 1.787705302 2.300566673 -0.120466016 -0.597437859 0.403358310 0.682537913
1341847999.858757 5.076624870 1.787705302 2.300566673 -0.120466016 -0.597437859 0.403358310 0.682537913
1341847999.858757 5.076624870 1.787705302 2.300566673 -0.120466016 -0.597437859 0.403358310 0.682537913
1341847999.858757 5.076624870 1.787705302 2.300566673 -0.120466016 -0.597437859 0.403358310 0.682537913
1341847999.858757 5.076624870 1.787705302 2.300566673 -0.120466016 -0.597437859 0.403358310 0.682537913
1341847999.858757 5.076624870 1.787705302 2.300566673 -0.120466016 -0.597437859 0.403358310 0.682537913
1341847999.858757 5.076624870 1.787705302 2.300566673 -0.120466016 -0.597437859 0.403358310 0.682537913
1341847999.858757 5.076624870 1.787705302 2.300566673 -0.120466016 -0.597437859 0.403358310 0.682537913
1341847999.858757 5.076624870 1.787705302 2.300566673 -0.120466016 -0.597437859 0.403358310 0.682537913
1341847999.858757 5.076624870 1.787705302 2.300566673 -0.120466016 -0.597437859 0.403358310 0.682537913
1341847999.858757 5.076624870 1.787705302 2.300566673 -0.120466016 -0.597437859 0.403358310 0.682537913
1341847999.858757 5.076624870 1.787705302 2.300566673 -0.120466016 -0.597437859 0.403358310 0.682537913
1341847999.858757 5.076624870 1.787705302 2.300566673 -0.120466016 -0.597437859 0.403358310 0.682537913
1341847999.858757 5.076624870 1.787705302 2.300566673 -0.120466016 -0.597437859 0.403358310 0.682537913
1341847999.858757 5.076624870 1.787705302 2.300566673 -0.120466016 -0.597437859 0.403358310 0.682537913
1341847999.858757 5.076624870 1.787705302 2.300566673 -0.120466016 -0.597437859 0.403358310 0.682537913
1341847999.858757 5.076624870 1.787705302 2.300566673 -0.120466016 -0.597437859 0.403358310 0.682537913
1341847999.858757 5.076624870 1.787705302 2.300566673 -0.120466016 -0.597437859 0.403358310 0.682537913
1341847999.858757 5.076624870 1.787705302 2.300566673 -0.120466016 -0.597437859 0.403358310 0.682537913
1341847999.858757 5.076624870 1.787705302 2.300566673 -0.120466016 -0.597437859 0.403358310 0.682537913
1341847999.858757 5.076624870 1.787705302 2.300566673 -0.120466016 -0.597437859 0.403358310 0.682537913
1341847999.858757 5.076624870 1.787705302 2.300566673 -0.120466016 -0.597437859 0.403358310 0.682537913
1341847999.858757 5.076624870 1.787705302 2.300566673 -0.120466016 -0.597437859 0.403358310 0.682537913
1341847999.858757 5.076624870 1.787705302 2.300566673 -0.120466016 -0.597437859 0.403358310 0.682537913
1341847999.858757 5.076624870 1.787705302 2.300566673 -0.120466016 -0.597437859 0.403358310 0.682537913
1341847999.858757 5.076624870 1.787705302 2.300566673 -0.120466016 -0.597437859 0.403358310 0.682537913
1341847999.858757 5.076624870 1.787705302 2.300566673 -0.120466016 -0.597437859 0.403358310 0.682537913
1341847999.858757 5.076624870 1.787705302 2.300566673 -0.120466016 -0.597437859 0.403358310 0.682537913
1341847999.858757 5.076624870 1.787705302 2.300566673 -0.120466016 -0.597437859 0.403358310 0.682537913
1341847999.858757 5.076624870 1.787705302 2.300566673 -0.120466016 -0.597437859 0.403358310 0.682537913
1341847999.858757 5.076624870 1.787705302 2.300566673 -0.120466016 -0.597437859 0.403358310 0.682537913
1341847999.858757 5.076624870 1.787705302 2.300566673 -0.120466016 -0.597437859 0.403358310 0.682537913
1341847999.858757 5.076624870 1.787705302 2.300566673 -0.120466016 -0.597437859 0.403358310 0.682537913
1341847999.858757 5.076624870 1.787705302 2.300566673 -0.120466016 -0.597437859 0.403358310 0.682537913
1341847999.858757 5.076624870 1.787705302 2.300566673 -0.120466016 -0.597437859 0.403358310 0.682537913
1341847999.858757 5.076624870 1.787705302 2.300566673 -0.120466016 -0.597437859 0.403358310 0.682537913
1341847999.858757 5.076624870 1.787705302 2.300566673 -0.120466016 -0.597437859 0.403358310 0.682537913
1341847999.858757 5.076624870 1.787705302 2.300566673 -0.120466016 -0.597437859 0.403358310 0.682537913
1341847999.858757 5.076624870 1.787705302 2.300566673 -0.120466016 -0.597437859 0.403358310 0.682537913
1341847999.858757 5.076624870 1.787705302 2.300566673 -0.120466016 -0.597437859 0.403358310 0.682537913
1341847999.858757 5.076624870 1.787705302 2.300566673 -0.120466016 -0.597437859 0.403358310 0.682537913
1341847999.858757 5.076624870 1.787705302 2.300566673 -0.120466016 -0.597437859 0.403358310 0.682537913
1341847999.858757 5.076624870 1.787705302 2.300566673 -0.120466016 -0.597437859 0.403358310 0.682537913
1341847999.858757 5.076624870 1.787705302 2.300566673 -0.120466016 -0.597437859 0.403358310 0.682537913
1341847999.858757 5.076624870 1.787705302 2.300566673 -0.120466016 -0.597437859 0.403358310 0.682537913
1341847999.858757 5.076624870 1.787705302 2.300566673 -0.120466016 -0.597437859 0.403358310 0.682537913
1341847999.858757 5.076624870 1.787705302 2.300566673 -0.120466016 -0.597437859 0.403358310 0.682537913
1341848002.906656 0.000000000 0.000000000 0.000000000 -0.000000000 -0.000000000 -0.000000000 1.000000000
1341848002.943323 0.006516769 -0.002141681 0.002943592 0.001621141 -0.008598961 -0.002071196 0.999959588
1341848002.974597 0.004113819 0.006800189 -0.019726604 0.002781940 -0.015749270 -0.008461109 0.999836326
1341848003.010885 0.012059652 -0.002961931 0.010355681 0.004018095 -0.020351339 -0.012416887 0.999707699
1341848003.042638 0.099700525 -0.013253459 0.070241101 0.007144933 -0.030431136 -0.012328917 0.999435306
1341848003.074988 0.187620640 -0.010505569 0.108679399 0.008281707 -0.041049808 -0.015201513 0.999007106
1341848003.110641 0.211949274 -0.030982180 0.168254539 0.006568472 -0.047180548 -0.016967598 0.998720706
1341848003.142626 0.239780292 -0.051799335 0.233931586 0.007905979 -0.052337319 -0.020860253 0.998380303
1341848003.175700 0.263338566 -0.066877425 0.282681346 0.007915297 -0.057202917 -0.025290586 0.998010814
1341848003.210749 0.286642194 -0.064713754 0.385660648 0.008835887 -0.060935486 -0.026856970 0.997741222
1341848003.242926 0.286840647 -0.063346773 0.374962151 0.009518230 -0.062178846 -0.028361410 0.997616589
1341848003.278886 0.332666188 -0.069476545 0.459800243 0.009581005 -0.070681661 -0.030453395 0.996987939
1341848003.310739 0.357327819 -0.075004764 0.528129816 0.010126905 -0.075693265 -0.034008663 0.996499538
1341848003.342708 0.387371570 -0.099776074 0.573171198 0.010281445 -0.082151830 -0.038087904 0.995838702
1341848003.378999 0.448299229 -0.108803771 0.653970599 0.012611031 -0.092288487 -0.042316671 0.994752824
1341848003.410779 0.488515079 -0.115153313 0.704458237 0.013346154 -0.102237135 -0.046562988 0.993580103
1341848003.442728 0.526899576 -0.135475874 0.772548735 0.012488083 -0.113552995 -0.049830548 0.992202938
1341848003.478703 0.543168366 -0.154159307 0.819886744 0.012000246 -0.124848753 -0.052234288 0.990727186
1341848003.510700 0.589482903 -0.175069943 0.883939564 0.011259603 -0.139867991 -0.058252551 0.988391042
1341848003.546854 0.582247317 -0.185269862 0.965328038 0.011071550 -0.147743359 -0.062223826 0.987004340
1341848003.578749 0.644707918 -0.181330040 1.014512420 0.012494863 -0.160411313 -0.062348206 0.984999895
1341848003.617886 0.691845536 -0.154199794 1.060148954 0.015822472 -0.173719525 -0.063811176 0.982598305
1341848003.649972 0.702756763 -0.225751042 1.142381310 0.013721870 -0.185237005 -0.068981640 0.980173707
1341848003.685816 0.749519169 -0.242012978 1.218056560 0.015944714 -0.196108684 -0.071524933 0.977840185
1341848003.717853 0.763639092 -0.198098183 1.249958158 0.021782456 -0.204682231 -0.077812873 0.975487530
1341848003.753761 0.758991003 -0.217653587 1.304444075 0.021718604 -0.212112963 -0.083792232 0.973404050
1341848003.785807 0.765266180 -0.239009604 1.382121563 0.021926921 -0.222058922 -0.085405253 0.971038103
1341848003.817941 0.841859818 -0.207233161 1.441437483 0.024847431 -0.234942228 -0.085441612 0.967927992
1341848003.853971 0.796103120 -0.203798562 1.494820595 0.025856143 -0.239385679 -0.089142904 0.966477931
1341848003.885751 0.827781141 -0.197642565 1.605375290 0.028823359 -0.247254774 -0.091240332 0.964214444
1341848003.921688 0.861486018 -0.186368227 1.658800364 0.031589463 -0.257492840 -0.091237843 0.961444378
1341848003.953824 0.775603116 -0.200615138 1.717332006 0.030764956 -0.260688186 -0.095527999 0.960192502
1341848003.985789 0.739982367 -0.200803608 1.739501119 0.031143337 -0.263117760 -0.095940188 0.959476292
1341848004.021643 0.728409886 -0.186425969 1.834560037 0.035104245 -0.273302108 -0.095078886 0.956573904
1341848004.053778 0.703440309 -0.193767279 1.873652458 0.035976436 -0.278858423 -0.098930217 0.954545200
1341848004.089723 0.646803737 -0.184787303 1.909954309 0.036460631 -0.281970501 -0.098146431 0.953693092
1341848004.121698 1.249887943 0.494125485 2.346527100 0.078508459 -0.327048331 -0.054239165 0.940177619
1341848004.153695 1.216914415 0.491058528 2.364559412 0.080154844 -0.331203371 -0.055706583 0.938496888
1341848004.189785 1.234431505 0.486193568 2.419454813 0.081753522 -0.340682954 -0.055812482 0.934952676
1341848004.221773 1.185377121 0.490347624 2.465260029 0.082800433 -0.345631629 -0.058250125 0.932893276
1341848004.257760 1.133259654 0.485260576 2.483209848 0.083686806 -0.347851843 -0.061576638 0.931774676
1341848004.289843 1.035981536 0.483189821 2.520387173 0.086364657 -0.351060599 -0.065921381 0.930027962
1341848004.321820 0.987880707 0.489347100 2.553218842 0.087982722 -0.357857078 -0.070415862 0.926951408
1341848004.357934 0.932460368 0.513450682 2.587322712 0.090892591 -0.363113582 -0.073827006 0.924357474
1341848004.389781 0.854954720 0.482649058 2.645354271 0.089561634 -0.368470162 -0.080771327 0.921783388
1341848004.421857 0.806344748 0.484155923 2.678107500 0.091315739 -0.373697877 -0.086076647 0.919022441
1341848004.457752 0.751425445 0.434432983 2.683646679 0.089770086 -0.376860380 -0.094819702 0.917020619
1341848004.489793 0.691850126 0.457288116 2.674484730 0.088171080 -0.377765208 -0.095928207 0.916688085
1341848004.525726 0.640740991 0.455486417 2.738940716 0.087035604 -0.384529978 -0.099583492 0.913588881
1341848004.557784 0.580598772 0.434633821 2.744501591 0.083981991 -0.388227254 -0.104305506 0.911782324
1341848004.589761 0.566624701 0.433433533 2.755741835 0.082150474 -0.390904099 -0.109328531 0.910215735
1341848004.625757 0.532283962 0.436280668 2.773284912 0.081823289 -0.394965917 -0.112850264 0.908059359
1341848004.657882 0.498533607 0.449734390 2.815141439 0.081569418 -0.399663359 -0.116869524 0.905514896
1341848004.689871 0.460096657 0.450995535 2.829617739 0.077401921 -0.402033389 -0.119609639 0.904473186
1341848004.725815 0.355967104 0.458969057 2.878393888 0.076643817 -0.405816078 -0.122689791 0.902433574
1341848004.757723 0.300517797 0.450848162 2.881684303 0.075422525 -0.406681061 -0.127770185 0.901441514
1341848004.789709 0.270158648 0.456032962 2.894443274 0.073069632 -0.408452034 -0.130594358 0.900429308
1341848004.825782 0.211897433 0.533105850 2.972391129 0.076049954 -0.415051252 -0.126343727 0.897767305
1341848004.857706 0.199514866 0.519694924 2.955375195 0.073627107 -0.417160600 -0.129312560 0.896568120
1341848004.889791 0.177510440 0.523106277 2.964797020 0.072645262 -0.419294536 -0.131087705 0.895394206
1341848004.925788 0.166924655 0.521228790 2.976302624 0.071810290 -0.422848463 -0.133029059 0.893501997
1341848004.957758 0.108026087 0.514602959 3.019243479 0.074463703 -0.427225649 -0.140203074 0.890099168
1341848004.993849 0.097276390 0.514488101 3.013312817 0.070759669 -0.429591358 -0.140139997 0.889272273
1341848005.025661 0.085301042 0.516781569 3.027657509 0.072352082 -0.432333380 -0.143296555 0.887310028
1341848005.057739 0.078301430 0.517658114 3.031496763 0.074078813 -0.435354739 -0.146639079 0.885141551
1341848005.093879 0.071133971 0.514381886 3.030262947 0.073088735 -0.437379867 -0.147742167 0.884041369
1341848005.125700 0.063572764 0.515995264 3.041821718 0.071485780 -0.441221029 -0.149438664 0.881976187
1341848005.157668 0.057496071 0.515359819 3.048758030 0.070327275 -0.447516024 -0.148248196 0.879093885
1341848005.193749 0.066243768 0.518127739 3.038349628 0.073004574 -0.450093597 -0.151956782 0.876923740
1341848005.225713 0.040459275 0.516305029 3.084311962 0.072554499 -0.454591870 -0.153930187 0.874292612
1341848005.257748 0.042989731 0.522946775 3.072751045 0.073171273 -0.457743943 -0.153413549 0.872685909
1341848005.293718 0.017336369 0.499686897 3.086920500 0.073614962 -0.462586224 -0.159868762 0.868928552
1341848005.325870 0.017956257 0.505693555 3.078673363 0.071051434 -0.464246631 -0.160290435 0.868178427
1341848005.357655 0.007548332 0.529841363 3.115964413 0.073917143 -0.470454216 -0.159804389 0.864680052
1341848005.393694 -0.011124253 0.523168385 3.121973515 0.073621348 -0.476125181 -0.161354855 0.861306787
1341848005.425692 -0.000312686 0.508817255 3.076901913 0.069775306 -0.477875710 -0.163155854 0.860317647
1341848005.461850 -0.005085707 0.500743330 3.111082554 0.070922293 -0.482886761 -0.167794824 0.856525123
1341848005.493689 -0.011889696 0.501598001 3.110073090 0.070423178 -0.487767428 -0.169044390 0.853550017
1341848005.525844 -0.042883635 0.496006846 3.113651276 0.068405330 -0.490041286 -0.172514513 0.851715386
1341848005.561789 0.000365019 0.514160037 3.132776022 0.072776392 -0.497099489 -0.173115119 0.847128630
1341848005.593673 -0.004236341 0.511563897 3.134027004 0.073101476 -0.500669897 -0.175442651 0.844515145
1341848005.629831 0.004137993 0.505881786 3.145852566 0.074681729 -0.504933000 -0.179915473 0.840889812
1341848005.661802 0.000869751 0.506654263 3.157071114 0.076089382 -0.509492457 -0.181702495 0.837622941
1341848005.693760 0.000252843 0.519074380 3.175335169 0.077568054 -0.516222537 -0.179742575 0.833780646
1341848005.729741 -0.008132696 0.509676874 3.183243036 0.078820668 -0.520746171 -0.182180271 0.830313921
1341848005.761746 0.001121521 0.519410729 3.189529419 0.081984147 -0.524240732 -0.183000922 0.827623725
1341848005.797852 0.021948934 0.522819519 3.215757847 0.084506743 -0.532224238 -0.182839140 0.822293043
1341848005.829917 0.005238533 0.520233333 3.208702087 0.083340861 -0.536710978 -0.182245582 0.819623232
1341848005.861699 -0.009200454 0.518825650 3.208754539 0.083753124 -0.539814055 -0.184544638 0.817024767
1341848005.897793 0.029597878 0.535326481 3.236675739 0.088291191 -0.546951473 -0.183512673 0.812017202
1341848005.929656 0.031212449 0.516065657 3.241384983 0.088426448 -0.552107513 -0.187356710 0.807623386
1341848005.965681 -0.012233973 0.525107503 3.238767624 0.086673245 -0.554690599 -0.184877425 0.806614161
1341848005.997804 -0.016536593 0.527499199 3.253369331 0.088468172 -0.559700251 -0.184947878 0.802934170
1341848006.029768 -0.009843349 0.535984874 3.268563986 0.091154568 -0.567055166 -0.182396650 0.798041821
1341848006.065849 0.017309189 0.514279962 3.274656296 0.094275251 -0.572624743 -0.189123973 0.792114437
1341848006.097854 0.208471298 0.562777996 3.302376509 0.090175994 -0.578350127 -0.177847102 0.791043520
1341848006.133683 -0.012125254 0.517266154 3.302918434 0.101996899 -0.582411528 -0.185820505 0.784770191
1341848006.165815 0.007214785 0.517902195 3.317721605 0.102933951 -0.589088500 -0.183351472 0.780231833
1341848006.197589 0.186910629 0.563727140 3.356935978 0.099068910 -0.594676137 -0.171408623 0.779207826
1341848006.233778 0.181116819 0.561811566 3.376117706 0.102750704 -0.601849437 -0.171150789 0.773257375
1341848006.265787 0.181841850 0.561760068 3.386511087 0.105444156 -0.606860876 -0.170316413 0.769151390
1341848006.301762 0.206798077 0.553259134 3.395537376 0.103924096 -0.612191796 -0.171067253 0.764955521
1341848006.333717 0.168029070 0.554570556 3.399850368 0.105911419 -0.617528558 -0.169558749 0.760717452
1341848006.366035 0.253031969 0.572328389 3.360542774 0.108438909 -0.618306935 -0.172506258 0.759064615
1341848006.401760 0.236934900 0.573813021 3.374071598 0.108500347 -0.620146811 -0.173007265 0.757439196
1341848006.433710 0.239008665 0.573261499 3.378108025 0.109557092 -0.624208152 -0.173502356 0.753829122
1341848006.469715 0.216623545 0.572713614 3.392173052 0.110572420 -0.627276421 -0.175619617 0.750636935
1341848006.501659 0.215341330 0.571794033 3.375692129 0.108162478 -0.628105402 -0.176419914 0.750106990
1341848006.533741 0.217267036 0.560680509 3.398044109 0.109692268 -0.632480085 -0.177472681 0.745949149
1341848006.569740 0.196147203 0.551605701 3.393916607 0.109762438 -0.633960247 -0.179321930 0.744238019
1341848006.601774 0.209630728 0.555966020 3.405643463 0.109741755 -0.636116147 -0.178954452 0.742487967
1341848006.637780 0.183505297 0.562873125 3.402314186 0.108978882 -0.639093399 -0.175561890 0.740851700
1341848006.670119 0.163293600 0.556271315 3.406243563 0.110596195 -0.641261458 -0.178801253 0.737958193
1341848006.701798 0.188597441 0.549893558 3.421716452 0.111574873 -0.642921329 -0.180011481 0.736070037
1341848006.737817 0.176366329 0.559340119 3.412214041 0.111678347 -0.644002616 -0.177161187 0.735800624
1341848006.769742 0.158612013 0.552125335 3.426936865 0.110637441 -0.647542775 -0.175830588 0.733165383
1341848006.801940 0.144366026 0.539356172 3.430648565 0.110141583 -0.650146306 -0.175264016 0.731068492
1341848006.837619 0.153947592 0.551560462 3.431480646 0.110744990 -0.651423216 -0.173066348 0.730363905
1341848006.870724 0.173119068 0.540375948 3.470954180 0.111289628 -0.657083869 -0.170590103 0.725778580
1341848006.901756 0.140502691 0.546022952 3.453409195 0.112925865 -0.655846894 -0.170767576 0.726602376
1341848006.937738 0.135934591 0.542772710 3.465675354 0.113837726 -0.657901168 -0.168179289 0.725205302
1341848006.969708 0.126760960 0.540031612 3.459389448 0.112853169 -0.657869101 -0.163440585 0.726470649
1341848007.005802 0.134243727 0.553040206 3.465098858 0.113145478 -0.658613622 -0.158886686 0.726760805
1341848007.037835 0.129397392 0.533590555 3.473140478 0.108549409 -0.660503626 -0.155593246 0.726459146
1341848007.069678 0.154706001 0.531693995 3.487900019 0.108791925 -0.660523474 -0.155629694 0.726396918
1341848007.105687 0.150138617 0.530906320 3.487019539 0.107194364 -0.659115195 -0.154161736 0.728224456
1341848007.137866 0.153354883 0.528821111 3.507137060 0.106359243 -0.660994291 -0.150785893 0.727349877
1341848007.169651 0.164641857 0.523066998 3.517275333 0.105237976 -0.661296248 -0.150448695 0.727308452
1341848007.205747 0.169501781 0.514435410 3.533448219 0.101713903 -0.662154853 -0.148692653 0.727389693
1341848007.237921 0.145876646 0.533966064 3.522221327 0.100561351 -0.661109388 -0.144398421 0.729363441
1341848007.269907 0.149845600 0.524933338 3.527198792 0.096395582 -0.662294805 -0.144474089 0.728835285
1341848007.298875 0.148369312 0.524917603 3.527516365 0.093654543 -0.663297474 -0.142353132 0.728698194
1341848007.331423 0.152837515 0.529546142 3.529545069 0.095130116 -0.664266288 -0.140022844 0.728075683
1341848007.366699 0.157023430 0.525058508 3.557811260 0.099383719 -0.667085469 -0.140492678 0.724832177
1341848007.398700 0.191937447 0.507941246 3.578583479 0.095748283 -0.670975089 -0.138042256 0.722197413
1341848007.434791 0.164444208 0.522769868 3.573108912 0.100058101 -0.671054482 -0.137916788 0.721563101
1341848007.466689 0.156371593 0.517161906 3.566772699 0.099739723 -0.672415137 -0.135863051 0.720729530
1341848007.498756 0.176673174 0.515847147 3.581520319 0.098468170 -0.673509121 -0.135981873 0.719860077
1341848007.534834 0.180351734 0.509919167 3.589121342 0.095737971 -0.675929785 -0.133881330 0.718351603
1341848007.566719 0.177702904 0.505416930 3.589345455 0.095962107 -0.678086817 -0.134684175 0.716135263
1341848007.598725 0.163662672 0.504376471 3.588443279 0.097839765 -0.676029742 -0.137287542 0.717330754
1341848007.634799 0.175007343 0.504659176 3.594037056 0.097785383 -0.675384998 -0.134410664 0.718489349
1341848007.666675 0.191930056 0.507078528 3.600079536 0.092240356 -0.677006125 -0.128994405 0.718689740
1341848007.702797 0.183064461 0.492791504 3.611257553 0.086199664 -0.676068366 -0.130448610 0.720058560
1341848007.734605 0.154377460 0.501413703 3.633216858 0.086528718 -0.677553833 -0.126349926 0.719353378
1341848007.766913 0.163093328 0.501066566 3.621860743 0.087165959 -0.677309155 -0.120941177 0.720435739
1341848007.802889 0.182356358 0.501520157 3.652380228 0.086061858 -0.677763045 -0.119520240 0.720378757
1341848007.834962 0.176510334 0.504467130 3.639176369 0.081453003 -0.676886499 -0.115774699 0.722347796
1341848007.866745 0.170262098 0.511929929 3.644242048 0.082471371 -0.675449610 -0.113813177 0.723887324
1341848007.902779 0.131864786 0.492599130 3.644973755 0.079632565 -0.670728087 -0.116717204 0.728120625
1341848007.934851 0.162699223 0.498664320 3.645580769 0.073861122 -0.669988990 -0.109389260 0.730543196
1341848007.970690 0.151565552 0.513445199 3.669327259 0.074909046 -0.673852623 -0.104122415 0.727646828
1341848008.002709 0.164134264 0.497542650 3.663692236 0.069248237 -0.674083531 -0.102415666 0.728235662
1341848008.034820 0.144499779 0.502739370 3.666296959 0.068971910 -0.671864688 -0.101810031 0.730394006
1341848008.070825 0.152196646 0.495687395 3.693222284 0.067118138 -0.674109936 -0.101649672 0.728517890
1341848008.103209 0.137689590 0.491716146 3.689088821 0.066284925 -0.673092246 -0.102323137 0.729440272
1341848008.138809 0.142322779 0.493321955 3.696669340 0.063843086 -0.671666682 -0.099357001 0.731379628
1341848008.171058 0.142356873 0.494296372 3.698656559 0.062461678 -0.671080351 -0.096898243 0.732366443
1341848008.202734 0.126815557 0.492694110 3.709358931 0.063686989 -0.672220170 -0.097094089 0.731188595
1341848008.238657 0.123887062 0.489571601 3.626936913 0.051281128 -0.663897038 -0.091967963 0.740373552
1341848008.270710 0.122521877 0.489526629 3.636416435 0.048344966 -0.664431751 -0.091176242 0.740189314
1341848008.302748 0.120979786 0.487650603 3.655698776 0.046145085 -0.664891601 -0.090669177 0.739979029
1341848008.338769 0.133299828 0.480272055 3.748003244 0.048087269 -0.672703624 -0.094542503 0.732269883
1341848008.370731 0.121524811 0.487174690 3.749872684 0.044223249 -0.672321200 -0.091391332 0.733264029
1341848008.406662 0.112982512 0.484575570 3.739035845 0.041851152 -0.671036005 -0.089894220 0.734764040
1341848008.438870 0.120135546 0.462671280 3.755551338 0.040957436 -0.671248555 -0.091330722 0.734443009
1341848008.470807 0.123962164 0.480699807 3.756610632 0.039430857 -0.672021866 -0.087491311 0.734286785
1341848008.506855 0.107647896 0.476259112 3.752908230 0.036932524 -0.670690536 -0.086261816 0.735777915
1341848008.538786 0.116198778 0.480689585 3.760647535 0.034008157 -0.671051264 -0.081179082 0.736168206
1341848008.570727 0.112857580 0.474458247 3.776892662 0.031130452 -0.673160255 -0.079349637 0.734567761
1341848008.606698 0.115760088 0.489080101 3.772643328 0.027628260 -0.672606528 -0.073928207 0.735779762
1341848008.638714 0.113725424 0.491031408 3.781326771 0.025648640 -0.673224211 -0.070474818 0.735625386
1341848008.674639 0.117964268 0.490339875 3.790720463 0.024489647 -0.674463809 -0.068477884 0.734717369
1341848008.706785 0.109767437 0.488201499 3.782792807 0.023735758 -0.672381580 -0.066661365 0.736814737
1341848008.738678 0.111743212 0.482503831 3.800925970 0.025270496 -0.673456013 -0.066559166 0.735790908
1341848008.775071 0.094781160 0.471951544 3.798186779 0.023675788 -0.672418892 -0.067564078 0.736700356
1341848008.806865 0.143327475 0.492685586 3.861794472 0.029569546 -0.678013086 -0.066597663 0.731429219
1341848008.838798 0.146469116 0.493436933 3.863993406 0.029827602 -0.677428186 -0.065965421 0.732017815
1341848008.874631 0.151389837 0.496351838 3.869163036 0.028449023 -0.677434564 -0.064632222 0.732185721
1341848008.906680 0.141340733 0.492273927 3.867485046 0.026577264 -0.676293969 -0.063348472 0.733421564
1341848008.943051 0.140808821 0.491815120 3.867444992 0.027378656 -0.675000250 -0.063566215 0.734564185
1341848008.974723 0.124601364 0.417148709 3.900769472 0.022825634 -0.675686359 -0.071770467 0.733332098
1341848009.006825 0.128386497 0.418433964 3.902066469 0.021691356 -0.676288247 -0.070582181 0.732926965
1341848009.042740 0.142729282 0.473646879 3.899080992 0.023046659 -0.675283015 -0.064339869 0.734385610
1341848009.074794 0.120841503 0.470822781 3.899814606 0.021611003 -0.673489869 -0.065113336 0.736005902
1341848009.110807 0.116816282 0.467819810 3.901739836 0.022066133 -0.672599196 -0.064164914 0.736889601
1341848009.142732 0.087362051 0.460055023 3.907083750 0.022028858 -0.670373440 -0.064046666 0.738926411
1341848009.174693 0.098763466 0.462232411 3.890625954 0.022563862 -0.666164994 -0.061895173 0.742889106
1341848009.210697 0.145724058 0.344193518 4.136368275 0.013401824 -0.685445547 -0.074254595 0.724203825
1341848009.242869 0.130398750 0.342495710 4.130951881 0.006639950 -0.682203054 -0.072528146 0.727526367
1341848009.274683 0.160454750 0.247949868 4.147105694 -0.001660713 -0.679680407 -0.083307452 0.728760481
1341848009.310898 0.087900162 0.350362748 4.217708588 0.003418362 -0.681450486 -0.069622472 0.728537202
1341848009.342882 0.146243811 0.247472882 4.148271561 -0.007317628 -0.672995806 -0.081103452 0.735149980
1341848009.378700 0.140102386 0.245740652 4.148068905 -0.009759711 -0.671144187 -0.080331951 0.736896932
1341848009.410753 0.141275167 0.240558267 4.156011105 -0.013434075 -0.669936895 -0.081036687 0.737859905
1341848009.442927 0.120717764 0.288768858 4.205807686 -0.012492497 -0.673712850 -0.074589968 0.735113144
1341848009.479022 0.111245632 0.281564355 4.213274002 -0.014194877 -0.673063099 -0.075696893 0.735564172
1341848009.510631 0.102261066 0.284527242 4.220849037 -0.017629733 -0.672839284 -0.075462162 0.735718727
1341848009.542815 0.116321325 0.242500991 4.247647285 -0.020345809 -0.674486876 -0.079458043 0.733716547
1341848009.578814 0.119235277 0.242170930 4.250088215 -0.021040415 -0.674687743 -0.079587460 0.733498275
1341848009.610955 0.108446121 0.243498862 4.249690533 -0.021206124 -0.675127089 -0.080705442 0.732966900
1341848009.646873 0.097269058 0.242648989 4.247182846 -0.018692164 -0.676801801 -0.080403395 0.731522560
1341848009.678666 0.062411308 0.278500855 4.223989487 -0.011692001 -0.677466333 -0.078754403 0.731232107
1341848009.710835 0.054594040 0.283507079 4.217553139 -0.010674687 -0.678105891 -0.078620233 0.730669141
1341848009.746819 0.038382530 0.278777331 4.217190266 -0.009148008 -0.679596305 -0.078773350 0.729287326
1341848009.778767 0.029546261 0.271076202 4.219707966 -0.006546424 -0.682305932 -0.080389760 0.726603925
1341848009.810661 0.053523540 0.221899122 4.276844501 -0.010468625 -0.687685311 -0.085726075 0.720853984
1341848009.846800 0.041764259 0.227358595 4.277391434 -0.014025193 -0.690158665 -0.083124951 0.718731225
1341848009.878688 0.002591610 0.274328351 4.223590851 -0.010283727 -0.688976645 -0.077753745 0.720527530
1341848009.914782 -0.015132904 0.269463956 4.230678558 -0.010031653 -0.690159917 -0.080441631 0.719102144
1341848009.946990 -0.025176048 0.283286303 4.233050346 -0.009263357 -0.691777766 -0.078371353 0.717785358
1341848009.978905 0.002687454 0.224748135 4.303159237 -0.010418942 -0.700085580 -0.084962711 0.708909810
1341848010.014819 -0.002707958 0.216385826 4.302044392 -0.010106220 -0.702131629 -0.086258747 0.706730902
1341848010.046835 -0.031564713 0.219257742 4.287448883 -0.013687033 -0.701504171 -0.083092749 0.707672358
1341848010.082650 -0.047832489 0.229861826 4.297422886 -0.013102516 -0.703235149 -0.081018396 0.706204414
1341848010.114748 -0.074880600 0.236363903 4.299145222 -0.011868230 -0.703207433 -0.081484728 0.706200182
1341848010.146752 -0.097002506 0.242790699 4.317455292 -0.013901956 -0.704200566 -0.080930263 0.705236614
1341848010.182709 -0.124150753 0.259992659 4.344049931 -0.012845890 -0.706280410 -0.078089565 0.703494906
1341848010.214739 -0.149996281 0.264215708 4.348451614 -0.011273695 -0.706959367 -0.075971231 0.703071713
1341848010.246831 -0.133072376 0.284426689 4.378682137 -0.008212565 -0.708875716 -0.073562220 0.701438785
1341848010.282749 -0.175288677 0.297872901 4.365043163 -0.009776323 -0.708068311 -0.068032712 0.702791095
1341848010.314754 -0.179708958 0.297479808 4.403678417 -0.009583535 -0.710595489 -0.067487516 0.700291097
1341848010.351054 -0.199055195 0.319738001 4.406952858 -0.006671416 -0.710864305 -0.063784152 0.700399280
1341848010.382819 -0.235360622 0.326545924 4.406928539 -0.006800051 -0.710788190 -0.059872825 0.700820327
1341848010.414692 -0.304599285 0.339992404 4.415853024 -0.008055556 -0.710860610 -0.056507550 0.701013088
1341848010.450872 -0.276677608 0.364042670 4.414081573 -0.006355529 -0.709794343 -0.052186087 0.702444553
1341848010.483088 -0.301058292 0.371142477 4.408958435 -0.006522526 -0.707920611 -0.047511090 0.704662085
1341848010.514760 -0.343159676 0.357985884 4.431622505 -0.007290063 -0.707849085 -0.048805621 0.704637945
1341848010.550631 -0.376352310 0.352895796 4.423071384 -0.007734677 -0.706694245 -0.049451366 0.705746472
1341848010.582861 -0.372136593 0.392337799 4.421481609 -0.004517007 -0.705654562 -0.039704315 0.707428396
1341848010.618690 -0.393464088 0.417324483 4.440836430 -0.003700188 -0.704274774 -0.037966046 0.708901942
1341848010.650956 -0.416930437 0.431870461 4.431196213 -0.002576968 -0.703234494 -0.033129986 0.710181057
1341848010.682633 -0.431950808 0.438366234 4.446228981 -0.001227012 -0.703253627 -0.030253293 0.710294068
1341848010.718753 -0.415105820 0.432562411 4.474342346 -0.000497751 -0.703581929 -0.030282075 0.709968507
1341848010.750922 -0.441739321 0.461264580 4.450547695 0.000573089 -0.700195730 -0.025416641 0.713498175
1341848010.782711 -0.461274862 0.497992277 4.458939552 0.003980261 -0.698394418 -0.018487684 0.715463221
1341848010.818844 -0.487515926 0.482690215 4.473042011 0.004501786 -0.697425783 -0.015208502 0.716481507
1341848010.850765 -0.486009359 0.490841895 4.474809647 0.004481778 -0.695672512 -0.011314270 0.718255997
1341848010.886687 -0.499832153 0.500930071 4.472727776 0.005375972 -0.694513381 -0.005976648 0.719434857
1341848010.918833 -0.496771574 0.513470352 4.471758842 0.006096836 -0.692872167 -0.002043830 0.721031785
1341848010.950793 -0.511275530 0.513173103 4.482194424 0.006792623 -0.691326976 -0.000305648 0.722510040
1341848010.986761 -0.529834509 0.521659493 4.493587017 0.007839086 -0.690666378 0.002572133 0.723126471
1341848011.018704 -0.535542011 0.523979068 4.499812603 0.007417988 -0.690540373 0.004215381 0.723243594
1341848011.051016 -0.544606686 0.523277164 4.497530937 0.006618080 -0.689105511 0.006065026 0.724605560
1341848011.086749 -0.560833693 0.527643263 4.499433994 0.007302044 -0.688447058 0.008671751 0.725198090
1341848011.118701 -0.562812567 0.532567799 4.509218693 0.007231951 -0.688148499 0.010222053 0.725461841
1341848011.154630 -0.572247028 0.537479699 4.507291317 0.006215007 -0.687504470 0.013095161 0.726035476
1341848011.186671 -0.585392475 0.530820608 4.516108513 0.004790242 -0.687187433 0.013003229 0.726347983
1341848011.219095 -0.613239288 0.549677908 4.516436100 0.005288895 -0.684569359 0.014760718 0.728779078
1341848011.254693 -0.626636028 0.548717618 4.518241405 0.006710719 -0.682398379 0.016083919 0.730772793
1341848011.286627 -0.626760483 0.575659275 4.521528244 0.006309476 -0.680827796 0.021852123 0.732090354
1341848011.322712 -0.637966394 0.580927074 4.531565189 0.006742897 -0.679058969 0.024129758 0.733656168
1341848011.354750 -0.647488356 0.580848932 4.532448292 0.006649424 -0.677935421 0.028718220 0.734530330
1341848011.386749 -0.653022528 0.578483224 4.531391621 0.005261774 -0.676054180 0.031473447 0.736160636
1341848011.422722 -0.674871922 0.588356614 4.540090561 0.004417677 -0.674947023 0.033843376 0.737076521
1341848011.454654 -0.688027143 0.587220728 4.539060116 0.004446712 -0.672668815 0.037743770 0.738967180
1341848011.486754 -0.702749729 0.584006608 4.545864105 0.002854475 -0.670331419 0.039828692 0.740986764
1341848011.522854 -0.714059830 0.588207543 4.559576511 0.000369532 -0.669289589 0.041476913 0.741843045
1341848011.554674 -0.719222069 0.587580085 4.559311867 -0.000909808 -0.667865276 0.044634931 0.742942154
1341848011.590867 -0.727245569 0.586024165 4.559161186 -0.001163598 -0.665952146 0.045335319 0.744614840
1341848011.622723 -0.754947662 0.581163108 4.571399689 -0.002389400 -0.664289594 0.044497777 0.746145844
1341848011.654892 -0.773331881 0.582201302 4.570223808 -0.003782993 -0.663357973 0.047714811 0.746769845
1341848011.690778 -0.786082506 0.585143924 4.577610493 -0.005086092 -0.662308455 0.047560286 0.747702897
1341848011.722610 -0.787011385 0.586353779 4.582126617 -0.006678903 -0.659683406 0.048440181 0.749951243
1341848011.754796 -0.792495728 0.585272968 4.581634521 -0.007925994 -0.656518638 0.048738569 0.752691925
1341848011.790831 -0.808398962 0.581546962 4.588158607 -0.009636675 -0.654866755 0.049278125 0.754074514
1341848011.822705 -0.828148127 0.583717465 4.581659317 -0.012792429 -0.651543379 0.051725384 0.756737828
1341848011.858763 -0.842174292 0.602903783 4.591153145 -0.012136217 -0.650112271 0.055573292 0.757705986
1341848011.890689 -0.851778269 0.599292397 4.594681740 -0.013224286 -0.648685515 0.056572277 0.758835852
1341848011.922914 -0.868933439 0.587315977 4.590552330 -0.017592112 -0.646249712 0.059493102 0.760600030
1341848011.958828 -0.871048212 0.592132449 4.580421448 -0.017186258 -0.643366754 0.062918372 0.762774706
1341848011.990755 -0.884698629 0.580378771 4.578115463 -0.018457342 -0.640693784 0.061861914 0.765077710
1341848012.022737 -0.910435915 0.593536675 4.578282833 -0.016598906 -0.638684154 0.062440246 0.766751766
1341848012.058861 -0.919257164 0.591628134 4.577386856 -0.017205093 -0.636907697 0.062154319 0.768237948
1341848012.090822 -0.922554255 0.576967835 4.574386120 -0.016736172 -0.634912372 0.059675042 0.770094275
1341848012.126859 -0.947013378 0.586960733 4.568387985 -0.016082892 -0.632072389 0.062270496 0.772235870
1341848012.158771 -0.965814590 0.582687795 4.563817978 -0.016836179 -0.630609870 0.063336462 0.773328006
1341848012.190967 -0.981232643 0.578337133 4.563352585 -0.016066112 -0.631289124 0.061495308 0.772938728
1341848012.226750 -1.001708031 0.573677003 4.561412811 -0.015581895 -0.630925000 0.059186179 0.773426056
1341848012.258713 -1.002215862 0.573322892 4.571959972 -0.013549348 -0.632925630 0.056945331 0.771996737
1341848012.295247 -1.044163704 0.579732180 4.550573349 -0.011221330 -0.630475938 0.057053860 0.774027765
1341848012.326868 -1.069154739 0.575464845 4.556725979 -0.008832425 -0.630207479 0.053252839 0.774548113
1341848012.358782 -1.080538750 0.565652668 4.549615860 -0.007075697 -0.629302442 0.050171986 0.775507033
1341848012.394721 -1.107629776 0.563243270 4.544945717 -0.004256454 -0.628054798 0.047395702 0.776712775
1341848012.426830 -1.140293121 0.571303964 4.534626007 -0.002164559 -0.627350867 0.045810241 0.777385116
1341848012.458805 -1.154288292 0.567910433 4.531215668 -0.000897867 -0.626189053 0.045208503 0.778359056
1341848012.494697 -1.177281618 0.562096655 4.525646687 0.002097460 -0.625149250 0.042911258 0.779322028
1341848012.526756 -1.213054657 0.568090677 4.519324780 0.002889237 -0.624687433 0.043634001 0.779649496
1341848012.562690 -1.231721401 0.573164523 4.519376755 0.006352175 -0.626697183 0.043717913 0.778009653
1341848012.594669 -1.249004126 0.568708062 4.515801907 0.011338307 -0.626560092 0.040986329 0.778212190
1341848012.626774 -1.272939920 0.564859152 4.515196800 0.014157992 -0.626108229 0.038043581 0.778678834
1341848012.662763 -1.277560949 0.561395288 4.510168076 0.016942242 -0.628049195 0.035975009 0.777157009
1341848012.695339 -1.300482512 0.553808510 4.511092186 0.019847609 -0.630586982 0.032749146 0.775173366
1341848012.726854 -1.317179441 0.552759051 4.502229214 0.023651879 -0.630534768 0.029240374 0.775249362
1341848012.762672 -1.328524113 0.552706897 4.499990940 0.028213128 -0.632032692 0.025756162 0.773999572
1341848012.794727 -1.352679014 0.530967534 4.501460075 0.029309185 -0.636974573 0.021669837 0.770022571
1341848012.830669 -1.377876520 0.529442251 4.503908157 0.034767620 -0.640743792 0.015889965 0.766802549
1341848012.862795 -1.419510603 0.524725854 4.498331070 0.043499354 -0.641815960 0.012294545 0.765525281
1341848012.894740 -1.411476851 0.527677536 4.506479263 0.051943578 -0.644525170 0.008155998 0.762773037
1341848012.930848 -1.426711798 0.531866789 4.508881092 0.056593992 -0.647738338 0.005603120 0.759737372
1341848012.962752 -1.455340862 0.526720941 4.501938343 0.063144766 -0.648668647 0.001876438 0.758444607
1341848012.994842 -1.470803261 0.522656322 4.503654480 0.068876624 -0.650101781 -0.002437577 0.756715119
1341848013.030944 -1.470516205 0.524137437 4.505558014 0.071522199 -0.653296411 -0.005830702 0.753693938
1341848013.062714 -1.483965397 0.525990844 4.502274990 0.075591266 -0.656064093 -0.008026123 0.750867128
1341848013.098784 -1.484070778 0.526941657 4.502618790 0.080445513 -0.659800649 -0.010651250 0.747046292
1341848013.130817 -1.516041994 0.517821908 4.506143570 0.083790526 -0.664016783 -0.014698314 0.742862582
1341848013.162759 -1.527327061 0.515738785 4.507522583 0.084411912 -0.669952810 -0.016565805 0.737403214
1341848013.198719 -1.543239832 0.514099181 4.502043724 0.085261904 -0.675768971 -0.019287268 0.731911719
1341848013.230855 -1.561334133 0.514696419 4.503068924 0.087129034 -0.679829717 -0.022067320 0.727841377
1341848013.262723 -1.565955400 0.513774872 4.511735916 0.087286100 -0.685443044 -0.025151156 0.722437859
1341848013.298709 -1.582148314 0.512168646 4.507605553 0.088335156 -0.691178441 -0.029980095 0.716638327
1341848013.330754 -1.588765383 0.512164831 4.501733780 0.091623701 -0.693717718 -0.034531169 0.713560402
1341848013.366705 -1.606961012 0.503747344 4.500341415 0.094601557 -0.696993947 -0.040815562 0.709636569
1341848013.398748 -1.628668070 0.490495384 4.504695892 0.095147669 -0.702063262 -0.047621943 0.704120874
1341848013.430850 -1.625887632 0.493431926 4.513687611 0.093749709 -0.709655523 -0.053910092 0.696199596
1341848013.466959 -1.636500120 0.507359505 4.505786896 0.096409790 -0.714182854 -0.059325594 0.690744877
1341848013.498782 -1.635469675 0.509131789 4.514616489 0.103340954 -0.718215168 -0.065333389 0.684995770
1341848013.534779 -1.663111448 0.503915906 4.517137527 0.108742967 -0.722127616 -0.071869381 0.679368496
1341848013.566664 -1.648032188 0.503637075 4.523878098 0.111283474 -0.728347123 -0.075890094 0.671838701
1341848013.598764 -1.658895731 0.516867995 4.531786442 0.117736459 -0.734008372 -0.078403004 0.664246142
1341848013.634812 -1.662240505 0.515428245 4.527485371 0.120348699 -0.737729609 -0.083593778 0.659001827
1341848013.666669 -1.690371037 0.503236890 4.563889980 0.123749666 -0.746265531 -0.087463006 0.648169756
1341848013.698821 -1.690648794 0.502588153 4.569268227 0.129666537 -0.751312077 -0.088925250 0.640943944
1341848013.734623 -1.711065292 0.500979483 4.556624413 0.137335837 -0.754396319 -0.091731533 0.635303378
1341848013.766827 -1.712117195 0.506708384 4.566475868 0.142628819 -0.758811474 -0.091498315 0.628880143
1341848013.802717 -1.715384960 0.490054429 4.560981274 0.144775391 -0.762959898 -0.095537409 0.622739851
1341848013.834802 -1.740587950 0.495499134 4.550848007 0.146381885 -0.767048776 -0.097259484 0.617048860
1341848013.866791 -1.730826855 0.493044019 4.588274956 0.153412580 -0.772552967 -0.100337960 0.607913435
1341848013.902735 -1.736443520 0.487529755 4.593437672 0.157314852 -0.775771976 -0.102821335 0.602376699
1341848013.934871 -1.735169888 0.500860214 4.589721680 0.158218741 -0.779206634 -0.103981763 0.597487867
1341848013.966740 -1.740866661 0.507319212 4.596092224 0.160018861 -0.784085691 -0.105062239 0.590394437
1341848014.002717 -1.777890205 0.480246425 4.672111034 0.165505722 -0.790876210 -0.112077452 0.578412890
1341848014.034942 -1.795517921 0.487607598 4.684638500 0.167830393 -0.796473444 -0.114024259 0.569615245
1341848014.070990 -1.809163570 0.490560055 4.684492588 0.173104554 -0.800746083 -0.118810467 0.561003327
1341848014.102686 -1.822744370 0.488193989 4.677749634 0.178207934 -0.802507043 -0.124596968 0.555607796
1341848014.134725 -1.842616081 0.482377052 4.744441509 0.184761301 -0.808085978 -0.129689783 0.544096410
1341848014.170724 -1.854323387 0.483593822 4.747277260 0.186381489 -0.812978864 -0.134366751 0.535044849
1341848014.202658 -1.870442390 0.512388706 4.764510632 0.191108271 -0.817816436 -0.134668633 0.525850117
1341848014.234751 -1.884432316 0.492951512 4.845475674 0.199957341 -0.825070620 -0.140298933 0.509501636
1341848014.270714 -1.891743660 0.494723439 4.839076042 0.203007475 -0.829751790 -0.143654048 0.499663472
1341848014.302738 -1.899205208 0.512291908 4.879744053 0.205577672 -0.836293995 -0.143189222 0.487695724
1341848014.338694 -1.959361553 0.460752487 5.032024384 0.214834243 -0.847180188 -0.151885316 0.461587310
1341848014.370553 -1.990348339 0.447954893 5.007907867 0.218592450 -0.851753771 -0.157412082 0.449393392
1341848014.402830 -2.002179146 0.455287695 5.048049927 0.225543454 -0.856452405 -0.160071895 0.435885787
1341848014.438848 -2.012607098 0.448451042 5.045753002 0.231841519 -0.860142648 -0.163880810 0.423730314
1341848014.470783 -2.042187214 0.453897715 5.039642811 0.238587856 -0.864471316 -0.166176230 0.410061806
1341848014.506633 -2.056323528 0.457754850 5.026381969 0.245775387 -0.867485046 -0.169072494 0.398093969
1341848014.538728 -2.085431099 0.444805145 5.021892548 0.252415031 -0.871035933 -0.173117533 0.384205014
1341848014.570790 -2.091828823 0.454473019 5.011590958 0.259783298 -0.873752058 -0.171586946 0.373668224
1341848014.606858 -2.119937420 0.431819677 4.996352673 0.263498336 -0.877285659 -0.174774155 0.361098975
1341848014.638688 -2.128764629 0.443724155 5.009831905 0.265744597 -0.882008910 -0.174725592 0.347722739
1341848014.670828 -2.144957542 0.443232059 5.019714355 0.270340919 -0.885181725 -0.174608260 0.335977912
1341848014.706765 -2.158601761 0.457983017 5.052443981 0.275420249 -0.888786733 -0.171505839 0.323709130
1341848014.738691 -2.152482986 0.465076923 5.012651443 0.278949171 -0.890771091 -0.168895513 0.316525817
1341848014.774750 -2.194436550 0.438627720 5.009539127 0.282418698 -0.894347489 -0.170779988 0.302020639
1341848014.806669 -2.215268612 0.439743280 5.048038960 0.279436380 -0.900287151 -0.167660668 0.288597137
1341848014.838740 -2.220611572 0.442428112 5.055585861 0.279097706 -0.903398275 -0.167758971 0.278985560
1341848014.874686 -2.238617897 0.445642471 5.037236691 0.284348577 -0.905858219 -0.168223798 0.265080243
1341848014.906647 -2.239553928 0.447641373 5.029500008 0.285761923 -0.907842994 -0.168791085 0.256263256
1341848014.938697 -2.236692429 0.445147276 5.015473843 0.285411954 -0.909233868 -0.171763167 0.249662161
1341848014.974705 -2.257048130 0.436043262 5.006891251 0.284851998 -0.911621571 -0.175613865 0.238673881
1341848015.006657 -2.248804092 0.432069063 5.000768185 0.284379572 -0.912128568 -0.181168467 0.233083144
1341848015.042593 -2.276277065 0.420486212 4.988490105 0.287133455 -0.910512030 -0.189742327 0.229172587
1341848015.074864 -2.290767670 0.423923016 4.966416359 0.291857928 -0.908569098 -0.196983770 0.224763542
1341848015.106838 -2.296488285 0.423348427 4.946199417 0.297292769 -0.906350791 -0.203444511 0.220806673
1341848015.142691 -2.316544533 0.418214560 4.932778358 0.300762564 -0.905013740 -0.209267005 0.216100514
1341848015.174708 -2.312699795 0.430438280 4.910712719 0.299930722 -0.904974163 -0.213600382 0.213162437
1341848015.207238 -2.320827484 0.428215981 4.883182049 0.301103592 -0.904752254 -0.218240976 0.207679793
1341848015.243495 -2.334805250 0.427555799 4.854463577 0.304133356 -0.904020429 -0.222159088 0.202225775
1341848015.274780 -2.328639030 0.427801371 4.861993790 0.305766493 -0.904024363 -0.225218669 0.196273774
1341848015.310598 -2.330281019 0.429605246 4.852659225 0.307620198 -0.904904187 -0.227999747 0.185834229
1341848015.342895 -2.325126410 0.435146809 4.858785629 0.309935778 -0.905107915 -0.230328754 0.177955568
1341848015.374733 -2.333776236 0.431000948 4.844287395 0.309677213 -0.906035602 -0.233862400 0.168843180
1341848015.410655 -2.336847544 0.431976080 4.829889297 0.309650123 -0.907000542 -0.237291381 0.158617869
1341848015.442783 -2.342621565 0.434845209 4.819734573 0.311102778 -0.907116413 -0.240445405 0.150136665
1341848015.474959 -2.341819763 0.440037966 4.814614296 0.314359844 -0.906776965 -0.243463099 0.140211225
1341848015.510927 -2.344828844 0.449098349 4.819309235 0.320055395 -0.906203210 -0.243862242 0.129967168
1341848015.542834 -2.328776598 0.453158617 4.810037136 0.319528043 -0.906610608 -0.247180104 0.121905886
1341848015.581753 -2.346296310 0.453406334 4.802913666 0.322946638 -0.905494690 -0.252303898 0.110125184
1341848015.617769 -2.348644257 0.466178179 4.778983593 0.329945862 -0.903791547 -0.253947467 0.099031419
1341848015.650094 -2.344967842 0.463459730 4.782103539 0.335187972 -0.901889682 -0.257450581 0.089237534
1341848015.685811 -2.371458530 0.474478722 4.735653877 0.338072181 -0.900956392 -0.260242641 0.079110935
1341848015.718057 -2.427140713 0.512866259 4.631954193 0.343776286 -0.899977982 -0.259635538 0.066685133
1341848015.749815 -2.364366531 0.485631704 4.707309723 0.342680961 -0.900702238 -0.260312498 0.059520498
1341848015.785761 -2.365365505 0.484470367 4.702591419 0.342456728 -0.901136994 -0.261181772 0.049594752
1341848015.817883 -2.427801609 0.519566774 4.638717651 0.349089682 -0.899935663 -0.258620262 0.036983293
1341848015.853811 -2.421490192 0.530304670 4.648247719 0.350558192 -0.899851918 -0.257888317 0.029482577
1341848015.885654 -2.433589935 0.516279697 4.655423164 0.359528184 -0.896902680 -0.256895602 0.017600553
1341848015.917793 -2.426992416 0.520706654 4.661444664 0.365895301 -0.894729495 -0.255829483 0.011450002
1341848015.954005 -2.437313557 0.533851624 4.666598797 0.369957596 -0.894212544 -0.252012223 0.002265591
1341848015.986663 -2.416224718 0.515844107 4.720647335 -0.373920143 0.893237114 0.249555141 0.005794493
1341848016.021677 -2.426118851 0.522292614 4.694869041 -0.374665618 0.892769039 0.249798924 0.013771839
1341848016.053936 -2.440790653 0.530591965 4.696846485 -0.377739191 0.892324030 0.246215180 0.021189990
1341848016.085724 -2.430286407 0.530962467 4.742197037 -0.381636411 0.891280413 0.243344992 0.027497647
1341848016.121844 -2.378004074 0.503896952 4.815152168 -0.380374402 0.891178131 0.245425120 0.029722840
1341848016.153821 -2.382592201 0.499599457 4.816731930 -0.386706531 0.888178766 0.245911002 0.033532828
1341848016.185769 -2.361736774 0.526342630 4.859556198 -0.390247196 0.887033582 0.244433954 0.033625562
1341848016.221734 -2.364054203 0.523634195 4.842877388 -0.390769988 0.885915518 0.247455433 0.034904793
1341848016.253686 -2.370263100 0.519369125 4.830684185 -0.391136706 0.885702193 0.247253582 0.037542101
1341848016.289960 -2.366047144 0.518835783 4.906441212 -0.395050108 0.884648800 0.244789273 0.037552428
1341848016.322013 -2.372757435 0.514807940 4.912884712 -0.393785238 0.884879291 0.246552914 0.033668801
1341848016.353746 -2.370528698 0.508377790 4.904612541 -0.387567639 0.888032913 0.245212093 0.032556850
1341848016.389789 -2.358946562 0.463826656 4.961018562 -0.384041667 0.889344990 0.245905891 0.033284929
1341848016.421705 -2.356929541 0.480508327 4.952493668 -0.378348142 0.891748071 0.246327266 0.031000072
1341848016.453901 -2.366110802 0.476300716 4.955323219 -0.373917341 0.893968403 0.244990215 0.031401869
1341848016.490058 -2.359733343 0.459900856 4.977012634 -0.370370805 0.895865142 0.243224785 0.033059049
1341848016.521813 -2.375384092 0.452663898 5.007540703 -0.371121436 0.896160781 0.240718246 0.034920592
1341848016.554210 -2.384418011 0.421082973 4.991281986 -0.367219508 0.897676885 0.240686655 0.037362352
1341848016.589825 -2.391308784 0.414728880 5.028823376 -0.365062922 0.898791730 0.238976017 0.042344321
1341848016.621860 -2.383909225 0.411745310 5.101902962 -0.362823635 0.899714768 0.238888666 0.042480074
1341848016.657837 -2.389179707 0.407449961 5.085191250 -0.356288433 0.901821852 0.240114346 0.046054635
1341848016.689891 -2.407956123 0.378600121 5.102653027 -0.351735741 0.902839005 0.241456836 0.053500544
1341848016.757848 -2.428968906 0.368402719 5.092586517 -0.351192206 0.902246594 0.242743522 0.060752001
1341848016.784104 -2.393065214 0.308535337 5.236997604 -0.353067756 0.901134908 0.243002653 0.065182514
1341848016.818817 -2.395823240 0.276597023 5.256946564 -0.350293845 0.900736749 0.247372136 0.069098383
1341848016.850754 -2.413915157 0.264663458 5.273468018 -0.350016952 0.899904251 0.249034509 0.075114973
1341848016.882757 -2.416230917 0.248639584 5.311293125 -0.349568069 0.899199486 0.251173347 0.078449965
1341848016.918907 -2.423586369 0.225217104 5.363027096 -0.347863555 0.898517311 0.254735380 0.082264543
1341848016.950706 -2.427607298 0.210389614 5.370748997 -0.346596450 0.897883594 0.257488698 0.085880689
1341848016.986658 -2.461344004 0.173997879 5.408416748 -0.349600941 0.895317018 0.260518998 0.091194548
1341848017.018678 -2.436707497 0.170801640 5.404675961 -0.348632246 0.894972205 0.262849092 0.091600448
1341848017.050760 -2.461750507 0.155140877 5.463274002 -0.346868336 0.895048857 0.263873816 0.094554424
1341848017.086845 -2.471315861 0.126941681 5.495833874 -0.347497225 0.894167840 0.265865386 0.095001504
1341848017.118641 -2.470995426 0.119075298 5.498684883 -0.343922585 0.895517111 0.266162544 0.094466291
1341848017.150678 -2.458080053 0.116410494 5.570225716 -0.342998326 0.896631002 0.264229685 0.092669860
1341848017.186855 -2.467144012 0.080332518 5.637861729 -0.340952188 0.897483051 0.264350176 0.091623485
1341848017.218765 -2.466414213 0.044955254 5.681140423 -0.338062644 0.899014771 0.263372868 0.090115756
1341848017.254693 -2.517154694 0.007679224 5.748973846 -0.336968035 0.899957359 0.260982275 0.091747880
1341848017.286638 -2.523185253 -0.011862040 5.800805092 -0.331880629 0.902521133 0.259474367 0.089352831
1341848017.318695 -2.514098167 -0.099956989 5.908125401 -0.325727761 0.905465305 0.256160587 0.091737680
1341848017.354737 -2.532305956 -0.028326511 5.860284805 -0.326364428 0.907503664 0.248401970 0.090663791
1341848017.386825 -2.507748604 -0.064796209 5.912211418 -0.323462158 0.909027398 0.248498440 0.085381150
1341848017.418824 -2.505039215 -0.064604282 6.002065659 -0.318539619 0.912639678 0.242050692 0.083862275
1341848017.454792 -2.499667168 -0.101952553 6.064486980 -0.316111535 0.913156331 0.243824646 0.082271837
1341848017.486699 -2.495818615 -0.096164227 6.086970329 -0.312949419 0.915102184 0.241814673 0.078589685
1341848017.522694 -2.465291977 -0.146983862 6.166840553 -0.314044058 0.914842486 0.242092282 0.076360449
1341848017.554797 -2.478562355 -0.135615349 6.177344799 -0.314561337 0.915915787 0.237951756 0.074353330
1341848017.587838 -2.464661598 -0.144302845 6.193569183 -0.310161650 0.917852342 0.237384617 0.070677914
1341848017.622714 -2.469137192 -0.152914286 6.224888802 -0.311349154 0.918507993 0.233329728 0.070441723
1341848017.654814 -2.472843647 -0.158390045 6.273999691 -0.309322327 0.919725835 0.232220963 0.067063600
1341848017.686820 -2.478549480 -0.160619736 6.326121330 -0.308656901 0.921397448 0.226036221 0.068303630
1341848017.722837 -2.444258928 -0.251794815 6.399363518 -0.302083910 0.923835099 0.226002559 0.064783134
1341848017.754780 -2.393659592 -0.302534819 6.486021519 -0.296883404 0.925659657 0.226381004 0.061368156
1341848017.790699 -2.398249149 -0.301666260 6.544005871 -0.296920747 0.926914990 0.220435977 0.063832976
1341848017.822756 -2.409529448 -0.317000628 6.544781685 -0.295261502 0.927878082 0.218703091 0.063498057
1341848017.854726 -2.417768478 -0.330914497 6.669824600 -0.294884413 0.928608596 0.216106638 0.063460290
1341848017.890737 -2.422550678 -0.337277651 6.681066513 -0.294471681 0.928671658 0.216102928 0.064458817
1341848017.922823 -2.421591043 -0.337438345 6.681495667 -0.294175655 0.928890526 0.215856105 0.063476026
1341848017.958643 -2.431490660 -0.344225645 6.701937675 -0.296562225 0.928195596 0.215796188 0.062735967
1341848017.990683 -2.430259705 -0.346705914 6.710791588 -0.295580298 0.928568900 0.215527073 0.062771425
1341848018.022671 -2.433443546 -0.352024317 6.701385498 -0.295167267 0.928108633 0.218457326 0.061376955
1341848018.058766 -2.432970047 -0.350902557 6.708175182 -0.296858072 0.927863002 0.217792049 0.059263922
1341848018.090894 -2.437578201 -0.357637882 6.702519894 -0.297923714 0.927693844 0.217578217 0.057318393
1341848018.122747 -2.440848827 -0.350301743 6.691026211 -0.292039305 0.929418921 0.219241247 0.053168591
1341848018.159145 -2.436577082 -0.348079920 6.691923618 -0.288625568 0.930490851 0.219507992 0.051945474
1341848018.190824 -2.451517582 -0.359899044 6.739056110 -0.289682239 0.930566609 0.217932582 0.051336385
1341848018.226660 -2.451243639 -0.364613295 6.754607201 -0.289168864 0.930833638 0.218026266 0.048935082
1341848018.258766 -2.458042860 -0.370966673 6.751433849 -0.284656584 0.932201624 0.218217030 0.048498612
1341848018.290747 -2.454782248 -0.375350952 6.774346352 -0.281942993 0.932667673 0.219901264 0.047776625
1341848018.333905 -2.464853764 -0.376776457 6.776965141 -0.282545656 0.932466030 0.220232174 0.046614025
1341848018.367205 -2.467279434 -0.379001379 6.879933834 -0.282676876 0.933380485 0.216388658 0.045504656
1341848018.397728 -2.468355179 -0.390034914 6.899170876 -0.278348804 0.934735835 0.216402188 0.044283450
1341848018.433770 -2.479897976 -0.407650948 6.880879402 -0.269806743 0.936250389 0.220606744 0.044409942
1341848018.465663 -2.486235619 -0.410395384 6.915014267 -0.263943255 0.937409937 0.222612381 0.045170758
1341848018.501822 -2.493171692 -0.418768406 6.926423550 -0.261717886 0.937767208 0.223736212 0.045150068
1341848018.534507 -2.501301765 -0.429491282 6.933695793 -0.258183986 0.938468277 0.224924788 0.045025054
1341848018.565849 -2.514156103 -0.443773746 6.925632477 -0.255702704 0.938267648 0.228352085 0.046100438
1341848018.601739 -2.519281626 -0.450632095 6.984678268 -0.254294127 0.938808799 0.227639541 0.046399079
1341848018.633687 -2.539565086 -0.466988325 6.943367481 -0.253798187 0.938443661 0.229639888 0.046642445
1341848018.669811 -2.536273479 -0.476105213 6.959190369 -0.248941749 0.938986540 0.232803836 0.046202675
1341848018.701756 -2.546619892 -0.487909555 6.968115807 -0.248068899 0.938327909 0.236097991 0.047542624
1341848018.733853 -2.564463139 -0.501365423 6.988334179 -0.247895926 0.937764466 0.238012940 0.049953021
1341848018.769715 -2.575146914 -0.505241632 6.958670139 -0.247236609 0.937638581 0.238739640 0.052070763
1341848018.802234 -2.593475819 -0.512191772 6.941849709 -0.247768581 0.936823785 0.240167096 0.057373248
1341848018.833759 -2.601284027 -0.520201921 6.933758259 -0.247238800 0.936400175 0.241424769 0.061169755
1341848018.869787 -2.616507292 -0.526760340 6.923976898 -0.247395530 0.936798513 0.238916218 0.064211257
1341848018.901964 -2.629074335 -0.545418501 6.955633640 -0.248071223 0.936283767 0.239390180 0.067274086
1341848018.933795 -2.627093315 -0.533623934 6.920756340 -0.241620079 0.937983394 0.239364937 0.067167073
1341848018.969688 -2.627665997 -0.536146164 6.926000118 -0.238709778 0.938751459 0.238995641 0.068150662
1341848019.002336 -2.632790565 -0.539993525 6.922742844 -0.240310535 0.938280344 0.239447683 0.067421533
1341848019.069833 -2.646910906 -0.542938232 6.925101280 -0.240485087 0.939055264 0.235662714 0.069320068
1341848019.096441 -2.640595675 -0.540062189 6.919903278 -0.241175771 0.939268112 0.235178173 0.065582193
1341848019.130792 -2.646721363 -0.541578293 6.923372269 -0.240661666 0.939797699 0.234028473 0.063976720
1341848019.162652 -2.656371117 -0.547812462 6.923430443 -0.238756642 0.940312684 0.234121889 0.063200943
1341848019.198644 -2.657388449 -0.552549601 6.919856071 -0.238219798 0.940343201 0.235610560 0.059107430
1341848019.231114 -2.659786463 -0.553384781 6.928974628 -0.237905309 0.940754533 0.235156059 0.055530850
1341848019.262728 -2.659565926 -0.553357601 6.922221184 -0.238768235 0.941152394 0.233359382 0.052586105
1341848019.298715 -2.667910337 -0.560345650 6.914772511 -0.237827420 0.941273808 0.234431669 0.049835514
1341848019.330680 -2.658043385 -0.554476261 6.909322262 -0.236240730 0.941837668 0.235052660 0.043386947
1341848019.362697 -2.658581734 -0.556898117 6.918140888 -0.234877095 0.942774296 0.233179569 0.040455278
1341848019.398715 -2.663608074 -0.560889482 6.894296646 -0.235787168 0.942386448 0.234383687 0.037102457
1341848019.431028 -2.666376591 -0.568342924 6.896948814 -0.235265553 0.942201495 0.235954016 0.035101872
1341848019.467021 -2.667285919 -0.568489790 6.901955128 -0.236434311 0.942956269 0.232171774 0.032070823
1341848019.498756 -2.666665554 -0.568291426 6.918142319 -0.235444501 0.943932176 0.229828253 0.027148506
1341848019.530821 -2.669032574 -0.566101313 6.914555550 -0.231579423 0.945670784 0.226719737 0.025996840
1341848019.567087 -2.667423487 -0.570177317 6.902210236 -0.228264734 0.946256280 0.227915600 0.023425190
1341848019.598737 -2.668079376 -0.569495440 6.882118702 -0.224890679 0.946689546 0.229485154 0.023231234
1341848019.630654 -2.666644573 -0.570733070 6.908222198 -0.225637630 0.947388709 0.226124331 0.020252248
1341848019.666875 -2.664519310 -0.558883429 6.927673340 -0.227053627 0.948332131 0.221263647 0.012458703
1341848019.698668 -2.664193153 -0.559488058 6.943076134 -0.225396380 0.948580742 0.221940771 0.011552982
1341848019.734756 -2.666820526 -0.570862532 6.913906574 -0.223894656 0.947832286 0.226556450 0.012541053
1341848019.766703 -2.667933941 -0.571868658 6.915535927 -0.225753620 0.947619557 0.225693211 0.010728213
1341848019.798719 -2.661046028 -0.565768242 6.905616283 -0.225049838 0.948091030 0.224523902 0.008063613
1341848019.834660 -2.663666248 -0.565797329 6.915389538 -0.222290754 0.949022710 0.223414406 0.005367846
1341848019.866778 -2.664700270 -0.569746733 6.905610561 -0.221149504 0.949151099 0.224022344 0.004372723
1341848019.898833 -2.668753147 -0.572392702 6.916629791 -0.217575893 0.950426280 0.222146213 0.001298570
1341848019.934782 -2.669118881 -0.570983171 6.898139477 -0.213034987 0.951540053 0.221756965 -0.003410249
1341848019.966705 -2.668525696 -0.571185350 6.903880596 0.208828330 -0.952386916 -0.222006202 0.007945949
1341848020.002811 -2.669034243 -0.571452856 6.905497551 0.207478419 -0.952971458 -0.220575228 0.012030366
1341848020.034693 -2.668463945 -0.572015762 6.913064480 0.205358565 -0.953805804 -0.218447477 0.019053737
1341848020.066696 -2.671278000 -0.572411537 6.904896736 0.205905467 -0.953830063 -0.217578217 0.021699417
1341848020.102776 -2.671422005 -0.573005915 6.906556129 0.201613203 -0.954681456 -0.217602700 0.024177648
1341848020.134758 -2.671003580 -0.572925568 6.904594898 0.198840529 -0.955318570 -0.216541633 0.030637670
1341848020.170835 -2.671120644 -0.573136330 6.908726215 0.201886818 -0.955119431 -0.213892922 0.035191447
1341848020.202706 -2.669284582 -0.572761059 6.918221474 0.200979397 -0.955538750 -0.212095559 0.039604992
1341848020.234873 -2.669624805 -0.572890997 6.913346291 0.198304281 -0.955923080 -0.211762175 0.045203056
1341848020.271152 -2.668517113 -0.572902441 6.918300152 0.196844846 -0.956407487 -0.209536240 0.051296618
1341848020.302754 -2.669353247 -0.573034286 6.915582180 0.196264163 -0.956908643 -0.206940949 0.054605111
1341848020.334861 -2.667672157 -0.572661161 6.920022488 0.194208667 -0.957290530 -0.205015570 0.062020335
1341848020.370812 -2.667046070 -0.574621677 6.935058594 0.189925835 -0.958266377 -0.202989653 0.066700824
1341848020.402809 -2.669678688 -0.573016644 6.919970036 0.186539829 -0.959237695 -0.200388432 0.070074946
1341848020.438816 -2.671959400 -0.573665619 6.902163029 0.186103150 -0.959463537 -0.198537618 0.073336244
1341848020.471200 -2.675154209 -0.573901892 6.881097317 0.185794070 -0.960046947 -0.195007294 0.075911604
1341848020.502691 -2.677994251 -0.575850964 6.867908955 0.181057841 -0.961351871 -0.191574097 0.079498984
1341848020.538748 -2.680996895 -0.578164101 6.870222092 0.174650446 -0.962453783 -0.190687954 0.082571536
1341848020.570790 -2.687572956 -0.582665920 6.873586655 0.170217812 -0.963203251 -0.190107107 0.084408142
1341848020.602764 -2.688739777 -0.582848549 6.862394810 0.165614218 -0.963764846 -0.189858571 0.087652542
1341848020.638929 -2.690051556 -0.583334208 6.853820801 0.158253908 -0.964093447 -0.192582428 0.091605105
1341848020.670809 -2.691369534 -0.583141327 6.848743439 0.155177757 -0.964345157 -0.193206355 0.092895754
1341848020.706669 -2.690841675 -0.583355188 6.848568916 0.151858106 -0.964561522 -0.192570955 0.097348034
1341848020.738994 -2.691492081 -0.583837748 6.845894337 0.149207592 -0.964014053 -0.195507601 0.100949392
1341848020.770817 -2.692834854 -0.583836555 6.839080334 0.144204110 -0.964462042 -0.196831360 0.101368405
1341848020.807216 -2.691776752 -0.584159136 6.845331192 0.139726236 -0.964746833 -0.197535411 0.103536859
1341848020.839066 -2.692566395 -0.581749678 6.828485012 0.138401717 -0.964445412 -0.198715121 0.105841108
1341848020.870955 -2.693285465 -0.580472946 6.819102764 0.138271272 -0.964669168 -0.197949588 0.105405994
1341848020.906582 -2.693731785 -0.580448627 6.809246540 0.133590266 -0.965127826 -0.198553190 0.106106386
1341848020.938790 -2.693688869 -0.580954790 6.811179161 0.129369691 -0.965124249 -0.199594975 0.109364122
1341848020.974874 -2.694207668 -0.580033779 6.805040359 0.130383477 -0.965231299 -0.197729185 0.110598162
1341848021.006632 -2.694007874 -0.580645323 6.807042122 0.126900241 -0.965535283 -0.197350174 0.112654231
1341848021.039636 -2.694223404 -0.580579519 6.805854797 0.124143124 -0.965423524 -0.197903469 0.115672342
1341848021.074762 -2.694766521 -0.580389261 6.804121017 0.123483226 -0.965377688 -0.197280794 0.117805749
1341848021.106691 -2.694169998 -0.580872297 6.804118156 0.116078228 -0.965715587 -0.198091596 0.121157244
1341848021.142795 -2.693725586 -0.580629587 6.807298183 0.123047918 -0.964619100 -0.195741549 0.126706108
1341848021.175038 -2.694478035 -0.580473185 6.804894447 0.119234070 -0.964778304 -0.195810452 0.129013270
1341848021.206698 -2.694806099 -0.580806017 6.804885387 0.117489167 -0.964755476 -0.195296749 0.131538808
1341848021.242671 -2.695000648 -0.580493212 6.800181866 0.117111683 -0.964402556 -0.193840846 0.136522114
1341848021.274899 -2.694879532 -0.580484152 6.799796104 0.118896663 -0.964014947 -0.190223113 0.142667547
1341848021.307283 -2.695075035 -0.580126286 6.800438881 0.117549144 -0.964316368 -0.187022492 0.145940855
1341848021.343359 -2.695025444 -0.580795050 6.800837040 0.112040967 -0.964719594 -0.184841424 0.150321588
1341848021.384830 -2.695754051 -0.580760241 6.797885895 0.110765308 -0.965137184 -0.179566145 0.154910564
1341848021.414272 -2.695199490 -0.580773115 6.803941727 0.108314186 -0.965564549 -0.173238069 0.161064386
1341848021.455728 -2.695254803 -0.580880880 6.804087639 0.101497263 -0.966130555 -0.169427767 0.166085318
1341848021.487906 -2.696074963 -0.581656933 6.800810814 0.099778771 -0.966458380 -0.164886147 0.169749781
1341848021.514696 -2.695736408 -0.581633568 6.804759979 0.091434233 -0.967036426 -0.161917940 0.173962504
1341848021.550755 -2.696306705 -0.581968665 6.804588795 0.084219046 -0.967542529 -0.160803214 0.175815031
1341848021.617752 -2.696654320 -0.582025766 6.804713726 0.089309417 -0.966253996 -0.158662736 0.182217389
1341848021.643147 -2.696524620 -0.581908107 6.804358006 0.091359705 -0.965179563 -0.158306867 0.187138468
1341848021.678764 -2.696481228 -0.581785917 6.805234909 0.092835926 -0.964482188 -0.157234535 0.190874070
1341848021.710743 -2.697327137 -0.582052946 6.804693699 0.094122924 -0.964396298 -0.156487480 0.191291213
1341848021.742811 -2.696650505 -0.581318259 6.804413795 0.095018506 -0.963346660 -0.155423984 0.196921632
1341848021.778676 -2.697745323 -0.581948638 6.804699898 0.091133788 -0.963495255 -0.155987725 0.197583780
1341848021.810867 -2.697005272 -0.581908584 6.805335999 0.089442290 -0.962676287 -0.156018555 0.202268869
1341848021.844563 -2.696177483 -0.581240773 6.806437969 0.089463055 -0.961235702 -0.155461699 0.209413469
1341848021.878887 -2.696881294 -0.581050515 6.805801868 0.089958146 -0.960709333 -0.154307276 0.212448478
1341848021.910628 -2.696598053 -0.581193686 6.806698799 0.091239832 -0.960042417 -0.153429925 0.215529785
1341848021.946714 -2.696361542 -0.580783248 6.806282043 0.088646360 -0.959878504 -0.151198030 0.218893424
1341848021.978747 -2.696238995 -0.580784440 6.807519913 0.089487217 -0.959459960 -0.148718402 0.222061992
1341848022.010782 -2.697195530 -0.581131458 6.806607246 0.090882123 -0.959370196 -0.147221565 0.222878978
1341848022.046709 -2.697760582 -0.581411600 6.804177761 0.091392942 -0.958831787 -0.146036550 0.225748256
1341848022.078665 -2.698639870 -0.581712604 6.804958344 0.094036050 -0.958402753 -0.144503564 0.227464527
1341848022.110954 -2.699439049 -0.582119942 6.803737164 0.093808241 -0.957766175 -0.144239292 0.230388895
1341848022.146749 -2.700601101 -0.582119703 6.802623749 0.095826663 -0.957283139 -0.142477795 0.232650846
1341848022.178988 -2.700210571 -0.582127690 6.804841042 0.098068528 -0.956427515 -0.140030980 0.236686170
1341848022.214773 -2.701497555 -0.582322001 6.804486275 0.097917266 -0.956487179 -0.137614787 0.237921491
1341848022.246774 -2.702453136 -0.582994699 6.805236340 0.099969648 -0.956139266 -0.135629073 0.239600942
1341848022.278764 -2.703186512 -0.582749963 6.803147316 0.091341615 -0.956693888 -0.130803734 0.243482843
1341848022.314757 -2.704248905 -0.582851887 6.802689075 0.089043744 -0.956602573 -0.128473118 0.245921448
1341848022.354110 -2.705430984 -0.582779646 6.803277016 0.084703274 -0.957451999 -0.124517180 0.246184021
1341848022.387191 -2.705791950 -0.583270550 6.801270008 0.088348486 -0.955820501 -0.121330373 0.252746224
1341848022.417848 -2.706576824 -0.583198786 6.801934242 0.085178390 -0.955819368 -0.119075298 0.254901946
1341848022.454164 -2.707325459 -0.582821012 6.804545879 0.082523860 -0.956766546 -0.113543853 0.254745722
1341848022.485638 -2.707813740 -0.583459735 6.803371906 0.087374181 -0.955408871 -0.111003183 0.259302974
1341848022.521730 -2.709242344 -0.583242655 6.803003311 0.086305633 -0.955534935 -0.108064570 0.260435194
1341848022.554231 -2.710319996 -0.583424568 6.802200794 0.084477492 -0.956014514 -0.105343997 0.260389119
1341848022.586067 -2.710846901 -0.583755612 6.801236153 0.088098004 -0.955230892 -0.102703549 0.263105750
1341848022.621801 -2.711612701 -0.584102154 6.799363136 0.092103757 -0.953633130 -0.101199217 0.268066347
1341848022.654208 -2.712544441 -0.583331347 6.803044796 0.085673399 -0.954952478 -0.095960245 0.267427444
1341848022.690287 -2.712825775 -0.583886147 6.798939705 0.089684822 -0.953442156 -0.093651198 0.272275776
1341848022.721700 -2.713239670 -0.583220959 6.804569244 0.085030258 -0.952424824 -0.093636103 0.277288735
1341848022.753725 -2.713186264 -0.583376288 6.807117939 0.080794230 -0.951577663 -0.093850113 0.281361759
1341848022.782985 -2.713270187 -0.583231926 6.807702541 0.073546484 -0.951899409 -0.092856474 0.282588154
1341848022.814772 -2.713267326 -0.583238006 6.807689667 0.076903574 -0.948747158 -0.095262840 0.291358590
1341848022.850799 -2.713294983 -0.583240986 6.807610035 0.081369199 -0.946814835 -0.097006790 0.295821548
1341848022.850799 -2.713294983 -0.583240986 6.807610035 0.081369199 -0.946814835 -0.097006790 0.295821548
1341848022.850799 -2.713294983 -0.583240986 6.807610035 0.081369199 -0.946814835 -0.097006790 0.295821548
1341848022.850799 -2.713294983 -0.583240986 6.807610035 0.081369199 -0.946814835 -0.097006790 0.295821548
1341848022.850799 -2.713294983 -0.583240986 6.807610035 0.081369199 -0.946814835 -0.097006790 0.295821548
1341848022.850799 -2.713294983 -0.583240986 6.807610035 0.081369199 -0.946814835 -0.097006790 0.295821548
1341848022.850799 -2.713294983 -0.583240986 6.807610035 0.081369199 -0.946814835 -0.097006790 0.295821548
1341848022.850799 -2.713294983 -0.583240986 6.807610035 0.081369199 -0.946814835 -0.097006790 0.295821548
1341848022.850799 -2.713294983 -0.583240986 6.807610035 0.081369199 -0.946814835 -0.097006790 0.295821548
1341848022.850799 -2.713294983 -0.583240986 6.807610035 0.081369199 -0.946814835 -0.097006790 0.295821548
1341848022.850799 -2.713294983 -0.583240986 6.807610035 0.081369199 -0.946814835 -0.097006790 0.295821548
1341848022.850799 -2.713294983 -0.583240986 6.807610035 0.081369199 -0.946814835 -0.097006790 0.295821548
1341848022.850799 -2.713294983 -0.583240986 6.807610035 0.081369199 -0.946814835 -0.097006790 0.295821548
1341848022.850799 -2.713294983 -0.583240986 6.807610035 0.081369199 -0.946814835 -0.097006790 0.295821548
1341848022.850799 -2.713294983 -0.583240986 6.807610035 0.081369199 -0.946814835 -0.097006790 0.295821548
1341848022.850799 -2.713294983 -0.583240986 6.807610035 0.081369199 -0.946814835 -0.097006790 0.295821548
1341848022.850799 -2.713294983 -0.583240986 6.807610035 0.081369199 -0.946814835 -0.097006790 0.295821548
1341848022.850799 -2.713294983 -0.583240986 6.807610035 0.081369199 -0.946814835 -0.097006790 0.295821548
1341848022.850799 -2.713294983 -0.583240986 6.807610035 0.081369199 -0.946814835 -0.097006790 0.295821548
1341848022.850799 -2.713294983 -0.583240986 6.807610035 0.081369199 -0.946814835 -0.097006790 0.295821548
1341848022.850799 -2.713294983 -0.583240986 6.807610035 0.081369199 -0.946814835 -0.097006790 0.295821548
1341848022.850799 -2.713294983 -0.583240986 6.807610035 0.081369199 -0.946814835 -0.097006790 0.295821548
1341848022.850799 -2.713294983 -0.583240986 6.807610035 0.081369199 -0.946814835 -0.097006790 0.295821548
1341848022.850799 -2.713294983 -0.583240986 6.807610035 0.081369199 -0.946814835 -0.097006790 0.295821548
1341848022.850799 -2.713294983 -0.583240986 6.807610035 0.081369199 -0.946814835 -0.097006790 0.295821548
1341848022.850799 -2.713294983 -0.583240986 6.807610035 0.081369199 -0.946814835 -0.097006790 0.295821548
1341848022.850799 -2.713294983 -0.583240986 6.807610035 0.081369199 -0.946814835 -0.097006790 0.295821548
1341848022.850799 -2.713294983 -0.583240986 6.807610035 0.081369199 -0.946814835 -0.097006790 0.295821548
1341848022.850799 -2.713294983 -0.583240986 6.807610035 0.081369199 -0.946814835 -0.097006790 0.295821548
1341848022.850799 -2.713294983 -0.583240986 6.807610035 0.081369199 -0.946814835 -0.097006790 0.295821548
1341848022.850799 -2.713294983 -0.583240986 6.807610035 0.081369199 -0.946814835 -0.097006790 0.295821548
1341848022.850799 -2.713294983 -0.583240986 6.807610035 0.081369199 -0.946814835 -0.097006790 0.295821548
1341848022.850799 -2.713294983 -0.583240986 6.807610035 0.081369199 -0.946814835 -0.097006790 0.295821548
1341848022.850799 -2.713294983 -0.583240986 6.807610035 0.081369199 -0.946814835 -0.097006790 0.295821548
1341848022.850799 -2.713294983 -0.583240986 6.807610035 0.081369199 -0.946814835 -0.097006790 0.295821548
1341848022.850799 -2.713294983 -0.583240986 6.807610035 0.081369199 -0.946814835 -0.097006790 0.295821548
1341848022.850799 -2.713294983 -0.583240986 6.807610035 0.081369199 -0.946814835 -0.097006790 0.295821548
1341848022.850799 -2.713294983 -0.583240986 6.807610035 0.081369199 -0.946814835 -0.097006790 0.295821548
1341848022.850799 -2.713294983 -0.583240986 6.807610035 0.081369199 -0.946814835 -0.097006790 0.295821548
1341848022.850799 -2.713294983 -0.583240986 6.807610035 0.081369199 -0.946814835 -0.097006790 0.295821548
1341848022.850799 -2.713294983 -0.583240986 6.807610035 0.081369199 -0.946814835 -0.097006790 0.295821548
1341848022.850799 -2.713294983 -0.583240986 6.807610035 0.081369199 -0.946814835 -0.097006790 0.295821548
1341848022.850799 -2.713294983 -0.583240986 6.807610035 0.081369199 -0.946814835 -0.097006790 0.295821548
1341848022.850799 -2.713294983 -0.583240986 6.807610035 0.081369199 -0.946814835 -0.097006790 0.295821548
1341848022.850799 -2.713294983 -0.583240986 6.807610035 0.081369199 -0.946814835 -0.097006790 0.295821548
1341848022.850799 -2.713294983 -0.583240986 6.807610035 0.081369199 -0.946814835 -0.097006790 0.295821548
1341848022.850799 -2.713294983 -0.583240986 6.807610035 0.081369199 -0.946814835 -0.097006790 0.295821548
1341848022.850799 -2.713294983 -0.583240986 6.807610035 0.081369199 -0.946814835 -0.097006790 0.295821548
1341848022.850799 -2.713294983 -0.583240986 6.807610035 0.081369199 -0.946814835 -0.097006790 0.295821548
1341848022.850799 -2.713294983 -0.583240986 6.807610035 0.081369199 -0.946814835 -0.097006790 0.295821548
1341848022.850799 -2.713294983 -0.583240986 6.807610035 0.081369199 -0.946814835 -0.097006790 0.295821548
1341848022.850799 -2.713294983 -0.583240986 6.807610035 0.081369199 -0.946814835 -0.097006790 0.295821548
1341848022.850799 -2.713294983 -0.583240986 6.807610035 0.081369199 -0.946814835 -0.097006790 0.295821548
1341848022.850799 -2.713294983 -0.583240986 6.807610035 0.081369199 -0.946814835 -0.097006790 0.295821548
1341848022.850799 -2.713294983 -0.583240986 6.807610035 0.081369199 -0.946814835 -0.097006790 0.295821548
1341848022.850799 -2.713294983 -0.583240986 6.807610035 0.081369199 -0.946814835 -0.097006790 0.295821548
1341848022.850799 -2.713294983 -0.583240986 6.807610035 0.081369199 -0.946814835 -0.097006790 0.295821548
1341848022.850799 -2.713294983 -0.583240986 6.807610035 0.081369199 -0.946814835 -0.097006790 0.295821548
1341848022.850799 -2.713294983 -0.583240986 6.807610035 0.081369199 -0.946814835 -0.097006790 0.295821548
1341848022.850799 -2.713294983 -0.583240986 6.807610035 0.081369199 -0.946814835 -0.097006790 0.295821548
1341848022.850799 -2.713294983 -0.583240986 6.807610035 0.081369199 -0.946814835 -0.097006790 0.295821548
1341848022.850799 -2.713294983 -0.583240986 6.807610035 0.081369199 -0.946814835 -0.097006790 0.295821548
1341848022.850799 -2.713294983 -0.583240986 6.807610035 0.081369199 -0.946814835 -0.097006790 0.295821548
1341848022.850799 -2.713294983 -0.583240986 6.807610035 0.081369199 -0.946814835 -0.097006790 0.295821548
1341848022.850799 -2.713294983 -0.583240986 6.807610035 0.081369199 -0.946814835 -0.097006790 0.295821548
1341848022.850799 -2.713294983 -0.583240986 6.807610035 0.081369199 -0.946814835 -0.097006790 0.295821548
1341848022.850799 -2.713294983 -0.583240986 6.807610035 0.081369199 -0.946814835 -0.097006790 0.295821548
1341848022.850799 -2.713294983 -0.583240986 6.807610035 0.081369199 -0.946814835 -0.097006790 0.295821548
1341848022.850799 -2.713294983 -0.583240986 6.807610035 0.081369199 -0.946814835 -0.097006790 0.295821548
1341848022.850799 -2.713294983 -0.583240986 6.807610035 0.081369199 -0.946814835 -0.097006790 0.295821548
1341848022.850799 -2.713294983 -0.583240986 6.807610035 0.081369199 -0.946814835 -0.097006790 0.295821548
1341848022.850799 -2.713294983 -0.583240986 6.807610035 0.081369199 -0.946814835 -0.097006790 0.295821548
1341848022.850799 -2.713294983 -0.583240986 6.807610035 0.081369199 -0.946814835 -0.097006790 0.295821548
1341848022.850799 -2.713294983 -0.583240986 6.807610035 0.081369199 -0.946814835 -0.097006790 0.295821548
1341848022.850799 -2.713294983 -0.583240986 6.807610035 0.081369199 -0.946814835 -0.097006790 0.295821548
1341848022.850799 -2.713294983 -0.583240986 6.807610035 0.081369199 -0.946814835 -0.097006790 0.295821548
1341848022.850799 -2.713294983 -0.583240986 6.807610035 0.081369199 -0.946814835 -0.097006790 0.295821548
1341848022.850799 -2.713294983 -0.583240986 6.807610035 0.081369199 -0.946814835 -0.097006790 0.295821548
1341848022.850799 -2.713294983 -0.583240986 6.807610035 0.081369199 -0.946814835 -0.097006790 0.295821548
1341848022.850799 -2.713294983 -0.583240986 6.807610035 0.081369199 -0.946814835 -0.097006790 0.295821548
1341848022.850799 -2.713294983 -0.583240986 6.807610035 0.081369199 -0.946814835 -0.097006790 0.295821548
1341848022.850799 -2.713294983 -0.583240986 6.807610035 0.081369199 -0.946814835 -0.097006790 0.295821548
1341848022.850799 -2.713294983 -0.583240986 6.807610035 0.081369199 -0.946814835 -0.097006790 0.295821548
1341848022.850799 -2.713294983 -0.583240986 6.807610035 0.081369199 -0.946814835 -0.097006790 0.295821548
1341848022.850799 -2.713294983 -0.583240986 6.807610035 0.081369199 -0.946814835 -0.097006790 0.295821548
1341848022.850799 -2.713294983 -0.583240986 6.807610035 0.081369199 -0.946814835 -0.097006790 0.295821548
1341848022.850799 -2.713294983 -0.583240986 6.807610035 0.081369199 -0.946814835 -0.097006790 0.295821548
1341848022.850799 -2.713294983 -0.583240986 6.807610035 0.081369199 -0.946814835 -0.097006790 0.295821548
1341848022.850799 -2.713294983 -0.583240986 6.807610035 0.081369199 -0.946814835 -0.097006790 0.295821548
1341848022.850799 -2.713294983 -0.583240986 6.807610035 0.081369199 -0.946814835 -0.097006790 0.295821548
1341848025.898725 0.000000000 0.000000000 0.000000000 -0.000000000 -0.000000000 -0.000000000 1.000000000
1341848025.934824 0.024375554 -0.000473054 0.005746845 -0.000945405 -0.002900068 0.003060073 0.999990702
1341848025.967138 0.061132658 -0.009481555 0.038685516 -0.001469676 -0.006807945 0.002601090 0.999972343
1341848025.998679 0.093365200 -0.013797912 0.054923724 -0.004051855 -0.010233855 0.004915523 0.999927342
1341848026.034640 0.141348258 -0.010675439 0.094657667 -0.004340403 -0.015578356 0.006126174 0.999850452
1341848026.066857 0.142737493 -0.009856869 0.086813472 -0.003606041 -0.015815323 0.009289970 0.999825299
1341848026.102823 0.179425240 -0.030436149 0.107751615 -0.007158986 -0.019956963 0.012423129 0.999698043
1341848026.134670 0.211009547 -0.029325312 0.127588287 -0.008943404 -0.023808792 0.013379158 0.999586999
1341848026.166699 0.207837969 -0.025498621 0.116545372 -0.009176476 -0.024991101 0.016907062 0.999502599
1341848026.202754 0.242102027 -0.023336351 0.125399798 -0.011660748 -0.028476130 0.020036412 0.999325633
1341848026.234940 0.234867901 -0.030144740 0.130269602 -0.014682745 -0.027325261 0.023417939 0.999244392
1341848026.267001 0.259545088 -0.032230571 0.129568145 -0.016981333 -0.031182580 0.027281946 0.998997033
1341848026.302861 0.308869839 -0.056891114 0.155889079 -0.024178002 -0.036483418 0.028664822 0.998630464
1341848026.334824 0.316359013 -0.047443010 0.162708893 -0.024016285 -0.037122153 0.029070931 0.998599052
1341848026.371024 0.323937297 -0.046610836 0.166526765 -0.023738965 -0.038038768 0.031105112 0.998509884
1341848026.402725 0.323456228 -0.046277128 0.154355690 -0.025194118 -0.038192011 0.033732802 0.998383045
1341848026.434734 0.344532758 -0.046994612 0.168271363 -0.024970803 -0.041275073 0.036448788 0.998170495
1341848026.470839 0.355183333 -0.050084084 0.171653092 -0.024507707 -0.042682555 0.038656104 0.998039722
1341848026.502672 0.356512845 -0.051405352 0.163887382 -0.024831258 -0.042484980 0.040923249 0.997949779
1341848026.534739 0.359641939 -0.053200331 0.156664193 -0.024395125 -0.042018410 0.042132203 0.997929990
1341848026.570847 0.380851626 -0.053123452 0.172775522 -0.022750111 -0.045315497 0.041705042 0.997842491
1341848026.602721 0.391005665 -0.043781839 0.173452094 -0.020312769 -0.046228521 0.039163660 0.997956216
1341848026.641972 0.395852745 -0.046753533 0.180656835 -0.021060882 -0.046196330 0.039500635 0.997928917
1341848026.671128 0.415752709 -0.041936029 0.173691973 -0.020296862 -0.050358158 0.040162202 0.997716963
1341848026.702795 0.417949915 -0.044898320 0.164013430 -0.019937541 -0.052074607 0.039389271 0.997666895
1341848026.738795 0.424246073 -0.053136956 0.155355230 -0.020865912 -0.053999346 0.039549142 0.997539282
1341848026.770813 0.447114229 -0.055889353 0.168643966 -0.022591962 -0.059144035 0.039095990 0.997227728
1341848026.806747 0.465006202 -0.054687139 0.165886089 -0.024308413 -0.063022800 0.038415100 0.996976197
1341848026.838668 0.475075305 -0.054594088 0.162027001 -0.025633851 -0.066235907 0.035160135 0.996854782
1341848026.878025 0.494265705 -0.066479810 0.162215650 -0.028561983 -0.070374861 0.033715151 0.996541500
1341848026.906905 0.514935076 -0.066216469 0.152445793 -0.030396234 -0.075005226 0.031980269 0.996206582
1341848026.938881 0.543605685 -0.070938684 0.164284453 -0.031405602 -0.081637718 0.029890517 0.995718598
1341848026.970651 0.568185568 -0.080228992 0.161331132 -0.033957448 -0.087293282 0.027995529 0.995210052
1341848027.006815 0.578382432 -0.070471555 0.141469970 -0.034651872 -0.090462014 0.025857504 0.994960964
1341848027.038669 0.608595848 -0.081850924 0.147330821 -0.036610410 -0.096118391 0.026484257 0.994343817
1341848027.074785 0.618868172 -0.087627664 0.136697680 -0.038639795 -0.100289404 0.025517505 0.993880212
1341848027.106663 0.643120289 -0.090624675 0.130251780 -0.041952662 -0.103395693 0.026712930 0.993396044
1341848027.138671 0.665563285 -0.090061828 0.134318084 -0.040118709 -0.107868075 0.027379164 0.992978036
1341848027.174831 0.682083189 -0.104385450 0.133071125 -0.041186109 -0.111297645 0.027841022 0.992542922
1341848027.207212 0.696456730 -0.103178971 0.128819346 -0.041736305 -0.113828488 0.029696008 0.992179096
1341848027.238696 0.735185802 -0.110694095 0.114676893 -0.043025862 -0.118091851 0.029166115 0.991641283
1341848027.274701 0.752359569 -0.112396255 0.103564695 -0.043456249 -0.121339001 0.029318711 0.991225958
1341848027.306705 0.765703738 -0.117042579 0.093566008 -0.044415414 -0.123938002 0.030765258 0.990817904
1341848027.342775 0.791813910 -0.131316334 0.087284975 -0.046317242 -0.128725871 0.032581061 0.990062058
1341848027.374943 0.805230558 -0.133640960 0.078505322 -0.045468830 -0.133444563 0.034098886 0.989425302
1341848027.406837 0.833436549 -0.146006167 0.070409924 -0.045673877 -0.138904825 0.034176916 0.988661349
1341848027.442959 0.831003368 -0.148956403 0.041214399 -0.044757135 -0.142563611 0.036175966 0.988111198
1341848027.474800 0.837054610 -0.159130424 0.028167039 -0.042847708 -0.146920040 0.036460977 0.987547100
1341848027.506714 0.891596198 -0.164077386 0.010073554 -0.042329136 -0.156750381 0.033441413 0.986163914
1341848027.543310 0.900693059 -0.157143682 -0.016472356 -0.040207531 -0.162210941 0.033260196 0.985375464
1341848027.574717 0.912909269 -0.164035097 -0.020399798 -0.038915385 -0.167528883 0.033036858 0.984544694
1341848027.610716 0.940940082 -0.177681193 0.018603286 -0.038730491 -0.174540281 0.029330121 0.983450830
1341848027.642684 0.951623023 -0.176567048 0.008353324 -0.038111147 -0.179506510 0.028616672 0.982601702
1341848027.674731 0.962793291 -0.187116101 0.013322377 -0.039239813 -0.184420481 0.029128024 0.981631815
1341848027.711026 0.978713095 -0.182728752 0.038860187 -0.038244847 -0.188437566 0.024833720 0.981025994
1341848027.742789 1.009676695 -0.190292433 0.003171610 -0.040542245 -0.194408566 0.025736261 0.979744494
1341848027.778768 1.019015789 -0.185409084 -0.004367866 -0.038832225 -0.198564410 0.023642847 0.979032874
1341848027.810746 1.024167776 -0.188626707 0.001666039 -0.038534313 -0.202627972 0.021507436 0.978260934
1341848027.842836 1.081210613 -0.171903566 0.002920412 -0.037205201 -0.211463824 0.014473870 0.976570189
1341848027.878669 1.093501806 -0.172987759 0.009648453 -0.037728116 -0.217029497 0.011945300 0.975362539
1341848027.911127 1.106748343 -0.179971397 0.012963898 -0.037772223 -0.222361788 0.009552401 0.974185467
1341848027.942732 1.119750381 -0.174101025 0.008182887 -0.037265792 -0.225976154 0.005803816 0.973402500
1341848027.978757 1.127918720 -0.175848052 -0.005002405 -0.036843404 -0.230536297 0.005917701 0.972347975
1341848028.011034 1.145468116 -0.172744781 0.007444315 -0.033943620 -0.236114457 0.002514318 0.971129000
1341848028.046706 1.153262138 -0.164360166 -0.000683643 -0.031917591 -0.239235029 0.000013876 0.970436990
1341848028.078967 1.176974058 -0.163238153 0.019014187 -0.030566093 -0.246122316 0.001199173 0.968755960
1341848028.110971 1.185401559 -0.170504719 0.030625410 -0.029519502 -0.251943767 0.002238849 0.967289031
1341848028.150637 1.194059491 -0.158733159 0.026028663 -0.027714487 -0.254874289 0.003673237 0.966569960
1341848028.186050 1.208872795 -0.145494223 0.020881664 -0.024036244 -0.259193480 0.005175086 0.965512455
1341848028.254235 1.225758195 -0.151030213 0.009962082 -0.023747128 -0.264828265 0.008833814 0.963962734
1341848028.278830 1.247270703 -0.137241557 0.027379632 -0.020709341 -0.268676639 0.008287580 0.962972164
1341848028.314908 1.250931621 -0.156971678 0.040284812 -0.020893419 -0.271261483 0.010748600 0.962218881
1341848028.347962 1.265541315 -0.152949691 0.021116443 -0.020510897 -0.272480428 0.011395779 0.961875200
1341848028.378956 1.273749828 -0.150581658 0.013883129 -0.019900290 -0.275090188 0.014656099 0.961100757
1341848028.414628 1.305354357 -0.130569145 0.047569204 -0.016337998 -0.281460881 0.014739399 0.959320426
1341848028.447632 1.312496066 -0.124278575 0.023864590 -0.015240929 -0.282326370 0.016020486 0.959063590
1341848028.482785 1.331991673 -0.132497162 0.033381604 -0.014747315 -0.286458790 0.017875269 0.957812250
1341848028.514701 1.353718281 -0.137812197 0.060320765 -0.016259152 -0.292374820 0.020231448 0.955951571
1341848028.546612 1.372478008 -0.121050827 0.046803698 -0.015982082 -0.297190368 0.022438435 0.954420805
1341848028.582747 1.388025999 -0.122801304 0.059434086 -0.014780021 -0.301360458 0.020761808 0.953169644
1341848028.614649 1.423812747 -0.133645505 0.093068004 -0.016055077 -0.308504641 0.019193426 0.950893700
1341848028.653766 1.444904447 -0.124293253 0.087147072 -0.016170921 -0.313694328 0.016564038 0.949241877
1341848028.721828 1.470687389 -0.135166034 0.097587571 -0.016993320 -0.322330326 0.019177029 0.946280420
1341848028.747229 1.489430547 -0.132619873 0.099068247 -0.017547613 -0.326396525 0.018804327 0.944882989
1341848028.782861 1.507580757 -0.132680714 0.101118833 -0.017147070 -0.331784397 0.019105824 0.943005860
1341848028.814757 1.527869821 -0.139847487 0.127716273 -0.016650561 -0.336858064 0.017565625 0.941244364
1341848028.850773 1.550178766 -0.133853689 0.121151671 -0.015457422 -0.341426134 0.016930573 0.939629078
1341848028.882714 1.566243410 -0.128443688 0.117635362 -0.015198319 -0.345916539 0.015714219 0.938010573
1341848028.914838 1.572102308 -0.152975976 0.136344224 -0.019708300 -0.351202160 0.019358175 0.935892045
1341848028.950881 1.592908502 -0.147752076 0.133642375 -0.021313092 -0.355620444 0.018378912 0.934206665
1341848028.982690 1.607915998 -0.145237446 0.132305712 -0.021774849 -0.359547794 0.016881943 0.932719827
1341848029.018728 1.626617908 -0.138240159 0.144110858 -0.019878434 -0.363637120 0.014202165 0.931220353
1341848029.050751 1.645126104 -0.133461326 0.148767084 -0.018245261 -0.366080195 0.012047613 0.930326462
1341848029.082877 1.665853143 -0.130980790 0.154636398 -0.017264206 -0.369168848 0.011261584 0.929133773
1341848029.118800 1.683979034 -0.130758509 0.152508169 -0.018129839 -0.371744871 0.009681508 0.928107440
1341848029.150715 1.695305228 -0.129540980 0.156104997 -0.019257000 -0.374166340 0.007672455 0.927129924
1341848029.182676 1.690600038 -0.147203803 0.170075372 -0.021397043 -0.375083059 0.008222652 0.926707745
1341848029.218708 1.709298849 -0.142889038 0.167147025 -0.021876320 -0.377057821 0.006042311 0.925911665
1341848029.250626 1.730594039 -0.137793332 0.165045649 -0.021503828 -0.379491776 0.003058262 0.924940228
1341848029.286969 1.742203712 -0.144374147 0.183432832 -0.021255689 -0.381058037 0.000820397 0.924306452
1341848029.320225 1.758140087 -0.140170664 0.179633886 -0.021365676 -0.381033629 -0.001614269 0.924312949
1341848029.350954 1.787073612 -0.134304047 0.172362894 -0.021461515 -0.383645207 -0.002409739 0.923228025
1341848029.386923 1.810040951 -0.128522918 0.167670742 -0.021114754 -0.386459798 -0.002139577 0.922062039
1341848029.418757 1.826656342 -0.145335004 0.200475544 -0.023249667 -0.389128894 -0.000257892 0.920889854
1341848029.450819 1.852284789 -0.139245003 0.194882184 -0.022994813 -0.390783608 0.000272114 0.920195282
1341848029.486788 1.880021691 -0.132383198 0.189343989 -0.022407180 -0.392947137 0.000199882 0.919288039
1341848029.518925 1.904306889 -0.141586006 0.203069761 -0.023344520 -0.394837677 0.000727665 0.918453991
1341848029.554721 1.936729193 -0.131905973 0.196627021 -0.022551494 -0.396457672 0.001774834 0.917774320
1341848029.586990 1.974770069 -0.124863885 0.186874583 -0.022477722 -0.399992615 0.003147883 0.916237295
1341848029.618715 1.995110750 -0.142831430 0.202189639 -0.025994087 -0.402327061 0.007020053 0.915099978
1341848029.655302 2.030323982 -0.149942935 0.218454465 -0.028278712 -0.404934078 0.008945253 0.913864732
1341848029.686830 2.061365128 -0.164141551 0.226434290 -0.029764239 -0.407793880 0.011101524 0.912521303
1341848029.718752 2.090208054 -0.166242391 0.215127230 -0.031916082 -0.408033788 0.010783657 0.912345111
1341848029.754791 2.121416092 -0.162439510 0.229717642 -0.033936888 -0.409805804 0.012522793 0.911455274
1341848029.786949 2.145217896 -0.165849671 0.242449790 -0.034537502 -0.412430108 0.013598859 0.910232782
1341848029.822778 2.172657967 -0.161252558 0.238923609 -0.036271233 -0.413309515 0.013558857 0.909766972
1341848029.854811 2.205340385 -0.154000491 0.233820945 -0.037765153 -0.414472044 0.013829991 0.909172952
1341848029.887992 2.236000538 -0.176744074 0.254083872 -0.041396484 -0.416826040 0.015311216 0.907914042
1341848029.922779 2.264900446 -0.171950668 0.245520532 -0.043552775 -0.418030173 0.015055058 0.907263637
1341848029.954640 2.292956829 -0.178994447 0.230560720 -0.047116715 -0.418040991 0.016281614 0.907059371
1341848029.990762 2.316614628 -0.199610651 0.256541401 -0.049942654 -0.420092165 0.017077763 0.905945182
1341848030.022873 2.340867996 -0.207264692 0.269078195 -0.052933186 -0.421840966 0.016079780 0.904980540
1341848030.054776 2.354666471 -0.209910795 0.280471593 -0.055104431 -0.422965407 0.016193405 0.904323876
1341848030.090782 2.390887737 -0.209506869 0.279248923 -0.056112438 -0.424180835 0.015937341 0.903696895
1341848030.122796 2.405385971 -0.231093556 0.300609142 -0.058748692 -0.425345659 0.015791634 0.902984202
1341848030.154918 2.432239056 -0.232359171 0.300052732 -0.061258595 -0.426421791 0.015988184 0.902306080
1341848030.190683 2.445293427 -0.229971185 0.298237979 -0.062692545 -0.426274657 0.015712880 0.902282000
1341848030.222713 2.469412327 -0.222408265 0.295735180 -0.063820228 -0.425356477 0.015814409 0.902634382
1341848030.258930 2.495486021 -0.242890000 0.304434299 -0.066249661 -0.425115526 0.014364870 0.902597070
1341848030.290864 2.510589838 -0.255268753 0.342673481 -0.069391407 -0.426611334 0.015816638 0.901630461
1341848030.322775 2.522306442 -0.253211915 0.346013904 -0.070918366 -0.426702350 0.016689818 0.901452899
1341848030.358886 2.535428524 -0.257345617 0.356215209 -0.074086010 -0.425745219 0.015655253 0.901669145
1341848030.390832 2.556937456 -0.264294714 0.367045015 -0.076001823 -0.425872564 0.016535375 0.901433825
1341848030.422795 2.571543217 -0.279126316 0.391493171 -0.078314602 -0.426401943 0.014532770 0.901019990
1341848030.458888 2.581751108 -0.278450638 0.404811233 -0.080288693 -0.426749587 0.016141623 0.900654256
1341848030.490846 2.597571611 -0.283970177 0.417146176 -0.081365399 -0.428126067 0.014229946 0.899936259
1341848030.526716 2.609328270 -0.302576751 0.445878386 -0.084915981 -0.429430872 0.014872400 0.898975670
1341848030.565795 2.625057220 -0.296964943 0.455965281 -0.085654117 -0.430289537 0.015782744 0.898479402
1341848030.590919 2.629598379 -0.299041390 0.454538763 -0.087427236 -0.429659277 0.018680045 0.898554683
1341848030.626961 2.655925274 -0.311866760 0.471227914 -0.090443365 -0.430951983 0.020208020 0.897603512
1341848030.658903 2.679793119 -0.307678163 0.490617663 -0.092022032 -0.433118105 0.023804497 0.896311343
1341848030.690656 2.688942671 -0.306705892 0.499508351 -0.092752926 -0.434736490 0.027096065 0.895358503
1341848030.726765 2.711431265 -0.317888141 0.522469461 -0.094605267 -0.436522067 0.027808376 0.894273520
1341848030.758759 2.717169046 -0.316719472 0.530954838 -0.095244668 -0.436334282 0.031251594 0.894183636
1341848030.794692 2.741317749 -0.321535707 0.551916897 -0.095589727 -0.437613100 0.033672139 0.893433571
1341848030.827483 2.760303974 -0.319322735 0.559331238 -0.096016958 -0.438403308 0.037414148 0.892851293
1341848030.859838 2.793106079 -0.335290074 0.576098204 -0.098688863 -0.440359414 0.041454967 0.891417801
1341848030.894711 2.816434383 -0.334347725 0.582686543 -0.102926470 -0.441734523 0.047669511 0.889946282
1341848030.926741 2.835062981 -0.330391556 0.599493146 -0.105474323 -0.444584817 0.053125758 0.887917340
1341848030.958727 2.848521233 -0.324835151 0.587166667 -0.104096986 -0.445369601 0.057501685 0.887413859
1341848030.994735 2.889376163 -0.326646060 0.615172148 -0.104439966 -0.446772516 0.060025766 0.886500716
1341848031.026698 2.916109562 -0.333571792 0.625334322 -0.106751308 -0.449779093 0.065190166 0.884337723
1341848031.062783 2.933118343 -0.332616627 0.633966684 -0.108053550 -0.453417629 0.070118107 0.881941319
1341848031.094761 2.933624983 -0.333217323 0.639903665 -0.110029779 -0.454518646 0.073518671 0.880852640
1341848031.126776 2.983774185 -0.336112350 0.648051143 -0.112056710 -0.459240615 0.077803649 0.877774477
1341848031.162860 2.992877722 -0.336459100 0.652786493 -0.113348514 -0.463574916 0.082134448 0.874931097
1341848031.194685 3.032647610 -0.340715885 0.669530392 -0.114509746 -0.467581153 0.081138328 0.872738183
1341848031.230953 3.058821440 -0.335263252 0.692027688 -0.116255939 -0.471521944 0.082282640 0.870276511
1341848031.262715 3.068693161 -0.335284233 0.681648433 -0.117540382 -0.473886788 0.084588163 0.868596852
1341848031.294747 3.083005428 -0.336711347 0.671092749 -0.121238947 -0.476535320 0.085098423 0.866587281
1341848031.330754 3.105907917 -0.326295376 0.683036327 -0.121862881 -0.479661644 0.085271508 0.864755988
1341848031.363008 3.111852884 -0.328515649 0.716957748 -0.120900407 -0.482739300 0.085089222 0.863195062
1341848031.394753 3.123132706 -0.324545056 0.708410382 -0.119956829 -0.482757568 0.084995545 0.863325715
1341848031.430611 3.134893417 -0.329192996 0.725571036 -0.120037161 -0.483803481 0.084325954 0.862794518
1341848031.472150 3.182557821 -0.323046654 0.676482379 -0.119046040 -0.483150840 0.086604148 0.863071859
1341848031.502110 3.182225943 -0.351937234 0.781910181 -0.123229355 -0.490022629 0.089045115 0.858349204
1341848031.538148 3.199796200 -0.325231612 0.695879698 -0.119707070 -0.482559741 0.086546183 0.863316953
1341848031.562876 3.202040911 -0.333831638 0.702711344 -0.120915264 -0.481604666 0.087532505 0.863582373
1341848031.598730 3.213500023 -0.339513838 0.707195520 -0.123058110 -0.480651468 0.087336376 0.863830566
1341848031.630816 3.248101234 -0.319685936 0.704371214 -0.122093238 -0.481246531 0.089343525 0.863430858
1341848031.662784 3.247286320 -0.320455194 0.707459688 -0.122281067 -0.479772836 0.091974914 0.863947988
1341848031.698757 3.264170170 -0.328281820 0.694928110 -0.124280661 -0.478014678 0.091833837 0.864651918
1341848031.730668 3.263439655 -0.325685143 0.699380279 -0.123272583 -0.476812661 0.094138823 0.865211844
1341848031.766658 3.284271717 -0.329653084 0.688724041 -0.121811174 -0.475976855 0.094531722 0.865835905
1341848031.798743 3.323349476 -0.331362545 0.685102761 -0.123868704 -0.475026190 0.095443942 0.865966082
1341848031.830821 3.333918571 -0.326749742 0.686161101 -0.125213221 -0.473697037 0.098474413 0.866161406
1341848031.866735 3.333694696 -0.328228951 0.686629474 -0.126835570 -0.471325248 0.102121502 0.866796672
1341848031.898722 3.338773727 -0.328970909 0.684573174 -0.127200872 -0.468960404 0.103241205 0.867892444
1341848031.930844 3.335821390 -0.330696285 0.694643319 -0.128845111 -0.468054324 0.107032239 0.867679775
1341848031.966694 3.345067978 -0.339093685 0.703225911 -0.130908400 -0.468441993 0.107128307 0.867149770
1341848031.998742 3.347928524 -0.336830974 0.705721140 -0.131679863 -0.467017531 0.108165868 0.867672265
1341848032.034711 3.348018169 -0.337587774 0.707681954 -0.131230086 -0.465505481 0.109304011 0.868409991
1341848032.066718 3.367445230 -0.337785423 0.705912232 -0.133591950 -0.464949340 0.110934637 0.868140996
1341848032.098732 3.380095005 -0.335089982 0.720811725 -0.134895131 -0.467701495 0.111419395 0.866397381
1341848032.134739 3.380643606 -0.335695684 0.723391354 -0.135010466 -0.469045907 0.111156970 0.865685999
1341848032.166964 3.384868145 -0.338201940 0.719606400 -0.137207583 -0.468700081 0.111806959 0.865444124
1341848032.203043 3.383644581 -0.339099586 0.725044012 -0.138541773 -0.470841140 0.112075053 0.864033580
1341848032.234663 3.395030022 -0.334433258 0.726502061 -0.137772486 -0.472271055 0.110843249 0.863534987
1341848032.266730 3.399641752 -0.335554540 0.724523187 -0.140542775 -0.471871823 0.111027628 0.863283038
1341848032.302842 3.405103207 -0.333612800 0.721967101 -0.140645862 -0.472550184 0.110737868 0.862932324
1341848032.334617 3.407675028 -0.334531307 0.722102284 -0.140196249 -0.472930789 0.110961974 0.862768233
1341848032.366699 3.406173229 -0.335908949 0.725247681 -0.143338323 -0.471829802 0.110568449 0.862905264
1341848032.402980 3.418201447 -0.331620455 0.727931023 -0.142061129 -0.472582817 0.111581236 0.862573922
1341848032.434730 3.419033766 -0.333100319 0.729917288 -0.142328873 -0.471919537 0.113446392 0.862649620
1341848032.470791 3.420422792 -0.333020747 0.732614160 -0.142760307 -0.472742081 0.113146432 0.862167239
1341848032.502972 3.428944588 -0.334587753 0.731375992 -0.143801242 -0.474543691 0.113943830 0.860898554
1341848032.534733 3.430660725 -0.333942652 0.730915129 -0.142846107 -0.475160539 0.115100771 0.860563397
1341848032.570910 3.434112787 -0.333938003 0.729140580 -0.143617585 -0.475274175 0.116210632 0.860222995
1341848032.603044 3.433907270 -0.335019290 0.727960050 -0.142569274 -0.475737721 0.117645994 0.859945953
1341848032.634746 3.459681034 -0.324663281 0.728223503 -0.139220983 -0.479237169 0.118727013 0.858401597
1341848032.670780 3.459677219 -0.324445963 0.729619205 -0.138437286 -0.479040056 0.120934553 0.858330131
1341848032.702791 3.458494186 -0.324304044 0.731544137 -0.133730993 -0.479642779 0.119165167 0.858986914
1341848032.738725 3.464387894 -0.322463095 0.733259678 -0.132859945 -0.481223345 0.120441973 0.858059466
1341848032.770741 3.463899851 -0.324087501 0.734035254 -0.135294989 -0.482049942 0.120919228 0.857147396
1341848032.802941 3.464597702 -0.323071241 0.729906023 -0.134205252 -0.481673837 0.120795920 0.857547462
1341848032.838781 3.504736662 -0.302392721 0.720483184 -0.130767286 -0.484502673 0.123161726 0.856147349
1341848032.870732 3.494349957 -0.305679321 0.722453654 -0.132453114 -0.485380232 0.124159463 0.855246544
1341848032.902707 3.496438026 -0.305517673 0.717779279 -0.133039489 -0.486311048 0.125026152 0.854500175
1341848032.938845 3.495474339 -0.305682480 0.720007360 -0.132760346 -0.487201244 0.124591142 0.854099929
1341848032.970816 3.494022846 -0.305746734 0.722001135 -0.133223742 -0.487358361 0.122931346 0.854178607
1341848033.006687 3.487979412 -0.304648936 0.735614300 -0.132660359 -0.488603711 0.123565771 0.853463113
1341848033.039238 3.492466927 -0.302719891 0.741924345 -0.132453978 -0.489156604 0.124951124 0.852976620
1341848033.070841 3.491620779 -0.303683400 0.743234217 -0.132456496 -0.488448441 0.125480071 0.853304267
1341848033.106948 3.492779255 -0.302293777 0.741462588 -0.131809145 -0.486404777 0.127224952 0.854312897
1341848033.139110 3.491891861 -0.302714109 0.742167950 -0.130819663 -0.485800803 0.129265159 0.854502380
1341848033.170741 3.491643667 -0.303332269 0.745398164 -0.132963777 -0.485798806 0.131478786 0.853834569
1341848033.206854 3.497969151 -0.302268565 0.740282178 -0.137342289 -0.484745979 0.134332165 0.853295624
1341848033.238728 3.496004105 -0.303097486 0.742714524 -0.138739228 -0.484222263 0.136419475 0.853035808
1341848033.274940 3.482754230 -0.308368981 0.752216876 -0.138144433 -0.483135492 0.134107038 0.854114473
1341848033.306665 3.487895489 -0.303627372 0.746260643 -0.137276739 -0.480575860 0.133596450 0.855776787
1341848033.338836 3.485890865 -0.304041266 0.749634624 -0.137351260 -0.480097115 0.133649752 0.856025219
1341848033.374810 3.487793446 -0.306089222 0.754008472 -0.138351232 -0.479812622 0.131799698 0.856310487
1341848033.406805 3.483682632 -0.304118931 0.754634976 -0.141129360 -0.479326695 0.134171009 0.855760872
1341848033.443097 3.481977940 -0.303539217 0.757839859 -0.141085133 -0.479772121 0.135703191 0.855276763
1341848033.474671 3.479103088 -0.304876566 0.765797794 -0.142226472 -0.480039150 0.135429695 0.854981184
1341848033.506807 3.482027054 -0.305773795 0.765763521 -0.143702775 -0.479651093 0.135982156 0.854864419
1341848033.542876 3.478626013 -0.305742443 0.768854201 -0.144231558 -0.480660439 0.137857988 0.853907466
1341848033.574826 3.476956844 -0.306594372 0.774685323 -0.143554628 -0.480947793 0.137929425 0.853848219
1341848033.606870 3.472642899 -0.307039499 0.776288569 -0.147148669 -0.479218125 0.140367419 0.853811622
1341848033.642934 3.472957850 -0.304711223 0.776034296 -0.145283937 -0.478755146 0.140309557 0.854399979
1341848033.674924 3.471556187 -0.306119800 0.777094543 -0.146301031 -0.479130447 0.141932562 0.853747725
1341848033.710808 3.479511738 -0.299905837 0.785927832 -0.146292910 -0.480495602 0.141605154 0.853035927
1341848033.742797 3.472448826 -0.295462430 0.795968473 -0.146209061 -0.481456488 0.144154206 0.852081060
1341848033.774817 3.472067356 -0.297365606 0.797666907 -0.145279631 -0.481911898 0.145823061 0.851698577
1341848033.774817 3.472067356 -0.297365606 0.797666907 -0.145279631 -0.481911898 0.145823061 0.851698577
1341848033.774817 3.472067356 -0.297365606 0.797666907 -0.145279631 -0.481911898 0.145823061 0.851698577
1341848033.774817 3.472067356 -0.297365606 0.797666907 -0.145279631 -0.481911898 0.145823061 0.851698577
1341848033.774817 3.472067356 -0.297365606 0.797666907 -0.145279631 -0.481911898 0.145823061 0.851698577
1341848033.774817 3.472067356 -0.297365606 0.797666907 -0.145279631 -0.481911898 0.145823061 0.851698577
1341848033.774817 3.472067356 -0.297365606 0.797666907 -0.145279631 -0.481911898 0.145823061 0.851698577
1341848033.774817 3.472067356 -0.297365606 0.797666907 -0.145279631 -0.481911898 0.145823061 0.851698577
1341848033.774817 3.472067356 -0.297365606 0.797666907 -0.145279631 -0.481911898 0.145823061 0.851698577
1341848033.774817 3.472067356 -0.297365606 0.797666907 -0.145279631 -0.481911898 0.145823061 0.851698577
1341848033.774817 3.472067356 -0.297365606 0.797666907 -0.145279631 -0.481911898 0.145823061 0.851698577
1341848033.774817 3.472067356 -0.297365606 0.797666907 -0.145279631 -0.481911898 0.145823061 0.851698577
1341848033.774817 3.472067356 -0.297365606 0.797666907 -0.145279631 -0.481911898 0.145823061 0.851698577
1341848033.774817 3.472067356 -0.297365606 0.797666907 -0.145279631 -0.481911898 0.145823061 0.851698577
1341848033.774817 3.472067356 -0.297365606 0.797666907 -0.145279631 -0.481911898 0.145823061 0.851698577
1341848033.774817 3.472067356 -0.297365606 0.797666907 -0.145279631 -0.481911898 0.145823061 0.851698577
1341848033.774817 3.472067356 -0.297365606 0.797666907 -0.145279631 -0.481911898 0.145823061 0.851698577
1341848033.774817 3.472067356 -0.297365606 0.797666907 -0.145279631 -0.481911898 0.145823061 0.851698577
1341848033.774817 3.472067356 -0.297365606 0.797666907 -0.145279631 -0.481911898 0.145823061 0.851698577
1341848033.774817 3.472067356 -0.297365606 0.797666907 -0.145279631 -0.481911898 0.145823061 0.851698577
1341848033.774817 3.472067356 -0.297365606 0.797666907 -0.145279631 -0.481911898 0.145823061 0.851698577
1341848033.774817 3.472067356 -0.297365606 0.797666907 -0.145279631 -0.481911898 0.145823061 0.851698577
1341848033.774817 3.472067356 -0.297365606 0.797666907 -0.145279631 -0.481911898 0.145823061 0.851698577
1341848033.774817 3.472067356 -0.297365606 0.797666907 -0.145279631 -0.481911898 0.145823061 0.851698577
1341848033.774817 3.472067356 -0.297365606 0.797666907 -0.145279631 -0.481911898 0.145823061 0.851698577
1341848033.774817 3.472067356 -0.297365606 0.797666907 -0.145279631 -0.481911898 0.145823061 0.851698577
1341848033.774817 3.472067356 -0.297365606 0.797666907 -0.145279631 -0.481911898 0.145823061 0.851698577
1341848033.774817 3.472067356 -0.297365606 0.797666907 -0.145279631 -0.481911898 0.145823061 0.851698577
1341848033.774817 3.472067356 -0.297365606 0.797666907 -0.145279631 -0.481911898 0.145823061 0.851698577
1341848033.774817 3.472067356 -0.297365606 0.797666907 -0.145279631 -0.481911898 0.145823061 0.851698577
1341848033.774817 3.472067356 -0.297365606 0.797666907 -0.145279631 -0.481911898 0.145823061 0.851698577
1341848033.774817 3.472067356 -0.297365606 0.797666907 -0.145279631 -0.481911898 0.145823061 0.851698577
1341848033.774817 3.472067356 -0.297365606 0.797666907 -0.145279631 -0.481911898 0.145823061 0.851698577
1341848033.774817 3.472067356 -0.297365606 0.797666907 -0.145279631 -0.481911898 0.145823061 0.851698577
1341848033.774817 3.472067356 -0.297365606 0.797666907 -0.145279631 -0.481911898 0.145823061 0.851698577
1341848033.774817 3.472067356 -0.297365606 0.797666907 -0.145279631 -0.481911898 0.145823061 0.851698577
1341848033.774817 3.472067356 -0.297365606 0.797666907 -0.145279631 -0.481911898 0.145823061 0.851698577
1341848033.774817 3.472067356 -0.297365606 0.797666907 -0.145279631 -0.481911898 0.145823061 0.851698577
1341848033.774817 3.472067356 -0.297365606 0.797666907 -0.145279631 -0.481911898 0.145823061 0.851698577
1341848033.774817 3.472067356 -0.297365606 0.797666907 -0.145279631 -0.481911898 0.145823061 0.851698577
1341848033.774817 3.472067356 -0.297365606 0.797666907 -0.145279631 -0.481911898 0.145823061 0.851698577
1341848033.774817 3.472067356 -0.297365606 0.797666907 -0.145279631 -0.481911898 0.145823061 0.851698577
1341848033.774817 3.472067356 -0.297365606 0.797666907 -0.145279631 -0.481911898 0.145823061 0.851698577
1341848033.774817 3.472067356 -0.297365606 0.797666907 -0.145279631 -0.481911898 0.145823061 0.851698577
1341848033.774817 3.472067356 -0.297365606 0.797666907 -0.145279631 -0.481911898 0.145823061 0.851698577
1341848033.774817 3.472067356 -0.297365606 0.797666907 -0.145279631 -0.481911898 0.145823061 0.851698577
1341848033.774817 3.472067356 -0.297365606 0.797666907 -0.145279631 -0.481911898 0.145823061 0.851698577
1341848033.774817 3.472067356 -0.297365606 0.797666907 -0.145279631 -0.481911898 0.145823061 0.851698577
1341848033.774817 3.472067356 -0.297365606 0.797666907 -0.145279631 -0.481911898 0.145823061 0.851698577
1341848033.774817 3.472067356 -0.297365606 0.797666907 -0.145279631 -0.481911898 0.145823061 0.851698577
1341848033.774817 3.472067356 -0.297365606 0.797666907 -0.145279631 -0.481911898 0.145823061 0.851698577
1341848033.774817 3.472067356 -0.297365606 0.797666907 -0.145279631 -0.481911898 0.145823061 0.851698577
1341848033.774817 3.472067356 -0.297365606 0.797666907 -0.145279631 -0.481911898 0.145823061 0.851698577
1341848033.774817 3.472067356 -0.297365606 0.797666907 -0.145279631 -0.481911898 0.145823061 0.851698577
1341848033.774817 3.472067356 -0.297365606 0.797666907 -0.145279631 -0.481911898 0.145823061 0.851698577
1341848033.774817 3.472067356 -0.297365606 0.797666907 -0.145279631 -0.481911898 0.145823061 0.851698577
1341848033.774817 3.472067356 -0.297365606 0.797666907 -0.145279631 -0.481911898 0.145823061 0.851698577
1341848033.774817 3.472067356 -0.297365606 0.797666907 -0.145279631 -0.481911898 0.145823061 0.851698577
1341848033.774817 3.472067356 -0.297365606 0.797666907 -0.145279631 -0.481911898 0.145823061 0.851698577
1341848033.774817 3.472067356 -0.297365606 0.797666907 -0.145279631 -0.481911898 0.145823061 0.851698577
1341848033.774817 3.472067356 -0.297365606 0.797666907 -0.145279631 -0.481911898 0.145823061 0.851698577
1341848033.774817 3.472067356 -0.297365606 0.797666907 -0.145279631 -0.481911898 0.145823061 0.851698577
1341848033.774817 3.472067356 -0.297365606 0.797666907 -0.145279631 -0.481911898 0.145823061 0.851698577
1341848033.774817 3.472067356 -0.297365606 0.797666907 -0.145279631 -0.481911898 0.145823061 0.851698577
1341848033.774817 3.472067356 -0.297365606 0.797666907 -0.145279631 -0.481911898 0.145823061 0.851698577
1341848033.774817 3.472067356 -0.297365606 0.797666907 -0.145279631 -0.481911898 0.145823061 0.851698577
1341848033.774817 3.472067356 -0.297365606 0.797666907 -0.145279631 -0.481911898 0.145823061 0.851698577
1341848033.774817 3.472067356 -0.297365606 0.797666907 -0.145279631 -0.481911898 0.145823061 0.851698577
1341848033.774817 3.472067356 -0.297365606 0.797666907 -0.145279631 -0.481911898 0.145823061 0.851698577
1341848033.774817 3.472067356 -0.297365606 0.797666907 -0.145279631 -0.481911898 0.145823061 0.851698577
1341848033.774817 3.472067356 -0.297365606 0.797666907 -0.145279631 -0.481911898 0.145823061 0.851698577
1341848033.774817 3.472067356 -0.297365606 0.797666907 -0.145279631 -0.481911898 0.145823061 0.851698577
1341848033.774817 3.472067356 -0.297365606 0.797666907 -0.145279631 -0.481911898 0.145823061 0.851698577
1341848033.774817 3.472067356 -0.297365606 0.797666907 -0.145279631 -0.481911898 0.145823061 0.851698577
1341848033.774817 3.472067356 -0.297365606 0.797666907 -0.145279631 -0.481911898 0.145823061 0.851698577
1341848033.774817 3.472067356 -0.297365606 0.797666907 -0.145279631 -0.481911898 0.145823061 0.851698577
1341848033.774817 3.472067356 -0.297365606 0.797666907 -0.145279631 -0.481911898 0.145823061 0.851698577
1341848033.774817 3.472067356 -0.297365606 0.797666907 -0.145279631 -0.481911898 0.145823061 0.851698577
1341848033.774817 3.472067356 -0.297365606 0.797666907 -0.145279631 -0.481911898 0.145823061 0.851698577
1341848033.774817 3.472067356 -0.297365606 0.797666907 -0.145279631 -0.481911898 0.145823061 0.851698577
1341848033.774817 3.472067356 -0.297365606 0.797666907 -0.145279631 -0.481911898 0.145823061 0.851698577
1341848033.774817 3.472067356 -0.297365606 0.797666907 -0.145279631 -0.481911898 0.145823061 0.851698577
1341848033.774817 3.472067356 -0.297365606 0.797666907 -0.145279631 -0.481911898 0.145823061 0.851698577
1341848033.774817 3.472067356 -0.297365606 0.797666907 -0.145279631 -0.481911898 0.145823061 0.851698577
1341848033.774817 3.472067356 -0.297365606 0.797666907 -0.145279631 -0.481911898 0.145823061 0.851698577
1341848033.774817 3.472067356 -0.297365606 0.797666907 -0.145279631 -0.481911898 0.145823061 0.851698577
1341848033.774817 3.472067356 -0.297365606 0.797666907 -0.145279631 -0.481911898 0.145823061 0.851698577
1341848033.774817 3.472067356 -0.297365606 0.797666907 -0.145279631 -0.481911898 0.145823061 0.851698577
1341848036.826992 0.000000000 0.000000000 0.000000000 -0.000000000 -0.000000000 -0.000000000 1.000000000
1341848036.858633 0.030127192 0.005289538 -0.001449344 0.000009397 -0.001664936 0.002514552 0.999995470
1341848036.894756 0.055437453 0.001624053 0.005695905 -0.000201622 -0.004186707 0.006560547 0.999969721
1341848036.926846 0.093764372 0.000022765 0.009566499 0.000670977 -0.007049024 0.006607039 0.999953091
1341848036.958725 0.125142425 0.000562026 -0.002292291 0.002892297 -0.009261852 0.006093261 0.999934375
1341848036.994836 0.218446404 -0.012484969 0.003818979 0.002653613 -0.014922599 0.008219086 0.999851406
1341848037.026790 0.223841265 -0.014025138 0.005774842 0.003742092 -0.016902208 0.008207841 0.999816477
1341848037.061042 0.226341516 -0.008811754 -0.004708671 0.006897634 -0.018220339 0.006826902 0.999786913
1341848037.094661 0.319447756 -0.016326539 0.000251227 0.009170325 -0.025134558 0.006823973 0.999618769
1341848037.126709 0.357207835 -0.021161677 -0.002319226 0.010086692 -0.030004909 0.007373806 0.999471724
1341848037.162789 0.417388201 0.001320887 0.004970854 0.015467189 -0.036841992 0.007044605 0.999176621
1341848037.194724 0.466853887 -0.022742156 -0.009250054 0.022040149 -0.045718998 0.004194430 0.998702407
1341848037.227032 0.484658927 -0.037569780 0.002008284 0.023895279 -0.050244197 0.005856613 0.998433888
1341848037.263738 0.487161428 -0.035566691 -0.001393202 0.027738504 -0.055900756 0.007045198 0.998026073
1341848037.295192 0.490747839 -0.023351612 -0.037726793 0.033669252 -0.061662510 0.002480998 0.997525930
1341848037.326868 0.593863964 -0.063044384 0.009762349 0.030828411 -0.069600381 0.001389698 0.997097552
1341848037.362746 0.624863029 -0.059104126 0.028970044 0.031955801 -0.074173883 0.000786003 0.996732891
1341848037.395057 0.662277341 -0.069651119 0.039220043 0.033904649 -0.079667926 -0.002743170 0.996240973
1341848037.430946 0.696462631 -0.069834374 0.050825804 0.034916613 -0.083223619 -0.004133585 0.995910406
1341848037.462765 0.702197790 -0.076034546 0.061736103 0.034543008 -0.085916057 -0.003351055 0.995697737
1341848037.494842 0.769725859 -0.075015225 0.073018551 0.035440810 -0.093717098 -0.006221901 0.994948387
1341848037.530725 0.806853056 -0.087429151 0.085583180 0.035021897 -0.097364463 -0.008448916 0.994596541
1341848037.562958 0.817230761 -0.096467726 0.099639133 0.033138357 -0.098892756 -0.009887678 0.994497061
1341848037.595756 0.866494119 -0.101587258 0.115167096 0.033469725 -0.104114115 -0.012226321 0.993926823
1341848037.630756 0.876461208 -0.107329063 0.122062959 0.031894092 -0.105080038 -0.013334788 0.993862808
1341848037.662669 0.919989049 -0.108364850 0.134714991 0.031592149 -0.106711619 -0.016136607 0.993656993
1341848037.698670 0.935492456 -0.109109633 0.151672363 0.031815112 -0.108048193 -0.016634580 0.993497252
1341848037.730964 0.941911340 -0.112715922 0.161137015 0.031610105 -0.108093396 -0.016126461 0.993507206
1341848037.769764 1.021258116 -0.124264739 0.198305190 0.029504094 -0.112948500 -0.014663266 0.993054450
1341848037.798917 1.046474338 -0.123976782 0.230368018 0.030084450 -0.115572199 -0.014387906 0.992739141
1341848037.837792 1.058001637 -0.130894363 0.240926921 0.030866662 -0.116341174 -0.013284002 0.992640674
1341848037.866711 1.063087821 -0.134609655 0.250309706 0.026719388 -0.116763972 -0.009517104 0.992754579
1341848037.898921 1.085857391 -0.139460638 0.281942546 0.022533795 -0.118224606 -0.006185488 0.992711961
1341848037.930939 1.145104527 -0.156610757 0.302465022 0.018574450 -0.119267084 -0.005414337 0.992673695
1341848037.966864 1.158057094 -0.163778484 0.314038813 0.014046370 -0.118918844 -0.003859274 0.992797196
1341848037.998629 1.186303139 -0.165153384 0.342332423 0.010948920 -0.120996162 -0.002669818 0.992588997
1341848038.030908 1.193124652 -0.173097491 0.335089236 0.008468922 -0.120727845 -0.002888384 0.992645323
1341848038.066849 1.212905049 -0.177080289 0.346211642 0.004402806 -0.119957753 -0.002311957 0.992766559
1341848038.098674 1.241441846 -0.180478886 0.379994422 0.000338442 -0.120738730 -0.000641662 0.992684126
1341848038.134662 1.253214955 -0.181137964 0.390124112 -0.002033575 -0.121339597 0.001030176 0.992608488
1341848038.166674 1.258418918 -0.189046606 0.398170054 -0.004257876 -0.120525062 -0.000079737 0.992701173
1341848038.198711 1.273196340 -0.186773881 0.421006709 -0.006607913 -0.120699488 0.001305772 0.992666245
1341848038.234726 1.306360841 -0.183652133 0.423930645 -0.007409249 -0.123540528 0.003747723 0.992304862
1341848038.274093 1.313078284 -0.188002899 0.425181746 -0.007671954 -0.123575740 0.003647154 0.992298782
1341848038.306525 1.364647627 -0.191470534 0.455645055 -0.009097015 -0.127144277 0.002806506 0.991838574
1341848038.341933 1.374019146 -0.191971987 0.477141678 -0.009184991 -0.128445357 0.002700463 0.991670370
1341848038.374117 1.407204628 -0.186260626 0.489567041 -0.007872850 -0.129623145 0.001277484 0.991531312
1341848038.409802 1.428223252 -0.186956048 0.506632745 -0.007872148 -0.131000534 0.000852173 0.991350770
1341848038.441825 1.446635962 -0.190643147 0.505056322 -0.007426530 -0.133722857 0.002858632 0.990986824
1341848038.473889 1.464812040 -0.190838560 0.526032388 -0.007733870 -0.135567099 0.002507958 0.990734875
1341848038.510185 1.484542370 -0.186240003 0.551392674 -0.007091959 -0.137525022 0.001797903 0.990471303
1341848038.542164 1.491326094 -0.184109464 0.538486660 -0.003088201 -0.139305472 0.002765426 0.990240812
1341848038.566862 1.513774753 -0.185068324 0.548073709 -0.000763665 -0.140811950 0.002164512 0.990033746
1341848038.602989 1.531287074 -0.194542795 0.554245949 -0.000628885 -0.143516585 0.001458845 0.989646673
1341848038.634739 1.556284666 -0.191605151 0.572974145 0.001356030 -0.148171335 -0.000340702 0.988960803
1341848038.670685 1.725958586 -0.298334748 0.738705277 -0.002249135 -0.162014619 -0.009086127 0.986743987
1341848038.702868 1.726804256 -0.300315678 0.745024264 -0.003170037 -0.164132968 -0.009329374 0.986389101
1341848038.734794 1.736802220 -0.304559737 0.752417386 -0.000674757 -0.166866422 -0.011382958 0.985913634
1341848038.770741 1.789431810 -0.299850941 0.773215055 0.000300067 -0.170469865 -0.011903676 0.985290945
1341848038.802800 1.819904089 -0.311967105 0.792637408 -0.002315146 -0.175415471 -0.010758964 0.984432995
1341848038.838770 1.820902348 -0.313938230 0.799558580 -0.002305248 -0.177805200 -0.008865096 0.984023094
1341848038.871141 1.822157621 -0.315280527 0.805603743 -0.001078700 -0.176851347 -0.010008172 0.984186172
1341848038.902781 1.883302450 -0.318658352 0.805316210 -0.004428944 -0.179879099 -0.007179607 0.983652592
1341848038.938767 1.883876443 -0.318914324 0.807079017 -0.005527141 -0.182075754 -0.003862775 0.983261406
1341848038.970765 1.883873224 -0.319869369 0.809357882 -0.006864622 -0.180991486 -0.001867301 0.983458936
1341848039.002634 1.964455366 -0.331019193 0.829458058 -0.010330346 -0.183042929 -0.004338153 0.983041108
1341848039.038895 1.978814721 -0.335454255 0.836066723 -0.010385265 -0.183539867 -0.001701053 0.982955933
1341848039.070805 1.995018721 -0.345629483 0.828628659 -0.011850086 -0.183702141 0.000516076 0.982910395
1341848039.106775 1.999745131 -0.350304961 0.826703250 -0.014088879 -0.184338242 0.001791266 0.982760251
1341848039.138656 2.024502039 -0.350675941 0.829971910 -0.013503046 -0.186219051 0.003000722 0.982410967
1341848039.170737 2.046599865 -0.338682532 0.803527534 -0.014211215 -0.185953826 0.003924211 0.982447863
1341848039.206814 2.065003872 -0.348261237 0.804963708 -0.016489403 -0.187498346 0.005421912 0.982111573
1341848039.238881 2.078585863 -0.368125558 0.833523095 -0.016517511 -0.189886332 0.006498983 0.981645644
1341848039.270959 2.080081224 -0.367068142 0.826547503 -0.017267704 -0.189255401 0.006578092 0.981754065
1341848039.306747 2.092237234 -0.368879288 0.807607412 -0.019487269 -0.189880714 0.007791883 0.981582880
1341848039.338889 2.123443604 -0.373945951 0.827621102 -0.019826502 -0.193049878 0.009439584 0.980943263
1341848039.374766 2.128611565 -0.368001223 0.805639029 -0.019838937 -0.192944556 0.007726287 0.980978727
1341848039.406886 2.130606651 -0.369276851 0.793629348 -0.021589134 -0.191911578 0.007998949 0.981142163
1341848039.438853 2.223845959 -0.388940692 0.834992707 -0.024005026 -0.198087633 0.007128907 0.979864478
1341848039.474867 2.228619099 -0.386464566 0.827060997 -0.025644517 -0.197790742 0.006427085 0.979887784
1341848039.507121 2.227385044 -0.392582566 0.846469581 -0.026418323 -0.197527960 0.004876702 0.979929090
1341848039.538659 2.254718781 -0.392185897 0.866060138 -0.025829028 -0.199057713 0.004602768 0.979636550
1341848039.574890 2.296909571 -0.422389597 0.887405097 -0.028635440 -0.203179657 0.003859392 0.978715062
1341848039.606721 2.302543163 -0.423132986 0.908795655 -0.028060028 -0.205236837 0.002024144 0.978307962
1341848039.642714 2.301484823 -0.427747220 0.920344353 -0.027921792 -0.204172581 0.001068055 0.978536069
1341848039.674760 2.339991570 -0.428214580 0.918220520 -0.027318738 -0.207040772 0.000688526 0.977950573
1341848039.707168 2.274622917 -0.415426165 0.899018407 -0.027444541 -0.205523908 0.002747803 0.978263378
1341848039.742862 2.280988693 -0.415699482 0.909467161 -0.027610432 -0.205934748 0.000634756 0.978175938
1341848039.775334 2.287815332 -0.419388920 0.926056564 -0.027124470 -0.205848575 -0.000458007 0.978207767
1341848039.806875 2.301763058 -0.423337460 0.948533058 -0.025679730 -0.208076268 -0.001393584 0.977774441
1341848039.843282 2.315125227 -0.425966591 0.966057241 -0.026118092 -0.209096581 -0.001939767 0.977544248
1341848039.881803 2.425470829 -0.431809515 1.028442502 -0.026113022 -0.214865416 -0.002646048 0.976290941
1341848039.913822 2.434962511 -0.439827293 1.037430406 -0.025549555 -0.216328859 -0.000541661 0.975986123
1341848039.943367 2.441877365 -0.453043103 1.046184182 -0.027946729 -0.216900215 0.001405374 0.975792706
1341848039.974815 2.448806047 -0.442046046 1.067266583 -0.028825393 -0.219375402 0.002696914 0.975210905
1341848040.010707 2.506812334 -0.460411936 1.119091988 -0.029611086 -0.225050271 0.004545196 0.973886490
1341848040.042768 2.514802456 -0.461479187 1.118827224 -0.031025590 -0.225438461 0.004839685 0.973751307
1341848040.078716 2.525568247 -0.471168756 1.150279403 -0.035369854 -0.226933107 0.007048154 0.973242342
1341848040.110819 2.562609911 -0.488264173 1.184410810 -0.039120063 -0.228988633 0.007793033 0.972611487
1341848040.142744 2.571503639 -0.489074379 1.187646747 -0.041453678 -0.227774233 0.008430315 0.972794712
1341848040.178810 2.576714993 -0.503705621 1.194474816 -0.045327388 -0.227839142 0.008309825 0.972607672
1341848040.211029 2.594526768 -0.501287639 1.219174743 -0.049432635 -0.229724631 0.011009684 0.971937180
1341848040.242681 2.629407406 -0.483877391 1.266227603 -0.051153496 -0.231565848 0.010979698 0.971411407
1341848040.278950 2.637947798 -0.485242099 1.283679843 -0.052276764 -0.230947748 0.011162746 0.971496701
1341848040.310719 2.649618387 -0.481806040 1.288704991 -0.051375397 -0.231680855 0.014922779 0.971319675
1341848040.346920 2.665097952 -0.497902155 1.286960959 -0.055915557 -0.232714877 0.019066019 0.970749080
1341848040.378809 2.699494600 -0.479315162 1.345355153 -0.057035927 -0.235930175 0.021112008 0.969865024
1341848040.410884 2.710849285 -0.470194757 1.356889844 -0.053981505 -0.236626923 0.023556905 0.969813824
1341848040.446720 2.728884220 -0.461939007 1.358895540 -0.053268213 -0.238146454 0.028016305 0.969362617
1341848040.478680 2.753922224 -0.468584269 1.386251926 -0.054206088 -0.241217792 0.031399090 0.968447149
1341848040.517796 2.762864590 -0.460912347 1.394389749 -0.051899608 -0.242654160 0.032333441 0.968183875
1341848040.546685 2.774214268 -0.472408235 1.394544363 -0.051166702 -0.244172022 0.034271721 0.967774570
1341848040.578879 2.829812765 -0.446829855 1.455463171 -0.050065093 -0.249660119 0.033946324 0.966442406
1341848040.614917 2.832424879 -0.443852663 1.464249492 -0.050257675 -0.250504315 0.034886450 0.966180503
1341848040.646758 2.845837593 -0.444685757 1.476865172 -0.048474390 -0.250836700 0.034307789 0.966206074
1341848040.679034 2.851586819 -0.432837844 1.466744781 -0.046663251 -0.247485161 0.033979200 0.967170656
1341848040.714653 2.865291357 -0.430482864 1.460193157 -0.042320274 -0.242190033 0.034220587 0.968701184
1341848040.746821 2.877807617 -0.447438419 1.493734479 -0.040022425 -0.237860188 0.035640310 0.969819844
1341848040.778774 2.885354996 -0.454099238 1.502523184 -0.038160391 -0.234445691 0.038256899 0.970626295
1341848040.814675 2.903010607 -0.451908916 1.522261739 -0.038342148 -0.230255112 0.039987776 0.971552134
1341848040.846908 2.901433706 -0.434209019 1.514593363 -0.036390383 -0.226605982 0.040251333 0.972473860
1341848040.882827 2.897531986 -0.430810452 1.521598101 -0.034185708 -0.222974062 0.040741358 0.973372579
1341848040.914699 2.909271717 -0.428509206 1.523019910 -0.035545401 -0.219827384 0.044626232 0.973869085
1341848040.946862 2.920206785 -0.418698460 1.537083983 -0.035171483 -0.219078735 0.047132093 0.973933339
1341848040.984484 2.979794979 -0.430224419 1.582801342 -0.036708947 -0.219662368 0.049493827 0.973627925
1341848041.022638 2.996361256 -0.438733876 1.612707376 -0.040942363 -0.219549567 0.053004447 0.973299682
1341848041.058859 3.013342142 -0.440686852 1.645852089 -0.042586304 -0.221313298 0.057772730 0.972558081
1341848041.094347 2.991376162 -0.458413541 1.608606219 -0.046150524 -0.215023622 0.060591746 0.973634243
1341848041.122188 3.032728672 -0.447557330 1.644814610 -0.051467214 -0.214994878 0.064258948 0.973138809
1341848041.189954 3.053653717 -0.446123064 1.658719301 -0.059228133 -0.213284612 0.074295118 0.972359002
1341848041.218698 3.058201551 -0.442479312 1.670424819 -0.062542513 -0.212577328 0.075964309 0.972177327
1341848041.250726 3.078547478 -0.448857695 1.699048400 -0.065269306 -0.213456273 0.077412359 0.971691132
1341848041.283054 3.078924656 -0.465464950 1.707862496 -0.071305223 -0.212682128 0.078419015 0.971355975
1341848041.319290 3.089367151 -0.456781447 1.740752697 -0.073228821 -0.214254037 0.080123283 0.970728099
1341848041.355465 3.097127199 -0.454502940 1.740648389 -0.072463475 -0.212968901 0.080390804 0.971046150
1341848041.384901 3.106836796 -0.447574735 1.749423981 -0.073919818 -0.211997420 0.079109877 0.971254170
1341848041.418768 3.130923510 -0.473317146 1.800470233 -0.076299556 -0.211840481 0.080488101 0.970991075
1341848041.450845 3.145899773 -0.485267907 1.817873120 -0.079204835 -0.211328909 0.082405962 0.970709026
1341848041.482801 3.145626545 -0.485666513 1.830608726 -0.083547212 -0.210741773 0.081127241 0.970580399
1341848041.518788 3.133818388 -0.480386704 1.849665046 -0.084608689 -0.207654551 0.081101798 0.971155703
1341848041.550730 3.151051760 -0.483976364 1.862994790 -0.085618943 -0.204970703 0.080795303 0.971662819
1341848041.586805 3.175592899 -0.458531886 1.920587063 -0.085667253 -0.206165090 0.079983354 0.971473038
1341848041.618743 3.178256512 -0.469027042 1.941968918 -0.086418502 -0.205478206 0.080297329 0.971526086
1341848041.650957 3.182446957 -0.465438783 1.959222555 -0.086904973 -0.205434069 0.081442975 0.971396625
1341848041.686781 3.189011812 -0.464431047 1.986082554 -0.085856974 -0.206728980 0.080712520 0.971276104
1341848041.718789 3.195262194 -0.452408612 2.022742510 -0.085342422 -0.207458496 0.084241383 0.970866203
1341848041.750776 3.242328882 -0.444594979 2.086928129 -0.086125448 -0.212255850 0.087881096 0.969436347
1341848041.786711 3.244368553 -0.449154794 2.118450880 -0.085868552 -0.214297831 0.091331631 0.968690693
1341848041.818704 3.255790710 -0.426553190 2.134069920 -0.084459707 -0.217534930 0.095789425 0.967661858
1341848041.854747 3.247235060 -0.420866072 2.168850899 -0.083740994 -0.220430285 0.098695859 0.966776729
1341848041.886710 3.258366108 -0.407853246 2.201201916 -0.084064640 -0.222437784 0.100592375 0.966093063
1341848041.918718 3.305035591 -0.375519097 2.257183552 -0.080087200 -0.227763802 0.104782201 0.964743674
1341848041.954693 3.304842234 -0.375234008 2.266676903 -0.078237168 -0.228202015 0.108359039 0.964396775
1341848041.994975 3.316215992 -0.373569697 2.311263084 -0.080962934 -0.231204852 0.111012682 0.963153958
1341848042.018871 3.308749676 -0.360621691 2.344037294 -0.080398746 -0.232291341 0.115388379 0.962425232
1341848042.054627 3.310030222 -0.349296600 2.371139765 -0.077626534 -0.233133540 0.117636204 0.962177038
1341848042.089498 3.326348782 -0.334295958 2.437288523 -0.078564994 -0.236421525 0.118780717 0.961157382
1341848042.122881 3.330883980 -0.334214747 2.456904173 -0.079616934 -0.237945765 0.122178882 0.960268378
1341848042.154788 3.326646328 -0.330553263 2.484327078 -0.077922314 -0.238266677 0.123710409 0.960131764
1341848042.186714 3.328659058 -0.316778809 2.511152983 -0.077473804 -0.238125890 0.122793905 0.960320532
1341848042.222883 3.326230764 -0.310102046 2.538929224 -0.078014292 -0.237856910 0.124928854 0.960068047
1341848042.254762 3.348844051 -0.303744733 2.592224360 -0.077980876 -0.240509629 0.125698328 0.959309161
1341848042.290694 3.346146822 -0.308297634 2.620550156 -0.078602195 -0.238858208 0.122231454 0.960118771
1341848042.322759 3.344203234 -0.302416652 2.668280363 -0.079289354 -0.239303276 0.123694934 0.959763944
1341848042.354987 3.342926979 -0.296713531 2.690026760 -0.081278935 -0.240285039 0.127755299 0.958819866
1341848042.390711 3.345173836 -0.292198032 2.719491005 -0.084169894 -0.241063923 0.128007099 0.958341241
1341848042.429737 3.366290569 -0.266415060 2.788284302 -0.083759531 -0.242688209 0.128736660 0.957869351
1341848042.461752 3.364941835 -0.271627247 2.808128834 -0.085368596 -0.241378352 0.132555336 0.957537413
1341848042.490921 3.366584778 -0.275851011 2.836394072 -0.088834062 -0.241337121 0.132173404 0.957285285
1341848042.522713 3.366722345 -0.286234856 2.866026878 -0.092558250 -0.240274981 0.133676693 0.956990898
1341848042.558691 3.374617100 -0.291704208 2.870424986 -0.093206145 -0.237536356 0.136452511 0.957219899
1341848042.590841 3.403528214 -0.249168575 2.952271223 -0.093669198 -0.240316123 0.139293894 0.956070840
1341848042.622730 3.408388853 -0.250209898 2.972359896 -0.094996244 -0.239520788 0.142355591 0.955688477
1341848042.658741 3.395414829 -0.248358011 3.008239985 -0.092919409 -0.238806084 0.146550715 0.955437362
1341848042.697779 3.416950226 -0.218009591 3.073659897 -0.093026020 -0.239830747 0.148258582 0.954906702
1341848042.729778 3.421061754 -0.226235196 3.097648859 -0.095757261 -0.238689944 0.154125482 0.953993201
1341848042.761637 3.419209003 -0.230038121 3.111260653 -0.098143958 -0.237572327 0.159191281 0.953197420
1341848042.797954 3.435213566 -0.222478390 3.130522251 -0.099601120 -0.236215562 0.158824444 0.953444660
1341848042.829708 3.437374830 -0.225603670 3.150903225 -0.102570802 -0.233200699 0.160561800 0.953580976
1341848042.861726 3.444101810 -0.231691301 3.176489592 -0.105481714 -0.231227726 0.163158566 0.953303099
1341848042.897767 3.449501514 -0.222432524 3.243501425 -0.107608944 -0.231742978 0.164632171 0.952686608
1341848042.929860 3.449050903 -0.226620197 3.246528864 -0.109299719 -0.230375603 0.165810898 0.952621341
1341848042.965708 3.461712122 -0.228753030 3.274848461 -0.108267248 -0.229202911 0.167026490 0.952809751
1341848042.997994 3.469730139 -0.229995549 3.286327362 -0.109845757 -0.228795886 0.169636995 0.952265561
1341848043.030335 3.476939678 -0.232153744 3.294382095 -0.112258472 -0.228693396 0.172556654 0.951483905
1341848043.065737 3.478276014 -0.228518605 3.326162100 -0.113687031 -0.228555351 0.173822597 0.951116979
1341848043.097862 3.478621483 -0.228920996 3.328904629 -0.115888000 -0.227149591 0.174684063 0.951030254
1341848043.133955 3.483899117 -0.232043922 3.333768129 -0.116281889 -0.226364464 0.173892125 0.951314449
1341848043.165792 3.488254786 -0.233703971 3.368500233 -0.119463593 -0.226919025 0.175980538 0.950403690
1341848043.201879 3.505870581 -0.226629645 3.420593023 -0.119583599 -0.230103374 0.174340338 0.949925065
1341848043.233861 3.509883404 -0.225110948 3.510897875 -0.116535522 -0.233209729 0.173212081 0.949752748
1341848043.265717 3.521997690 -0.219687223 3.518678904 -0.116722606 -0.232718706 0.176332638 0.949275851
1341848043.301798 3.531680346 -0.159890831 3.537818432 -0.114847228 -0.234529868 0.178361610 0.948679626
1341848043.334034 3.536931992 -0.213719189 3.577126980 -0.115878567 -0.234212220 0.176099271 0.949055314
1341848043.369819 3.540922880 -0.158689320 3.636780024 -0.113365799 -0.237701505 0.179649115 0.947825134
1341848043.401743 3.543637514 -0.156902790 3.634119749 -0.112775981 -0.239298075 0.179575071 0.947507679
1341848043.433949 3.548388481 -0.153318107 3.624626398 -0.111934677 -0.240021437 0.180929393 0.947166800
1341848043.469625 3.549271822 -0.153212547 3.624709845 -0.112490863 -0.239649773 0.181956902 0.946998179
1341848043.501696 3.542296886 -0.165298313 3.754770994 -0.114147663 -0.244497061 0.183865353 0.945190489
1341848043.537825 3.542346954 -0.112691581 3.819501877 -0.109466381 -0.250370413 0.187190101 0.943552732
1341848043.569664 3.546586514 -0.111762881 3.837893486 -0.110199869 -0.251215637 0.189140603 0.942853391
1341848043.601838 3.547944546 -0.112504065 3.859970808 -0.112195931 -0.254069090 0.191254660 0.941425860
1341848043.637798 3.549403906 -0.112576276 3.863560200 -0.114138238 -0.255995214 0.192782089 0.940358520
1341848043.670144 3.549026012 -0.114182234 3.928472042 -0.115419023 -0.259337753 0.192953318 0.939250469
1341848043.701979 3.556341887 -0.113300592 3.971118927 -0.115487352 -0.262185395 0.192462698 0.938551903
1341848043.737757 3.573276520 -0.105098188 3.998559713 -0.116106667 -0.265516520 0.194211558 0.937177777
1341848043.769828 3.586759806 -0.090498477 4.055301666 -0.118529335 -0.269463301 0.195897460 0.935395420
1341848043.805817 3.464151859 -0.056241244 4.148374557 -0.116979182 -0.269340485 0.199732631 0.934814692
1341848043.837855 3.460968018 -0.056569755 4.170449257 -0.114442840 -0.270448148 0.200218275 0.934704959
1341848043.869697 3.465403557 -0.052987397 4.188142300 -0.112543717 -0.270719528 0.200362101 0.934826195
1341848043.905731 3.465882301 -0.058445096 4.212801456 -0.114077047 -0.273707777 0.200146466 0.933815837
1341848043.938034 3.462912560 -0.055176437 4.252724171 -0.113958918 -0.277373224 0.202101022 0.932326496
1341848043.969826 3.451082706 -0.057013005 4.329509735 -0.112485468 -0.280453503 0.199230909 0.932201684
1341848044.005919 3.456882477 -0.056269288 4.277049541 -0.112699188 -0.278601855 0.196432263 0.933324397
1341848044.037703 3.421633959 -0.047478080 4.480380058 -0.109726518 -0.290222347 0.196581006 0.930100560
1341848044.073762 3.417658806 -0.046000868 4.425058365 -0.108375363 -0.287816823 0.198712349 0.930553436
1341848044.105804 3.417487621 -0.058231771 4.456130505 -0.110585473 -0.291032821 0.195764214 0.929917812
1341848044.137722 3.423749924 -0.045798182 4.456008911 -0.110231273 -0.293841243 0.199443236 0.928293526
1341848044.173825 3.414583683 -0.047186702 4.523425579 -0.110006176 -0.297558576 0.198789135 0.927275836
1341848044.205750 3.414112806 -0.049950749 4.531566620 -0.110011585 -0.296911001 0.196329013 0.928006589
1341848044.237767 3.434340715 -0.033064991 4.546195030 -0.109399699 -0.299711943 0.198654294 0.926682830
1341848044.273822 3.434132099 -0.031861991 4.612413406 -0.109410450 -0.303411931 0.198416635 0.925527692
1341848044.305742 3.424981594 -0.038994491 4.647847176 -0.111960396 -0.304498613 0.199124619 0.924713433
1341848044.337838 3.422050476 -0.042907894 4.658145428 -0.112256512 -0.304789275 0.199528486 0.924494684
1341848044.373688 3.422167301 -0.040489733 4.666463375 -0.111679412 -0.304691821 0.199843973 0.924528539
1341848044.405874 3.421229362 -0.039570510 4.704181194 -0.113482423 -0.305611759 0.200595766 0.923842311
1341848044.441696 3.415433407 -0.045162171 4.737156868 -0.116448380 -0.305127054 0.203892037 0.922911346
1341848044.473716 3.400211811 -0.058054745 4.800528526 -0.118039690 -0.305259734 0.205081224 0.922401667
1341848044.505687 3.402763367 -0.060597301 4.720285416 -0.119878650 -0.297872216 0.207402810 0.924059212
1341848044.541856 3.359206676 -0.026491404 4.948007107 -0.120167337 -0.304624200 0.212926641 0.920557559
1341848044.573760 3.349321842 -0.032821268 4.887773037 -0.122300081 -0.298720568 0.216093838 0.921472847
1341848044.605829 3.347465515 -0.033688933 4.891060352 -0.123288445 -0.295682997 0.219238073 0.921578169
1341848044.641741 3.345868587 -0.037168950 4.914691925 -0.126781538 -0.293731004 0.223145872 0.920790195
1341848044.705966 3.334992886 -0.042131424 4.983160019 -0.129481912 -0.293216169 0.230424091 0.918783724
1341848044.734774 3.311926365 -0.030322790 5.034038544 -0.128359318 -0.292550921 0.233185232 0.918456614
1341848044.771011 3.334008694 -0.059719563 4.929936409 -0.130566150 -0.285746694 0.236066654 0.919550896
1341848044.802833 3.325672626 -0.018541336 5.087520123 -0.127748653 -0.294443756 0.237647191 0.916791737
1341848044.834852 3.327763796 -0.018332064 5.109259605 -0.129041627 -0.294368535 0.237950668 0.916556060
1341848044.870686 3.339736700 -0.007591188 5.161262035 -0.128560945 -0.297638774 0.243724287 0.914046943
1341848044.902692 3.337974072 0.006994843 5.192903519 -0.126170158 -0.301459730 0.246898830 0.912274122
1341848044.934911 3.360189915 -0.012120903 5.151414394 -0.127375230 -0.300127029 0.246782959 0.912577450
1341848044.970797 3.334810734 0.003913760 5.215957642 -0.127219260 -0.305311978 0.251410633 0.909611225
1341848045.002641 3.321433306 -0.004238546 5.254225731 -0.127896786 -0.309807301 0.252074420 0.907810807
1341848045.038733 3.294919968 -0.020435274 5.320014000 -0.132332668 -0.314547747 0.250859946 0.905879140
1341848045.070849 3.281249046 -0.025896609 5.353533268 -0.134496689 -0.317109793 0.250436246 0.904783845
1341848045.102831 3.290866852 0.014413416 5.351519108 -0.133580223 -0.318355501 0.252614319 0.903876185
1341848045.138762 3.298557043 0.010448515 5.407867908 -0.135287479 -0.321650803 0.248655960 0.903553128
1341848045.170759 3.251490116 0.054082751 5.463478088 -0.132904291 -0.325752974 0.251806736 0.901562452
1341848045.202698 3.258964777 0.062118351 5.454598904 -0.130891606 -0.326852769 0.251618475 0.901511431
1341848045.238872 3.258723974 0.061785877 5.469550610 -0.131186977 -0.327739418 0.250462949 0.901468396
1341848045.270833 3.255373240 0.064740062 5.517070293 -0.129920393 -0.331598103 0.251098603 0.900062799
1341848045.306816 3.265874386 0.087362945 5.558799744 -0.128820077 -0.337007642 0.250864625 0.898275197
1341848045.338698 3.250016451 0.079746664 5.597905636 -0.128555387 -0.339572459 0.246929303 0.898437500
1341848045.370799 3.200694561 0.086646676 5.642119884 -0.126695767 -0.341387063 0.248074293 0.897698343
1341848045.406703 3.144445658 0.103715301 5.661535263 -0.126195744 -0.343409896 0.252461731 0.895771921
1341848045.438695 3.118462086 0.167849749 5.710738659 -0.124847285 -0.351567119 0.255543560 0.891914368
1341848045.474692 3.107542038 0.169893354 5.742995739 -0.124210596 -0.356618166 0.255354822 0.890050054
1341848045.506761 3.101383924 0.179846168 5.777797222 -0.121411122 -0.360767543 0.253730297 0.889228404
1341848045.538886 2.991464853 0.205290079 5.782294750 -0.117944717 -0.359588355 0.258827150 0.888703465
1341848045.575971 2.965339661 0.202147067 5.812751770 -0.116212554 -0.363765925 0.260724008 0.886674762
1341848045.606920 2.962470770 0.196831226 5.855768204 -0.113644548 -0.370385230 0.256722033 0.885434151
1341848045.645890 2.944291115 0.204758227 5.896408081 -0.114004694 -0.375538856 0.258055896 0.882825434
1341848045.674943 2.928905725 0.234175324 5.942121029 -0.110876374 -0.381316811 0.256992638 0.881055474
1341848045.706968 2.907889128 0.261262625 6.001624584 -0.105667524 -0.390113831 0.257318646 0.877743006
1341848045.743092 2.906006813 0.265904814 6.034248829 -0.103831209 -0.395845979 0.255376190 0.875961185
1341848045.774776 2.911760092 0.281002194 6.065398216 -0.103273489 -0.401724488 0.253763705 0.873817027
1341848045.807609 2.904047251 0.311782867 6.116202831 -0.098725393 -0.409894109 0.253560275 0.870601714
1341848045.842865 2.904011250 0.295651853 6.153923988 -0.096635178 -0.416265458 0.252356440 0.868159592
1341848045.874777 2.877412796 0.269931436 6.194474697 -0.096286155 -0.420432031 0.245806158 0.868069887
1341848045.906765 2.719670057 0.275066495 6.201296329 -0.095725589 -0.420564562 0.251057804 0.866563439
1341848045.942758 2.645166397 0.331629932 6.257616520 -0.086014464 -0.429523438 0.256168038 0.861678123
1341848045.974768 2.643841505 0.335494101 6.274247646 -0.082471065 -0.435450613 0.252054214 0.860261619
1341848046.010763 2.601564407 0.298865020 6.324798107 -0.082452632 -0.441305816 0.248133063 0.858417630
1341848046.042828 2.598397970 0.341208637 6.361861706 -0.075516567 -0.451159269 0.248255149 0.853886425
1341848046.074722 2.597279787 0.315047920 6.370985508 -0.074910112 -0.458077461 0.244490534 0.851338983
1341848046.110817 2.572141171 0.353180796 6.398408890 -0.071999922 -0.463711053 0.242034435 0.849239349
1341848046.142773 2.530823469 0.349050671 6.458733082 -0.068150215 -0.469960183 0.237651944 0.847357452
1341848046.181848 2.647573233 0.409555912 6.512299538 -0.063309260 -0.482099295 0.234783173 0.841694236
1341848046.219718 2.561030865 0.345932186 6.482733250 -0.066699989 -0.481984735 0.230974957 0.842551112
1341848046.249730 2.566156864 0.366139412 6.523859024 -0.065186538 -0.490592629 0.228726998 0.838304043
1341848046.283599 2.574864388 0.318386912 6.565703392 -0.066011988 -0.498020142 0.222673059 0.835484922
1341848046.317731 2.571982861 0.298592448 6.570662022 -0.066005155 -0.502584934 0.216508150 0.834371626
1341848046.349732 2.611320019 0.220720232 6.604104996 -0.070296943 -0.509100854 0.206918567 0.832501948
1341848046.382309 2.634103298 0.201091796 6.598205090 -0.070125058 -0.513811052 0.202828094 0.830627143
1341848046.417763 2.642188072 0.299951375 6.651463032 -0.060907204 -0.523321867 0.198428497 0.826468825
1341848046.449782 2.574752331 0.305633307 6.675523758 -0.062165998 -0.525776863 0.200132683 0.824403524
1341848046.485848 2.695508480 0.326334208 6.843964577 -0.061497379 -0.542573094 0.193580881 0.815082192
1341848046.517760 2.738356590 0.345512211 6.886223793 -0.060115293 -0.550585628 0.187262326 0.811279476
1341848046.549658 2.687314510 0.381128132 6.881029129 -0.058191709 -0.553212047 0.188991815 0.809229493
1341848046.586076 2.710372448 0.404491931 6.874677658 -0.055828854 -0.559410870 0.191426083 0.804548740
1341848046.617769 2.679621696 0.425766230 6.777299404 -0.052168109 -0.559063494 0.192073926 0.804881454
1341848046.653748 2.789369583 0.400590539 6.927355289 -0.052557088 -0.575922251 0.179846674 0.795742810
1341848046.685899 2.784029007 0.475878716 6.888126850 -0.047573827 -0.578465521 0.187523797 0.792432547
1341848046.714925 2.811482430 0.397268683 6.907069206 -0.051184710 -0.584860981 0.180484846 0.789140701
1341848046.746888 2.848075867 0.401233852 6.913144112 -0.050757181 -0.589874506 0.177868798 0.786024570
1341848046.778736 2.902539730 0.429995745 6.959725380 -0.047155883 -0.598751724 0.175547332 0.780035853
1341848046.814747 2.893321991 0.400681585 6.974804401 -0.047151975 -0.602882147 0.171792135 0.777687132
1341848046.846853 2.976488113 0.395284891 7.022070408 -0.049694870 -0.609245241 0.167405158 0.773515522
1341848046.878793 3.043835640 0.418048769 7.018998623 -0.050496105 -0.613478839 0.166974679 0.770203471
1341848046.915079 2.981758118 0.375308603 6.998918533 -0.050867416 -0.612861574 0.162776306 0.771567941
1341848046.946882 2.997165203 0.368050456 7.011609554 -0.053445064 -0.616756976 0.161808550 0.768487215
1341848046.982780 3.034348965 0.365880072 7.015520573 -0.054707523 -0.620640635 0.159964293 0.765652537
1341848047.015086 3.069612980 0.349208832 7.040236950 -0.057661057 -0.625493646 0.155960932 0.762305260
1341848047.047884 3.217233658 0.434086204 7.070637226 -0.056858402 -0.633030176 0.157363877 0.755828440
1341848047.089866 3.135782242 0.383522332 7.010076523 -0.056472570 -0.630354941 0.152865633 0.759009659
1341848047.114997 3.186200619 0.380971968 7.137735367 -0.059586689 -0.641424298 0.145995364 0.750806034
1341848047.147565 3.209652424 0.380278409 7.131363392 -0.061918985 -0.644857585 0.144096971 0.748038054
1341848047.182713 3.223191261 0.371959209 7.138713837 -0.062816881 -0.648750126 0.142064348 0.744980037
1341848047.214887 3.275045872 0.376505196 7.146775246 -0.062786162 -0.653156817 0.138342962 0.741825759
1341848047.250668 3.325747013 0.373499393 7.221240520 -0.064684384 -0.661756754 0.134295285 0.734750807
1341848047.282779 3.412581444 0.443841934 7.151927471 -0.065904066 -0.665854692 0.138788730 0.730090380
1341848047.314815 3.334259510 0.377401471 7.226722717 -0.061015856 -0.669596791 0.128562510 0.728964269
1341848047.350637 3.437022209 0.401139438 7.359132767 -0.060274214 -0.682722151 0.124630690 0.717443228
1341848047.383038 3.408586502 0.382272184 7.216178417 -0.065688238 -0.680494606 0.128481627 0.718404293
1341848047.414781 3.498923302 0.410236895 7.374675751 -0.058896303 -0.694237113 0.122355647 0.706820488
1341848047.450847 3.523310661 0.424331307 7.389876366 -0.054846678 -0.699109852 0.121077739 0.702550769
1341848047.482648 3.543361187 0.424065232 7.390545845 -0.054337636 -0.703676879 0.120283335 0.698153496
1341848047.518733 3.576309204 0.422006667 7.387224197 -0.055190019 -0.707730412 0.117399715 0.694470286
1341848047.550836 3.597149372 0.433987916 7.389637947 -0.053845283 -0.711858392 0.117193080 0.690379679
1341848047.582955 3.613652706 0.436137736 7.401339531 -0.052126087 -0.716067493 0.116342299 0.686290622
1341848047.618981 3.641342163 0.439260244 7.393591404 -0.050772112 -0.717666447 0.114101373 0.685097098
1341848047.650752 3.655960083 0.461822987 7.400062561 -0.047707316 -0.721438289 0.114721365 0.681241453
1341848047.689728 3.698817253 0.447901189 7.165767193 -0.048921026 -0.712260246 0.118789166 0.690058947
1341848047.719086 3.667606354 0.486670196 7.146747589 -0.045679249 -0.714448750 0.118731685 0.688025594
1341848047.750845 3.740687370 0.432239830 7.132742882 -0.051470071 -0.714875638 0.115154870 0.687781334
1341848047.786695 3.744594097 0.435280442 7.134337425 -0.050335661 -0.717408478 0.113845080 0.685442090
1341848047.818804 3.767924309 0.440332770 7.136216164 -0.050064038 -0.721014202 0.113276854 0.681762815
1341848047.850811 3.779114723 0.442973077 7.138269424 -0.050042044 -0.722389281 0.111301057 0.680633307
1341848047.886853 3.780172348 0.435153425 7.140415192 -0.050320864 -0.724561691 0.110762700 0.678387702
1341848047.918858 3.815349579 0.445292294 7.144053459 -0.049955286 -0.727403820 0.112640336 0.675055802
1341848047.954723 3.820661545 0.446423411 7.148984432 -0.050018884 -0.730016649 0.111795880 0.672365606
1341848047.986771 3.828199387 0.454024971 7.152516365 -0.049686976 -0.731183231 0.112277620 0.671041012
1341848048.018897 3.852213860 0.451339483 7.158024788 -0.048834231 -0.734172821 0.113375030 0.667646289
1341848048.054937 3.864998817 0.459971428 7.159731865 -0.047097240 -0.737070262 0.112866595 0.664658189
1341848048.086776 3.887746811 0.459977984 7.148905754 -0.049169522 -0.737051308 0.112733208 0.664551795
1341848048.118790 3.893506527 0.462140083 7.164581299 -0.048864696 -0.739807010 0.113010868 0.661457777
1341848048.154692 3.899487972 0.462989092 7.174892902 -0.049520064 -0.742171586 0.114443332 0.658507288
1341848048.186720 3.914716244 0.461787462 7.174586296 -0.050549939 -0.742434382 0.114186071 0.658177376
1341848048.222966 3.939855576 0.469811559 7.168696880 -0.049317110 -0.743397713 0.114430718 0.657140255
1341848048.254953 3.937263012 0.473393083 7.181931019 -0.050139375 -0.745704472 0.121485606 0.653186202
1341848048.286640 3.958410263 0.469144404 7.183146477 -0.050413691 -0.745795488 0.120778307 0.653192282
1341848048.322843 3.980453968 0.479128003 7.188468456 -0.050632019 -0.747066081 0.121527269 0.651582599
1341848048.354699 3.997927666 0.481617212 7.187043667 -0.051934574 -0.747830093 0.124622837 0.650017023
1341848048.386709 4.010106087 0.478077531 7.203836441 -0.050007567 -0.749493837 0.123260975 0.648509860
1341848048.422649 4.052711487 0.496024311 7.205166340 -0.046536341 -0.750797272 0.124674901 0.646988511
1341848048.454923 4.045124054 0.520257413 7.204282284 -0.042134386 -0.751064718 0.128701583 0.646190643
1341848048.490668 4.075687885 0.519683897 7.212699890 -0.043238919 -0.753070354 0.128534749 0.643812358
1341848048.522793 4.076061726 0.515940249 7.240314007 -0.044274468 -0.756537974 0.129933223 0.639380634
1341848048.554990 4.125062466 0.522211313 7.245137215 -0.043181911 -0.758001804 0.133543670 0.636973143
1341848048.590630 4.138077259 0.500869513 7.259925365 -0.044340014 -0.760198891 0.134718850 0.634020925
1341848048.622652 4.163480282 0.515634537 7.253408432 -0.042787835 -0.761376202 0.137734339 0.632063925
1341848048.658741 4.138543129 0.508660316 7.271356583 -0.042469922 -0.763356566 0.141660616 0.628820658
1341848048.690791 4.176733971 0.512708306 7.290304184 -0.039904464 -0.765573382 0.142675817 0.626058042
1341848048.722708 4.178815842 0.508219242 7.317869186 -0.041065924 -0.768175006 0.144402966 0.622389495
1341848048.758833 4.186763287 0.509460807 7.321165085 -0.040655013 -0.769151688 0.147846416 0.620398581
1341848048.791156 4.205103397 0.509542584 7.321609497 -0.039966740 -0.770134211 0.149671808 0.618784606
1341848048.822736 4.215929031 0.514157772 7.333580494 -0.038375843 -0.771922529 0.152499765 0.615960121
1341848048.858661 4.246448994 0.514892817 7.339318275 -0.034517147 -0.774033010 0.153382480 0.613314986
1341848048.891041 4.260404110 0.522445321 7.355863571 -0.031571679 -0.775976419 0.155065253 0.610588729
1341848048.926768 4.276681900 0.514510512 7.397143364 -0.028376224 -0.779571533 0.155684546 0.605991185
1341848048.958953 4.326369762 0.532646298 7.400344849 -0.024687458 -0.781755090 0.158193335 0.602681100
1341848048.990810 4.320808411 0.528141499 7.411764145 -0.022851005 -0.784603059 0.160573050 0.598408043
1341848049.026707 4.324202061 0.533478379 7.408172607 -0.016065730 -0.786324263 0.162910104 0.595731854
1341848049.058792 4.337956905 0.532153368 7.411675930 -0.011293194 -0.786978483 0.164236173 0.594612479
1341848049.090709 4.387198448 0.539640188 7.421496868 -0.011686483 -0.789223671 0.166080341 0.591106474
1341848049.126753 4.413130283 0.553165317 7.425506592 -0.011074971 -0.792097747 0.169272959 0.586349070
1341848049.158854 4.422526360 0.548814297 7.432748795 -0.008275080 -0.793695152 0.168599159 0.584426165
1341848049.194708 4.432247639 0.547105908 7.440494537 -0.006111866 -0.794989705 0.169586167 0.582404137
1341848049.226742 4.469592094 0.555631280 7.443582535 -0.005743484 -0.797463775 0.169129044 0.579149425
1341848049.258792 4.477189541 0.554412603 7.446282864 -0.006523231 -0.799978614 0.168702707 0.575787306
1341848049.294747 4.495932102 0.558639526 7.450624943 -0.003228038 -0.801007807 0.167906538 0.574616075
1341848049.326837 4.512972832 0.563488126 7.465075016 -0.003031748 -0.802677572 0.167934030 0.572274208
1341848049.358802 4.539417267 0.567762375 7.469370365 -0.005185455 -0.804581702 0.167851105 0.569602847
1341848049.394779 4.559148312 0.577622414 7.470137119 -0.006259083 -0.805873334 0.169989154 0.567126751
1341848049.426763 4.578820229 0.571433187 7.475512028 -0.007930541 -0.806630611 0.171309993 0.565629780
1341848049.462746 4.592769146 0.575361609 7.481649399 -0.008947656 -0.807570517 0.170817897 0.564421058
1341848049.494728 4.615900517 0.581443191 7.488808155 -0.013345680 -0.808875263 0.174492657 0.561333239
1341848049.526803 4.636270523 0.584487557 7.490731239 -0.013549487 -0.809506357 0.175789773 0.560012341
1341848049.562799 4.665961266 0.593361497 7.504356384 -0.015124560 -0.810583293 0.174796253 0.558723748
1341848049.594759 4.683790684 0.597518206 7.513649940 -0.017255850 -0.813354611 0.175319597 0.554454386
1341848049.626829 4.723984241 0.606606960 7.513103485 -0.018923599 -0.815166712 0.175778747 0.551585972
1341848049.662690 4.737462521 0.605095029 7.528345108 -0.018247949 -0.817140758 0.172271311 0.549791396
1341848049.695064 4.773076534 0.600173235 7.542937279 -0.021658426 -0.820202529 0.170578808 0.545620382
1341848049.730793 4.817943573 0.608270407 7.560585976 -0.024101228 -0.824647963 0.170304269 0.538861156
1341848049.762702 4.855521202 0.620290041 7.573221684 -0.022384334 -0.827983797 0.166619167 0.534957767
1341848049.794722 4.862060547 0.621240377 7.582993507 -0.022069983 -0.830573499 0.164316818 0.531658411
1341848049.830816 4.904903889 0.622209907 7.588117599 -0.023795478 -0.834013581 0.162974030 0.526587665
1341848049.869834 4.945215225 0.637520552 7.603255749 -0.024711356 -0.837906837 0.160253167 0.521172166
1341848049.898674 4.953582287 0.628398299 7.596879959 -0.024228143 -0.840099156 0.156197518 0.518891871
1341848049.930835 4.957069874 0.630172372 7.630783081 -0.021960776 -0.843998551 0.156197175 0.512627184
1341848049.963022 4.993133068 0.629856467 7.665760040 -0.020946538 -0.848434865 0.152910709 0.506298304
1341848049.998757 5.009935379 0.635943532 7.664421082 -0.022194259 -0.851120293 0.151216969 0.502230108
1341848050.030786 5.024832726 0.640241027 7.675286293 -0.022866463 -0.854572058 0.150215119 0.496607780
1341848050.062661 5.018123150 0.638762236 7.679991245 -0.018541282 -0.858045280 0.148306713 0.491344690
1341848050.098678 5.055498600 0.643857718 7.699490547 -0.018447241 -0.860587895 0.145260185 0.487798810
1341848050.130710 5.036536217 0.637327790 7.694419384 -0.017745886 -0.864422321 0.143312126 0.481581539
1341848050.166738 5.059016705 0.649849176 7.703888893 -0.012291159 -0.867132366 0.139716312 0.477922410
1341848050.198726 5.070924759 0.643644810 7.727033615 -0.012527172 -0.869791269 0.136164173 0.474094480
1341848050.230806 5.087837696 0.648376584 7.731249332 -0.010478759 -0.873271883 0.134460196 0.468195349
1341848050.266732 5.105290413 0.660110593 7.729281425 -0.005556559 -0.875622749 0.131977394 0.464581490
1341848050.298842 5.068019390 0.644238949 7.746828079 -0.003701048 -0.879722357 0.126526237 0.458329558
1341848050.330688 5.066737652 0.645357609 7.751022339 -0.000290929 -0.882768452 0.124782138 0.452934116
1341848050.366746 5.091661453 0.644857645 7.763016701 0.000358822 -0.885967970 0.122536920 0.447264373
1341848050.398693 5.090039253 0.643891335 7.771077156 0.002249981 -0.889345884 0.119144946 0.441433370
1341848050.434780 5.073413372 0.636495471 7.785501003 0.004041019 -0.892801821 0.116567396 0.435086876
1341848050.466655 5.094636440 0.644083500 7.792238235 0.008735780 -0.895501435 0.114584573 0.429966778
1341848050.498791 5.088656425 0.642140388 7.792541981 0.012279929 -0.898014069 0.112918876 0.425052106
1341848050.534849 5.084065914 0.646450043 7.800986767 0.016072057 -0.900355041 0.112253770 0.420120895
1341848050.566840 5.101956844 0.643819928 7.805397511 0.017180700 -0.902913749 0.111466013 0.414761245
1341848050.598790 5.095241070 0.637699127 7.817864895 0.019024346 -0.906661212 0.108396016 0.407251567
1341848050.634752 5.099600792 0.645906806 7.825952053 0.023239505 -0.909399450 0.107331641 0.401163936
1341848050.666816 5.087565422 0.638855815 7.843842506 0.026303444 -0.912235320 0.106784217 0.394628882
1341848050.702846 5.083543777 0.631739020 7.862762928 0.028257305 -0.915590405 0.104784764 0.387189895
1341848050.734789 5.097757339 0.630757332 7.871565819 0.027611675 -0.918478608 0.104653895 0.380371243
1341848050.766882 5.087836266 0.632160068 7.872912407 0.030445643 -0.921709597 0.102257967 0.372917920
1341848050.802875 5.077628136 0.625994444 7.883120537 0.032911956 -0.924932063 0.101750113 0.364779979
1341848050.834769 5.087398529 0.632996917 7.923337936 0.035908304 -0.927520573 0.101159886 0.358026475
1341848050.870719 5.073904991 0.631493866 7.937910080 0.038176607 -0.930394769 0.098401338 0.351034790
1341848050.902725 5.048341751 0.617607057 7.943666458 0.041771438 -0.933798254 0.096839808 0.341903508
1341848050.934794 5.062942028 0.612523615 7.939668655 0.046135381 -0.935478389 0.095523402 0.337086201
1341848050.970852 5.050619125 0.615712404 7.949206352 0.049242023 -0.937710881 0.094381727 0.330704957
1341848051.002763 5.032320499 0.603119910 7.969269753 0.052418109 -0.940566719 0.092881106 0.322427958
1341848051.035007 5.093051434 0.613629937 7.972495079 0.052389830 -0.941450536 0.094233684 0.319446981
1341848051.070784 5.077383995 0.603973687 8.013854027 0.056916807 -0.944205701 0.091357581 0.311271489
1341848051.102734 5.075316906 0.601380289 8.009106636 0.059041880 -0.945693791 0.091740772 0.306204289
1341848051.138713 5.074952126 0.612327993 8.032390594 0.062704720 -0.947459400 0.091451816 0.300042421
1341848051.170672 5.073795319 0.623503804 8.052872658 0.063210338 -0.949030876 0.091364823 0.294953167
1341848051.202839 5.050598145 0.586914062 8.067605019 0.062920518 -0.951408684 0.089662127 0.287790418
1341848051.238747 5.050022602 0.589223504 8.072233200 0.066075064 -0.952796936 0.090652592 0.282124430
1341848051.270842 5.049221039 0.589368820 8.073653221 0.070816644 -0.953529179 0.091605797 0.278164566
1341848051.302718 5.065353394 0.606303453 8.091022491 0.074832693 -0.954081237 0.093629338 0.274522483
1341848051.338668 5.064852715 0.610465646 8.098801613 0.076795116 -0.955020368 0.096848637 0.269553304
1341848051.370895 5.065565109 0.619058728 8.124727249 0.081616811 -0.956391573 0.098215535 0.262693137
1341848051.406688 5.064532757 0.604133368 8.140445709 0.083866827 -0.957196236 0.097498663 0.259298623
1341848051.440006 5.054938316 0.600809097 8.133837700 0.087307096 -0.957898021 0.098532863 0.255147308
1341848051.470890 5.056521893 0.602675080 8.133636475 0.091185160 -0.958576143 0.098921068 0.251061201
1341848051.506718 5.054035187 0.606385708 8.146194458 0.094968788 -0.959719300 0.098139718 0.245537147
1341848051.538932 5.054223061 0.611039162 8.150281906 0.100766309 -0.960595906 0.096889868 0.240237460
1341848051.570738 5.052953243 0.613006115 8.157835960 0.110195488 -0.960659325 0.098295614 0.235220596
1341848051.606760 5.052333355 0.613802910 8.160177231 0.115864344 -0.961179376 0.097789854 0.230536118
1341848051.638863 5.032060623 0.599621415 8.194387436 0.126690954 -0.962486446 0.095869213 0.219950780
1341848051.674718 5.030394554 0.604375362 8.209108353 0.132649288 -0.962710977 0.098661110 0.214144364
1341848051.706714 5.028757572 0.608423233 8.216576576 0.132240459 -0.964441299 0.096932948 0.207290858
1341848051.738793 5.028345108 0.608756185 8.221374512 0.141626209 -0.964881122 0.094564721 0.200010106
1341848051.774823 5.024929047 0.627039671 8.258377075 0.144888550 -0.965510309 0.095660329 0.194026738
1341848051.806694 5.022286415 0.625432730 8.268654823 0.152774081 -0.965423048 0.092340685 0.189977989
1341848051.838757 5.007969856 0.607159257 8.294683456 0.163024232 -0.964682043 0.091679148 0.185490370
1341848051.874951 4.976207733 0.601288676 8.368063927 0.170821622 -0.964335859 0.090995431 0.180544153
1341848051.906707 4.975747108 0.596206665 8.357638359 0.175243631 -0.964459419 0.085175097 0.178473994
1341848051.942680 4.977876663 0.608241558 8.388885498 0.179530650 -0.964695096 0.081930526 0.174412027
1341848051.974762 4.978158474 0.610108733 8.395905495 0.181659535 -0.964370728 0.079778448 0.174998149
1341848052.006755 4.978080750 0.610403657 8.396694183 0.184694588 -0.963845432 0.073916875 0.177274287
1341848052.042751 4.996153355 0.601004958 8.414236069 0.186874554 -0.963261902 0.071525447 0.179132849
1341848052.074871 4.991385937 0.610586762 8.433393478 0.189370513 -0.962287903 0.071619071 0.181690887
1341848052.110964 5.058584213 0.595835567 8.435833931 0.189653113 -0.960777044 0.065905556 0.191299960
1341848052.143014 5.060945511 0.601907849 8.458233833 0.193266526 -0.959739804 0.065469719 0.193031862
1341848052.178064 5.005974770 0.634594440 8.493129730 0.197101191 -0.959124088 0.067142151 0.191635296
1341848052.211397 5.005977631 0.634730339 8.493395805 0.198144704 -0.958350718 0.063207597 0.195722759
1341848052.242872 5.041089058 0.639272094 8.532671928 0.200531855 -0.956998944 0.061806079 0.200300083
1341848052.275206 5.096935749 0.626122594 8.580003738 0.202118158 -0.955773711 0.056914762 0.205926329
1341848052.311125 5.097012520 0.627073050 8.581761360 0.201328665 -0.955324471 0.052524425 0.209912136
1341848052.342876 5.097625732 0.626788676 8.581009865 0.204091564 -0.954233825 0.051765662 0.212378934
1341848052.379476 5.206994057 0.620459437 8.569659233 0.205627382 -0.950981140 0.048784655 0.225770652
1341848052.412309 5.207594395 0.625605941 8.583044052 0.201832771 -0.950973749 0.047096111 0.229553014
1341848052.444722 5.081533909 0.694337308 8.652070999 0.206013128 -0.951778293 0.052866060 0.221092522
1341848052.481496 5.258921623 0.648006618 8.654865265 0.206478670 -0.948322773 0.046706855 0.236366153
1341848052.512393 5.257429600 0.669107676 8.685944557 0.206571028 -0.947363734 0.047905829 0.239865363
1341848052.543277 5.290377617 0.686605513 8.697621346 0.207520083 -0.946204662 0.049379963 0.243297786
1341848052.579155 5.290993690 0.686186910 8.696773529 0.209093556 -0.944994688 0.048195120 0.246864721
1341848052.617750 5.291274548 0.687273920 8.700624466 0.211831048 -0.943184614 0.044278007 0.252130568
1341848052.646710 5.307186127 0.723466039 8.804470062 0.217992559 -0.941722929 0.044546571 0.252294928
1341848052.678720 5.316939354 0.737786114 8.846446991 0.221845493 -0.940163553 0.043758351 0.254877299
1341848052.710822 5.325850010 0.752494454 8.888419151 0.222691029 -0.939100146 0.041679766 0.258384317
1341848052.746833 5.343125820 0.756333888 8.929126740 0.220034689 -0.939356685 0.040122770 0.259969085
1341848052.778710 5.343404770 0.772655964 8.978282928 0.217772365 -0.940096617 0.038593143 0.259430528
1341848052.810890 5.359632969 0.779756665 9.017228127 0.216434732 -0.938818932 0.033773251 0.265771419
1341848052.846856 5.430493832 0.754278183 9.010971069 0.219867125 -0.935514450 0.032793220 0.274583042
1341848052.878813 5.427919865 0.781922221 9.101650238 0.223575801 -0.933535874 0.034375604 0.278105944
1341848052.914694 5.354302406 0.826141059 9.139793396 0.219537660 -0.933695197 0.036524981 0.280503958
1341848052.946675 5.530933380 0.829427481 9.085135460 0.216409117 -0.929910839 0.035393063 0.295263141
1341848052.978684 5.633088589 0.895237327 9.099234581 0.215583980 -0.926906049 0.036936548 0.304966569
1341848053.014784 5.625628948 0.891811728 9.101301193 0.213946179 -0.924685061 0.036327120 0.312833697
1341848053.046693 5.655265331 0.835052073 9.090494156 0.209145129 -0.923524320 0.035261489 0.319558769
1341848053.082651 5.705099583 0.877004266 9.106840134 0.207777575 -0.921202660 0.037079755 0.326862812
1341848053.114846 5.746669769 0.823979199 9.080126762 0.204928830 -0.917741776 0.031161051 0.338796735
1341848053.146985 5.755284786 0.854832530 9.146204948 0.200305358 -0.916861832 0.036197305 0.343412131
1341848053.183210 5.779496670 0.854132354 9.158826828 0.196370587 -0.915790439 0.035473738 0.348580182
1341848053.214816 5.803803444 0.879980922 9.150710106 0.192648664 -0.913549364 0.036991477 0.356294334
1341848053.247961 5.825069427 0.848397553 9.147867203 0.190879405 -0.911033988 0.037716299 0.363537580
1341848053.289822 5.862470150 0.830070376 9.191760063 0.188326582 -0.909462154 0.038060006 0.368731946
1341848053.321709 5.905064583 0.861144125 9.204867363 0.184099227 -0.907638252 0.040703155 0.375024766
1341848053.353831 5.913098335 0.855024219 9.231771469 0.179352924 -0.906448662 0.042281587 0.379994303
1341848053.386096 5.984433174 0.859686375 9.153965950 0.175745204 -0.902224839 0.043552384 0.391416967
1341848053.421775 6.032601833 0.806906581 9.179059029 0.171768591 -0.900235653 0.041375007 0.397944063
1341848053.453749 6.057729721 0.848990560 9.175097466 0.164675891 -0.897955775 0.043343678 0.405806303
1341848053.485736 6.065629482 0.860198140 9.197861671 0.159682766 -0.897584498 0.043600582 0.408586025
1341848053.521747 6.105604172 0.878507674 9.174900055 0.155488834 -0.895125806 0.044095173 0.415486157
1341848053.553915 6.152479649 0.862183154 9.166234970 0.150835022 -0.891689479 0.041117165 0.424791783
1341848053.589737 6.175660610 0.867651463 9.160012245 0.144308403 -0.889380336 0.040875498 0.431864530
1341848053.621911 6.225373745 0.855774701 9.174219131 0.134663150 -0.888296068 0.039742321 0.437283278
1341848053.653792 6.292440414 0.869722247 9.195575714 0.126271576 -0.885756433 0.037419636 0.445074111
1341848053.689724 6.265796661 0.879705906 9.152387619 0.119418837 -0.881290674 0.038294464 0.455630749
1341848053.721697 6.296858311 0.890643358 9.150517464 0.114203237 -0.878459990 0.039203811 0.462308168
1341848053.758007 6.324759483 0.891517758 9.150897980 0.106219769 -0.875114202 0.039823879 0.470432371
1341848053.789882 6.306674004 0.873902261 9.158145905 0.099799752 -0.872352183 0.039815344 0.476923943
1341848053.821625 6.339146137 0.879273713 9.137140274 0.094675384 -0.868117869 0.042564176 0.485382557
1341848053.857784 6.355852127 0.885583520 9.171544075 0.088381760 -0.865562856 0.044318363 0.490943521
1341848053.889790 6.379612446 0.881925106 9.176079750 0.079283170 -0.863444448 0.047432959 0.495911360
1341848053.925729 6.389773369 0.903805494 9.167118073 0.075463019 -0.861207068 0.052759949 0.499844193
1341848053.951067 6.418453693 0.904090285 9.217958450 0.071643054 -0.859617233 0.057289999 0.502636492
1341848053.986823 6.442737103 0.907433510 9.183418274 0.065565519 -0.856716275 0.061623525 0.507878900
1341848054.019304 6.457888603 0.913713336 9.215568542 0.057666719 -0.857840300 0.067713477 0.506161630
1341848054.051032 6.520525455 0.937560439 9.202772141 0.049210783 -0.856912494 0.072141603 0.508010864
1341848054.086777 6.541218281 0.945347190 9.222193718 0.042290140 -0.856793880 0.073185265 0.508684397
1341848054.118853 6.555280685 0.946641088 9.233914375 0.034622874 -0.857605875 0.076157250 0.507457972
1341848054.155032 6.594781876 0.948407531 9.247978210 0.028069919 -0.857903481 0.077447698 0.507164240
1341848054.186687 6.611213684 0.925558448 9.314151764 0.024729500 -0.859381378 0.074370496 0.505293250
1341848054.219030 6.632655144 0.937562704 9.316082001 0.024961146 -0.858824492 0.075695850 0.506031334
1341848054.254827 6.668329716 0.955576241 9.304939270 0.027814345 -0.857507050 0.078722194 0.507652402
1341848054.286801 6.719332695 0.950093627 9.324529648 0.027035987 -0.856708288 0.078566998 0.509065092
1341848054.322895 6.765846729 0.958120525 9.335938454 0.022377683 -0.856065750 0.074699365 0.510950744
1341848054.354790 6.786889553 0.969018638 9.339240074 0.019902213 -0.856178463 0.074471302 0.510897696
1341848054.387103 6.854163647 0.987143517 9.363165855 0.020535165 -0.855821848 0.072153419 0.511801898
1341848054.422878 6.890269756 0.988061547 9.379381180 0.017366447 -0.854868531 0.069410793 0.513887525
1341848054.454739 6.893199921 0.978033781 9.391725540 0.013828726 -0.855985165 0.069480896 0.512123585
1341848054.486883 6.920540810 0.996453762 9.417838097 0.013360099 -0.857454896 0.070252083 0.509565890
1341848054.522689 6.929355621 1.001844883 9.429999352 0.011988716 -0.857735574 0.069736242 0.509198248
1341848054.554861 6.982582569 1.004655480 9.446399689 0.011311122 -0.856540024 0.071823515 0.510933042
1341848054.590790 7.034248352 1.012561917 9.437330246 0.008993235 -0.854813933 0.075524762 0.513330638
1341848054.622694 7.061203957 1.016916752 9.443313599 0.007451113 -0.854279757 0.075325020 0.514272988
1341848054.656449 7.087991238 1.022365689 9.530298233 0.005746884 -0.855724871 0.074890636 0.511950493
1341848054.691021 7.117845535 1.035191536 9.532096863 0.004265296 -0.853092432 0.076459624 0.516109645
1341848054.722739 7.136787891 1.033760786 9.522405624 0.005341474 -0.851068914 0.077243641 0.519313574
1341848054.754741 7.166744232 1.039396763 9.524111748 0.005118728 -0.849176705 0.079956323 0.521995962
1341848054.790887 7.194247723 1.046943188 9.524792671 0.004217309 -0.847424805 0.083305113 0.524322093
1341848054.822877 7.246381760 1.056171060 9.528388977 -0.000031194 -0.844864368 0.086349830 0.527965963
1341848054.858903 7.245977879 1.052439809 9.531216621 -0.005229173 -0.843512714 0.089117251 0.529638708
1341848054.890895 7.317950249 1.078685045 9.503431320 -0.006653436 -0.840768278 0.093999021 0.533131003
1341848054.922754 7.345527649 1.095191121 9.526077271 -0.008787037 -0.838880181 0.098057285 0.535338759
1341848054.958727 7.365951061 1.094970703 9.521131516 -0.014148047 -0.836466253 0.101307280 0.538387358
1341848054.991052 7.386278629 1.089354992 9.545191765 -0.014256178 -0.836960018 0.102553569 0.537380099
1341848055.023048 7.444848537 1.108826876 9.545608521 -0.013505522 -0.834268153 0.106080510 0.540889323
1341848055.058739 7.468677521 1.116877675 9.580093384 -0.015812410 -0.832790196 0.108778715 0.542565882
1341848055.090735 7.491750717 1.126458406 9.563501358 -0.016923044 -0.831376553 0.112439349 0.543952227
1341848055.126977 7.552571297 1.136220574 9.556172371 -0.019119855 -0.830061436 0.114694029 0.545415223
1341848055.159212 7.609149933 1.164150357 9.557220459 -0.020005751 -0.827773392 0.115800746 0.548617601
1341848055.190986 7.618489265 1.159818530 9.583736420 -0.021492658 -0.826564014 0.118494697 0.549808145
1341848055.226768 7.655885696 1.170862436 9.596603394 -0.022876153 -0.826225638 0.122219987 0.549445450
1341848055.258881 7.719178200 1.178436756 9.600125313 -0.024474882 -0.825659931 0.121349476 0.550418913
1341848055.294725 7.754045486 1.177412033 9.609441757 -0.027215924 -0.825614691 0.120964684 0.550442755
1341848055.326795 7.783049583 1.194089174 9.624563217 -0.028310722 -0.825754881 0.123498127 0.549614072
1341848055.358938 7.833277702 1.207361221 9.634573936 -0.027185380 -0.825527608 0.122564234 0.550220966
1341848055.394711 7.864955902 1.215326548 9.639175415 -0.025769355 -0.824122787 0.120287225 0.552891135
1341848055.426823 7.877242088 1.217814803 9.641588211 -0.026585450 -0.822932601 0.119737402 0.554741502
1341848055.458813 7.877511024 1.217851639 9.641752243 -0.027081497 -0.822052896 0.120282441 0.555902779
1341848055.494734 7.879192352 1.217659712 9.641935349 -0.029895922 -0.821144402 0.119613163 0.557243943
1341848055.526713 7.928473473 1.244215012 9.653001785 -0.029927513 -0.819938302 0.119477347 0.559044480
1341848055.562613 7.994516373 1.248956203 9.677293777 -0.030415600 -0.818999708 0.120033577 0.560273409
1341848055.594685 8.049294472 1.248884082 9.680048943 -0.031372804 -0.817067444 0.118686825 0.563320637
1341848055.626675 8.081297874 1.253998876 9.703895569 -0.034232132 -0.816506207 0.117663585 0.564181805
1341848055.662951 8.095689774 1.261955619 9.709293365 -0.034998123 -0.816405058 0.117996737 0.564211667
1341848055.694797 8.097957611 1.261114717 9.709083557 -0.036222328 -0.814852476 0.117104657 0.566559732
1341848055.726774 8.151255608 1.257802963 9.702725410 -0.041018572 -0.809925437 0.113767341 0.573929608
1341848055.762799 8.179741859 1.257139206 9.728330612 -0.046413060 -0.809706748 0.115713246 0.573438108
1341848055.794951 8.186455727 1.255437613 9.740289688 -0.047164965 -0.809959173 0.116355531 0.572889984
1341848055.830810 8.202623367 1.266605258 9.741247177 -0.049838662 -0.807022572 0.118189730 0.576421618
1341848055.862804 8.207327843 1.266437411 9.742759705 -0.052780412 -0.805112660 0.121617138 0.578115165
1341848055.894792 8.213313103 1.268153191 9.742652893 -0.054574244 -0.803893030 0.124624148 0.579004824
1341848055.930676 8.219018936 1.269865513 9.742120743 -0.054997969 -0.802602530 0.125974894 0.580460787
1341848055.962765 8.218518257 1.269339442 9.742813110 -0.058170322 -0.802094102 0.128593951 0.580280006
1341848055.994709 8.218198776 1.268947840 9.743335724 -0.060101502 -0.801876605 0.129232034 0.580242038
1341848056.030693 8.230633736 1.273063183 9.742984772 -0.062908500 -0.802203238 0.128655076 0.579620898
1341848056.062776 8.236922264 1.274354219 9.742021561 -0.065100446 -0.802091002 0.129586220 0.579326630
1341848056.098792 8.235372543 1.273961663 9.742690086 -0.066021264 -0.802243888 0.129902899 0.578939676
1341848056.130649 8.236145973 1.274333358 9.743261337 -0.066644222 -0.802318275 0.130546555 0.578620434
1341848056.162731 8.252649307 1.277225018 9.741043091 -0.066206545 -0.802685797 0.131165221 0.578020751
1341848056.198744 8.247550964 1.277921081 9.742959976 -0.068241447 -0.804923892 0.133837536 0.574045539
1341848056.230727 8.251049042 1.276678801 9.742250443 -0.070076816 -0.806732714 0.133862570 0.571272612
1341848056.263915 8.241712570 1.269594073 9.748325348 -0.070851482 -0.809502780 0.132868990 0.567477882
1341848056.298771 8.238386154 1.274284720 9.745571136 -0.069751263 -0.811227560 0.133531347 0.564990401
1341848056.330676 8.261373520 1.280448198 9.741851807 -0.069980659 -0.812324584 0.132349297 0.563662291
1341848056.366737 8.243978500 1.275546551 9.731266975 -0.073203892 -0.813723087 0.133854136 0.560873449
1341848056.398744 8.257819176 1.274365664 9.731440544 -0.076325104 -0.816639721 0.135091245 0.555899739
1341848056.430750 8.282742500 1.284135818 9.725963593 -0.081649601 -0.819216847 0.132284030 0.552012682
1341848056.466830 8.292526245 1.271957636 9.717561722 -0.091111511 -0.821572721 0.128798530 0.547839344
1341848056.498895 8.326857567 1.276445389 9.713522911 -0.093866535 -0.824196339 0.126845315 0.543874800
1341848056.534778 8.342462540 1.266191483 9.731213570 -0.093844622 -0.827325284 0.121015348 0.540445626
1341848056.566729 8.356666565 1.253014326 9.751832962 -0.101685099 -0.830095232 0.119181544 0.535161495
1341848056.598948 8.387223244 1.265564442 9.748891830 -0.101028018 -0.831808686 0.121030249 0.532202363
1341848056.634801 8.344605446 1.243202686 9.795698166 -0.106765039 -0.838687420 0.116528898 0.521177232
1341848056.666759 8.359185219 1.261729717 9.795831680 -0.107886560 -0.841889560 0.114789225 0.516145289
1341848056.698889 8.369438171 1.257329941 9.839134216 -0.108439751 -0.846146524 0.113333210 0.509345114
1341848056.734784 8.376129150 1.249848843 9.863308907 -0.108301595 -0.849531591 0.110882141 0.504253983
1341848056.766724 8.380239487 1.262676001 9.807378769 -0.107041188 -0.850578427 0.110284820 0.502887428
1341848056.802861 8.409643173 1.272450566 9.808193207 -0.105340414 -0.852693439 0.107349716 0.500293255
1341848056.834980 8.414531708 1.258098245 9.876129150 -0.106067188 -0.857232749 0.104781307 0.492871910
1341848056.866661 8.402411461 1.275331736 9.927226067 -0.102482140 -0.861844480 0.103493489 0.485809356
1341848056.902748 8.422543526 1.277760386 9.835710526 -0.100666411 -0.859201431 0.103469633 0.490849465
1341848056.934715 8.432737350 1.262490392 9.870424271 -0.101362564 -0.860022902 0.099938676 0.489998490
1341848056.966788 8.411450386 1.272280097 9.860857964 -0.099982269 -0.860887229 0.100153767 0.488718778
1341848057.002703 8.440167427 1.286550403 9.868638039 -0.099410094 -0.861603081 0.099520311 0.487702250
1341848057.034763 8.448964119 1.280458927 9.896557808 -0.100963444 -0.862002134 0.095459528 0.487489760
1341848057.070964 8.438679695 1.262476563 9.897586823 -0.101053447 -0.862673283 0.093535937 0.486656010
1341848057.102757 8.458616257 1.279030800 9.911645889 -0.098518334 -0.864128292 0.092278250 0.484831154
1341848057.134714 8.479427338 1.279708624 9.924345970 -0.101422869 -0.864270926 0.089737318 0.484454721
1341848057.170739 8.421610832 1.265685558 9.952993393 -0.101876594 -0.867029309 0.086475208 0.480003595
1341848057.202641 8.424325943 1.269926429 9.972730637 -0.098460153 -0.869367123 0.084299862 0.476864755
1341848057.234679 8.487075806 1.287432432 9.994276047 -0.098031864 -0.868923187 0.080951616 0.478339940
1341848057.270814 8.483551025 1.285377264 10.002462387 -0.100230418 -0.869905531 0.077490374 0.476669252
1341848057.302860 8.441917419 1.265095830 10.055722237 -0.102365457 -0.873392820 0.073654175 0.470405668
1341848057.338756 8.496430397 1.295989871 10.019095421 -0.098295569 -0.872292817 0.071406007 0.473650128
1341848057.370841 8.476356506 1.254408121 10.067502022 -0.106515422 -0.873517036 0.066408485 0.470332265
1341848057.402722 8.488226891 1.259862423 10.087025642 -0.107573979 -0.875144124 0.064920470 0.467264324
1341848057.438870 8.509908676 1.262731791 10.100506783 -0.108155929 -0.875448346 0.063018896 0.466820389
1341848057.470699 8.518445969 1.267841578 10.105117798 -0.111197434 -0.874138236 0.061231159 0.468794525
1341848057.506720 8.513217926 1.261486530 10.114609718 -0.115392379 -0.874445319 0.061390441 0.467184424
1341848057.538788 8.550325394 1.342034578 10.081050873 -0.109707855 -0.875774324 0.062660985 0.465893984
1341848057.571069 8.579161644 1.296699047 10.153549194 -0.117138378 -0.876054585 0.057675451 0.464198828
1341848057.606668 8.618608475 1.336291552 10.109363556 -0.118342616 -0.874556184 0.056119531 0.466901690
1341848057.638819 8.520093918 1.365593433 10.142695427 -0.114084370 -0.876531959 0.054433923 0.464449704
1341848057.670943 8.557992935 1.374825239 10.142745972 -0.115527801 -0.874816835 0.052628156 0.467524588
1341848057.706823 8.539152145 1.364543915 10.148506165 -0.121584825 -0.873708904 0.053026263 0.468015134
1341848057.738890 8.550025940 1.366894484 10.164421082 -0.122871801 -0.874357939 0.053448647 0.466416121
1341848057.774986 8.596828461 1.371341944 10.173518181 -0.126009926 -0.873497903 0.052738428 0.467270523
1341848057.806842 8.582822800 1.369212508 10.174669266 -0.132164583 -0.872643352 0.054795768 0.466930032
1341848057.838760 8.766592026 1.371809483 10.214511871 -0.136760056 -0.872346878 0.053976841 0.466255426
1341848057.874817 8.720033646 1.377141476 10.202480316 -0.135526747 -0.873734415 0.052738041 0.464154571
1341848057.906831 8.757772446 1.385862947 10.232649803 -0.134350374 -0.874837220 0.051305979 0.462577224
1341848057.938847 8.729928970 1.382025242 10.231266975 -0.137184873 -0.876320601 0.052246790 0.458816767
1341848057.975316 8.743805885 1.380834818 10.243226051 -0.140162066 -0.877718508 0.050768115 0.455398113
1341848058.006833 8.684284210 1.399437666 10.252624512 -0.140528440 -0.879191816 0.057809938 0.451587886
1341848058.042753 8.635040283 1.383303285 10.256945610 -0.139981359 -0.882392406 0.059490755 0.445252568
1341848058.075970 8.652467728 1.403761387 10.319426537 -0.135641247 -0.887488663 0.058036059 0.436574489
1341848058.106790 8.641265869 1.397845387 10.314201355 -0.134984553 -0.889818728 0.057709381 0.432054937
1341848058.142699 8.643064499 1.403342485 10.337947845 -0.131740212 -0.893306077 0.059531927 0.425564051
1341848058.174743 8.767356873 1.382107019 10.363587379 -0.131799117 -0.894746780 0.056267183 0.422955334
1341848058.207081 8.845340729 1.400376201 10.356548309 -0.126250893 -0.896180153 0.055183131 0.421754450
1341848058.242740 8.872457504 1.399606943 10.355586052 -0.124616362 -0.898086429 0.056425586 0.418004483
1341848058.274694 8.844045639 1.403258681 10.349799156 -0.120852537 -0.900280237 0.057816811 0.414182961
1341848058.310701 8.843690872 1.406888962 10.363945961 -0.118028484 -0.901087403 0.060516924 0.412854105
1341848058.343169 8.851608276 1.410400391 10.367285728 -0.113250695 -0.902769923 0.062683702 0.410184890
1341848058.374887 8.886339188 1.403165102 10.367233276 -0.115367405 -0.902830541 0.063026428 0.409408182
1341848058.410669 8.885165215 1.401556253 10.364683151 -0.116447940 -0.902824819 0.061483841 0.409349531
1341848058.442794 8.906772614 1.412046909 10.394139290 -0.119526684 -0.905057490 0.063052610 0.403247714
1341848058.474732 8.930885315 1.420808434 10.382094383 -0.118990526 -0.905388653 0.064024113 0.402509212
1341848058.510788 8.929626465 1.420175552 10.381065369 -0.119622551 -0.904454648 0.066487409 0.404019535
1341848058.542970 8.930363655 1.423652649 10.394412994 -0.122376814 -0.904967129 0.069430567 0.401544392
1341848058.578948 8.935153961 1.426723003 10.406611443 -0.125454754 -0.905219734 0.070675306 0.399804115
1341848058.610842 8.932076454 1.425297379 10.401519775 -0.128724560 -0.903872669 0.071776152 0.401612401
1341848058.643060 8.940516472 1.433261395 10.388199806 -0.128772259 -0.903300226 0.073429115 0.402584940
1341848058.678730 8.941601753 1.434441566 10.392669678 -0.128304198 -0.903763175 0.074393585 0.401517004
1341848058.710728 8.922246933 1.444620609 10.358743668 -0.127226368 -0.900062501 0.083435595 0.408337414
1341848058.746819 8.918573380 1.439977288 10.380541801 -0.125188276 -0.900236547 0.081225418 0.409028798
1341848058.778710 8.926523209 1.442110658 10.390413284 -0.128675431 -0.901371360 0.081516795 0.405373186
1341848058.810874 8.895414352 1.421312571 10.401634216 -0.133809075 -0.902765572 0.079646401 0.400956333
1341848058.846829 8.882728577 1.426303744 10.399756432 -0.135241494 -0.902154207 0.079097018 0.401959240
1341848058.879577 8.865570068 1.427212715 10.403589249 -0.137754723 -0.901567101 0.081109576 0.402021945
1341848058.910866 8.870479584 1.430070639 10.409847260 -0.139447734 -0.901506066 0.082299076 0.401332915
1341848058.946807 8.880973816 1.430254102 10.405788422 -0.142316490 -0.900099218 0.083356291 0.403260767
1341848058.978865 8.862911224 1.429723978 10.403775215 -0.142749757 -0.899773240 0.085307911 0.403426886
1341848059.014660 8.860249519 1.428157091 10.405662537 -0.142828271 -0.899327338 0.088718891 0.403657615
1341848059.046707 8.836732864 1.416655302 10.425494194 -0.143554509 -0.899572968 0.088391639 0.402923822
1341848059.078771 8.841993332 1.415874243 10.424310684 -0.144220486 -0.898077965 0.088613227 0.405960858
1341848059.114675 8.836004257 1.416665077 10.425312996 -0.142791882 -0.896749139 0.089124009 0.409277976
1341848059.146706 8.839794159 1.415551424 10.427445412 -0.142971337 -0.895870209 0.088805586 0.411204755
1341848059.178722 8.838568687 1.418718696 10.425551414 -0.142852575 -0.894985318 0.089298144 0.413062215
1341848059.214738 8.803517342 1.480461717 10.582151413 -0.129687488 -0.903924167 0.082278974 0.399164826
1341848059.246762 8.818038940 1.485503554 10.580182076 -0.129047766 -0.901392519 0.085008919 0.404489577
1341848059.282693 8.808690071 1.470894933 10.580872536 -0.132442430 -0.900008202 0.086747475 0.406102479
1341848059.314667 8.798230171 1.481314301 10.592971802 -0.132263452 -0.899357557 0.089629792 0.406975329
1341848059.346758 8.803997040 1.478015423 10.592856407 -0.134408221 -0.897513926 0.090641022 0.410106629
1341848059.382694 8.802456856 1.477724552 10.592675209 -0.136102617 -0.896913350 0.091871768 0.410587698
1341848059.414736 8.799652100 1.476832271 10.590253830 -0.135836154 -0.895371079 0.094246291 0.413493365
1341848059.446788 8.804963112 1.479227424 10.587220192 -0.135325715 -0.893233955 0.094938986 0.418098837
1341848059.482693 8.794635773 1.468329430 10.595362663 -0.138239250 -0.891852379 0.095190696 0.420033336
1341848059.514652 8.787765503 1.467252135 10.595486641 -0.140439272 -0.891125560 0.096902877 0.420454532
1341848059.550754 8.798762321 1.469338179 10.595983505 -0.139268085 -0.890340447 0.096160345 0.422671884
1341848059.582695 8.796937943 1.469411612 10.596368790 -0.140088975 -0.888646483 0.097781338 0.425583541
1341848059.614734 8.801874161 1.470202923 10.596997261 -0.141478434 -0.887923002 0.101820678 0.425686747
1341848059.650722 8.801376343 1.469924092 10.597347260 -0.141999289 -0.888182163 0.103733592 0.424509287
1341848059.682731 8.815711975 1.473640084 10.600846291 -0.139236033 -0.887918174 0.102346756 0.426309675
1341848059.718703 8.800830841 1.467047453 10.609037399 -0.139403194 -0.887542963 0.101309039 0.427283078
1341848059.750904 8.801847458 1.467156172 10.609197617 -0.139444768 -0.887509525 0.104806446 0.426494539
1341848059.782774 8.806158066 1.467969656 10.609556198 -0.137612969 -0.887542009 0.104337759 0.427136570
1341848059.818759 8.812490463 1.467659712 10.610718727 -0.137630656 -0.886397123 0.101562679 0.430166304
1341848059.850685 8.800678253 1.466992736 10.609068871 -0.137466908 -0.885994732 0.104943663 0.430236071
1341848059.882730 8.794628143 1.463729382 10.614974022 -0.135828421 -0.886488080 0.107559018 0.429092854
1341848059.918755 8.811608315 1.469011068 10.611153603 -0.134310037 -0.886325657 0.109074526 0.429523438
1341848059.950805 8.822564125 1.471041560 10.612608910 -0.134447753 -0.886066854 0.110967889 0.429529458
1341848059.986776 8.815367699 1.467664003 10.620165825 -0.133936048 -0.886974871 0.112453364 0.427423626
1341848060.018660 8.819028854 1.471777678 10.617677689 -0.130202845 -0.886780083 0.114581078 0.428415030
1341848060.050701 8.802851677 1.484549761 10.575480461 -0.124474525 -0.883605540 0.119762346 0.435206085
1341848060.086783 8.917354584 1.524634838 10.709917068 -0.119843967 -0.889066279 0.121001936 0.424920142
1341848060.118813 8.913851738 1.525611162 10.711731911 -0.116676196 -0.890274167 0.122876666 0.422729075
1341848060.150800 8.917310715 1.522136927 10.710218430 -0.114878133 -0.889164507 0.121495336 0.425944239
1341848060.186872 8.909440994 1.524299383 10.710460663 -0.113538139 -0.888855517 0.121874094 0.426839322
1341848060.218851 8.921224594 1.527509689 10.710944176 -0.109915636 -0.888992369 0.124939710 0.426616013
1341848060.254799 8.922611237 1.518642902 10.706708908 -0.107630409 -0.887791216 0.121951349 0.430546552
1341848060.287466 8.918340683 1.527776241 10.711017609 -0.107870691 -0.886993349 0.121572942 0.432234645
1341848060.318914 8.918510437 1.528272629 10.711354256 -0.105591401 -0.887435079 0.123701967 0.431285590
1341848060.354641 8.918891907 1.528133154 10.711126328 -0.101822458 -0.887601912 0.121311150 0.432525992
1341848060.387254 8.918291092 1.528009176 10.710752487 -0.101216711 -0.886162639 0.119411848 0.436132789
1341848060.418639 8.924772263 1.520302534 10.703733444 -0.100899227 -0.886012435 0.121203415 0.436017364
1341848060.454775 8.925362587 1.512567997 10.701906204 -0.098145217 -0.886299908 0.120062873 0.436377108
1341848060.486697 8.924350739 1.512291193 10.701287270 -0.095713973 -0.884839177 0.118673749 0.440244406
1341848060.522925 8.926777840 1.515385270 10.691940308 -0.092868656 -0.884193540 0.121463381 0.441388577
1341848060.554710 8.918941498 1.511835337 10.696146965 -0.089970551 -0.884057820 0.123737887 0.441628903
1341848060.586692 8.871962547 1.478048801 10.618612289 -0.091864064 -0.878567278 0.123351790 0.452178001
1341848060.622697 8.915334702 1.510042191 10.691571236 -0.087791793 -0.881688237 0.122247703 0.447184563
1341848060.656087 8.900049210 1.503780842 10.698236465 -0.086541399 -0.882789612 0.124146648 0.444725364
1341848060.687258 8.926477432 1.507964611 10.682443619 -0.085506037 -0.880820274 0.122978732 0.449133307
1341848060.723165 8.923515320 1.507624388 10.681962013 -0.086995572 -0.880038559 0.124239802 0.450031579
1341848060.757863 8.835693359 1.452553511 10.610186577 -0.093671575 -0.877708852 0.128861412 0.451937556
1341848060.790920 8.841022491 1.453663588 10.615805626 -0.093060911 -0.878931940 0.128739282 0.449716121
1341848060.823967 8.842906952 1.456122875 10.617377281 -0.091708295 -0.879852951 0.129502848 0.447970301
1341848060.862432 8.901241302 1.478174448 10.676115990 -0.089152969 -0.883568347 0.131337911 0.440578163
1341848060.895671 8.850780487 1.461541414 10.635666847 -0.090650618 -0.883007824 0.132571116 0.441026747
1341848060.923126 8.848985672 1.462102175 10.635547638 -0.090269826 -0.883787632 0.133652076 0.439212799
1341848060.960845 8.847318649 1.461338520 10.633457184 -0.089399777 -0.884332597 0.135681435 0.437669009
1341848060.996857 8.828071594 1.461120367 10.620485306 -0.089084916 -0.884577155 0.136729106 0.436912417
1341848061.030587 8.821836472 1.460652113 10.614616394 -0.089472659 -0.884905815 0.138760224 0.435524970
1341848061.062246 8.825374603 1.461754560 10.613923073 -0.087665133 -0.885205209 0.138674349 0.435311407
1341848061.100583 8.903738976 1.469199419 10.622218132 -0.084974870 -0.884350359 0.139124885 0.437433392
1341848061.129837 8.901478767 1.477349043 10.612320900 -0.081841186 -0.883394182 0.143648237 0.438499749
1341848061.197947 8.915496826 1.476230145 10.587903976 -0.082609415 -0.879867017 0.151722789 0.442707598
1341848061.226804 8.909571648 1.474304676 10.584296227 -0.080034070 -0.879031718 0.156121790 0.443310022
1341848061.259408 8.928840637 1.489954710 10.576337814 -0.077992864 -0.877737701 0.159357086 0.445083231
1341848061.290885 8.923629761 1.486662149 10.571527481 -0.078193039 -0.877015412 0.162246972 0.445427716
1341848061.326612 8.875141144 1.490962982 10.549767494 -0.076599829 -0.875846624 0.166560307 0.446411103
1341848061.358867 8.869710922 1.472800732 10.521028519 -0.077915370 -0.873288929 0.168484673 0.450453848
1341848061.390845 8.893134117 1.479088068 10.545609474 -0.078501150 -0.873527884 0.170366973 0.449179053
1341848061.426913 8.881151199 1.485202551 10.541452408 -0.077659428 -0.873233557 0.171773642 0.449361742
1341848061.458837 8.878563881 1.482157946 10.531469345 -0.079458639 -0.871688962 0.172422439 0.451791108
1341848061.494657 8.877454758 1.471831560 10.531197548 -0.079662025 -0.870775223 0.173392341 0.453144133
1341848061.526736 8.877620697 1.484092236 10.533218384 -0.077073790 -0.870476484 0.175168201 0.453482628
1341848061.558821 8.866123199 1.471874952 10.524060249 -0.078775465 -0.869843960 0.173131078 0.455183029
1341848061.594750 8.869606018 1.468440056 10.528813362 -0.079378232 -0.869260907 0.172347695 0.456487596
1341848061.626731 8.872407913 1.470201731 10.519068718 -0.079771146 -0.867895663 0.176125452 0.457573503
1341848061.658831 8.866964340 1.463293552 10.522708893 -0.079093821 -0.867601156 0.173249900 0.459344119
1341848061.694894 8.868835449 1.467694998 10.516906738 -0.080472790 -0.865934491 0.174216732 0.461876780
1341848061.726726 8.861690521 1.464643955 10.503067017 -0.080512956 -0.865286112 0.175862923 0.462460756
1341848061.762815 8.861616135 1.464110136 10.503199577 -0.079171121 -0.864938438 0.173742861 0.464141101
1341848061.794816 8.869113922 1.470542192 10.506891251 -0.078887500 -0.864135742 0.173849478 0.465642154
1341848061.826740 8.860977173 1.464904308 10.501162529 -0.080167092 -0.863673627 0.175061032 0.465826988
1341848061.862883 8.864758492 1.463448286 10.499684334 -0.079323038 -0.863879502 0.172586173 0.466512710
1341848061.894834 8.852428436 1.458630323 10.496430397 -0.079932600 -0.863915265 0.171375826 0.466788620
1341848061.930667 8.861080170 1.464498281 10.502751350 -0.077442981 -0.864293396 0.171157375 0.466588378
1341848061.962828 8.852203369 1.457544327 10.494437218 -0.078566492 -0.864180744 0.170276418 0.466931492
1341848061.997188 8.837222099 1.451323986 10.488327026 -0.079851970 -0.864744842 0.169306666 0.466020674
1341848062.030704 8.843617439 1.451067924 10.487336159 -0.077696428 -0.865641594 0.167305693 0.465442508
1341848062.063265 8.828211784 1.450758219 10.477428436 -0.076466858 -0.865681589 0.166415587 0.465890616
1341848062.094872 8.832435608 1.446856022 10.481283188 -0.076281078 -0.867158473 0.164468586 0.463861495
1341848062.130773 8.820282936 1.441154957 10.473958015 -0.076242901 -0.868119776 0.163279280 0.462487787
1341848062.163385 8.827256203 1.442589045 10.477463722 -0.073325045 -0.869313240 0.161435902 0.461363703
1341848062.198718 8.804492950 1.445182562 10.470746994 -0.068885908 -0.870010912 0.161278561 0.460787356
1341848062.230750 8.838842392 1.451884747 10.497752190 -0.065484792 -0.872186363 0.158383325 0.458167493
1341848062.262814 8.834678650 1.445852518 10.467278481 -0.068868056 -0.872315705 0.158614323 0.457344502
1341848062.299276 8.826306343 1.442091465 10.468150139 -0.068859197 -0.873820364 0.156603321 0.455161393
1341848062.330839 8.806478500 1.447631598 10.467105865 -0.065127537 -0.875144482 0.154701710 0.453814864
1341848062.362763 8.792446136 1.435752153 10.456610680 -0.065362826 -0.875190854 0.155217901 0.453515232
1341848062.398825 8.800211906 1.445033073 10.468885422 -0.063663162 -0.877151489 0.155406147 0.449890196
1341848062.430832 8.813703537 1.432523966 10.463374138 -0.068811387 -0.876550317 0.155863345 0.450145662
1341848062.466855 8.789759636 1.442175150 10.463963509 -0.068666771 -0.878442109 0.156194076 0.446349382
1341848062.498723 8.782140732 1.439381599 10.466671944 -0.070488222 -0.879567146 0.157035902 0.443545640
1341848062.530743 8.782552719 1.439637184 10.453602791 -0.069137566 -0.879791558 0.155830979 0.443738163
1341848062.566929 8.800252914 1.420388222 10.446324348 -0.073363476 -0.878693640 0.154921338 0.445549816
1341848062.598817 8.800987244 1.426846504 10.450022697 -0.076209605 -0.879060924 0.157718346 0.443360955
1341848062.630793 8.793261528 1.415340185 10.430030823 -0.079944447 -0.879232883 0.158493832 0.442083925
1341848062.666740 8.761386871 1.430647135 10.413760185 -0.075986616 -0.879728794 0.156119838 0.442639679
1341848062.698720 8.758548737 1.428863764 10.411542892 -0.074444734 -0.879242182 0.157383725 0.443420410
1341848062.734924 8.769918442 1.429337025 10.406361580 -0.074805379 -0.879147291 0.159682125 0.442725390
1341848062.766819 8.768911362 1.429530382 10.398120880 -0.076875903 -0.878655374 0.158525333 0.443761855
1341848062.798717 8.755094528 1.443170309 10.370875359 -0.074702851 -0.877706707 0.161399692 0.444972545
1341848062.834828 8.770915985 1.431960821 10.408207893 -0.074627377 -0.880323350 0.158985034 0.440664709
1341848062.866781 8.756474495 1.438248634 10.368427277 -0.072357155 -0.879118741 0.157691687 0.443900943
1341848062.899075 8.745122910 1.432248592 10.364938736 -0.071901523 -0.879226863 0.156643972 0.444131732
1341848062.934962 8.751200676 1.429484129 10.352136612 -0.066825315 -0.879710674 0.156128094 0.444148123
1341848062.966930 8.748573303 1.425251722 10.348528862 -0.063236125 -0.880168080 0.151948094 0.445215911
1341848063.002905 8.743398666 1.422333479 10.346247673 -0.064338170 -0.880029619 0.151187047 0.445590675
1341848063.034972 8.716040611 1.410942793 10.330743790 -0.064273275 -0.880986214 0.152801111 0.443152428
1341848063.066737 8.723724365 1.415187597 10.334901810 -0.062255178 -0.881727278 0.151272193 0.442490846
1341848063.102822 8.720293045 1.414727688 10.333442688 -0.059879366 -0.881835639 0.151758879 0.442436039
1341848063.135045 8.722360611 1.413397551 10.332506180 -0.059464362 -0.882007241 0.152590171 0.441863626
1341848063.170739 8.725410461 1.416149378 10.333962440 -0.059320077 -0.883176923 0.151382014 0.439958245
1341848063.202662 8.708627701 1.403812647 10.319092751 -0.059202261 -0.883327067 0.150433242 0.439998031
1341848063.234990 8.711158752 1.405490160 10.319322586 -0.055065412 -0.883269250 0.150173604 0.440739274
1341848063.270800 8.706665039 1.399021864 10.309277534 -0.053452250 -0.882511795 0.148933038 0.442871153
1341848063.302788 8.708697319 1.401118279 10.311930656 -0.051309757 -0.882464588 0.147658378 0.443644643
1341848063.334854 8.713967323 1.403863668 10.309973717 -0.048871916 -0.883246303 0.146594271 0.442716211
1341848063.370653 8.712804794 1.402770281 10.308735847 -0.046801444 -0.883103311 0.142859444 0.444442689
1341848063.402698 8.709146500 1.400735140 10.306596756 -0.045199454 -0.882323802 0.140257940 0.446978122
1341848063.439276 8.702812195 1.397336245 10.303243637 -0.043317534 -0.882275403 0.138045952 0.447947562
1341848063.470742 8.707054138 1.398455620 10.303664207 -0.041570209 -0.882159710 0.135253564 0.449191093
1341848063.502776 8.697462082 1.392218947 10.299542427 -0.043103047 -0.881146014 0.130582049 0.452407062
1341848063.541802 8.685805321 1.389738083 10.256577492 -0.043847721 -0.879026711 0.133005485 0.455739975
1341848063.577805 8.690493584 1.389839649 10.255346298 -0.044958636 -0.878757715 0.133011207 0.456148624
1341848063.609732 8.681959152 1.384902954 10.252283096 -0.048880450 -0.878362656 0.130021244 0.457366705
1341848063.643039 8.668777466 1.378453255 10.248353958 -0.050150279 -0.878824234 0.130382597 0.456238210
1341848063.677955 8.665918350 1.376240373 10.247389793 -0.051005486 -0.879344642 0.128387913 0.455706030
1341848063.709890 8.661592484 1.373910308 10.245882034 -0.053700771 -0.880155981 0.123761036 0.455109775
1341848063.745768 8.642484665 1.365696669 10.235442162 -0.055250186 -0.880990326 0.122798771 0.453567952
1341848063.777773 8.643333435 1.372016788 10.217771530 -0.051334411 -0.880697012 0.121369258 0.454980284
1341848063.809840 8.626676559 1.360836864 10.209251404 -0.051402312 -0.880423069 0.118627079 0.456224412
1341848063.845733 8.600424767 1.356219769 10.200408936 -0.051154967 -0.881241798 0.120276026 0.454235494
1341848063.877902 8.595662117 1.360412598 10.190404892 -0.049639326 -0.880979180 0.120476536 0.454859406
1341848063.913769 8.584487915 1.377332330 10.152441978 -0.044166252 -0.878556132 0.121322997 0.459857762
1341848063.945802 8.543910980 1.353877902 10.149189949 -0.042420115 -0.878208756 0.123034723 0.460230947
1341848063.977856 8.540616035 1.347342372 10.139289856 -0.043671899 -0.878156483 0.126453891 0.459285647
1341848064.013951 8.531761169 1.343263984 10.126388550 -0.044435147 -0.878062427 0.127105862 0.459212422
1341848064.045815 8.491655350 1.336319566 10.097294807 -0.042064592 -0.878011584 0.129369214 0.458900690
1341848064.081699 8.509148598 1.349240184 10.079003334 -0.037640508 -0.876626790 0.132761925 0.460958749
1341848064.113685 8.506749153 1.343170643 10.067967415 -0.038873374 -0.874929249 0.131732523 0.464364380
1341848064.145823 8.454664230 1.326044321 10.037600517 -0.041482039 -0.874649584 0.132556856 0.464430869
1341848064.181846 8.419995308 1.344541788 10.041859627 -0.038862143 -0.875846446 0.136786461 0.461163938
1341848064.213863 8.444129944 1.332221985 10.010343552 -0.041358810 -0.873157024 0.136390746 0.466137230
1341848064.249771 8.394535065 1.338352919 10.001665115 -0.039089721 -0.871583641 0.137819037 0.468849570
1341848064.282977 8.353578568 1.321375370 10.006013870 -0.038736358 -0.871954083 0.140641272 0.467349678
1341848064.313795 8.329097748 1.301073551 9.989490509 -0.039678290 -0.870659471 0.140262485 0.469791651
1341848064.349790 8.325824738 1.300259113 9.983659744 -0.039256442 -0.868958116 0.139859915 0.473085552
1341848064.382619 8.330148697 1.308774233 9.985640526 -0.036991529 -0.867284298 0.142021403 0.475688577
1341848064.418063 8.339124680 1.314687014 9.980247498 -0.037471540 -0.865581810 0.142681271 0.478545755
1341848064.449767 8.294666290 1.286366463 9.956783295 -0.038529821 -0.864138484 0.139790133 0.481911719
1341848064.481773 8.298836708 1.293581605 9.937707901 -0.033586729 -0.861568689 0.140974596 0.486515760
1341848064.518010 8.307719231 1.297349453 9.926728249 -0.029368721 -0.858676255 0.142233923 0.491510034
1341848064.549704 8.310453415 1.298160076 9.925889969 -0.031035766 -0.857418716 0.143673822 0.493181348
1341848064.581714 8.291982651 1.288981676 9.923753738 -0.032021124 -0.856988013 0.146729603 0.492967188
1341848064.617693 8.282899857 1.284115314 9.922263145 -0.032970350 -0.856314123 0.150125593 0.493053138
1341848064.649724 8.288558960 1.287888765 9.920105934 -0.033873476 -0.855082452 0.152243227 0.494478106
1341848064.685821 8.282924652 1.282468081 9.915074348 -0.036434092 -0.854546726 0.153007373 0.494986057
1341848064.749892 8.288974762 1.288171768 9.916376114 -0.035968151 -0.853314519 0.153136581 0.497101456
1341848064.778913 8.293749809 1.292921782 9.916618347 -0.028851300 -0.853636682 0.150383070 0.497852355
1341848064.810737 8.310628891 1.298678637 9.910673141 -0.030277820 -0.853129745 0.152279943 0.498059958
1341848064.842702 8.302008629 1.293230534 9.908995628 -0.034369204 -0.853264511 0.152573511 0.497473478
1341848064.878850 8.303401947 1.296851397 9.909470558 -0.031888887 -0.852972627 0.152488992 0.498164564
1341848064.910832 8.301948547 1.296695709 9.909158707 -0.032943312 -0.853643835 0.154046968 0.496463984
1341848064.946850 8.307132721 1.298633575 9.908985138 -0.036940608 -0.853905559 0.154188603 0.495687991
1341848064.978809 8.315385818 1.301665783 9.907253265 -0.040857002 -0.852797210 0.157136947 0.496362478
1341848065.010770 8.326641083 1.313000679 9.906537056 -0.035927858 -0.851981282 0.156534970 0.498331189
1341848065.046751 8.332044601 1.313161135 9.905863762 -0.039028812 -0.851255119 0.156306505 0.499409497
1341848065.078713 8.341114044 1.316054821 9.891291618 -0.040655527 -0.850443661 0.157348558 0.500334084
1341848065.110686 8.284135818 1.308920383 9.854255676 -0.039900459 -0.849640191 0.158123031 0.501514316
1341848065.146689 8.247051239 1.289526224 9.835688591 -0.043791618 -0.848414183 0.157544270 0.503443599
1341848065.178847 8.242862701 1.290547371 9.830374718 -0.041275267 -0.847408235 0.160756811 0.504334211
1341848065.214760 8.252872467 1.292413950 9.827849388 -0.039478119 -0.846252084 0.162217245 0.505949080
1341848065.246768 8.243659973 1.280528545 9.821084976 -0.038977940 -0.846214414 0.158004358 0.507382035
1341848065.278735 8.214056015 1.290177345 9.789489746 -0.036893282 -0.844676673 0.159873262 0.509510338
1341848065.314761 8.223225594 1.272826433 9.785516739 -0.036357604 -0.843854308 0.159948334 0.510886073
1341848065.346776 8.236794472 1.279962301 9.783954620 -0.033890765 -0.843227744 0.158545315 0.512524903
1341848065.382824 8.233020782 1.278440952 9.774921417 -0.032151077 -0.841632187 0.159626141 0.514918506
1341848065.414914 8.235185623 1.279066563 9.773715019 -0.031208634 -0.841029048 0.159705520 0.515936315
1341848065.446728 8.248683929 1.287089348 9.770529747 -0.027408266 -0.839903474 0.159864470 0.517932832
1341848065.482830 8.254905701 1.288017035 9.768032074 -0.024750534 -0.837852478 0.160828292 0.521080613
1341848065.514745 8.256273270 1.292087078 9.763027191 -0.023749711 -0.836490393 0.161717430 0.523036540
1341848065.546916 8.263463974 1.296124697 9.761157990 -0.021520924 -0.835974634 0.161648318 0.523978233
1341848065.582742 8.274537086 1.299612761 9.759733200 -0.017682103 -0.834709585 0.161173970 0.526279569
1341848065.614763 8.285772324 1.303228617 9.758329391 -0.017877856 -0.833540499 0.162180945 0.527814329
1341848065.650809 8.287227631 1.303771257 9.757982254 -0.016168831 -0.833499670 0.161929324 0.528011262
1341848065.682873 8.287670135 1.303782463 9.757631302 -0.015125128 -0.833560407 0.162710294 0.527706027
1341848065.714808 8.285355568 1.302358627 9.758156776 -0.016646700 -0.833333850 0.163508311 0.527771473
1341848065.750674 8.264207840 1.291630507 9.758670807 -0.012751365 -0.834605575 0.159164071 0.527198017
1341848065.782722 8.264544487 1.292129874 9.758414268 -0.009570467 -0.836542249 0.156778187 0.524905801
1341848065.814742 8.267509460 1.294035316 9.758042336 -0.003993431 -0.837537944 0.152061999 0.524777472
1341848065.850746 8.253820419 1.289957285 9.758920670 -0.002513115 -0.838785768 0.150826350 0.523147762
1341848065.882795 8.244759560 1.285099268 9.760410309 -0.003396924 -0.841710329 0.149105519 0.518921673
1341848065.918698 8.266790390 1.276327372 9.748500824 -0.007460597 -0.844721496 0.146936566 0.514586806
1341848065.950762 8.286180496 1.276811123 9.736480713 -0.009703092 -0.846169770 0.142242610 0.513487816
1341848065.982774 8.278303146 1.275041699 9.737581253 -0.006097576 -0.848735273 0.138998792 0.510186851
1341848066.018773 8.295866013 1.278664470 9.733335495 -0.005469677 -0.850246906 0.137195557 0.508161187
1341848066.050717 8.279082298 1.267663717 9.731498718 -0.004610546 -0.851662159 0.132012859 0.507171452
1341848066.082818 8.277171135 1.280872226 9.718212128 -0.001862092 -0.852253318 0.129786387 0.506770492
1341848066.118721 8.286137581 1.286662221 9.719833374 -0.002831833 -0.854337811 0.131018966 0.502924383
1341848066.150964 8.293848038 1.257743001 9.707126617 -0.004379781 -0.855329514 0.126933560 0.502275050
1341848066.186782 8.290877342 1.269935727 9.706665993 -0.004700097 -0.855500400 0.126477927 0.502095878
1341848066.218688 8.296832085 1.270056367 9.706221581 -0.004549872 -0.856926262 0.125745952 0.499844730
1341848066.250777 8.281181335 1.268296003 9.692674637 -0.003879648 -0.857074618 0.126328215 0.499448985
1341848066.286736 8.276661873 1.259842873 9.677574158 -0.003861659 -0.856148303 0.125336364 0.501284480
1341848066.318695 8.277868271 1.260543227 9.675788879 -0.002176356 -0.856260657 0.125609308 0.501034319
1341848066.354797 8.277589798 1.271469235 9.652119637 0.000332754 -0.854774594 0.128385589 0.502869308
1341848066.386761 8.254735947 1.297826290 9.632966995 0.004733394 -0.853361309 0.130390584 0.504728138
1341848066.418820 8.248821259 1.296019197 9.629644394 0.006624448 -0.853024185 0.131880477 0.504889607
1341848066.454695 8.259378433 1.299798965 9.623909950 0.008683011 -0.852933586 0.133884072 0.504483819
1341848066.486874 8.256425858 1.301228881 9.629160881 0.011253560 -0.853769064 0.133165777 0.503208458
1341848066.522806 8.242690086 1.288553357 9.623819351 0.011429749 -0.854127049 0.130653948 0.503255308
1341848066.555107 8.237200737 1.286777973 9.621465683 0.015469637 -0.854590416 0.130880386 0.502300918
1341848066.586881 8.243799210 1.291472912 9.621376991 0.019908084 -0.854858935 0.129517153 0.502040982
1341848066.623500 8.242827415 1.291231036 9.618131638 0.024362501 -0.853653550 0.128457621 0.504163444
1341848066.655239 8.251466751 1.298437476 9.618470192 0.029381882 -0.853326321 0.129069537 0.504293561
1341848066.697724 8.255584717 1.300826073 9.615316391 0.033363156 -0.852411926 0.127449036 0.506001651
1341848066.732527 8.253425598 1.304185033 9.618856430 0.040272318 -0.851181984 0.127834484 0.507469893
1341848066.764415 8.259454727 1.312969565 9.611021042 0.046220772 -0.849379122 0.129668698 0.509514272
1341848066.795253 8.273218155 1.324091673 9.606764793 0.051798012 -0.846879482 0.130096108 0.513017774
1341848066.833355 8.263878822 1.319811106 9.604417801 0.058868460 -0.845964670 0.127221689 0.514483213
1341848066.862103 8.275512695 1.327283025 9.604057312 0.061129294 -0.845071137 0.127622873 0.515587568
1341848066.905023 8.298505783 1.339482903 9.596900940 0.058598977 -0.843403280 0.127850518 0.518547297
1341848066.930221 8.298692703 1.343025684 9.588174820 0.060216244 -0.843441546 0.127365828 0.518419087
1341848066.997936 8.326366425 1.360610962 9.585338593 0.063212901 -0.841015458 0.125260308 0.522500813
1341848067.023497 8.313976288 1.355070114 9.583846092 0.063837387 -0.841195703 0.125408828 0.522098839
1341848067.054702 8.318971634 1.359478474 9.588296890 0.069159031 -0.840880573 0.123011686 0.522498846
1341848067.090940 8.315706253 1.359301567 9.576859474 0.070525579 -0.838538885 0.122017257 0.526298821
1341848067.122963 8.302666664 1.362228155 9.598028183 0.072871074 -0.839564443 0.124607384 0.523731172
1341848067.158821 8.325078964 1.371469140 9.610206604 0.075559042 -0.838811457 0.125642285 0.524309278
1341848067.191143 8.325911522 1.366789937 9.612763405 0.075568527 -0.838700116 0.124891885 0.524665177
1341848067.222948 8.328659058 1.373441935 9.610170364 0.075954415 -0.838615119 0.126519963 0.524355173
1341848067.258733 8.331016541 1.376770139 9.609735489 0.077997595 -0.837666333 0.126618758 0.525546551
1341848067.291049 8.359052658 1.385833502 9.596940994 0.075309083 -0.835785568 0.127924576 0.528608024
1341848067.322816 8.351265907 1.377775073 9.598217010 0.070753224 -0.836104035 0.130167872 0.528186023
1341848067.358674 8.345512390 1.372696877 9.599920273 0.071430378 -0.836240709 0.128802374 0.528213203
1341848067.390706 8.363222122 1.374351263 9.577670097 0.065531023 -0.833121598 0.131760135 0.533154190
1341848067.426869 8.369790077 1.390766144 9.591002464 0.062875926 -0.833026707 0.134630561 0.532904983
1341848067.458745 8.381122589 1.392973900 9.585832596 0.060708184 -0.831530094 0.135849193 0.535179615
1341848067.491527 8.390925407 1.397285700 9.587905884 0.057199311 -0.830428600 0.135889053 0.537262380
1341848067.526659 8.372313499 1.392303467 9.587240219 0.055866707 -0.829865992 0.136248559 0.538179994
1341848067.558770 8.385250092 1.400817633 9.587874413 0.056172632 -0.828494251 0.136272013 0.540251672
1341848067.594659 8.394470215 1.406403542 9.586463928 0.057516135 -0.826225340 0.134205475 0.544088721
1341848067.626656 8.387733459 1.402524114 9.586822510 0.058456182 -0.824825704 0.135030136 0.545905054
1341848067.658983 8.398624420 1.409849405 9.586988449 0.059266713 -0.823489249 0.137976632 0.547097325
1341848067.694893 8.413143158 1.414328337 9.586672783 0.055743415 -0.821777821 0.140206292 0.549468935
1341848067.726732 8.403400421 1.412964344 9.589965820 0.058387924 -0.821511149 0.141880482 0.549163282
1341848067.758667 8.430213928 1.436341763 9.601998329 0.058810789 -0.819989026 0.145790190 0.550367594
1341848067.794813 8.425305367 1.415501595 9.582586288 0.056959383 -0.817967057 0.144599304 0.553874075
1341848067.826795 8.429838181 1.429376125 9.592720032 0.058563024 -0.817235887 0.146407112 0.554311156
1341848067.862808 8.436901093 1.436329007 9.589876175 0.057269853 -0.815414310 0.151211709 0.555836976
