1311867170.462290 0.000000000 0.000000000 0.000000000 -0.000000000 -0.000000000 -0.000000000 1.000000000
1311867170.494139 0.000058266 0.000049317 -0.000006951 -0.000282988 -0.000677749 -0.001344872 0.999998808
1311867170.526429 0.000102592 0.000042289 -0.000047344 -0.001012652 -0.004508973 -0.001400720 0.999988377
1311867170.562349 0.000148132 0.000048319 -0.000037763 -0.002710639 -0.008448933 -0.001094142 0.999960065
1311867170.594217 0.000273943 0.000213243 -0.000168264 -0.004025374 -0.012096548 0.000080098 0.999918759
1311867170.626087 0.005477974 0.005918062 -0.006712424 -0.001006363 -0.017859280 -0.000830418 0.999839664
1311867170.662140 0.005917180 0.006400913 -0.007397657 -0.000983153 -0.019511802 -0.002439262 0.999806166
1311867170.694205 0.005956623 0.006472615 -0.007648961 -0.001524089 -0.019744316 -0.005654958 0.999787927
1311867170.726388 0.006023558 0.006575094 -0.007820410 -0.002556459 -0.019795174 -0.006252640 0.999781251
1311867170.762019 0.008589495 0.007507538 -0.008690332 -0.001266879 -0.024096513 -0.005822024 0.999691904
1311867170.794192 0.008627326 0.007557371 -0.008705306 0.000254411 -0.027483640 -0.003700355 0.999615431
1311867170.826282 0.008529102 0.009155483 -0.010092860 0.005914357 -0.029301940 -0.002392658 0.999550283
1311867170.862221 0.008735549 0.009293364 -0.010405524 0.009478035 -0.031774588 -0.002780069 0.999446332
1311867170.894378 0.008843336 0.009395723 -0.010535860 0.012548167 -0.032884765 -0.001904392 0.999378562
1311867170.926352 0.010501743 0.010540053 -0.010498031 0.016747754 -0.033206895 -0.004232997 0.999299228
1311867170.962147 0.010642139 0.010663439 -0.010722583 0.019567823 -0.033301014 -0.005848212 0.999236763
1311867170.994263 0.010803944 0.010816108 -0.010975151 0.021754060 -0.035205215 -0.007143416 0.999117851
1311867171.026274 0.010798596 0.010916779 -0.010985832 0.023527311 -0.034625314 -0.008303328 0.999088943
1311867171.062352 0.011828920 0.015160554 -0.016233368 0.030201897 -0.035814647 -0.008763285 0.998863518
1311867171.094235 0.011847590 0.015180293 -0.016302079 0.032343462 -0.036561646 -0.008106221 0.998775005
1311867171.126251 0.011828305 0.015228542 -0.016259922 0.033980120 -0.036678065 -0.005575787 0.998733699
1311867171.162247 0.015015741 0.016450141 -0.019872263 0.037921134 -0.041469727 -0.004625236 0.998409212
1311867171.194269 0.015007684 0.016461225 -0.019915154 0.038695026 -0.041948073 -0.002816629 0.998366296
1311867171.226253 0.014952307 0.016414426 -0.019841954 0.038936406 -0.039922472 -0.002137432 0.998441577
1311867171.262244 0.014931439 0.016382588 -0.019830236 0.039045945 -0.036595151 -0.004629721 0.998556435
1311867171.294341 0.014842992 0.016322222 -0.019772103 0.037116338 -0.029337030 -0.007570917 0.998851597
1311867171.326387 0.014739910 0.016232135 -0.019627763 0.035561148 -0.024147138 -0.010282209 0.999022841
1311867171.362246 0.010941171 0.017150665 -0.023284860 0.033775084 -0.015123825 -0.012482726 0.999237061
1311867171.394143 0.011076917 0.017266996 -0.023563217 0.030469686 -0.013630450 -0.012315195 0.999366879
1311867171.426288 0.011139187 0.017304176 -0.023488859 0.029948840 -0.014291940 -0.013508807 0.999357939
1311867171.462244 0.011116700 0.017273722 -0.023529304 0.030950937 -0.014948236 -0.015732041 0.999285281
1311867171.494404 0.011108695 0.017282898 -0.023575984 0.031050682 -0.014619284 -0.015707506 0.999287486
1311867171.526178 0.011245941 0.017499935 -0.024000449 0.031634871 -0.015235944 -0.015258670 0.999266863
1311867171.562297 0.011790076 0.018475687 -0.026718285 0.032678828 -0.017602373 -0.015939122 0.999183774
1311867171.594293 0.012707328 0.019279504 -0.027854305 0.032514956 -0.017558469 -0.018068347 0.999153733
1311867171.626340 0.012752868 0.018833933 -0.026853735 0.032637492 -0.017528964 -0.020571049 0.999101818
1311867171.662256 0.016269362 0.017387493 -0.028615864 0.031951178 -0.021725778 -0.022893343 0.998991013
1311867171.694344 0.016946623 0.016873458 -0.028113028 0.031311549 -0.024337867 -0.022526005 0.998959363
1311867171.726244 0.021000177 0.017483586 -0.027845148 0.032076929 -0.031454131 -0.022072304 0.998746514
1311867171.762119 0.019982332 0.018428396 -0.027723705 0.033579078 -0.034311634 -0.020593651 0.998634636
1311867171.794171 0.016120858 0.018550316 -0.028701510 0.034883898 -0.033846561 -0.019516129 0.998627365
1311867171.826255 0.016129617 0.018575896 -0.028710961 0.035902247 -0.034208898 -0.021113446 0.998546481
1311867171.862359 0.016219661 0.018600419 -0.028655242 0.036896825 -0.035709165 -0.021642234 0.998446405
1311867171.894443 0.016327374 0.018569332 -0.028691271 0.037301522 -0.039578896 -0.022732859 0.998261154
1311867171.926222 0.016454699 0.018665412 -0.028759325 0.037039734 -0.042481530 -0.022824585 0.998149514
1311867171.962467 0.016448485 0.018517410 -0.028570360 0.035957504 -0.045726508 -0.023453882 0.998031080
1311867171.994671 0.016605679 0.018552857 -0.028731557 0.034387652 -0.048265293 -0.024565665 0.997940183
1311867172.026268 0.022230590 0.011304227 -0.030296938 0.026537098 -0.055154145 -0.027460214 0.997747362
1311867172.062288 0.022427350 0.011306268 -0.030398091 0.023746425 -0.057435110 -0.027402408 0.997690558
1311867172.094196 0.022464368 0.011367016 -0.030241711 0.022326199 -0.059966732 -0.026894983 0.997588217
1311867172.126369 0.022253651 0.011084053 -0.029494599 0.020146115 -0.063511424 -0.025284780 0.997457385
1311867172.162335 0.022895506 0.010946743 -0.029566187 0.018903924 -0.067411393 -0.024132231 0.997254312
1311867172.194427 0.022776026 0.010886235 -0.028649688 0.017032890 -0.070258468 -0.023239106 0.997112632
1311867172.226441 0.021735786 0.010253451 -0.027498167 0.014891074 -0.072278462 -0.022513285 0.997019172
1311867172.262228 0.021202249 0.005566800 -0.024985492 0.009776659 -0.073647782 -0.021775028 0.996998608
1311867172.294483 0.021528840 0.005687764 -0.025279596 0.008612879 -0.074396737 -0.022739612 0.996932209
1311867172.326338 0.021483628 0.005703470 -0.025138376 0.007147860 -0.075233638 -0.021972921 0.996898234
1311867172.362401 0.021621881 0.005784226 -0.025198152 0.006261471 -0.077233151 -0.021311972 0.996765614
1311867172.394289 0.021764213 0.005576948 -0.025091631 0.005338184 -0.080088072 -0.020678446 0.996558964
1311867172.426522 0.022153724 0.005808916 -0.025261248 0.005467338 -0.083229907 -0.019976685 0.996315122
1311867172.462350 0.022021454 0.005720372 -0.025333593 0.004827446 -0.084310323 -0.020813579 0.996210456
1311867172.495267 0.021959400 0.005763961 -0.025252497 0.003747208 -0.083716154 -0.020052318 0.996280909
1311867172.526306 0.024325162 0.004243860 -0.021292411 0.003506242 -0.088432319 -0.021040669 0.995853782
1311867172.562493 0.024363991 0.004224231 -0.021317570 0.003819898 -0.090508014 -0.022246387 0.995639920
1311867172.594544 0.024520595 0.004243407 -0.021387780 0.003260765 -0.091089271 -0.022555130 0.995581925
1311867172.626370 0.024864607 0.004487916 -0.021818185 0.002768639 -0.092220336 -0.022538854 0.995479703
1311867172.662442 0.024752630 0.004319314 -0.021558331 0.001649541 -0.092552572 -0.022654224 0.995448768
1311867172.694545 0.025449648 0.004504565 -0.021955786 0.001184199 -0.093742684 -0.024722295 0.995288789
1311867172.726393 0.025778335 0.004712495 -0.022516226 -0.000095016 -0.092529356 -0.025851343 0.995374382
1311867172.762374 0.026312307 0.004990277 -0.022889502 -0.001181367 -0.093645722 -0.027622228 0.995221674
1311867172.794451 0.030021533 0.004886746 -0.022001248 -0.002134043 -0.096844181 -0.029623887 0.994856298
1311867172.826309 0.030164361 0.004992339 -0.021991195 -0.002577247 -0.099455900 -0.031444438 0.994541705
1311867172.863231 0.030083321 0.004929385 -0.021564938 -0.002523374 -0.101477988 -0.031919848 0.994322360
1311867172.894465 0.030622322 0.005426320 -0.022330442 -0.002344598 -0.103032753 -0.032389965 0.994147718
1311867172.926322 0.030455275 0.004992882 -0.021784300 -0.002270738 -0.104838885 -0.032311495 0.993961573
1311867172.962331 0.030632263 0.004851557 -0.021575034 -0.002082479 -0.106270075 -0.031615950 0.993832350
1311867172.994527 0.030596826 0.005215800 -0.022035848 -0.001440681 -0.106162861 -0.031556170 0.993846893
1311867173.026263 0.030508239 0.005084466 -0.021622797 -0.002005485 -0.108425319 -0.028251944 0.993701041
1311867173.062463 0.030304668 0.005068977 -0.021309031 -0.002319454 -0.108939372 -0.026715327 0.993686676
1311867173.094518 0.030913448 0.005061355 -0.021714618 -0.002618414 -0.109231062 -0.025046023 0.993697405
1311867173.126782 0.031006532 0.005153952 -0.021951767 -0.002570388 -0.111446545 -0.024519050 0.993464589
1311867173.162231 0.031097028 0.005268359 -0.022160396 -0.003737488 -0.111628443 -0.024261646 0.993446827
1311867173.194301 0.031097701 0.005265884 -0.021625753 -0.004499175 -0.112909265 -0.024124805 0.993302226
1311867173.226445 0.030811317 0.004887398 -0.021074116 -0.005595538 -0.115480535 -0.024943510 0.992980719
1311867173.262202 0.029527012 0.003238158 -0.019026835 -0.008989374 -0.116377048 -0.023934694 0.992875993
1311867173.294268 0.029534541 0.003303722 -0.019093379 -0.010138386 -0.117522724 -0.024565384 0.992714584
1311867173.326288 0.029720096 0.003285624 -0.018908435 -0.010142979 -0.118818827 -0.025738293 0.992530525
1311867173.362328 0.029674668 0.003148676 -0.018556103 -0.010715630 -0.120194979 -0.026990645 0.992325544
1311867173.394287 0.029434469 0.002882101 -0.018064186 -0.011326489 -0.121899545 -0.027137086 0.992106795
1311867173.426279 0.030132901 0.003315995 -0.018633628 -0.010052513 -0.124290310 -0.027367046 0.991817534
1311867173.462290 0.030192839 0.003338428 -0.018866885 -0.010151742 -0.126296595 -0.025368471 0.991616189
1311867173.494339 0.030014113 0.003288577 -0.018533004 -0.009799745 -0.127216071 -0.025758475 0.991492093
1311867173.526390 0.030226177 0.003251122 -0.018725932 -0.009420885 -0.128396153 -0.025926940 0.991339326
1311867173.562437 0.034039874 0.003799650 -0.017578436 -0.009246888 -0.131154865 -0.028015487 0.990922868
1311867173.594311 0.034129500 0.003779280 -0.017570850 -0.009518672 -0.131439373 -0.029323384 0.990844727
1311867173.626396 0.034199353 0.003811679 -0.017447105 -0.008553375 -0.133555114 -0.030090999 0.990547597
1311867173.662330 0.034201015 0.003817522 -0.017492220 -0.008490975 -0.134013206 -0.029640526 0.990499854
1311867173.694354 0.034430269 0.003937354 -0.017720098 -0.008130464 -0.134328708 -0.028769951 0.990485728
1311867173.726797 0.034643680 0.003850188 -0.017298101 -0.006606118 -0.136179879 -0.029676730 0.990217507
1311867173.762397 0.034527682 0.003761435 -0.017606046 -0.007022235 -0.135839775 -0.029764092 0.990258753
1311867173.794356 0.034718268 0.003885531 -0.017365444 -0.007499204 -0.136071607 -0.029334160 0.990236282
1311867173.826567 0.034657106 0.003740614 -0.017215373 -0.006441890 -0.136958137 -0.030418320 0.990088820
1311867173.863580 0.034782052 0.003752080 -0.017455412 -0.007286673 -0.137767181 -0.028788149 0.990019381
1311867173.894608 0.034735579 0.003609753 -0.016858011 -0.007202286 -0.139974192 -0.027464574 0.989748001
1311867173.926697 0.038401626 0.005801639 -0.014434535 -0.004755259 -0.148097828 -0.027193233 0.988587379
1311867173.962546 0.038495015 0.005757668 -0.014765564 -0.006628620 -0.150415063 -0.024368357 0.988300383
1311867173.994431 0.038717184 0.005952672 -0.014675051 -0.007599130 -0.152517721 -0.022662435 0.988011658
1311867174.026426 0.038565807 0.005761800 -0.014481506 -0.007333747 -0.154632345 -0.023057248 0.987675846
1311867174.062463 0.038525090 0.005738839 -0.014578783 -0.008823168 -0.153857261 -0.024204273 0.987757206
1311867174.094519 0.038870141 0.005827282 -0.014626234 -0.011155505 -0.153294042 -0.023838073 0.987830102
1311867174.126454 0.038870133 0.005674664 -0.014396236 -0.011265499 -0.153853163 -0.026116274 0.987684309
1311867174.162433 0.038973458 0.005716573 -0.014654581 -0.012930069 -0.154235348 -0.027287029 0.987572670
1311867174.194398 0.040303458 0.005757505 -0.017041819 -0.015595704 -0.152271822 -0.026106568 0.987870753
1311867174.226758 0.040287703 0.005842688 -0.017013004 -0.016076906 -0.153423235 -0.026799344 0.987666249
1311867174.262677 0.040368345 0.005752065 -0.016922405 -0.017026709 -0.154886425 -0.028637322 0.987370431
1311867174.294528 0.040383540 0.005770663 -0.016949691 -0.018188711 -0.152968928 -0.029552551 0.987621605
1311867174.326574 0.040449463 0.005745179 -0.016980072 -0.017487230 -0.153325438 -0.030770808 0.987541735
1311867174.362433 0.040640250 0.005685299 -0.017038548 -0.018264681 -0.154823497 -0.031138135 0.987282455
1311867174.394636 0.040576007 0.005666924 -0.017005438 -0.020051556 -0.155098230 -0.029216206 0.987263381
1311867174.426679 0.040461469 0.005734586 -0.016917184 -0.020338858 -0.157337517 -0.028827939 0.986914456
1311867174.463016 0.040743176 0.005743045 -0.016968483 -0.019729014 -0.161037177 -0.028935574 0.986326814
1311867174.494567 0.040562730 0.005678919 -0.016893264 -0.021186979 -0.160004348 -0.027753750 0.986498654
1311867174.526752 0.041019242 0.005675893 -0.016867541 -0.019987887 -0.163443908 -0.027563263 0.985965014
1311867174.562350 0.040985167 0.005739247 -0.016972331 -0.019880984 -0.164547220 -0.028434973 0.985758841
1311867174.594488 0.041152824 0.005675959 -0.016981233 -0.020814335 -0.164554313 -0.027978679 0.985751390
1311867174.626546 0.041049495 0.005800504 -0.016494313 -0.021238092 -0.167480096 -0.027322460 0.985267997
1311867174.662491 0.041341942 0.005729118 -0.017005853 -0.020682769 -0.169637725 -0.028536379 0.984876156
1311867174.694591 0.041370235 0.005443476 -0.016955746 -0.023240199 -0.170119911 -0.027260948 0.984772086
1311867174.726563 0.041903585 0.005623945 -0.017294386 -0.023698885 -0.173085719 -0.025271185 0.984297276
1311867174.762376 0.041716333 0.004437591 -0.013805089 -0.023719713 -0.175021842 -0.028695092 0.983860433
1311867174.794474 0.041770607 0.004447531 -0.013878614 -0.023694791 -0.175562546 -0.028669354 0.983765483
1311867174.827330 0.041786980 0.004460118 -0.013712130 -0.023065193 -0.176457986 -0.027750596 0.983646572
1311867174.862423 0.041962277 0.004427609 -0.013690926 -0.022642428 -0.179164499 -0.027214035 0.983182013
1311867174.894420 0.042015661 0.004441819 -0.013657726 -0.022233250 -0.179753989 -0.029213538 0.983026326
1311867174.926975 0.042049590 0.004336575 -0.013503960 -0.022383340 -0.179939196 -0.029543912 0.982979238
1311867174.962643 0.042064704 0.004451299 -0.013590254 -0.020472256 -0.178731084 -0.031291131 0.983187139
1311867174.994335 0.042231183 0.004317230 -0.013464584 -0.019830791 -0.181124896 -0.032802753 0.982712865
1311867175.026551 0.042052004 0.004355167 -0.013402289 -0.021472931 -0.181683987 -0.032848679 0.982573628
1311867175.063312 0.042144358 0.004359908 -0.013358932 -0.022280727 -0.184671476 -0.032216057 0.982019424
1311867175.094719 0.042300377 0.004303779 -0.013483564 -0.023843054 -0.186706007 -0.032172464 0.981599391
1311867175.126531 0.042191476 0.004321372 -0.013398699 -0.025339032 -0.186730966 -0.031047460 0.981593430
1311867175.162518 0.042534117 0.004484958 -0.013452068 -0.026617285 -0.188705355 -0.030814808 0.981189251
1311867175.194640 0.042499296 0.004319928 -0.013282577 -0.027000213 -0.189882413 -0.032366641 0.980901659
1311867175.227005 0.042606253 0.004494921 -0.013553226 -0.028907405 -0.188861772 -0.031385671 0.981076241
1311867175.262467 0.048319038 0.000619771 -0.012244333 -0.032419212 -0.193831041 -0.030311383 0.980030477
1311867175.294451 0.048360091 0.000586430 -0.012343361 -0.033793580 -0.195938304 -0.029301669 0.979595661
1311867175.326706 0.048402574 0.000504117 -0.012214981 -0.036855735 -0.196666151 -0.029056339 0.979346633
1311867175.362565 0.048460972 0.000482440 -0.011840813 -0.038463697 -0.197210222 -0.029591700 0.979159355
1311867175.394599 0.048264474 0.000417929 -0.011708501 -0.038905665 -0.197881058 -0.030604420 0.978975415
1311867175.426606 0.048627619 0.000384133 -0.011720835 -0.039972473 -0.198297605 -0.031428739 0.978822052
1311867175.462600 0.048813973 0.000259664 -0.011087483 -0.040276561 -0.200294688 -0.032509584 0.978367507
1311867175.494573 0.049078774 -0.000104793 -0.009961890 -0.041031785 -0.203526869 -0.032552298 0.977667451
1311867175.526427 0.048997752 0.000160616 -0.010568559 -0.040142991 -0.202946693 -0.034980983 0.977741063
1311867175.562570 0.049131505 -0.000032575 -0.010199830 -0.041501671 -0.203132808 -0.036001459 0.977608621
1311867175.594664 0.050761614 0.003129723 -0.010294609 -0.038415872 -0.204237342 -0.038567342 0.977406740
1311867175.626480 0.050885092 0.003159771 -0.010351170 -0.038782053 -0.206383616 -0.038709383 0.976935744
1311867175.662493 0.050877813 0.003106797 -0.010276010 -0.041205369 -0.208145291 -0.038028963 0.976489365
1311867175.694700 0.050718099 0.002977587 -0.009758822 -0.042283364 -0.212279633 -0.037371397 0.975578249
1311867175.727312 0.050922681 0.003003469 -0.009681565 -0.042087745 -0.214852706 -0.037219360 0.975029111
1311867175.762497 0.050531674 0.002915862 -0.009648539 -0.043676328 -0.214305609 -0.037767425 0.975058556
1311867175.794862 0.058870874 0.004473025 -0.003311536 -0.042555448 -0.224620968 -0.036579233 0.972829163
1311867175.828797 0.058846653 0.004386132 -0.003279123 -0.042152945 -0.225853115 -0.037513819 0.972525716
1311867175.862552 0.059079722 0.004450740 -0.003377872 -0.043194953 -0.227934197 -0.036432143 0.972035468
1311867175.894608 0.058736555 0.004309747 -0.002903675 -0.044136997 -0.229818240 -0.035295118 0.971591413
1311867175.928243 0.059165038 0.004400944 -0.002914854 -0.042758387 -0.233428672 -0.036789902 0.970736504
1311867175.962937 0.059171982 0.004503002 -0.003346184 -0.042111799 -0.233571053 -0.037812464 0.970691204
1311867175.998300 0.059090648 0.004310050 -0.002870056 -0.042910248 -0.233715713 -0.037165452 0.970646441
1311867176.026851 0.058799461 0.004214614 -0.002524769 -0.040799856 -0.233774975 -0.037011221 0.970728993
1311867176.062706 0.059167411 0.004520983 -0.003207778 -0.038588032 -0.236300245 -0.035082400 0.970279574
1311867176.094660 0.059644599 0.004513033 -0.003292240 -0.038012847 -0.237826213 -0.032003194 0.970035851
1311867176.126812 0.059906986 0.004709669 -0.003575935 -0.037384909 -0.239709318 -0.028864028 0.969695210
1311867176.162590 0.059740584 0.004705144 -0.003784898 -0.036139421 -0.238744691 -0.028749662 0.969983697
1311867176.194692 0.059996676 0.004816465 -0.003880262 -0.034496155 -0.238520190 -0.030134801 0.970056772
1311867176.226536 0.060136765 0.004820258 -0.003864010 -0.032799222 -0.236767322 -0.032996159 0.970451832
1311867176.262502 0.066900007 0.001653374 0.000429946 -0.034088898 -0.244968683 -0.034021225 0.968334079
1311867176.294611 0.067057431 0.001510335 0.000530650 -0.033815816 -0.246733531 -0.034428444 0.967881083
1311867176.326602 0.067210212 0.001635849 0.000521697 -0.034523137 -0.247604162 -0.034411266 0.967634320
1311867176.362456 0.067057297 0.001529239 0.000579468 -0.034424610 -0.249550655 -0.033598479 0.967166305
1311867176.395244 0.067089073 0.001532857 0.000510505 -0.034927886 -0.250967234 -0.032740247 0.966811061
1311867176.426836 0.067089878 0.001431480 0.000540261 -0.035718046 -0.250963837 -0.033389404 0.966760874
1311867176.462966 0.067127094 0.001470516 0.000732817 -0.035214134 -0.251265705 -0.033606105 0.966693461
1311867176.494581 0.066976219 0.001271842 0.001083968 -0.034433696 -0.251960039 -0.033697102 0.966537654
1311867176.526621 0.067175940 0.001330640 0.000807586 -0.035512388 -0.252576321 -0.033035006 0.966360629
1311867176.563639 0.067493841 0.001712005 0.000561821 -0.034660086 -0.254763961 -0.032227211 0.965844452
1311867176.594609 0.068457969 0.002085520 -0.000298225 -0.033394646 -0.256410629 -0.030941579 0.965495229
1311867176.628384 0.068029828 0.001881423 -0.000045919 -0.033026986 -0.257831991 -0.032174449 0.965089023
1311867176.662578 0.068877392 0.001967790 -0.000581416 -0.032665789 -0.258460075 -0.032501671 0.964922309
1311867176.694518 0.069913618 0.002319863 -0.001134081 -0.030586785 -0.258781135 -0.035043310 0.964815438
1311867176.726589 0.065694928 -0.000972270 -0.001445394 -0.033243682 -0.256684870 -0.037363201 0.965200365
1311867176.763233 0.065763742 -0.000959921 -0.001429761 -0.033303197 -0.259133309 -0.036858913 0.964563251
1311867176.794768 0.065766014 -0.000990397 -0.001287566 -0.032863710 -0.261305958 -0.037615098 0.963962853
1311867176.826677 0.065898575 -0.001039849 -0.001202121 -0.032296468 -0.263291866 -0.037739750 0.963436604
1311867176.862731 0.065764621 -0.001057846 -0.001169194 -0.032326423 -0.262787998 -0.038139381 0.963557422
1311867176.894955 0.065845981 -0.001131023 -0.000881672 -0.032262463 -0.263834655 -0.038722023 0.963250220
1311867176.926818 0.065935493 -0.001144099 -0.000927785 -0.031415824 -0.266128987 -0.039180938 0.962628305
1311867176.965061 0.065900147 -0.001258409 -0.000820570 -0.032224018 -0.267612487 -0.040169042 0.962149560
1311867176.994748 0.065951258 -0.001158664 -0.000840683 -0.032392807 -0.268919915 -0.040500160 0.961765349
1311867177.026728 0.066031411 -0.001093144 -0.001024488 -0.031435605 -0.269708067 -0.040326755 0.961583674
1311867177.062634 0.066342004 -0.001000164 -0.001033865 -0.031674668 -0.271529257 -0.039902896 0.961080849
1311867177.094685 0.063706473 -0.001080039 0.000137642 -0.031921383 -0.269059658 -0.040797926 0.961729467
1311867177.126615 0.064760298 -0.000611099 -0.000121659 -0.030948834 -0.271693677 -0.038973577 0.961096227
1311867177.162730 0.065565422 -0.000918554 -0.000408194 -0.030786380 -0.273749769 -0.040746488 0.960444152
1311867177.194646 0.064008266 -0.000849051 0.000407388 -0.031842478 -0.274058461 -0.040036228 0.960351586
1311867177.226473 0.075164065 -0.001368585 0.005564474 -0.032485813 -0.288233519 -0.040629063 0.956146121
1311867177.263864 0.075524338 -0.001237923 0.005223958 -0.032035906 -0.288197547 -0.041140527 0.956150353
1311867177.294618 0.075547755 -0.001249073 0.005347400 -0.031959031 -0.290007085 -0.040545933 0.955630958
1311867177.327609 0.075596258 -0.001317894 0.005410193 -0.031511553 -0.291747600 -0.041242886 0.955086052
1311867177.362771 0.075352237 -0.001331006 0.005590698 -0.031954352 -0.291995615 -0.041294817 0.954993367
1311867177.394609 0.075773954 -0.001252419 0.005604025 -0.031726081 -0.294397831 -0.041321818 0.954262018
1311867177.426748 0.075838596 -0.001175331 0.005442878 -0.031581648 -0.295764953 -0.042660460 0.953785002
1311867177.462604 0.075682752 -0.001465040 0.005708635 -0.032852188 -0.296831369 -0.042893630 0.953400314
1311867177.494643 0.075254522 -0.001492920 0.005928967 -0.032831039 -0.297037840 -0.044191770 0.953277409
1311867177.527617 0.074916840 -0.003851623 0.006196710 -0.034445971 -0.296990067 -0.046633985 0.953118920
1311867177.562640 0.074933290 -0.003846801 0.006341108 -0.035106335 -0.298599005 -0.046714313 0.952588141
1311867177.594731 0.074983202 -0.003871428 0.006386874 -0.035087183 -0.300693661 -0.046297222 0.951950073
1311867177.631145 0.075252198 -0.003949668 0.006704994 -0.035594195 -0.302939713 -0.046340253 0.951216698
1311867177.662483 0.075349510 -0.003901606 0.006479068 -0.035828367 -0.303228498 -0.046182044 0.951123595
1311867177.694561 0.075402707 -0.003951214 0.006637565 -0.035886943 -0.304512352 -0.045885749 0.950725496
1311867177.730584 0.075223774 -0.004047965 0.006740902 -0.037149277 -0.304901391 -0.046428744 0.950525939
1311867177.762538 0.075265095 -0.003949773 0.006641563 -0.036934119 -0.304333985 -0.046823166 0.950696766
1311867177.794559 0.075517826 -0.003978520 0.006591162 -0.037292235 -0.305245936 -0.046254065 0.950418234
1311867177.830915 0.075073376 -0.004087266 0.006948677 -0.037515324 -0.306216627 -0.045240179 0.950145960
1311867177.862532 0.075434744 -0.003961843 0.006667605 -0.036882520 -0.306116790 -0.044845175 0.950221658
1311867177.894692 0.075566940 -0.004071162 0.006545039 -0.038257889 -0.306523830 -0.043611493 0.950093448
1311867177.931786 0.081246555 -0.005783348 0.010184649 -0.038796693 -0.313201129 -0.046494767 0.947754323
1311867177.962791 0.081313796 -0.005811512 0.010030816 -0.038341179 -0.312654525 -0.046306390 0.947962523
1311867177.994777 0.081376091 -0.005760085 0.010140297 -0.039098434 -0.313416362 -0.045547903 0.947716713
1311867178.030610 0.081541657 -0.005653194 0.010212380 -0.039234191 -0.315541118 -0.044575170 0.947052002
1311867178.063448 0.082364351 -0.005508388 0.010006012 -0.038387701 -0.317600489 -0.044158544 0.946417630
1311867178.095114 0.081877962 -0.005757790 0.010242177 -0.039405830 -0.317531258 -0.044635314 0.946376681
1311867178.130791 0.081523322 -0.005871407 0.010619373 -0.038772363 -0.318767577 -0.044924781 0.945973396
1311867178.162747 0.081802562 -0.005738418 0.010262692 -0.037434243 -0.319418252 -0.045245577 0.945792615
1311867178.195046 0.081480578 -0.005896524 0.010441422 -0.038345437 -0.320213765 -0.046092238 0.945446134
1311867178.230719 0.081701532 -0.005375887 0.010851489 -0.037384372 -0.323568583 -0.044453412 0.944420338
1311867178.262894 0.080496177 -0.006031251 0.011322905 -0.036674719 -0.324697852 -0.046194851 0.943976939
1311867178.295490 0.081550926 -0.006150529 0.011535119 -0.037207615 -0.327330410 -0.046597872 0.943026543
1311867178.330667 0.081576377 -0.005755361 0.011076473 -0.036829788 -0.328899801 -0.044923116 0.942576468
1311867178.362723 0.079498976 -0.006123732 0.011553460 -0.037207946 -0.329788834 -0.046175521 0.942190409
1311867178.394944 0.087855622 -0.005262963 0.014369840 -0.037864063 -0.339102238 -0.041829593 0.939056039
1311867178.430658 0.088123761 -0.005197418 0.014168788 -0.037764844 -0.339919060 -0.042388175 0.938739657
1311867178.462874 0.087814771 -0.005298089 0.014457945 -0.038206380 -0.340415239 -0.043567088 0.938487947
1311867178.494644 0.088154763 -0.005224620 0.014316152 -0.037776075 -0.342039406 -0.043409716 0.937922001
1311867178.530627 0.088039786 -0.005361872 0.014538875 -0.038735323 -0.343810916 -0.043618288 0.937225223
1311867178.562642 0.087780245 -0.005411247 0.014833502 -0.040099204 -0.346279353 -0.043086309 0.936283231
1311867178.594700 0.088127196 -0.005265568 0.014607558 -0.040093213 -0.347881079 -0.042574830 0.935712934
1311867178.630690 0.087481230 -0.005514683 0.014971345 -0.040323522 -0.347580701 -0.042368844 0.935823977
1311867178.662641 0.088808447 -0.005061782 0.014337037 -0.039552320 -0.347560376 -0.043256816 0.935823917
1311867178.694612 0.088792250 -0.005053505 0.014357740 -0.037707590 -0.346912980 -0.044923063 0.936061740
1311867178.730745 0.088750474 -0.005150084 0.014503614 -0.038385093 -0.346592337 -0.044138227 0.936190248
1311867178.763235 0.089135684 -0.004984128 0.014398558 -0.038671460 -0.347246051 -0.044000130 0.935942709
1311867178.800680 0.088950731 -0.004997298 0.014415683 -0.038131990 -0.348138064 -0.042985905 0.935680568
1311867178.830950 0.095118128 -0.007109399 0.018242441 -0.040030167 -0.354619801 -0.046310436 0.933004737
1311867178.862794 0.095085278 -0.007041096 0.018305684 -0.041136682 -0.353630096 -0.045433611 0.933375299
1311867178.895017 0.095143408 -0.006973019 0.018349908 -0.038465187 -0.352496773 -0.045998521 0.933890104
1311867178.930621 0.093641624 -0.007311098 0.018098239 -0.036247704 -0.346148551 -0.048107322 0.936244130
1311867178.962761 0.091874525 -0.005385243 0.018295415 -0.033529460 -0.340744108 -0.046927951 0.938385308
1311867178.994683 0.093160391 -0.004988337 0.017857218 -0.032426495 -0.341211319 -0.046180062 0.938291490
1311867179.030916 0.093190819 -0.005085574 0.018065747 -0.033737253 -0.343708277 -0.044741023 0.937403202
1311867179.062812 0.092646256 -0.005041513 0.018267550 -0.035445027 -0.346001357 -0.041402463 0.936649680
1311867179.096812 0.092206262 -0.005261236 0.018510511 -0.032157850 -0.346774131 -0.042911287 0.936414599
1311867179.131037 0.092710644 -0.005166455 0.018033683 -0.029715262 -0.343317300 -0.044412285 0.937698185
1311867179.162754 0.092609420 -0.005116845 0.018252077 -0.026981445 -0.341397107 -0.044852525 0.938460588
1311867179.195685 0.096895099 -0.008144588 0.020334506 -0.025079090 -0.345625073 -0.050413657 0.936681867
1311867179.230747 0.097223669 -0.008170481 0.020284293 -0.025992416 -0.347471714 -0.050386529 0.935974896
1311867179.263461 0.097597770 -0.007744192 0.020344961 -0.027030675 -0.351198196 -0.046439808 0.934758008
1311867179.295920 0.097521372 -0.007887229 0.020273346 -0.026819218 -0.355494410 -0.045847181 0.933168054
1311867179.330715 0.097154073 -0.008048613 0.020465206 -0.027813924 -0.357085556 -0.046105076 0.932518482
1311867179.362930 0.097109616 -0.008133705 0.020454200 -0.027542830 -0.356473982 -0.047189943 0.932706177
1311867179.394849 0.097119324 -0.008210076 0.020588759 -0.027376821 -0.358622521 -0.047118831 0.931890666
1311867179.430804 0.097185284 -0.008337158 0.021009482 -0.028748835 -0.363005370 -0.045952264 0.930209160
1311867179.463746 0.097630620 -0.008398717 0.021341098 -0.031634178 -0.366180390 -0.044816561 0.928925633
1311867179.494947 0.101805374 -0.008575087 0.023377910 -0.031629719 -0.372803062 -0.044775087 0.926289737
1311867179.530780 0.101702474 -0.008744617 0.023369597 -0.032455843 -0.372641534 -0.046709254 0.926230669
1311867179.562761 0.101861320 -0.008625441 0.023441583 -0.032313488 -0.373758405 -0.048037071 0.925717592
1311867179.594674 0.101240136 -0.008950463 0.023800526 -0.032545891 -0.374786109 -0.050247774 0.925176442
1311867179.630690 0.101242237 -0.008793204 0.023746587 -0.034729663 -0.376857370 -0.049245853 0.924309134
1311867179.662575 0.101723522 -0.008657049 0.023491133 -0.035863388 -0.378794491 -0.047963496 0.923541129
1311867179.694605 0.100509219 -0.009135984 0.023973495 -0.036359239 -0.379452646 -0.049202498 0.923186243
1311867179.730947 0.099809609 -0.010366079 0.022606209 -0.038409300 -0.377213210 -0.051126037 0.923916161
1311867179.762727 0.100253612 -0.010275179 0.022617480 -0.037311494 -0.379067689 -0.051055174 0.923205793
1311867179.794891 0.100048698 -0.010410103 0.022638883 -0.037856136 -0.379601300 -0.051248394 0.922953665
1311867179.830753 0.100199781 -0.010265503 0.022503287 -0.039945286 -0.379449427 -0.049474582 0.923024833
1311867179.862798 0.100286126 -0.010223702 0.022619225 -0.039858632 -0.382248759 -0.048437279 0.921927929
1311867179.894804 0.099682912 -0.010462255 0.022914726 -0.039423417 -0.383226514 -0.048702773 0.921526611
1311867179.930905 0.099455453 -0.010641812 0.022991160 -0.039530821 -0.381960005 -0.051348586 0.921904147
1311867179.963493 0.098892301 -0.010639303 0.023200426 -0.039354526 -0.380987287 -0.051011994 0.922332764
1311867179.995888 0.100217938 -0.010426609 0.022876902 -0.038172178 -0.382883906 -0.051431771 0.921573460
1311867180.030977 0.100200534 -0.010436183 0.022869181 -0.039958734 -0.383671582 -0.052113160 0.921131730
1311867180.062647 0.103903815 -0.011603552 0.026794733 -0.042428132 -0.390668690 -0.051814720 0.918092072
1311867180.094773 0.103713676 -0.011678159 0.026814613 -0.043280385 -0.391287506 -0.051624224 0.917799532
1311867180.130773 0.103277102 -0.011811004 0.027100444 -0.043489151 -0.390538424 -0.052498393 0.918059051
1311867180.163680 0.103440426 -0.011722818 0.026939981 -0.042361699 -0.388083041 -0.053651612 0.919085801
1311867180.194909 0.103271633 -0.011638010 0.026572926 -0.041272320 -0.384254247 -0.053747721 0.920736909
1311867180.230814 0.099922001 -0.010628278 0.022880225 -0.039290089 -0.376541525 -0.054601800 0.923954248
1311867180.263762 0.100194745 -0.010577247 0.022956420 -0.039188791 -0.376380920 -0.054364592 0.924037993
1311867180.294755 0.100098610 -0.010549657 0.022736274 -0.039201729 -0.376064271 -0.053938009 0.924191356
1311867180.330867 0.100093968 -0.010614726 0.022776021 -0.039356716 -0.376117349 -0.054579981 0.924125433
1311867180.365820 0.100336291 -0.010811679 0.022683255 -0.038494810 -0.375360131 -0.057703298 0.924279869
1311867180.396166 0.100493297 -0.010666165 0.022612887 -0.037823904 -0.373003393 -0.058923151 0.925184250
1311867180.430915 0.105635419 -0.011400593 0.025465462 -0.037437540 -0.378050178 -0.060183167 0.923068047
1311867180.467067 0.104459740 -0.011620559 0.025853580 -0.038274303 -0.376980633 -0.060424466 0.923455238
1311867180.494756 0.104272977 -0.011701038 0.025895998 -0.038472638 -0.376689732 -0.060737722 0.923545182
1311867180.530888 0.104068004 -0.011684922 0.025760904 -0.037858736 -0.375436932 -0.062140658 0.923987210
1311867180.562951 0.104162686 -0.011388841 0.025330417 -0.037989989 -0.373938799 -0.061986282 0.924599469
1311867180.594691 0.104175083 -0.011600611 0.025485132 -0.038279429 -0.373777688 -0.062653549 0.924607754
1311867180.630813 0.104430482 -0.011450745 0.025341030 -0.037854187 -0.373700172 -0.063339353 0.924609900
1311867180.664091 0.104722843 -0.011443351 0.025381304 -0.037567787 -0.374078929 -0.064018302 0.924421608
1311867180.695760 0.100874484 -0.008849286 0.023238409 -0.035769459 -0.369984865 -0.060093947 0.926401913
1311867180.730974 0.100767292 -0.008908846 0.023257509 -0.036467884 -0.370179415 -0.060117405 0.926295400
1311867180.765038 0.100964159 -0.008908682 0.023278339 -0.037064128 -0.371123254 -0.059818611 0.925913393
1311867180.794928 0.101295054 -0.009213173 0.022742625 -0.036520783 -0.371669233 -0.061735243 0.925590158
1311867180.830924 0.101026632 -0.008937405 0.022984266 -0.036914457 -0.371406436 -0.062238298 0.925646305
1311867180.865254 0.103676431 -0.011735914 0.025151243 -0.038547814 -0.374626637 -0.066273235 0.924000502
1311867180.896647 0.101672143 -0.009599504 0.020853177 -0.036470626 -0.370104730 -0.064214811 0.926050127
1311867180.930605 0.100809656 -0.009656817 0.021020994 -0.036561865 -0.369715005 -0.063905537 0.926223576
1311867180.963183 0.100702815 -0.009681614 0.020961409 -0.036730841 -0.369633108 -0.064323209 0.926220715
1311867180.994818 0.100728072 -0.009808523 0.020794727 -0.037781697 -0.369960755 -0.064974263 0.926002145
1311867181.030831 0.098934412 -0.010210989 0.020658832 -0.038686704 -0.368665725 -0.065363176 0.926453769
1311867181.062783 0.098011322 -0.009930937 0.019783000 -0.038155507 -0.367573410 -0.065404296 0.926906824
1311867181.094872 0.098380163 -0.010306723 0.018847035 -0.039206456 -0.366868228 -0.064681627 0.927192986
1311867181.131191 0.098324969 -0.009027013 0.016985768 -0.040290017 -0.364142776 -0.061853688 0.928413093
1311867181.162904 0.096962914 -0.010212166 0.018273899 -0.039819896 -0.362709820 -0.063558675 0.928879082
1311867181.197251 0.097550340 -0.010058559 0.017933799 -0.039763000 -0.362573326 -0.062668838 0.928995311
1311867181.234246 0.097267717 -0.010075342 0.017831985 -0.039921064 -0.361913413 -0.061275762 0.929338634
1311867181.262936 0.097492091 -0.010048291 0.017577043 -0.039465804 -0.362136751 -0.061626144 0.929247916
1311867181.294809 0.096865781 -0.010164289 0.017653245 -0.040070593 -0.361124635 -0.061712369 0.929610133
1311867181.331699 0.097197480 -0.010069754 0.017539844 -0.039296772 -0.360708982 -0.062664986 0.929740846
1311867181.362671 0.097039171 -0.010206636 0.017457364 -0.040101200 -0.359957367 -0.064505450 0.929871917
1311867181.394822 0.097370408 -0.009982709 0.017252173 -0.040800098 -0.359642506 -0.063155733 0.930055976
1311867181.430895 0.096840553 -0.010149652 0.017572775 -0.040962968 -0.360395789 -0.063144810 0.929757893
1311867181.462831 0.093648769 -0.010506791 0.015589530 -0.042380046 -0.356272668 -0.062060025 0.931355059
1311867181.496340 0.093477979 -0.010477397 0.015311395 -0.043481998 -0.353746504 -0.060256697 0.932385087
1311867181.535911 0.093537897 -0.010464806 0.015045037 -0.043780569 -0.352788121 -0.059775822 0.932765067
1311867181.563214 0.091490626 -0.010740573 0.015324403 -0.043330453 -0.350678146 -0.059576448 0.933594108
1311867181.594861 0.091045275 -0.010377998 0.014021464 -0.043161456 -0.348265529 -0.059274066 0.934523880
1311867181.630984 0.092929721 -0.010140245 0.013826671 -0.044272922 -0.350155443 -0.058054626 0.933841944
1311867181.662857 0.091226213 -0.010237467 0.013976858 -0.043401383 -0.348859191 -0.057440437 0.934405804
1311867181.694923 0.091466844 -0.010594053 0.012010111 -0.043567825 -0.347404927 -0.059234831 0.934827745
1311867181.731083 0.088786408 -0.009012524 0.011594781 -0.042130556 -0.343123972 -0.056877520 0.936619461
1311867181.763477 0.090851694 -0.008515347 0.010321737 -0.040838070 -0.343355954 -0.054716278 0.936720431
1311867181.794898 0.090979658 -0.008443334 0.010131133 -0.041783806 -0.342990905 -0.053333461 0.936892211
1311867181.830801 0.090989955 -0.008375583 0.010068561 -0.041369088 -0.342859179 -0.052681413 0.936995745
1311867181.862798 0.091035180 -0.008370026 0.009850667 -0.040478695 -0.343066812 -0.052062068 0.936993241
1311867181.894929 0.090867318 -0.008349534 0.009862632 -0.040471882 -0.341176271 -0.051571697 0.937710643
1311867181.930799 0.091017380 -0.008316529 0.009929111 -0.039607376 -0.340018719 -0.050679278 0.938216448
1311867181.962919 0.090830602 -0.008465020 0.009774937 -0.039665122 -0.338905662 -0.049815059 0.938662946
1311867181.995551 0.090758592 -0.008281527 0.009638272 -0.040308189 -0.338859558 -0.047720369 0.938761055
1311867182.031939 0.091450036 -0.008260915 0.009383716 -0.038890582 -0.338789940 -0.047825549 0.938840568
1311867182.062900 0.087046251 -0.006812474 0.006957628 -0.038638152 -0.334051043 -0.044749498 0.940698981
1311867182.094884 0.086855739 -0.006864669 0.006981912 -0.038942248 -0.334854722 -0.043600380 0.940454662
1311867182.131453 0.086580075 -0.006933400 0.007009794 -0.038737025 -0.334211171 -0.043437012 0.940699518
1311867182.162992 0.086186737 -0.007027872 0.007071978 -0.038981870 -0.333347261 -0.043303102 0.941002131
1311867182.199442 0.086100385 -0.006999747 0.007174963 -0.038192645 -0.333320290 -0.043580532 0.941031158
1311867182.230774 0.086578906 -0.007049647 0.006969324 -0.037217621 -0.332556397 -0.044426911 0.941300929
1311867182.262912 0.086289957 -0.007021402 0.006986193 -0.036747657 -0.330198079 -0.044914272 0.942126095
1311867182.297304 0.083477959 -0.006557431 0.004503714 -0.035876095 -0.325239420 -0.044736780 0.943891346
1311867182.330846 0.083342806 -0.006553366 0.004445882 -0.035151985 -0.323900223 -0.045481715 0.944343448
1311867182.362967 0.083517209 -0.006489468 0.004325948 -0.034310725 -0.323908746 -0.046639867 0.944314897
1311867182.399028 0.083301499 -0.006561464 0.004526254 -0.034404580 -0.322603405 -0.046151429 0.944782257
1311867182.430812 0.083734654 -0.006386966 0.004379917 -0.033018522 -0.322725683 -0.045276623 0.944832265
1311867182.462944 0.084107548 -0.006190621 0.003774825 -0.031383950 -0.321423203 -0.046040244 0.945294976
1311867182.496953 0.083798423 -0.006303376 0.004100597 -0.029182436 -0.318932921 -0.047737390 0.946124434
1311867182.530950 0.085314207 -0.005647402 0.003226497 -0.025893476 -0.316987157 -0.047662754 0.946877480
1311867182.562970 0.085254282 -0.005615745 0.002732330 -0.025095914 -0.314732075 -0.046776075 0.947695076
1311867182.603637 0.085153148 -0.005659680 0.002902585 -0.023542581 -0.313578159 -0.047941361 0.948059201
1311867182.630845 0.086202018 -0.005158860 0.002296900 -0.022173451 -0.312513739 -0.045910340 0.948544025
1311867182.663572 0.085758433 -0.006419828 0.001493404 -0.022909665 -0.311401159 -0.048013955 0.948788226
1311867182.696991 0.085796461 -0.006327566 0.001255840 -0.022571316 -0.309150457 -0.047454935 0.949560225
1311867182.733050 0.085679024 -0.006338964 0.001242798 -0.021622788 -0.307470262 -0.047179978 0.950141370
1311867182.763107 0.085625321 -0.006232108 0.001007930 -0.020873751 -0.305252284 -0.047943056 0.950834811
1311867182.797044 0.085732721 -0.006109764 0.001043865 -0.019926513 -0.303750962 -0.047686089 0.951348722
1311867182.830690 0.085750625 -0.006047745 0.000843395 -0.019358508 -0.302483708 -0.047735482 0.951761663
1311867182.864091 0.086951725 -0.005462551 -0.000315472 -0.019424830 -0.302663416 -0.046557855 0.951761484
1311867182.896985 0.087280422 -0.005577033 -0.002357709 -0.020310335 -0.300923228 -0.046771258 0.952284217
1311867182.931887 0.087292187 -0.005598567 -0.002440364 -0.021810357 -0.300700754 -0.046631884 0.952328146
1311867182.963056 0.087205179 -0.005560800 -0.002770061 -0.022979194 -0.299509704 -0.047014635 0.952657104
1311867182.998350 0.086637989 -0.005486375 -0.002745524 -0.023449659 -0.297713816 -0.045934774 0.953261018
1311867183.030883 0.086503446 -0.005593981 -0.002479581 -0.023041992 -0.297096550 -0.046590015 0.953431726
1311867183.062860 0.086209662 -0.005650280 -0.002630388 -0.023632562 -0.295351148 -0.046833746 0.953947484
1311867183.100040 0.085911028 -0.005644229 -0.002493011 -0.023265669 -0.294462025 -0.047565516 0.954195201
1311867183.134468 0.085993469 -0.005874387 -0.002287023 -0.023237793 -0.294679582 -0.048635427 0.954074740
1311867183.167324 0.079104625 -0.004182328 -0.006690862 -0.023984060 -0.285620093 -0.046109866 0.956932485
1311867183.200473 0.079013005 -0.004173746 -0.006484660 -0.023814941 -0.286110520 -0.046475712 0.956772566
1311867183.231128 0.079132237 -0.004142376 -0.006718787 -0.023232900 -0.285352707 -0.047135044 0.956980884
1311867183.263324 0.079127766 -0.004183980 -0.006627041 -0.023931252 -0.285537392 -0.047512423 0.956889927
1311867183.299097 0.078978837 -0.004132331 -0.006549945 -0.022408258 -0.285239071 -0.048194584 0.956981599
1311867183.332092 0.079005606 -0.004102979 -0.006625775 -0.021451132 -0.284415185 -0.048914667 0.957212210
1311867183.369524 0.079321660 -0.004005968 -0.006719998 -0.021743430 -0.285080284 -0.048339259 0.957036972
1311867183.398546 0.079450302 -0.003963911 -0.006819036 -0.019753834 -0.284017622 -0.050191112 0.957300723
1311867183.431155 0.080441967 -0.003749650 -0.008256652 -0.018513549 -0.282565594 -0.051193804 0.957702041
1311867183.466738 0.080965847 -0.003613497 -0.008470656 -0.019177021 -0.282281607 -0.051892448 0.957735181
1311867183.498828 0.080269717 -0.003807708 -0.008104890 -0.019259557 -0.280711651 -0.052364394 0.958169103
1311867183.532172 0.080337964 -0.003677503 -0.008400070 -0.018420897 -0.279719114 -0.052154515 0.958487272
1311867183.566151 0.080075815 -0.003811959 -0.008149797 -0.019163527 -0.278199524 -0.053275764 0.958853245
1311867183.598535 0.080338836 -0.003480324 -0.008814618 -0.018924963 -0.276708782 -0.052706178 0.959320724
1311867183.631088 0.078163981 -0.001558757 -0.009803790 -0.016930668 -0.274616539 -0.051196724 0.960040629
1311867183.664879 0.077946834 -0.001663300 -0.009563964 -0.017951651 -0.273533165 -0.051498678 0.960315168
1311867183.699353 0.077886730 -0.001692816 -0.009421949 -0.017380375 -0.272606671 -0.052008383 0.960561693
1311867183.730893 0.078219190 -0.001469880 -0.009872319 -0.017107176 -0.272416353 -0.051025104 0.960673332
1311867183.767624 0.077998027 -0.001494703 -0.009837779 -0.016987640 -0.270419061 -0.051546816 0.961211681
1311867183.797176 0.078023948 -0.001390924 -0.009912150 -0.016853530 -0.269575655 -0.051316813 0.961463213
1311867183.830907 0.078030467 -0.002090856 -0.011410020 -0.017107068 -0.267650127 -0.052539416 0.961930573
1311867183.865499 0.077914082 -0.002071287 -0.011310317 -0.016555876 -0.266862303 -0.052296136 0.962172329
1311867183.897086 0.077748239 -0.002100649 -0.011417497 -0.016025234 -0.266085356 -0.052138966 0.962405026
1311867183.931483 0.077776842 -0.001990186 -0.011443197 -0.015916737 -0.265539408 -0.052801877 0.962521493
1311867183.965821 0.077335343 -0.001990345 -0.011339208 -0.015401284 -0.263535261 -0.052612197 0.963090837
1311867183.996668 0.077062711 -0.002138309 -0.011471329 -0.014666751 -0.261776328 -0.053640638 0.963525176
1311867184.030969 0.077052221 -0.002003816 -0.011382720 -0.014865345 -0.261504471 -0.053497072 0.963603973
1311867184.064723 0.077428289 -0.001867065 -0.011513934 -0.014197370 -0.262112141 -0.053818908 0.963431001
1311867184.096811 0.072749399 -0.001532400 -0.013430387 -0.014478929 -0.257197291 -0.052163392 0.964841425
1311867184.131226 0.072623499 -0.001565207 -0.013473696 -0.014888217 -0.256337076 -0.052373901 0.965052724
1311867184.165054 0.072746381 -0.001479963 -0.013543427 -0.014594268 -0.255995691 -0.052044552 0.965165615
1311867184.196946 0.072504684 -0.001711720 -0.013347033 -0.015017397 -0.255674064 -0.052333828 0.965228736
1311867184.230936 0.072510645 -0.001639810 -0.013268217 -0.015612267 -0.254699618 -0.053348798 0.965421319
1311867184.268102 0.072625421 -0.001499107 -0.013379171 -0.014546301 -0.254075050 -0.052934658 0.965625346
1311867184.298370 0.072591551 -0.001675518 -0.013292563 -0.015387554 -0.254003108 -0.052229524 0.965669632
1311867184.331470 0.067562543 -0.000641457 -0.013865126 -0.014823992 -0.247408703 -0.052817259 0.967356980
1311867184.369763 0.067642838 -0.000639276 -0.013823444 -0.014812730 -0.247530088 -0.052062500 0.967367053
1311867184.400006 0.067666180 -0.000655606 -0.014045468 -0.015446063 -0.247535259 -0.050526608 0.967437267
1311867184.431061 0.067270733 -0.000764342 -0.014219517 -0.017206067 -0.245427594 -0.051622059 0.967886627
1311867184.465574 0.066731997 -0.000727924 -0.013573390 -0.017003147 -0.244921491 -0.049792450 0.968114257
1311867184.503767 0.066561006 -0.000876602 -0.013675136 -0.015492523 -0.244366571 -0.050995249 0.968217194
1311867184.531088 0.067061439 -0.000571132 -0.014300880 -0.014788799 -0.241932318 -0.051595900 0.968807518
1311867184.568280 0.067938142 -0.000297671 -0.015802806 -0.014567573 -0.240080431 -0.052212868 0.969238400
1311867184.597993 0.065065406 -0.000790120 -0.018766614 -0.014597487 -0.235366344 -0.053021111 0.970349610
1311867184.635545 0.065549329 -0.000606910 -0.019549133 -0.014596567 -0.235000968 -0.053446665 0.970414877
1311867184.666244 0.064781405 -0.000692506 -0.018969828 -0.014497007 -0.233184278 -0.052929189 0.970882833
1311867184.699477 0.064839080 -0.000568792 -0.019131459 -0.012850904 -0.232568681 -0.052697130 0.971066296
1311867184.735909 0.064652681 -0.000686614 -0.018828643 -0.012447378 -0.231215835 -0.052888367 0.971384168
1311867184.769022 0.061739095 0.001049797 -0.021956056 -0.009971493 -0.226339161 -0.052406602 0.972586632
1311867184.799534 0.061866418 0.001307009 -0.022574022 -0.009155456 -0.225722373 -0.051681574 0.972776771
1311867184.834825 0.061805893 0.001039027 -0.022186490 -0.009433066 -0.223811820 -0.053058080 0.973141432
1311867184.868574 0.061444920 0.001041255 -0.021818139 -0.009412461 -0.222754002 -0.053144626 0.973379552
1311867184.905521 0.061450522 0.001248107 -0.022322565 -0.008576710 -0.221150428 -0.054019172 0.973704755
1311867184.933218 0.058935661 0.005054018 -0.022459179 -0.007048105 -0.217850417 -0.051543154 0.974594772
1311867184.965627 0.058697876 0.005281766 -0.022433713 -0.006661701 -0.215818197 -0.050928328 0.975081742
1311867184.998315 0.058687836 0.005161286 -0.022342153 -0.006202728 -0.215378329 -0.051092997 0.975173414
1311867185.036045 0.058635443 0.005102451 -0.022348732 -0.006818502 -0.214810148 -0.050435610 0.975328863
1311867185.065223 0.059175476 0.001842477 -0.023058379 -0.008366306 -0.213591695 -0.052250292 0.975488842
1311867185.099109 0.058948774 0.001699774 -0.022882842 -0.008152624 -0.212524533 -0.051752329 0.975750327
1311867185.136065 0.058688544 0.001642438 -0.022616856 -0.009002855 -0.212105870 -0.050753266 0.975886345
1311867185.164814 0.058801062 0.001947190 -0.023235621 -0.008762545 -0.211126730 -0.050296269 0.976124465
1311867185.200008 0.058292687 0.001549123 -0.022685373 -0.009423394 -0.209773496 -0.048912026 0.976480365
1311867185.234264 0.058123812 0.001636587 -0.022572652 -0.010765482 -0.208356321 -0.048738562 0.976778567
1311867185.266332 0.055192489 0.000909373 -0.021720275 -0.009725044 -0.204887927 -0.049769957 0.977470875
1311867185.297013 0.055086780 0.000808267 -0.021710914 -0.009849814 -0.204089105 -0.048901338 0.977680624
1311867185.335984 0.055058163 0.000775856 -0.021593368 -0.010133682 -0.203416586 -0.049758859 0.977774620
1311867185.368164 0.054906655 0.000792081 -0.021645561 -0.010174906 -0.202596143 -0.047864780 0.978039026
1311867185.403637 0.054825246 0.000822751 -0.021605434 -0.009299269 -0.201739997 -0.047410592 0.978246808
1311867185.437322 0.054802306 0.000887215 -0.021788303 -0.010555740 -0.201378822 -0.047569193 0.978300750
1311867185.465497 0.054431740 0.002617212 -0.023782827 -0.008281290 -0.198808387 -0.048465151 0.978804290
1311867185.500623 0.054376893 0.002585608 -0.023801358 -0.007086679 -0.197477490 -0.047678281 0.979121745
1311867185.533624 0.054292116 0.002587495 -0.023920020 -0.007360385 -0.196391016 -0.048356246 0.979304969
1311867185.566669 0.053859111 0.002557375 -0.023685742 -0.007339643 -0.193951309 -0.048244841 0.979796708
1311867185.596975 0.053892002 0.002692945 -0.023720304 -0.005679843 -0.192842394 -0.047306929 0.980072320
1311867185.632940 0.053741552 0.002888255 -0.024106070 -0.005434236 -0.190603584 -0.047821499 0.980486572
1311867185.666408 0.048038099 0.005074100 -0.023695130 -0.004223804 -0.182604700 -0.047738560 0.982017756
1311867185.697332 0.048000295 0.005117362 -0.023761151 -0.003538611 -0.180391267 -0.047997728 0.982416809
1311867185.735179 0.047768757 0.004958496 -0.023551824 -0.004689209 -0.178680241 -0.049235381 0.982663453
1311867185.764971 0.045666393 0.001271201 -0.019363580 -0.009209997 -0.176414490 -0.049800836 0.983012199
1311867185.798952 0.044647265 0.001156940 -0.020062419 -0.008516751 -0.174957722 -0.051378775 0.983197570
1311867185.832792 0.043358933 0.000569559 -0.019781064 -0.009708008 -0.173665270 -0.053146508 0.983321726
1311867185.864904 0.043426704 0.000832650 -0.020200316 -0.009814090 -0.173200205 -0.052603781 0.983431876
1311867185.895173 0.043350291 0.000801438 -0.020007923 -0.009233888 -0.172687456 -0.053078000 0.983502209
1311867185.935978 0.045537509 0.001265812 -0.019188648 -0.010508345 -0.175497115 -0.052287705 0.983034313
1311867185.965051 0.045320075 0.001441748 -0.019096807 -0.010057230 -0.175751269 -0.053532597 0.982926548
1311867185.995231 0.043964524 0.000906034 -0.017784571 -0.009758361 -0.174307808 -0.055045024 0.983103096
1311867186.035964 0.044298347 0.000911545 -0.018417891 -0.011093507 -0.173997074 -0.057667278 0.982993603
1311867186.065305 0.045055475 0.001103245 -0.018597264 -0.011736047 -0.175360933 -0.058356613 0.982703090
1311867186.095284 0.041728713 0.009241365 -0.018458471 -0.004731306 -0.171878085 -0.058112651 0.983391285
1311867186.136102 0.041513290 0.009233581 -0.018535858 -0.005613657 -0.171606421 -0.058563560 0.983407378
1311867186.164936 0.041879416 0.009458029 -0.018815855 -0.005161762 -0.172148243 -0.059073642 0.983284652
1311867186.195188 0.041598719 0.009267190 -0.018516393 -0.004932365 -0.172076508 -0.059178412 0.983292103
1311867186.235893 0.041531794 0.009291207 -0.018539060 -0.005264787 -0.171547145 -0.058979325 0.983394802
1311867186.267490 0.041471209 0.009662151 -0.018891390 -0.004928747 -0.170103088 -0.059297964 0.983628213
1311867186.295199 0.041288435 0.009256150 -0.018319422 -0.005479361 -0.170134023 -0.060076758 0.983572721
1311867186.334915 0.041504033 0.009630252 -0.018984010 -0.006597195 -0.169324264 -0.061437152 0.983621538
1311867186.366964 0.041207936 0.009613956 -0.018638708 -0.005973340 -0.167209208 -0.062547207 0.983917296
1311867186.395131 0.040927861 0.009331996 -0.018135862 -0.005785652 -0.166918278 -0.063079253 0.983933866
1311867186.436010 0.033095736 0.007778506 -0.018012051 -0.010140676 -0.159644544 -0.065251894 0.984963477
1311867186.465948 0.033000503 0.007846550 -0.017881172 -0.010946100 -0.158914998 -0.065769248 0.985038459
1311867186.495214 0.032986376 0.007840401 -0.017840510 -0.010289392 -0.159052119 -0.066442288 0.984978139
1311867186.536274 0.032839600 0.007804221 -0.017852940 -0.012509187 -0.158710897 -0.066917546 0.984975338
1311867186.565107 0.032839090 0.007961233 -0.017938901 -0.012766044 -0.156934395 -0.067920409 0.985188067
1311867186.595160 0.032878451 0.008009788 -0.018047180 -0.012047341 -0.156399220 -0.068296820 0.985256195
1311867186.636236 0.032652773 0.007972835 -0.017869836 -0.011816349 -0.155937910 -0.068298437 0.985331953
1311867186.665014 0.032538664 0.007906004 -0.017883848 -0.013048177 -0.154565349 -0.067968011 0.985555530
1311867186.704365 0.032597553 0.008185348 -0.018182410 -0.012872129 -0.153487131 -0.066802040 0.985806048
1311867186.733752 0.032518364 0.007969903 -0.018101998 -0.014266156 -0.153089598 -0.066600978 0.985862255
1311867186.767288 0.032348562 0.007874883 -0.018002763 -0.016484251 -0.150761634 -0.065892294 0.986233950
1311867186.804720 0.032410286 0.007983008 -0.018153111 -0.016149778 -0.150072709 -0.065245815 0.986387551
1311867186.834068 0.032227613 0.007949989 -0.018196955 -0.016964851 -0.148398593 -0.063396014 0.986747742
1311867186.869100 0.030105747 0.003413251 -0.017082907 -0.023196639 -0.143984288 -0.061669983 0.987384140
1311867186.905187 0.030100336 0.003433185 -0.017104087 -0.024648953 -0.142384261 -0.059837054 0.987693608
1311867186.933418 0.030021487 0.003363675 -0.017165100 -0.025210179 -0.140360102 -0.057441559 0.988111317
1311867186.965693 0.029951980 0.003353763 -0.017492536 -0.027538115 -0.137367085 -0.054837164 0.988617659
1311867187.001705 0.029852860 0.003439959 -0.017369470 -0.028224144 -0.133898482 -0.053442847 0.989150405
1311867187.033640 0.030096887 0.003439920 -0.017710021 -0.027721602 -0.130909517 -0.052791990 0.989599586
1311867187.063280 0.023265241 0.003437052 -0.022694819 -0.030852081 -0.121602222 -0.049226183 0.990877330
1311867187.101595 0.023219129 0.003435024 -0.022680640 -0.033448499 -0.118351601 -0.048700202 0.991212606
1311867187.133979 0.023210902 0.003503809 -0.022710633 -0.032197841 -0.115111761 -0.048971292 0.991622150
1311867187.163262 0.023154533 0.003422864 -0.022747645 -0.032975160 -0.113005236 -0.048128903 0.991880119
1311867187.204123 0.023138633 0.003360330 -0.022696281 -0.035977703 -0.112009026 -0.047573745 0.991915464
1311867187.233159 0.023150651 0.003482626 -0.022855712 -0.036069866 -0.110940993 -0.047875099 0.992017686
1311867187.263350 0.022998709 0.003349471 -0.022684310 -0.037718117 -0.110487260 -0.048104566 0.991995931
1311867187.301486 0.023036817 0.003438305 -0.022855761 -0.039561957 -0.110186428 -0.049620900 0.991882861
1311867187.333649 0.023063147 0.003407368 -0.022709060 -0.039282974 -0.111444972 -0.051689982 0.991647661
1311867187.363171 0.024437483 0.003743360 -0.021226779 -0.039462958 -0.112618685 -0.054248296 0.991371214
1311867187.403345 0.024484247 0.003737225 -0.021180240 -0.040463302 -0.114356510 -0.054857876 0.991098344
1311867187.433580 0.024468189 0.003770406 -0.021229794 -0.040755149 -0.115755178 -0.056278870 0.990844369
1311867187.463190 0.024381835 0.003725098 -0.021189960 -0.041759327 -0.115335010 -0.058215860 0.990739644
1311867187.505626 0.024357408 0.003713505 -0.021152312 -0.042729177 -0.113928013 -0.059362575 0.990792990
1311867187.534189 0.024375558 0.003707045 -0.021200476 -0.042746790 -0.112926416 -0.059843346 0.990878046
1311867187.563217 0.024323575 0.003657871 -0.021074984 -0.042843152 -0.112168744 -0.060699668 0.990907788
1311867187.604561 0.024335003 0.003633340 -0.021064620 -0.042727049 -0.111413479 -0.060874693 0.990987301
1311867187.635392 0.023726078 0.004355105 -0.023949431 -0.041362602 -0.107969865 -0.061924923 0.991361201
1311867187.663270 0.023048481 0.004199252 -0.027315259 -0.041254669 -0.105824322 -0.062997684 0.991529465
1311867187.703564 0.026850231 0.001096569 -0.025893470 -0.045716446 -0.108628735 -0.066150591 0.990824878
1311867187.734539 0.025628559 0.004045357 -0.029979056 -0.040772602 -0.107067227 -0.065926775 0.991225481
1311867187.763190 0.024933657 0.002753817 -0.031132523 -0.041280922 -0.107517913 -0.066572651 0.991112530
1311867187.801705 0.025888229 0.002892246 -0.031181188 -0.042460222 -0.108247705 -0.067658037 0.990909755
1311867187.833949 0.020580579 0.000848866 -0.031844534 -0.043718014 -0.104579285 -0.068853810 0.991166532
1311867187.863411 0.021326335 -0.001181729 -0.029607061 -0.046642944 -0.105166852 -0.070046343 0.990887463
1311867187.903871 0.019527610 0.001958384 -0.032910861 -0.044773802 -0.104223907 -0.069444895 0.991115570
1311867187.933221 0.019726051 0.003188497 -0.033353966 -0.044581823 -0.103736058 -0.069849923 0.991147041
1311867187.963534 0.010650640 0.005577440 -0.033427719 -0.042673700 -0.096455447 -0.066932812 0.992166996
1311867188.004742 0.010508490 0.005546541 -0.033549644 -0.042124365 -0.094740480 -0.067297615 0.992331028
1311867188.033304 0.010522725 0.005595159 -0.033518385 -0.042392101 -0.093715563 -0.067444816 0.992406964
1311867188.063418 0.010308173 0.005815213 -0.034030445 -0.040539559 -0.091735676 -0.067613259 0.992657900
1311867188.108880 0.010101452 0.005782867 -0.033985734 -0.038109630 -0.089773521 -0.068155691 0.992896438
1311867188.135990 0.009689678 0.001866183 -0.029221743 -0.040756714 -0.087877676 -0.069017075 0.992901325
1311867188.163360 0.009634377 0.001859937 -0.029153770 -0.039056432 -0.086297661 -0.070421956 0.993009627
1311867188.202654 0.009683681 0.001879063 -0.029218426 -0.035975128 -0.087108567 -0.070299357 0.993063927
1311867188.235201 0.009643651 0.001890055 -0.029184153 -0.034327384 -0.086876549 -0.070601799 0.993121088
1311867188.263272 0.009616350 0.001849785 -0.029160339 -0.032302465 -0.086909920 -0.068826318 0.993310690
1311867188.304719 0.009563341 0.001816885 -0.029057380 -0.030078638 -0.086115010 -0.068653293 0.993461788
1311867188.331453 0.009525928 0.001805284 -0.029055715 -0.027972741 -0.084134772 -0.068454675 0.993706703
1311867188.363382 0.009608777 0.001855445 -0.029253544 -0.027179837 -0.084628150 -0.066060036 0.993848801
1311867188.402043 0.003813842 0.005973132 -0.037355371 -0.023979217 -0.079087652 -0.064833768 0.994468093
1311867188.431385 0.003602561 0.005849313 -0.036965195 -0.022796972 -0.076586269 -0.064520575 0.994712055
1311867188.463247 0.003630135 0.005895919 -0.037456483 -0.022724720 -0.075930610 -0.063466467 0.994831741
1311867188.504901 0.002513567 0.006783230 -0.040154971 -0.023104697 -0.073187448 -0.062355783 0.995098770
1311867188.531435 -0.000400081 0.005459552 -0.042696875 -0.023008641 -0.068737686 -0.061261445 0.995486200
1311867188.563332 0.000343677 0.003170070 -0.042944923 -0.026215028 -0.068360820 -0.060133565 0.995501697
1311867188.604580 0.001106889 0.004573967 -0.042525060 -0.026829766 -0.066927157 -0.060146280 0.995581925
1311867188.631500 0.001367077 0.006040459 -0.043381486 -0.023638096 -0.065423168 -0.059014883 0.995830476
1311867188.663337 -0.000157296 0.008210797 -0.044259150 -0.021513337 -0.062579937 -0.055916626 0.996240139
1311867188.703814 0.001731542 0.006333588 -0.045603648 -0.022485767 -0.060044423 -0.057852630 0.996264160
1311867188.731585 0.008894242 0.001143197 -0.045455541 -0.023088921 -0.060509350 -0.058548067 0.996181548
1311867188.763294 0.008853939 0.001099385 -0.046026204 -0.020419454 -0.057306357 -0.056919139 0.996523559
1311867188.804516 0.008687998 0.001065633 -0.045505270 -0.020006783 -0.051829390 -0.055797115 0.996895254
1311867188.831350 0.008560165 0.001007876 -0.045381121 -0.018342137 -0.046243548 -0.054550260 0.997270942
1311867188.863544 0.008626209 0.001004178 -0.045449570 -0.015836708 -0.042793877 -0.053127330 0.997544706
1311867188.901620 0.008655103 0.001001870 -0.045604795 -0.015694156 -0.040465090 -0.050154734 0.997798026
1311867188.931465 0.008383623 0.001027952 -0.045526322 -0.013939835 -0.035379596 -0.050132450 0.998018384
1311867188.963444 0.008538442 0.001018210 -0.045737863 -0.011755965 -0.034843095 -0.046968784 0.998219311
1311867189.005216 -0.004153939 0.001332621 -0.046995636 -0.010747341 -0.022456679 -0.041794885 0.998816013
1311867189.031438 -0.004318619 0.001350975 -0.047002997 -0.009769395 -0.018797277 -0.040288717 0.998963535
1311867189.063539 -0.004325565 0.001284496 -0.047075145 -0.007801394 -0.015390994 -0.040854730 0.999016106
1311867189.102629 -0.004641518 0.001194661 -0.046726786 -0.007564383 -0.013388823 -0.040641747 0.999055505
1311867189.131312 -0.004540118 0.001282911 -0.047075700 -0.007589813 -0.011482553 -0.042881593 0.998985350
1311867189.163420 -0.004805464 0.001152937 -0.046526529 -0.007179608 -0.009705139 -0.042669255 0.999016345
1311867189.201890 -0.004901401 0.001082493 -0.046470936 -0.007024759 -0.008253311 -0.042953517 0.999018312
1311867189.231285 -0.004992877 0.001077790 -0.046451379 -0.006916096 -0.005563350 -0.043315891 0.999022007
1311867189.263345 -0.005203124 0.001154088 -0.046449427 -0.005517855 -0.004844157 -0.042283721 0.999078691
1311867189.304679 -0.005335792 0.001270876 -0.046335239 -0.004976834 -0.005292851 -0.040777184 0.999141932
1311867189.331405 -0.005481635 0.001129374 -0.045928698 -0.003542577 -0.003968674 -0.040908620 0.999148786
1311867189.363335 -0.005614804 0.001364640 -0.045769058 -0.002008476 -0.004098214 -0.040626295 0.999163985
1311867189.405684 -0.005802552 0.001397841 -0.045918103 -0.002068370 -0.003490113 -0.040857803 0.999156773
1311867189.431458 -0.006651992 -0.000015322 -0.044919960 -0.003501740 -0.001571310 -0.043938171 0.999026895
1311867189.463454 -0.006707260 0.000003897 -0.044950634 -0.001728682 -0.000626456 -0.044876937 0.998990834
1311867189.505937 -0.006824383 -0.000050627 -0.044875849 -0.001709219 0.000908514 -0.044826068 0.998992920
1311867189.531417 -0.007016165 0.000029284 -0.044820983 -0.001484859 0.001759083 -0.045112040 0.998979330
1311867189.563319 -0.007119970 0.000036213 -0.044570934 0.001058125 0.001929284 -0.044441856 0.999009609
1311867189.599369 -0.007427051 -0.000143303 -0.044279560 0.001199080 0.003433143 -0.045135539 0.998974323
1311867189.631378 -0.007655222 0.000174414 -0.044338953 0.000879257 0.005339777 -0.046392068 0.998908699
1311867189.663469 -0.008123597 0.001080878 -0.045001503 0.001177939 0.007811359 -0.051025353 0.998666108
1311867189.699784 -0.016297836 0.004174749 -0.053890053 0.003900318 0.019382223 -0.051488880 0.998477876
1311867189.731458 -0.016407510 0.004160347 -0.053878337 0.001707436 0.020833200 -0.051568389 0.998450756
1311867189.763361 -0.016674090 0.004110115 -0.053821668 -0.001079636 0.023777474 -0.052146092 0.998355865
1311867189.799486 -0.016907442 0.004196475 -0.053674974 -0.002946308 0.026100485 -0.051770553 0.998313546
1311867189.831366 -0.016883202 0.004137476 -0.053726144 -0.004542583 0.027099118 -0.053548750 0.998187125
1311867189.863410 -0.017233394 0.004180755 -0.053407643 -0.006616986 0.030279165 -0.056262810 0.997934878
1311867189.899521 -0.017387975 0.004593226 -0.053571481 -0.006380184 0.031228621 -0.056198113 0.997910798
1311867189.931364 -0.018163754 0.006848886 -0.055713832 -0.003444245 0.032232672 -0.054989178 0.997960627
1311867189.963340 -0.018222457 0.006857521 -0.055779167 -0.004516749 0.032913640 -0.055160917 0.997924626
1311867189.999434 -0.018370805 0.006883722 -0.055698853 -0.004117531 0.034003526 -0.054820370 0.997908592
1311867190.031516 -0.018535323 0.006925366 -0.055727471 -0.003695541 0.036007326 -0.055342544 0.997811139
1311867190.063454 -0.018638831 0.006933806 -0.055549152 -0.003444942 0.037437499 -0.054974094 0.997779787
1311867190.099590 -0.018689629 0.006914934 -0.055466671 -0.001546997 0.037592702 -0.055083029 0.997772694
1311867190.131422 -0.018836064 0.006782995 -0.055237457 0.000425976 0.039089061 -0.054705162 0.997737050
1311867190.163525 -0.018861748 0.006844749 -0.055523403 0.001460816 0.040588208 -0.055165879 0.997650862
1311867190.199492 -0.024178855 0.007368404 -0.054627642 0.005394259 0.047135770 -0.056424230 0.997279048
1311867190.231389 -0.024175327 0.007400536 -0.054963004 0.007132160 0.047327172 -0.056008812 0.997282505
1311867190.263381 -0.024348609 0.007393717 -0.054689780 0.008139665 0.049000073 -0.056002818 0.997194350
1311867190.299376 -0.024348229 0.007309583 -0.054485664 0.009674116 0.049568959 -0.055044118 0.997205913
1311867190.331359 -0.024381030 0.007279959 -0.054480426 0.010670256 0.049183816 -0.053482953 0.997299731
1311867190.363437 -0.024594080 0.007149516 -0.054179203 0.009737504 0.050621733 -0.053328943 0.997245610
1311867190.399467 -0.024799652 0.007213182 -0.054304544 0.009184606 0.052208617 -0.053514943 0.997159004
1311867190.431374 -0.025699360 0.008263839 -0.056845073 0.009071543 0.054652594 -0.053446498 0.997032762
1311867190.463341 -0.025505528 0.007474137 -0.054680020 0.006674205 0.056771174 -0.053698514 0.996919751
1311867190.499357 -0.025120813 0.007201039 -0.054264117 0.006835814 0.055785328 -0.051792629 0.997075140
1311867190.531809 -0.025165079 0.006894035 -0.053698689 0.005363311 0.057378244 -0.051964995 0.996984780
1311867190.563353 -0.025079386 0.008515975 -0.059919830 0.005567826 0.059227023 -0.050887346 0.996931136
1311867190.599451 -0.025111675 0.008493652 -0.059772275 0.005764900 0.059934001 -0.051282316 0.996867537
1311867190.631421 -0.025162673 0.008544360 -0.060047176 0.005214097 0.060183406 -0.049876284 0.996926844
1311867190.663424 -0.025437582 0.008509798 -0.059680618 0.004959248 0.062280245 -0.049353309 0.996825397
1311867190.699639 -0.025480282 0.008520426 -0.059687305 0.004673805 0.063344702 -0.049813528 0.996736825
1311867190.731381 -0.025730008 0.008377488 -0.059471119 0.003631762 0.064244591 -0.049736079 0.996687412
1311867190.763475 -0.025823882 0.008439793 -0.059364066 0.003119559 0.064696170 -0.049485296 0.996672451
1311867190.799433 -0.026064694 0.008068254 -0.058655560 0.001650405 0.065226011 -0.050684180 0.996581137
1311867190.831710 -0.025964895 0.008533780 -0.059267957 0.001892120 0.066092767 -0.051548447 0.996479332
1311867190.863426 -0.026346633 0.008811120 -0.059142761 0.003455590 0.068640746 -0.052356727 0.996260703
1311867190.899432 -0.025919704 0.008821825 -0.058293432 0.003389501 0.068198554 -0.053049181 0.996254683
1311867190.931647 -0.028791010 0.009945727 -0.059713997 0.004405502 0.071373269 -0.055122431 0.995915651
1311867190.963532 -0.028907400 0.009944909 -0.059619274 0.005867357 0.073110051 -0.055578250 0.995756805
1311867190.999440 -0.028920610 0.009925356 -0.059650823 0.005304128 0.073234156 -0.056460071 0.995701253
1311867191.031327 -0.028994005 0.009916981 -0.059570167 0.003015656 0.074426718 -0.055785369 0.995660424
1311867191.063627 -0.029024161 0.009959720 -0.059574421 0.003931044 0.075446948 -0.055835810 0.995577574
1311867191.099432 -0.029022723 0.009937514 -0.059581935 0.003980537 0.075431198 -0.055687539 0.995586932
1311867191.131303 -0.029178370 0.009985944 -0.059467200 0.003434527 0.077921703 -0.057623982 0.995286822
1311867191.163395 -0.029232379 0.009968190 -0.059447329 0.003339750 0.078839704 -0.056921832 0.995255291
1311867191.199389 -0.028197724 0.016220402 -0.062071100 0.009040861 0.079346478 -0.059574787 0.995024264
1311867191.231395 -0.028492318 0.016043305 -0.061459396 0.007893593 0.081644282 -0.059497092 0.994852781
1311867191.263468 -0.028391782 0.016124237 -0.061743241 0.007814609 0.082539186 -0.059790369 0.994762003
1311867191.299713 -0.028642099 0.015921704 -0.061331157 0.007088362 0.084990881 -0.060315266 0.994529247
1311867191.331660 -0.028762477 0.016232833 -0.061439730 0.006026682 0.086523585 -0.061462253 0.994333804
1311867191.363436 -0.028607398 0.016166791 -0.061448190 0.006099897 0.085982554 -0.060820814 0.994419813
1311867191.399571 -0.028383238 0.015211006 -0.059061099 0.006059102 0.086075306 -0.060769424 0.994415164
1311867191.431588 -0.028939812 0.016226711 -0.060663797 0.006049747 0.088146478 -0.062657893 0.994116545
1311867191.463414 -0.034901746 0.012751396 -0.057188045 0.002964965 0.095521867 -0.061201856 0.993539751
1311867191.499653 -0.035037819 0.012805977 -0.057314873 0.002752923 0.095172808 -0.061202377 0.993573785
1311867191.531446 -0.035016343 0.012836413 -0.057329148 0.002483510 0.095631942 -0.061941486 0.993484616
1311867191.563639 -0.035020255 0.012776376 -0.057190873 0.002457959 0.096143737 -0.062307958 0.993412375
1311867191.599847 -0.035074402 0.012751507 -0.057195254 0.001398137 0.096688613 -0.062111206 0.993373811
1311867191.631469 -0.035292119 0.012982184 -0.057376385 0.000419922 0.097624958 -0.063207842 0.993214011
1311867191.663620 -0.035364371 0.013166370 -0.057569068 0.000544066 0.097765841 -0.062625386 0.993237019
1311867191.699573 -0.036505800 0.012940981 -0.056278475 -0.000430212 0.100598678 -0.061942060 0.992996931
1311867191.731487 -0.036548946 0.012874506 -0.056063049 -0.001111442 0.101834208 -0.062194321 0.992854714
1311867191.763579 -0.036523569 0.012898652 -0.056032464 -0.000492614 0.102287911 -0.062306035 0.992801547
1311867191.799771 -0.036557771 0.012943039 -0.056103226 -0.001637232 0.102116488 -0.062892735 0.992781043
1311867191.831511 -0.036596507 0.012894288 -0.055995606 -0.001800530 0.102707975 -0.062170547 0.992765188
1311867191.863471 -0.036414862 0.012654031 -0.055498946 -0.002376012 0.102125503 -0.061765153 0.992849410
1311867191.899623 -0.037143759 0.013173446 -0.053674720 -0.003831816 0.103743054 -0.061730418 0.992679238
1311867191.931630 -0.037089244 0.013250149 -0.053781640 -0.003823938 0.103748895 -0.062532514 0.992628515
1311867191.963470 -0.037139520 0.013145071 -0.053532582 -0.004208767 0.104366831 -0.063006446 0.992532194
1311867191.999526 -0.037141025 0.013167641 -0.053635783 -0.005910540 0.104547761 -0.063444443 0.992476583
1311867192.031527 -0.037243798 0.013349080 -0.053729564 -0.004982874 0.105933487 -0.063327640 0.992342174
1311867192.063495 -0.037128687 0.013136893 -0.053381514 -0.003926814 0.105728187 -0.062943496 0.992393255
1311867192.099806 -0.037157390 0.012971456 -0.052867815 -0.005444348 0.106640890 -0.063289516 0.992266417
1311867192.131666 -0.036925618 0.012846257 -0.052248795 -0.004830777 0.107598476 -0.064457901 0.992090940
1311867192.163516 -0.037380401 0.013263535 -0.053293142 -0.003830380 0.108351804 -0.063850418 0.992052674
1311867192.199653 -0.037785094 0.013800858 -0.053326540 -0.004255700 0.110197440 -0.064335726 0.991816163
1311867192.231699 -0.037612569 0.013677389 -0.052682810 -0.003453947 0.110839866 -0.064076126 0.991764545
1311867192.263542 -0.037946820 0.013616690 -0.053149238 -0.003449307 0.111158036 -0.062891319 0.991804779
1311867192.299473 -0.043098927 0.018813049 -0.051432859 0.000678455 0.117844805 -0.062256590 0.991078377
1311867192.331519 -0.043119106 0.018863834 -0.051394146 0.001895851 0.119339831 -0.062984727 0.990851879
1311867192.363620 -0.043202139 0.018854862 -0.051430136 0.002573319 0.120225087 -0.062377512 0.990781724
1311867192.399491 -0.043190338 0.018840533 -0.051352169 0.002339227 0.122076131 -0.062745430 0.990532696
1311867192.431620 -0.043066308 0.018792652 -0.051194023 0.003613233 0.123607695 -0.063936576 0.990262687
1311867192.463542 -0.043199122 0.018723929 -0.051019151 0.004168617 0.125105187 -0.061419360 0.990231812
1311867192.499590 -0.043279666 0.018791677 -0.051181864 0.003948012 0.126837790 -0.061916277 0.989981294
1311867192.531620 -0.043173186 0.019205853 -0.050567556 0.006112329 0.128753528 -0.064594872 0.989551723
1311867192.563632 -0.043210141 0.019210804 -0.050634392 0.006982987 0.129989058 -0.065479100 0.989326358
1311867192.599632 -0.043210465 0.019190285 -0.050562423 0.006504979 0.131351411 -0.065026402 0.989179552
1311867192.631521 -0.043198634 0.019218022 -0.050561059 0.007530228 0.132373050 -0.065947264 0.988975048
1311867192.663625 -0.043222293 0.019212667 -0.050541732 0.007955921 0.132786438 -0.065380380 0.988953948
1311867192.699607 -0.043217950 0.019199377 -0.050545599 0.007328223 0.133980364 -0.066033527 0.988754332
1311867192.731618 -0.043251425 0.019285671 -0.050604075 0.008160447 0.134111732 -0.065761417 0.988748193
1311867192.763642 -0.043287151 0.019246358 -0.050594285 0.007962380 0.134841770 -0.065831944 0.988645792
1311867192.799500 -0.043210972 0.019092470 -0.050259199 0.006961409 0.135502562 -0.065850109 0.988561749
1311867192.831693 -0.043264747 0.019209608 -0.050433174 0.007689890 0.136167645 -0.067260444 0.988370001
1311867192.863604 -0.043475267 0.019331012 -0.050672229 0.007098549 0.136762857 -0.066087410 0.988371372
1311867192.899654 -0.043421794 0.018871447 -0.049319811 0.005146403 0.138042510 -0.065784007 0.988225818
1311867192.931656 -0.043877617 0.019567091 -0.050531022 0.006156100 0.137486383 -0.066200733 0.988269746
1311867192.963825 -0.044498280 0.020012697 -0.051539395 0.006264745 0.138874695 -0.066875450 0.988029480
1311867192.999714 -0.046023875 0.020390870 -0.051152240 0.004630659 0.142029747 -0.067937940 0.987517357
1311867193.031653 -0.046008043 0.020379694 -0.051076990 0.005030863 0.141863659 -0.067877404 0.987543464
1311867193.063616 -0.046028696 0.020403784 -0.051115479 0.005262039 0.142125338 -0.068088911 0.987490118
1311867193.099627 -0.046070345 0.020400036 -0.051140904 0.003186896 0.143271893 -0.068143502 0.987329543
1311867193.131636 -0.045935262 0.020176336 -0.050454251 0.003729825 0.143691123 -0.068748981 0.987224638
1311867193.163809 -0.046098322 0.020365182 -0.051043570 0.003291298 0.144122064 -0.068244487 0.987198472
1311867193.199592 -0.045957848 0.020252781 -0.050734520 0.000989266 0.144066319 -0.068785481 0.987173975
1311867193.231634 -0.045959808 0.020231118 -0.050570559 0.002102706 0.144214615 -0.068519413 0.987169147
1311867193.263554 -0.046190813 0.020206735 -0.050645702 0.001002253 0.145780727 -0.067352146 0.987021089
1311867193.299517 -0.046227526 0.020380078 -0.050766196 0.001068567 0.145781398 -0.068128951 0.986967683
1311867193.331430 -0.046362557 0.020470737 -0.050954212 0.002359261 0.146367952 -0.067348428 0.986932218
1311867193.363678 -0.051185802 0.019576510 -0.046656672 0.000479664 0.153182596 -0.064476132 0.986092150
1311867193.399557 -0.051146548 0.019643378 -0.046596669 0.000604770 0.154045969 -0.065284997 0.985904396
1311867193.431817 -0.051299386 0.019716188 -0.046663936 0.001931416 0.154760256 -0.064459436 0.985845089
1311867193.463559 -0.051342946 0.019639445 -0.046673637 0.000881632 0.155722961 -0.064503036 0.985692143
1311867193.499549 -0.051134009 0.019475903 -0.046248131 0.000652094 0.156089351 -0.064136393 0.985658288
1311867193.531619 -0.051232830 0.019496299 -0.046223208 0.001601580 0.157097340 -0.064118020 0.985498250
1311867193.563584 -0.051227536 0.019490493 -0.046371695 0.000673424 0.158528984 -0.065865897 0.985154748
1311867193.599533 -0.051383875 0.019734399 -0.046707444 0.001074106 0.158868253 -0.065098070 0.985150754
1311867193.631742 -0.051427595 0.019668456 -0.046675038 0.002127862 0.159435496 -0.064786300 0.985077977
1311867193.663591 -0.052897897 0.019553684 -0.046848342 0.000703451 0.161514461 -0.063931853 0.984797120
1311867193.699539 -0.053377483 0.019970348 -0.045758590 0.001131620 0.164019510 -0.065642320 0.984270036
1311867193.731568 -0.053004622 0.019744908 -0.045128688 0.001770189 0.164237812 -0.064648233 0.984298468
1311867193.763567 -0.052493792 0.019697208 -0.045311041 0.000827480 0.164014921 -0.064104669 0.984372437
1311867193.799691 -0.053539995 0.020520648 -0.044156149 0.001568776 0.168195516 -0.066852808 0.983482838
1311867193.831554 -0.053545382 0.020466473 -0.044073869 0.002350423 0.168828934 -0.066768043 0.983378530
1311867193.863523 -0.053663585 0.020628592 -0.044483203 0.001804679 0.168846011 -0.066659622 0.983384132
1311867193.899690 -0.053758662 0.020736931 -0.044608556 0.002407750 0.171438232 -0.067462206 0.982879460
1311867193.931567 -0.053993132 0.020568289 -0.044351712 0.002278259 0.171502069 -0.067503974 0.982865810
1311867193.963704 -0.053692110 0.020518990 -0.044223525 0.001766334 0.172310323 -0.066975400 0.982761562
1311867193.999703 -0.053616166 0.020457033 -0.043960765 0.002076408 0.173715755 -0.066600434 0.982539058
1311867194.031689 -0.058842298 0.023299716 -0.046833888 0.004691199 0.178110525 -0.067312159 0.981694281
1311867194.063653 -0.058828596 0.023282828 -0.046669934 0.003765326 0.179910585 -0.067809716 0.981335819
1311867194.099680 -0.058880836 0.023265814 -0.046638295 0.003779260 0.181467727 -0.068262272 0.981017590
1311867194.131720 -0.058820795 0.023216337 -0.046620864 0.004105053 0.181436196 -0.068159811 0.981029272
1311867194.163586 -0.058650177 0.022924883 -0.045875508 0.002642801 0.182528630 -0.067755125 0.980859637
1311867194.199685 -0.058506023 0.022833662 -0.045584466 0.002696363 0.182419002 -0.067347236 0.980907977
1311867194.231549 -0.058732938 0.023032112 -0.046175990 0.003112963 0.182730302 -0.067884095 0.980811775
1311867194.263619 -0.056474134 0.021632127 -0.043793440 0.001293408 0.182065398 -0.067612335 0.980958283
1311867194.299716 -0.056393851 0.021417428 -0.044082694 0.001277782 0.182204530 -0.068971805 0.980837822
1311867194.331761 -0.057305306 0.021898430 -0.045851786 0.001662478 0.182229042 -0.068957485 0.980833709
1311867194.363706 -0.056861114 0.021672593 -0.042752359 0.000590787 0.183274820 -0.067978948 0.980708361
1311867194.399611 -0.055647448 0.021393318 -0.044048902 0.000593606 0.181986481 -0.070055768 0.980802178
1311867194.431803 -0.057540238 0.022156330 -0.043542739 0.002081570 0.182861358 -0.068910949 0.980718493
1311867194.463875 -0.057161611 0.021778610 -0.044794098 0.001315484 0.183392435 -0.070511200 0.980506837
1311867194.499629 -0.056540076 0.021562539 -0.041524455 0.001480325 0.183695763 -0.069871232 0.980495632
1311867194.531606 -0.056577563 0.022218414 -0.043923359 0.002790013 0.183266610 -0.069562130 0.980595112
1311867194.563736 -0.056655772 0.022294739 -0.044063412 0.002410471 0.182618335 -0.070010997 0.980685115
1311867194.599622 -0.056567539 0.022200271 -0.043871775 0.002304993 0.182839409 -0.070542186 0.980606079
1311867194.631888 -0.056582004 0.022217723 -0.043866288 0.002142095 0.182685435 -0.070019618 0.980672657
1311867194.663614 -0.056459595 0.022052601 -0.043485191 0.000739978 0.183251768 -0.070218824 0.980554760
1311867194.699671 -0.056487571 0.022105685 -0.043646153 0.000595839 0.183516786 -0.069877237 0.980529666
1311867194.731755 -0.056572165 0.022167068 -0.043807399 0.000198275 0.183584988 -0.070134476 0.980498731
1311867194.763586 -0.056434020 0.021919653 -0.043158080 -0.000454672 0.184233665 -0.070591673 0.980344176
1311867194.799726 -0.056391228 0.021988863 -0.043363929 -0.000657420 0.184824467 -0.070851818 0.980214059
1311867194.831891 -0.057154257 0.021850316 -0.043093111 -0.000896441 0.185888171 -0.068429768 0.980184793
1311867194.863668 -0.057166774 0.021851754 -0.043150581 -0.001258803 0.185440704 -0.068823583 0.980241597
1311867194.899588 -0.057233706 0.021961819 -0.043429740 -0.001948705 0.185181752 -0.068675190 0.980299830
1311867194.931823 -0.057133619 0.021855660 -0.043180205 -0.002100620 0.184879690 -0.068819366 0.980346382
1311867194.963864 -0.057027210 0.021746108 -0.042921048 -0.001499106 0.184489012 -0.068420216 0.980449021
1311867194.999857 -0.057044715 0.021751380 -0.042988118 -0.001461052 0.183534130 -0.067903116 0.980664253
1311867195.031823 -0.057142403 0.021854574 -0.043100234 -0.000518610 0.182787612 -0.067879140 0.980806291
1311867195.063659 -0.056528572 0.022129778 -0.043704424 0.000688911 0.181064725 -0.070040002 0.980973780
1311867195.099839 -0.056537669 0.022120021 -0.043706961 -0.000082178 0.180957437 -0.070396066 0.980968356
1311867195.131755 -0.056533914 0.022138294 -0.043734044 0.000320989 0.181032360 -0.069982626 0.980984032
1311867195.163739 -0.056536593 0.022126179 -0.043723289 0.000099695 0.180610061 -0.070408694 0.981031418
1311867195.199682 -0.056415338 0.022009136 -0.043643400 -0.000907099 0.179145902 -0.069973908 0.981330574
1311867195.231953 -0.056385219 0.022008860 -0.043504037 -0.000762349 0.178080097 -0.069904558 0.981529534
1311867195.263959 -0.056407150 0.022045270 -0.043681018 -0.000708561 0.178146347 -0.070256740 0.981492400
1311867195.299843 -0.056933299 0.021710189 -0.043091867 -0.001334843 0.177972466 -0.068302996 0.981661260
1311867195.331663 -0.056500301 0.022170302 -0.043857597 0.000117052 0.177147046 -0.070476897 0.981657743
1311867195.363660 -0.056510389 0.022246605 -0.044001438 0.001207480 0.176811069 -0.070817664 0.981693089
1311867195.399819 -0.056672059 0.022489376 -0.044564933 0.000824720 0.175746232 -0.070494197 0.981907964
1311867195.431775 -0.056436293 0.022156850 -0.043832202 0.001437203 0.175569773 -0.069366924 0.982019126
1311867195.463774 -0.056468632 0.022176094 -0.044001888 0.001611660 0.173831046 -0.068830855 0.982365847
1311867195.499861 -0.056422289 0.022241155 -0.044252943 0.000647348 0.173687071 -0.069382191 0.982353568
1311867195.531827 -0.056383640 0.022247633 -0.044128492 0.001171962 0.173541382 -0.070148498 0.982324362
1311867195.563721 -0.056267634 0.022428844 -0.044728477 0.001193075 0.171786264 -0.069952160 0.982646883
1311867195.599756 -0.056058671 0.021538634 -0.044673439 0.000082050 0.171456933 -0.069766946 0.982718229
1311867195.631794 -0.056036796 0.022093968 -0.043990280 0.001403027 0.170265794 -0.069601864 0.982936084
1311867195.663755 -0.055808876 0.021155963 -0.044273231 0.000483053 0.169405013 -0.069790445 0.983072221
1311867195.699923 -0.055439282 0.020960340 -0.044018261 0.000002365 0.168151736 -0.069042966 0.983340263
1311867195.732032 -0.055827621 0.021402830 -0.044656411 0.001205862 0.167069286 -0.068548389 0.983558655
1311867195.767662 -0.052877270 0.019818502 -0.043055672 -0.000053673 0.163813353 -0.069747411 0.984022617
1311867195.799635 -0.052709319 0.019764662 -0.042983517 -0.000423042 0.163017124 -0.070009075 0.984136164
1311867195.831755 -0.051245488 0.020531397 -0.046979111 0.001356831 0.159062475 -0.069654435 0.984807372
1311867195.867630 -0.051567882 0.019533526 -0.044973213 0.000030148 0.159024790 -0.068192504 0.984916747
1311867195.899840 -0.050663348 0.019797172 -0.045650180 -0.000423411 0.158007130 -0.069119714 0.985015810
1311867195.931915 -0.050431754 0.019980295 -0.046106044 0.000160216 0.156945214 -0.069113240 0.985186100
1311867195.967737 -0.048467413 0.018958814 -0.046085976 -0.001047726 0.154406339 -0.068472318 0.985631347
1311867195.999658 -0.049074091 0.018982314 -0.044723377 -0.001999415 0.154581502 -0.068068117 0.985630453
1311867196.031886 -0.047376987 0.017187245 -0.042353932 -0.002852069 0.153125256 -0.067092352 0.985922515
1311867196.067754 -0.048113056 0.017838169 -0.044283975 -0.002862441 0.153046697 -0.067276150 0.985922158
1311867196.099654 -0.048433933 0.018381853 -0.043351486 -0.003008499 0.152786165 -0.065817900 0.986060560
1311867196.131796 -0.048161075 0.017914606 -0.042608075 -0.002544452 0.151626617 -0.065876663 0.986236930
1311867196.167747 -0.047907241 0.018798845 -0.044230510 -0.002388520 0.149771258 -0.065449372 0.986549258
1311867196.199711 -0.048175868 0.017889502 -0.042597681 -0.003485009 0.151038930 -0.065307461 0.986362100
1311867196.231920 -0.047801748 0.018452946 -0.042101707 -0.002303614 0.149869353 -0.065789804 0.986511827
1311867196.267924 -0.047587231 0.017975260 -0.041296564 -0.003013845 0.149341345 -0.065922536 0.986581147
1311867196.299732 -0.045025859 0.016162535 -0.040849898 -0.004511876 0.146313429 -0.065781049 0.987038434
1311867196.331833 -0.046584789 0.017448232 -0.043918215 -0.002994537 0.146228075 -0.065497696 0.987075806
1311867196.368729 -0.043610599 0.019031161 -0.049164124 -0.002471578 0.142286390 -0.067946844 0.987487555
1311867196.399739 -0.044294685 0.018714137 -0.047700129 -0.003022298 0.143226385 -0.067147940 0.987404823
1311867196.432020 -0.044013150 0.019842472 -0.048961006 -0.001526145 0.141118035 -0.067308664 0.987700880
1311867196.467800 -0.044045214 0.019184256 -0.048865627 -0.003142645 0.140964895 -0.066171549 0.987795711
1311867196.499768 -0.042985395 0.018929206 -0.047894079 -0.003089120 0.138778567 -0.066734865 0.988067508
1311867196.531926 -0.041880015 0.017898668 -0.046033192 -0.004170839 0.137103081 -0.065880135 0.988354802
1311867196.567767 -0.042095397 0.018181834 -0.046700533 -0.004812310 0.136712074 -0.066124536 0.988389730
1311867196.599713 -0.041924123 0.018195366 -0.046515539 -0.004720266 0.136169508 -0.066462673 0.988442361
1311867196.631994 -0.042180695 0.019061295 -0.048951767 -0.003604232 0.135091439 -0.066008925 0.988625407
1311867196.667737 -0.043970637 0.019533925 -0.047938757 -0.004644928 0.136453912 -0.065494299 0.988468170
1311867196.699700 -0.042732045 0.020142036 -0.047445748 -0.003899897 0.135031641 -0.063423790 0.988801658
1311867196.731760 -0.041886047 0.019064417 -0.047218651 -0.005022427 0.133279517 -0.062424701 0.989097893
1311867196.767707 -0.041943677 0.020923417 -0.046361245 -0.004048526 0.132436752 -0.062566437 0.989206612
1311867196.799736 -0.042656004 0.020503717 -0.046083800 -0.004486593 0.131456807 -0.061478268 0.989403605
1311867196.831867 -0.044042595 0.021044338 -0.047674455 -0.003772804 0.131584242 -0.061430994 0.989392579
1311867196.867749 -0.040479593 0.019358130 -0.048720621 -0.005825341 0.127853587 -0.063993730 0.989709258
1311867196.899715 -0.039909516 0.018953426 -0.047727805 -0.005873049 0.126856655 -0.063889436 0.989843965
1311867196.931975 -0.040153138 0.019227004 -0.048418179 -0.005316757 0.125543624 -0.063911103 0.990013123
1311867196.967911 -0.040100232 0.019101378 -0.048458539 -0.005653134 0.124359444 -0.064419158 0.990127802
1311867196.999866 -0.039272692 0.018621303 -0.047396697 -0.005715868 0.123364747 -0.064918108 0.990219235
1311867197.031979 -0.038471613 0.018154038 -0.046684768 -0.005665442 0.121733591 -0.064930908 0.990420580
1311867197.067817 -0.036947325 0.017374385 -0.045322355 -0.006337607 0.119218268 -0.066199012 0.990638494
1311867197.099836 -0.036546968 0.017211378 -0.044899628 -0.006275546 0.118040949 -0.066659212 0.990749002
1311867197.131870 -0.036897387 0.017349780 -0.045293223 -0.006448728 0.117965288 -0.067217968 0.990719140
1311867197.167713 -0.036467038 0.017010098 -0.044922460 -0.007103886 0.116417840 -0.067305356 0.990891755
1311867197.199776 -0.035586681 0.016548909 -0.044392426 -0.007324858 0.115159675 -0.068010546 0.990989029
1311867197.231928 -0.035136789 0.016684804 -0.043454494 -0.007760440 0.114028186 -0.068537191 0.991080225
1311867197.267919 -0.035164554 0.016729835 -0.043501273 -0.008503667 0.112792164 -0.068881646 0.991191745
1311867197.299810 -0.034532819 0.016003679 -0.042969327 -0.008993575 0.111161061 -0.068733394 0.991381943
1311867197.332018 -0.034396939 0.015759096 -0.043206878 -0.010182455 0.110244252 -0.068342969 0.991499782
1311867197.367855 -0.033489060 0.015671059 -0.041677795 -0.010100500 0.108558387 -0.068856001 0.991651118
1311867197.399882 -0.033202227 0.015788561 -0.043142460 -0.009413316 0.107179001 -0.068801649 0.991811693
1311867197.431956 -0.033516388 0.015887637 -0.042362276 -0.009545789 0.106777385 -0.068668433 0.991863012
1311867197.467991 -0.033256471 0.015893560 -0.042586569 -0.009122559 0.106068544 -0.068103425 0.991981983
1311867197.499995 -0.032009564 0.011487816 -0.042600349 -0.012394865 0.103619337 -0.066328146 0.992325544
1311867197.531882 -0.032854967 0.011921459 -0.042472333 -0.012498576 0.103561305 -0.066359617 0.992328286
1311867197.567869 -0.032813702 0.015570918 -0.042519882 -0.009317067 0.103859767 -0.067167126 0.992277682
1311867197.599910 -0.027202740 0.012663057 -0.041786265 -0.011119671 0.098007187 -0.066867962 0.992874444
1311867197.631963 -0.027247077 0.012749395 -0.042026855 -0.012404284 0.097964831 -0.067336529 0.992831767
1311867197.667929 -0.027155008 0.012698194 -0.041889623 -0.012820716 0.097777069 -0.068207063 0.992785513
1311867197.699744 -0.027627066 0.013186303 -0.043119472 -0.012061251 0.097032078 -0.068156190 0.992871642
1311867197.732004 -0.027295472 0.012989311 -0.042839415 -0.014197884 0.096007347 -0.068888895 0.992892444
1311867197.767904 -0.027453147 0.013338066 -0.043644000 -0.013120714 0.096317396 -0.069476873 0.992836297
1311867197.799835 -0.027299415 0.013153047 -0.043431230 -0.013256857 0.095216677 -0.069870025 0.992913067
1311867197.831987 -0.025928089 0.012238216 -0.041795429 -0.015043378 0.093061738 -0.070239469 0.993065774
1311867197.867941 -0.026166894 0.012236843 -0.042165413 -0.014100523 0.093013979 -0.070258573 0.993082762
1311867197.899954 -0.026685061 0.012805486 -0.043750320 -0.014147733 0.092513166 -0.071465991 0.993042767
1311867197.932046 -0.026973011 0.012929152 -0.044498958 -0.014668508 0.091247499 -0.071090557 0.993179142
1311867197.967946 -0.026955677 0.012912476 -0.044503827 -0.014263068 0.090433508 -0.071298003 0.993244648
1311867197.999775 -0.026915815 0.012844913 -0.044440560 -0.015438191 0.089430235 -0.071221963 0.993323386
1311867198.031819 -0.026927125 0.012888848 -0.044523984 -0.016248306 0.088095725 -0.071231350 0.993429065
1311867198.067816 -0.026892506 0.012860119 -0.044432238 -0.015566798 0.087737240 -0.072348692 0.993390918
1311867198.099796 -0.026955072 0.012956770 -0.044712923 -0.016665651 0.086712562 -0.072412752 0.993458390
1311867198.131829 -0.026849410 0.012842817 -0.044461902 -0.017402148 0.085724540 -0.072411530 0.993531585
1311867198.167952 -0.026884489 0.012881256 -0.044616718 -0.017452206 0.084252156 -0.071738936 0.993705511
1311867198.199814 -0.025650466 0.012109934 -0.044386752 -0.018707404 0.081485629 -0.071402393 0.993937612
1311867198.232003 -0.025643030 0.012105525 -0.044323888 -0.018499257 0.081154950 -0.071327060 0.993973911
1311867198.267962 -0.025614545 0.012085985 -0.044365581 -0.018178105 0.079851940 -0.071182251 0.994095743
1311867198.299864 -0.025383100 0.011915003 -0.044231340 -0.018851116 0.078168519 -0.070544019 0.994262516
1311867198.331863 -0.025233297 0.011823580 -0.044263259 -0.018188963 0.076934591 -0.070575058 0.994368851
1311867198.367970 -0.025144596 0.011852600 -0.044278327 -0.017580200 0.075586893 -0.071417816 0.994422972
1311867198.399906 -0.025222676 0.011907648 -0.044461921 -0.018532177 0.073938310 -0.070614286 0.994587064
1311867198.431988 -0.025490932 0.012194242 -0.045037139 -0.016907435 0.073899344 -0.070920251 0.994597137
1311867198.467921 -0.028948976 0.012725839 -0.045726970 -0.014271257 0.075080045 -0.068993635 0.994685471
1311867198.500075 -0.028898263 0.012704097 -0.045773886 -0.014511906 0.073213927 -0.069196515 0.994807005
1311867198.532125 -0.028822744 0.012762254 -0.045832496 -0.013101504 0.070518740 -0.068850294 0.995045304
1311867198.567990 -0.028688498 0.012695882 -0.046053439 -0.012163624 0.068561107 -0.068389095 0.995225847
1311867198.599951 -0.028707875 0.012647954 -0.046031937 -0.012467740 0.067550302 -0.068300493 0.995297253
1311867198.631966 -0.028713142 0.012610508 -0.046081025 -0.012193832 0.066878833 -0.067345843 0.995411038
1311867198.668073 -0.028293658 0.012461220 -0.046107776 -0.012210912 0.065452002 -0.067620009 0.995487094
1311867198.699844 -0.028588053 0.012480397 -0.045779765 -0.013145643 0.065035313 -0.066818878 0.995556593
1311867198.731874 -0.028457509 0.012679693 -0.046170928 -0.012853292 0.064517096 -0.068636537 0.995470524
1311867198.767911 -0.028328067 0.012443683 -0.045922562 -0.013656513 0.065461904 -0.068170764 0.995430052
1311867198.799839 -0.028276883 0.012339722 -0.045690376 -0.014744678 0.064276882 -0.066602968 0.995597899
1311867198.831953 -0.028525176 0.012512278 -0.045855943 -0.014157739 0.064026184 -0.066323698 0.995641232
1311867198.867891 -0.028543273 0.012504534 -0.045849152 -0.014851159 0.063894197 -0.066186950 0.995648682
1311867198.899855 -0.021305561 0.010204299 -0.047334939 -0.016896272 0.057976667 -0.067308173 0.995903015
1311867198.931881 -0.021333043 0.010224258 -0.047459114 -0.016972052 0.058058307 -0.066089101 0.995978653
1311867198.968077 -0.021276705 0.010178152 -0.047410149 -0.017228553 0.058502901 -0.064695768 0.996039748
1311867199.000050 -0.021265903 0.010162412 -0.047397424 -0.017239694 0.059319533 -0.063905314 0.996042252
1311867199.031843 -0.021177551 0.010179104 -0.047481548 -0.017362472 0.059146702 -0.062730953 0.996125042
1311867199.067992 -0.021253619 0.010152274 -0.047484219 -0.017370662 0.060595695 -0.061031245 0.996143401
1311867199.099860 -0.021150213 0.010150634 -0.047639165 -0.017687539 0.060333963 -0.059644513 0.996237695
1311867199.132002 -0.021811973 0.010415140 -0.049072646 -0.017110270 0.061411545 -0.057793889 0.996290982
1311867199.167891 -0.024730831 0.010262616 -0.051261511 -0.017355522 0.065108910 -0.055968959 0.996156156
1311867199.200126 -0.024655484 0.010309056 -0.051523849 -0.017490340 0.065505840 -0.054757372 0.996195197
1311867199.234099 -0.024668394 0.010230653 -0.051351365 -0.016940547 0.065529794 -0.053732425 0.996258855
1311867199.267942 -0.024408761 0.010267247 -0.051780198 -0.017243640 0.065576807 -0.052999761 0.996289849
1311867199.300030 -0.024600524 0.010166973 -0.051377915 -0.016805641 0.066081882 -0.051802848 0.996326864
1311867199.331880 -0.024630474 0.010265237 -0.051682241 -0.015921615 0.065642975 -0.050845776 0.996419728
1311867199.368141 -0.024737194 0.010299398 -0.052018978 -0.015336087 0.065484650 -0.049826022 0.996490777
1311867199.399920 -0.024341550 0.009889659 -0.051405638 -0.015203336 0.064613000 -0.049111452 0.996585250
1311867199.432048 -0.024321793 0.009901457 -0.051335406 -0.014313166 0.064277016 -0.047898836 0.996679127
1311867199.467972 -0.024604626 0.010180624 -0.052607995 -0.014068602 0.063106306 -0.049367253 0.996685803
1311867199.500181 -0.020377342 0.004656442 -0.053275567 -0.017557835 0.058294594 -0.051455971 0.996817827
1311867199.532253 -0.020284744 0.004647775 -0.053291131 -0.017131165 0.057617214 -0.052654043 0.996802092
1311867199.568266 -0.020203875 0.004624560 -0.053323135 -0.017312413 0.056459542 -0.052480835 0.996874332
1311867199.600399 -0.020187240 0.004672180 -0.053399786 -0.017257342 0.055468947 -0.052674510 0.996920705
1311867199.632208 -0.020042636 0.004722524 -0.053556126 -0.017144907 0.053615075 -0.053728197 0.996967852
1311867199.668054 -0.020132955 0.004637357 -0.053370934 -0.017321259 0.053002447 -0.053449452 0.997012496
1311867199.699941 -0.019995091 0.004609844 -0.053453479 -0.017264731 0.050779399 -0.053975094 0.997100890
1311867199.732005 -0.019365417 0.004362188 -0.053354390 -0.017793570 0.048466764 -0.055005938 0.997150302
1311867199.768069 -0.019346157 0.004521687 -0.053671047 -0.018218404 0.046985812 -0.055538520 0.997183979
1311867199.800056 -0.017005822 0.004998416 -0.052094627 -0.017179703 0.043043524 -0.054008793 0.997464418
1311867199.832480 -0.016909467 0.005029723 -0.052205231 -0.017217999 0.041585363 -0.054685146 0.997488737
1311867199.867939 -0.016827071 0.005019999 -0.052235376 -0.017580863 0.040326986 -0.055139843 0.997509062
1311867199.899922 -0.016828690 0.004921590 -0.052078936 -0.016367529 0.038723335 -0.054371584 0.997635365
1311867199.932206 -0.016665088 0.005082240 -0.052365743 -0.016345877 0.036561865 -0.056369487 0.997606456
1311867199.967970 -0.016550906 0.004968361 -0.052396912 -0.016732203 0.034643169 -0.056644980 0.997652948
1311867200.000052 -0.016408082 0.005045918 -0.052545983 -0.015911069 0.032403167 -0.057499144 0.997692764
1311867200.032204 -0.016265063 0.005094836 -0.052869417 -0.017079437 0.030490361 -0.057106446 0.997756243
1311867200.068006 -0.015090529 0.008219250 -0.053912926 -0.014052243 0.029260952 -0.057277158 0.997830510
1311867200.100058 -0.014982703 0.008192780 -0.054031551 -0.013637411 0.027066158 -0.057914495 0.997861445
1311867200.132173 -0.014936278 0.008204690 -0.054099564 -0.014388410 0.025923157 -0.057961669 0.997878492
1311867200.168054 -0.014876241 0.008279231 -0.054212917 -0.014116402 0.024817554 -0.057860840 0.997916341
1311867200.200062 -0.014821212 0.008154940 -0.054059621 -0.014063133 0.023833193 -0.058676977 0.997893453
1311867200.232126 -0.014897751 0.008178081 -0.054040156 -0.014773751 0.023720007 -0.059453081 0.997839868
1311867200.268192 -0.014481025 0.007930125 -0.053633772 -0.014847779 0.021194473 -0.059403330 0.997898638
1311867200.300066 -0.014198524 0.007596895 -0.052998953 -0.015704991 0.019587263 -0.060230009 0.997868776
1311867200.332117 -0.013696605 0.007552299 -0.052777566 -0.016168518 0.016813738 -0.060462572 0.997897863
1311867200.368163 -0.013058342 0.006797295 -0.051471904 -0.016032789 0.015045980 -0.059972972 0.997957885
1311867200.400065 -0.013093174 0.007030199 -0.051452354 -0.016848968 0.013301938 -0.062226284 0.997831225
1311867200.432114 -0.007610183 0.005760045 -0.045453113 -0.017125249 0.007228121 -0.064715840 0.997730672
1311867200.468132 -0.007450328 0.005676556 -0.045415495 -0.017240670 0.005189584 -0.066228904 0.997642040
1311867200.500090 -0.007437507 0.005717072 -0.045453563 -0.017277077 0.003695661 -0.067249358 0.997579753
1311867200.532161 -0.007535285 0.005709609 -0.045277238 -0.017032424 0.002418037 -0.067602023 0.997564018
1311867200.568212 -0.007367323 0.005730266 -0.045512479 -0.017580023 -0.000328053 -0.068473294 0.997497976
1311867200.600091 -0.007307954 0.005827775 -0.045724787 -0.017805612 -0.001891813 -0.068835467 0.997467339
1311867200.632043 -0.007268057 0.005819334 -0.045634836 -0.017963573 -0.003421224 -0.069037803 0.997446477
1311867200.668204 -0.007213201 0.005840398 -0.045779932 -0.018086473 -0.005545373 -0.069052763 0.997433662
1311867200.700120 -0.007156520 0.005887114 -0.045869920 -0.018835273 -0.008039169 -0.069439203 0.997376025
1311867200.732170 -0.007017301 0.005969708 -0.046018049 -0.018192057 -0.010333995 -0.071319498 0.997234106
1311867200.768079 -0.007051194 0.005919307 -0.046005581 -0.019612230 -0.010548132 -0.071291164 0.997206986
1311867200.800076 -0.006961260 0.005948936 -0.046134762 -0.019667739 -0.012516311 -0.071370944 0.997177422
1311867200.832137 -0.004183636 0.003747495 -0.040967975 -0.021730321 -0.016629664 -0.072579660 0.996987224
1311867200.868158 -0.004230218 0.003701613 -0.040709384 -0.022595808 -0.017305870 -0.073666096 0.996876717
1311867200.899995 -0.004170341 0.003805321 -0.040901747 -0.022800166 -0.017644983 -0.073608764 0.996870458
1311867200.932029 -0.004183293 0.003716368 -0.040731285 -0.022431336 -0.018435234 -0.073326461 0.996885300
1311867200.968154 -0.003979825 0.003825147 -0.041053481 -0.021945737 -0.019067088 -0.073712438 0.996855736
1311867201.000062 -0.004010964 0.003776056 -0.040953469 -0.021221891 -0.019308092 -0.072013795 0.996990919
1311867201.032193 -0.003858523 0.003821256 -0.041214570 -0.020060757 -0.020403802 -0.073719352 0.996868491
1311867201.067956 -0.003828158 0.003858429 -0.041204616 -0.019409949 -0.020171231 -0.073211640 0.996923506
1311867201.100217 -0.003738379 0.003835660 -0.041228507 -0.018331550 -0.022228939 -0.071801670 0.997002661
1311867201.132242 -0.003757169 0.003860333 -0.041246459 -0.017882256 -0.021209702 -0.073430486 0.996914446
1311867201.168191 -0.003576215 0.003989616 -0.041534033 -0.017273452 -0.020473357 -0.072161488 0.997033179
1311867201.200147 -0.003408787 0.003963298 -0.041620243 -0.015992606 -0.021568581 -0.071227804 0.997098684
1311867201.232056 -0.003497283 0.003967443 -0.041427914 -0.015024852 -0.021222502 -0.071078219 0.997131765
1311867201.269490 -0.003519568 0.003874287 -0.041364796 -0.015180172 -0.021031927 -0.071478054 0.997104883
1311867201.299894 -0.003325457 0.004048580 -0.041934084 -0.014688667 -0.021660848 -0.070875376 0.997141778
1311867201.332276 -0.003381131 0.003977982 -0.041565623 -0.012995997 -0.022384658 -0.071536370 0.997102082
1311867201.368233 -0.002986578 0.003393315 -0.041000251 -0.014499385 -0.025154244 -0.070172422 0.997112274
1311867201.400227 -0.001650025 0.002432444 -0.038199540 -0.015679965 -0.028605061 -0.071936034 0.996875703
1311867201.432761 -0.001062164 0.001839178 -0.037236001 -0.015625337 -0.032510743 -0.070135288 0.996885180
1311867201.468080 -0.003442318 0.003555686 -0.035945490 -0.015173039 -0.031514548 -0.067886353 0.997079790
1311867201.500087 -0.003414162 0.003582044 -0.035855699 -0.016475769 -0.033444665 -0.068485864 0.996955276
1311867201.532195 -0.003320795 0.003588962 -0.035966493 -0.016625164 -0.035450548 -0.070545793 0.996739805
1311867201.568143 -0.003076246 0.003578862 -0.036068451 -0.017582787 -0.038609933 -0.070489712 0.996609986
1311867201.600103 -0.003138211 0.003560837 -0.036133364 -0.018141095 -0.039537344 -0.071072474 0.996522188
1311867201.632068 -0.004026801 0.002716465 -0.033544682 -0.019157203 -0.041331515 -0.072580479 0.996321678
1311867201.668050 -0.003111028 0.003095212 -0.034152813 -0.018380202 -0.044748325 -0.073051617 0.996154249
1311867201.700292 -0.002031963 0.003000631 -0.034213528 -0.018963618 -0.046690125 -0.073436603 0.996025860
1311867201.732200 -0.001937671 0.002650933 -0.033979986 -0.020094287 -0.047910053 -0.074458942 0.995869875
1311867201.768201 -0.002376703 0.003185615 -0.035078812 -0.019377491 -0.049328614 -0.075125180 0.995764792
1311867201.800210 -0.001791614 0.002223791 -0.033130523 -0.020835876 -0.050397906 -0.074394450 0.995736599
1311867201.832156 -0.001558863 0.002087603 -0.033416472 -0.022411661 -0.052318431 -0.072798371 0.995721340
1311867201.868219 -0.001378741 0.001579260 -0.033064879 -0.022262251 -0.053072184 -0.074130662 0.995586514
1311867201.900077 -0.001049843 0.001741427 -0.032995351 -0.022448434 -0.054770000 -0.073970400 0.995502234
1311867201.932262 -0.001124437 0.001563865 -0.033103254 -0.023157861 -0.055950288 -0.073497482 0.995455384
1311867201.968172 -0.000650503 0.001804159 -0.032993518 -0.022415696 -0.056789786 -0.074304417 0.995364964
1311867202.000190 0.000012595 0.001061400 -0.030559825 -0.022729075 -0.057956953 -0.073773339 0.995330036
1311867202.032239 0.001176835 0.002310912 -0.032251179 -0.021351838 -0.059578136 -0.074224606 0.995231271
1311867202.068152 0.008019281 0.003053271 -0.032377426 -0.020193625 -0.064669229 -0.075829186 0.994816601
1311867202.100315 0.009063262 0.002501160 -0.031275425 -0.020543972 -0.066394672 -0.076146722 0.994671524
1311867202.132409 0.010870090 0.002528536 -0.034374978 -0.020863233 -0.069082476 -0.077393502 0.994385600
1311867202.168279 0.011425847 0.002902690 -0.036043257 -0.021798175 -0.069700874 -0.075969666 0.994432211
1311867202.200125 0.010057826 0.002275841 -0.034043949 -0.022257203 -0.070419781 -0.075415231 0.994413555
1311867202.232375 0.008815339 0.002760550 -0.034144513 -0.022090711 -0.070503481 -0.075326435 0.994418085
1311867202.268101 0.006891028 0.001994967 -0.035275761 -0.024007099 -0.068882957 -0.075714469 0.994457781
1311867202.300107 0.009394711 0.003580111 -0.033609655 -0.023505835 -0.070429802 -0.075250126 0.994396627
1311867202.332365 0.010394560 0.001412778 -0.033370808 -0.024426669 -0.072172999 -0.076642975 0.994142950
1311867202.368310 0.011219224 0.002134411 -0.035212029 -0.024230620 -0.074417107 -0.075865991 0.994041920
1311867202.400292 0.010931158 0.000482039 -0.032254815 -0.025637286 -0.074748814 -0.075544186 0.994006276
1311867202.432186 0.010126464 0.002642617 -0.034355890 -0.023024024 -0.074036293 -0.076449819 0.994054317
1311867202.468118 0.010601779 0.002871334 -0.034949839 -0.022032551 -0.074237011 -0.076121032 0.994087040
1311867202.500244 0.008079274 0.003441134 -0.034219269 -0.021560043 -0.071566552 -0.076183215 0.994288504
1311867202.532280 0.006808325 0.004131483 -0.032118946 -0.020131260 -0.071465120 -0.075838454 0.994352102
1311867202.568183 0.010472639 0.002733544 -0.032955728 -0.020171912 -0.074640982 -0.077622227 0.993980229
1311867202.600241 0.013834737 -0.000862809 -0.033246953 -0.021740582 -0.075229771 -0.078751534 0.993813872
1311867202.632409 0.011825248 0.003561708 -0.035797026 -0.016800324 -0.074045517 -0.077305324 0.994112194
1311867202.668254 0.009274243 0.001862653 -0.032683440 -0.016778463 -0.075155981 -0.075790882 0.994145811
1311867202.700291 0.012306819 0.001825269 -0.032653712 -0.015610278 -0.079194374 -0.075901747 0.993842840
1311867202.732284 0.013360104 0.001982766 -0.031733736 -0.012350260 -0.081538796 -0.075652458 0.993718147
1311867202.768106 0.012730216 0.002343380 -0.034074437 -0.010196960 -0.080630220 -0.076317914 0.993765771
1311867202.800215 0.011994561 0.002929827 -0.034600608 -0.008187710 -0.079755902 -0.075480968 0.993918896
1311867202.832371 0.014762261 0.003572781 -0.040611822 -0.005092259 -0.083551131 -0.072533995 0.993847191
1311867202.868186 0.015172269 0.003768841 -0.041241333 -0.003452783 -0.085824981 -0.072497196 0.993663132
1311867202.900343 0.014799234 0.003495365 -0.040677633 -0.004517598 -0.088088311 -0.072815217 0.993437469
1311867202.932160 0.014875640 0.003594335 -0.040697176 -0.005327831 -0.088948183 -0.074442834 0.993236184
1311867202.968198 0.014883352 0.003515987 -0.040558048 -0.006095321 -0.089194052 -0.075548738 0.993126273
1311867203.000234 0.014939741 0.003481632 -0.040625535 -0.008252379 -0.089847252 -0.075521939 0.993053794
1311867203.032284 0.014820413 0.003515033 -0.040597737 -0.010260222 -0.089125857 -0.075989783 0.993064404
1311867203.068187 0.014777044 0.003604509 -0.040719084 -0.011056216 -0.086451434 -0.075135216 0.993357301
1311867203.100350 0.014577353 0.003701551 -0.040639084 -0.011775826 -0.083296619 -0.075168923 0.993615985
1311867203.132443 0.014685493 0.003711636 -0.040594086 -0.012680544 -0.081405215 -0.074307941 0.993826330
1311867203.168210 0.014616215 0.003859077 -0.040775865 -0.011292941 -0.079009496 -0.074736215 0.994004309
1311867203.200286 0.014658545 0.003741044 -0.040591065 -0.011223342 -0.078270346 -0.074524403 0.994079471
1311867203.232211 0.014633564 0.003811029 -0.040690307 -0.011719964 -0.077697158 -0.074317791 0.994134188
1311867203.268183 0.014760897 0.003872044 -0.040597547 -0.011056464 -0.077730149 -0.073819853 0.994176269
1311867203.300206 0.014638130 0.003841635 -0.040601414 -0.010494247 -0.078435987 -0.072709151 0.994208813
1311867203.332226 0.014660115 0.003822574 -0.040619027 -0.011465325 -0.079838201 -0.072343178 0.994113207
1311867203.368129 0.014574683 0.003821538 -0.040587995 -0.013095249 -0.079919226 -0.071606487 0.994139850
1311867203.400200 0.014657644 0.004013004 -0.040540241 -0.012766379 -0.081352085 -0.072028078 0.993997395
1311867203.432255 0.014718601 0.004068209 -0.040537871 -0.010790077 -0.082908735 -0.071362764 0.993940175
1311867203.468205 0.014571131 0.004134341 -0.040515639 -0.010827927 -0.082235821 -0.072716884 0.993897557
1311867203.500494 0.014561825 0.004330257 -0.040578444 -0.010318765 -0.082397796 -0.073601536 0.993824482
1311867203.532247 0.014611619 0.004295804 -0.040448721 -0.008766348 -0.083468325 -0.073995739 0.993720710
1311867203.568287 0.014590959 0.004464931 -0.040626973 -0.007935443 -0.083351426 -0.076308750 0.993562639
1311867203.600247 0.014614603 0.004471474 -0.040656526 -0.008815953 -0.083917990 -0.076230191 0.993513525
1311867203.632381 0.014630936 0.004531892 -0.040377349 -0.007940435 -0.084638491 -0.076067701 0.993472219
1311867203.668366 0.014728651 0.004505970 -0.040446743 -0.007369601 -0.085685790 -0.076399215 0.993361413
1311867203.700467 0.014717002 0.004536686 -0.040481452 -0.006732372 -0.085993707 -0.077199437 0.993277431
1311867203.732263 0.014673527 0.004579259 -0.040339042 -0.006583894 -0.085014984 -0.076779321 0.993395269
1311867203.768142 0.014638243 0.004689376 -0.040316209 -0.006348675 -0.084326483 -0.076855026 0.993449628
1311867203.800188 0.014724137 0.004809604 -0.040375657 -0.005636329 -0.084662057 -0.077836491 0.993348956
1311867203.832438 0.014768355 0.004804773 -0.040413056 -0.005377904 -0.084520355 -0.078800827 0.993286431
1311867203.868154 0.014401264 0.005394638 -0.041451242 -0.004065034 -0.083377577 -0.078921020 0.993379712
1311867203.900206 0.014249166 0.005978119 -0.042652920 -0.000906338 -0.081971563 -0.081279986 0.993314385
1311867203.932460 0.013925303 0.006464900 -0.044776879 0.000527272 -0.081584804 -0.082134388 0.993276238
1311867203.968287 0.013616136 0.006399253 -0.044117186 0.001541457 -0.081281081 -0.082185045 0.993295848
1311867204.000337 0.013407579 0.006868785 -0.045249999 0.003470933 -0.080992587 -0.083049022 0.993242681
1311867204.032369 0.013809334 0.006503370 -0.044214457 0.004187487 -0.080968097 -0.083761171 0.993182123
1311867204.068206 0.013519712 0.007322915 -0.045043714 0.006718204 -0.081195481 -0.083323829 0.993186474
1311867204.100343 0.012654154 0.012908276 -0.051111933 0.013904695 -0.080229007 -0.082440928 0.993264079
1311867204.132295 0.012654698 0.012928770 -0.051144715 0.016002668 -0.079465911 -0.082486182 0.993290126
1311867204.168262 0.012700833 0.012975281 -0.051140986 0.018608892 -0.079013668 -0.082183249 0.993305862
1311867204.200305 0.012783037 0.013018751 -0.051182721 0.021291029 -0.079760723 -0.082022242 0.993205547
1311867204.232436 0.012739317 0.013045691 -0.051121805 0.023282934 -0.079822347 -0.081682585 0.993183911
1311867204.268181 0.012759265 0.013102163 -0.051105924 0.025935177 -0.078866690 -0.082789689 0.993102849
1311867204.300302 0.009979130 0.015563834 -0.056779098 0.030981783 -0.076180518 -0.082841098 0.993163645
1311867204.332519 0.009965222 0.015589349 -0.056826580 0.032729752 -0.075894870 -0.082554482 0.993153393
1311867204.368375 0.010452367 0.014370000 -0.056252994 0.034079995 -0.076042823 -0.083172955 0.993045032
1311867204.400282 0.010375288 0.014143867 -0.055925213 0.036586549 -0.075340621 -0.083728358 0.992962658
1311867204.432434 0.010401831 0.014237921 -0.056022458 0.038099751 -0.074994512 -0.083597004 0.992942989
1311867204.468296 0.010318355 0.014255217 -0.055886567 0.039719258 -0.074126802 -0.083826371 0.992925406
1311867204.500277 0.009713487 0.012803648 -0.059480570 0.040445238 -0.072702996 -0.082247771 0.993133307
1311867204.532479 0.009800728 0.012944996 -0.059718266 0.042200770 -0.072147802 -0.082042500 0.993117750
1311867204.568211 0.009814280 0.012980806 -0.059646659 0.043884479 -0.071740963 -0.081660137 0.993105769
1311867204.600264 0.010034554 0.013618079 -0.060694709 0.046317738 -0.071708173 -0.080246143 0.993112862
1311867204.632418 0.007867846 0.013873387 -0.061266720 0.047868740 -0.069961175 -0.080059245 0.993179023
1311867204.668452 0.008087830 0.014089476 -0.061570518 0.050218862 -0.069866590 -0.079817981 0.993089080
1311867204.700261 0.007960231 0.014031453 -0.061415300 0.051170845 -0.069418751 -0.077868760 0.993226588
1311867204.732293 0.007887799 0.014107833 -0.061384849 0.051804360 -0.068267614 -0.076758407 0.993359983
1311867204.768312 0.008042573 0.014125404 -0.061170798 0.053066924 -0.068307146 -0.075983785 0.993350208
1311867204.800434 0.007967804 0.014067225 -0.061156381 0.053634968 -0.069514878 -0.075491786 0.993273437
1311867204.832496 0.008047327 0.014179169 -0.061123446 0.053366281 -0.069653712 -0.074997552 0.993315578
1311867204.868246 0.007877507 0.014185555 -0.060810264 0.053391665 -0.068459712 -0.073985636 0.993473113
1311867204.900224 0.008128596 0.014401509 -0.060874149 0.055003714 -0.069178507 -0.073249504 0.993389904
1311867204.936363 0.008440776 0.015600206 -0.058462419 0.056031547 -0.070299245 -0.071222603 0.993401110
1311867204.968219 0.008467248 0.015666215 -0.058512710 0.056419086 -0.069926567 -0.070842519 0.993432701
1311867205.000335 0.010590643 0.020553691 -0.059312526 0.062841490 -0.070520088 -0.068203844 0.993189871
1311867205.036326 0.010591609 0.020518389 -0.059256393 0.063530155 -0.070115685 -0.066821434 0.993268728
1311867205.068637 0.010640934 0.020638479 -0.059331737 0.064218774 -0.070582643 -0.064928785 0.993316889
1311867205.100765 0.010583427 0.020564288 -0.059097480 0.065140538 -0.070993692 -0.063278817 0.993333995
1311867205.136301 0.010295713 0.020502646 -0.057822153 0.065794758 -0.070715152 -0.061461952 0.993424833
1311867205.168290 0.010319405 0.020563865 -0.057821587 0.066354163 -0.071181595 -0.059664231 0.993463874
1311867205.200371 0.010461652 0.021071656 -0.058094691 0.068349816 -0.071635641 -0.057896644 0.993400514
1311867205.236444 0.009076399 0.024137491 -0.058074024 0.072387509 -0.070252657 -0.056385450 0.993300200
1311867205.268392 0.009040548 0.024100531 -0.057931196 0.073350973 -0.069721200 -0.055624347 0.993309915
1311867205.300458 0.009015448 0.024067745 -0.057703253 0.075162172 -0.069208600 -0.055964045 0.993191242
1311867205.336288 0.009054800 0.024280010 -0.057958007 0.076538712 -0.068809994 -0.055465050 0.993141830
1311867205.368439 0.012031076 0.026254497 -0.057769250 0.079687499 -0.070049256 -0.054700237 0.992849886
1311867205.400476 0.012027144 0.026273057 -0.057671905 0.080745071 -0.069879353 -0.054490663 0.992787957
1311867205.436290 0.012133257 0.026319815 -0.057570327 0.082601234 -0.070661955 -0.054873355 0.992558777
1311867205.468361 0.012082263 0.026382480 -0.057687934 0.082887992 -0.070238933 -0.054852135 0.992566049
1311867205.500259 0.012067350 0.026423875 -0.057478938 0.083194837 -0.069667742 -0.055336531 0.992553771
1311867205.536285 0.012814612 0.027887212 -0.056117084 0.086236238 -0.070789792 -0.054793254 0.992244840
1311867205.568369 0.012827839 0.027902232 -0.056117628 0.086368121 -0.072044201 -0.054241687 0.992173433
1311867205.600318 0.012871667 0.027955595 -0.056087382 0.086403944 -0.073970050 -0.053432886 0.992072463
1311867205.636378 0.012739060 0.027917437 -0.055765122 0.087576434 -0.075197496 -0.052829571 0.991909623
1311867205.668640 0.012761822 0.027949519 -0.055893265 0.088255979 -0.075366467 -0.052583713 0.991849661
1311867205.700293 0.013736486 0.028473111 -0.052042253 0.090773441 -0.077123828 -0.055085666 0.991351485
1311867205.736482 0.013760723 0.028516382 -0.052034777 0.092977487 -0.077569604 -0.054689705 0.991134286
1311867205.768331 0.013748461 0.028503899 -0.052013639 0.094503358 -0.077985696 -0.054814700 0.990950465
1311867205.800294 0.013746864 0.028533503 -0.051979825 0.095486715 -0.078005418 -0.055405732 0.990821779
1311867205.836370 0.013765329 0.028549545 -0.051960077 0.097067840 -0.077500239 -0.055661269 0.990693390
1311867205.868513 0.015964074 0.034175377 -0.051872104 0.103228658 -0.078728937 -0.056572806 0.989921808
1311867205.900317 0.015968231 0.034183551 -0.051869035 0.103894562 -0.078734636 -0.057208613 0.989815176
1311867205.936313 0.015964581 0.034185577 -0.051867198 0.104236215 -0.078238763 -0.056634534 0.989851594
1311867205.968515 0.015973775 0.034188896 -0.051864740 0.104760721 -0.077991180 -0.056914337 0.989799619
1311867206.000654 0.015967760 0.034179505 -0.051859740 0.104216143 -0.078417905 -0.055721249 0.989891350
1311867206.036736 0.016006509 0.034327753 -0.051792681 0.103135467 -0.079329304 -0.055396002 0.989950180
1311867206.068413 0.016065734 0.034806821 -0.051424943 0.104876421 -0.080230042 -0.054858770 0.989724517
1311867206.100418 0.016156651 0.034906983 -0.051526081 0.105519243 -0.079807125 -0.055362049 0.989662409
1311867206.136422 0.015963852 0.034821115 -0.051267646 0.105451353 -0.079393640 -0.055802520 0.989678144
1311867206.168280 0.016149405 0.037260350 -0.051259663 0.107756652 -0.079595454 -0.054278847 0.989498317
1311867206.200431 0.016174708 0.037293185 -0.051270131 0.109349549 -0.081308946 -0.053835984 0.989208400
1311867206.236354 0.016147360 0.037263419 -0.051251221 0.108509734 -0.081594639 -0.053508211 0.989295125
1311867206.268562 0.017140040 0.037575483 -0.053012200 0.108420722 -0.082453251 -0.053400092 0.989239514
1311867206.300429 0.017122934 0.037606768 -0.053019509 0.108475931 -0.082347967 -0.052830126 0.989272833
1311867206.336618 0.017115358 0.037590995 -0.052989386 0.108182579 -0.083472207 -0.052148473 0.989246905
1311867206.368476 0.017277151 0.037795760 -0.053123102 0.108402081 -0.084788539 -0.053595640 0.989033580
1311867206.400411 0.017228531 0.037889518 -0.053169262 0.108855538 -0.084429860 -0.054565426 0.988961458
1311867206.436540 0.017188024 0.037870962 -0.053132698 0.108335666 -0.084127933 -0.054213502 0.989063621
1311867206.468475 0.017231267 0.037991576 -0.053087123 0.108579762 -0.084218629 -0.054295719 0.989024580
1311867206.500567 0.017337812 0.038141388 -0.052960329 0.109647803 -0.085356914 -0.053694077 0.988842070
1311867206.536578 0.017217135 0.038107917 -0.052737694 0.111023746 -0.085990205 -0.054100454 0.988611460
1311867206.568318 0.015638107 0.040243480 -0.050875280 0.113903038 -0.084320508 -0.054790501 0.988389671
1311867206.600453 0.015681701 0.040299054 -0.050893068 0.115053378 -0.085214637 -0.054131676 0.988216043
1311867206.636480 0.015644258 0.040268347 -0.050844353 0.116366595 -0.086327136 -0.054058891 0.987969756
1311867206.668513 0.015634825 0.040298000 -0.050848547 0.117650114 -0.086377777 -0.054075114 0.987812340
1311867206.700560 0.015646582 0.040298879 -0.050862148 0.118271939 -0.086380705 -0.054225668 0.987729609
1311867206.736376 0.015667964 0.040347829 -0.050857645 0.119917296 -0.086754136 -0.053934753 0.987514377
1311867206.768348 0.015666015 0.040332731 -0.050843198 0.120703563 -0.087392978 -0.053376090 0.987392604
1311867206.800520 0.016884290 0.043210022 -0.049937591 0.123758346 -0.088765204 -0.052818026 0.986921906
1311867206.836416 0.016863169 0.043197609 -0.049883910 0.125110254 -0.090153247 -0.053256955 0.986602068
1311867206.868563 0.016922152 0.043347336 -0.049921449 0.127008364 -0.090571448 -0.053248633 0.986321568
1311867206.900569 0.017036425 0.043434702 -0.050030768 0.127550557 -0.090269737 -0.054434557 0.986214578
1311867206.936441 0.016983127 0.043467287 -0.049935978 0.129149795 -0.089977600 -0.055382464 0.985980332
1311867206.968607 0.016922472 0.043502524 -0.049810469 0.131476134 -0.089861512 -0.055536423 0.985674739
1311867207.000644 0.017124871 0.044086363 -0.050242271 0.133912057 -0.091172524 -0.055437706 0.985231876
1311867207.036586 0.018589014 0.046665117 -0.050192762 0.136797607 -0.092182375 -0.053353816 0.984856486
1311867207.068407 0.018601708 0.046682362 -0.050187647 0.137919664 -0.094190814 -0.051758382 0.984595060
1311867207.100546 0.018588835 0.046687316 -0.050180182 0.139444679 -0.095305562 -0.051488537 0.984287083
1311867207.136473 0.018583888 0.046712726 -0.050180294 0.139321268 -0.095593899 -0.051115066 0.984296083
1311867207.168707 0.018577142 0.046717320 -0.050167613 0.139122829 -0.096003637 -0.050137069 0.984334528
1311867207.200654 0.018570576 0.046782967 -0.050188813 0.139726683 -0.096271314 -0.049243476 0.984267950
1311867207.236587 0.018587232 0.046774223 -0.050180212 0.139307603 -0.096347131 -0.048768219 0.984343588
1311867207.268617 0.018575385 0.046826251 -0.050164115 0.139628023 -0.096524589 -0.048746906 0.984281898
1311867207.300500 0.018578419 0.046842370 -0.050109945 0.141322523 -0.096649736 -0.049137630 0.984008312
1311867207.336652 0.018569414 0.046856854 -0.050106872 0.141308889 -0.096760876 -0.048519157 0.984030068
1311867207.368579 0.018586107 0.047089767 -0.050053619 0.141544387 -0.096565172 -0.049023870 0.983990431
1311867207.400698 0.018939819 0.049056474 -0.048955400 0.143655628 -0.096757889 -0.051989622 0.983513117
1311867207.436580 0.018924151 0.049055737 -0.048944306 0.144236520 -0.096443608 -0.052708361 0.983420730
1311867207.468647 0.018932981 0.049069691 -0.048934285 0.144108742 -0.097008437 -0.053048331 0.983365655
1311867207.500601 0.018957049 0.049106982 -0.048933193 0.145027846 -0.097428225 -0.054076254 0.983132958
1311867207.536508 0.018935099 0.049101170 -0.048923258 0.146257237 -0.096616790 -0.054939158 0.982983112
1311867207.568706 0.018916473 0.049139492 -0.048847727 0.146834418 -0.095694706 -0.055348214 0.982964277
1311867207.600587 0.019129986 0.049380977 -0.048978668 0.148423672 -0.096671641 -0.056452833 0.982567132
1311867207.636491 0.021473709 0.051297314 -0.049696971 0.151898786 -0.099617176 -0.059010752 0.981590986
1311867207.668773 0.021498343 0.051350556 -0.049711131 0.152981251 -0.100094549 -0.059860785 0.981322825
1311867207.700562 0.021510107 0.051364537 -0.049638502 0.154074594 -0.101034611 -0.060277220 0.981029928
1311867207.736501 0.021536835 0.051417876 -0.049585614 0.156304866 -0.101504400 -0.060518030 0.980613708
1311867207.768609 0.021527968 0.051450543 -0.049595855 0.157411978 -0.102344453 -0.059830759 0.980391443
1311867207.800991 0.021526899 0.051483598 -0.049622461 0.158439800 -0.103552125 -0.059869062 0.980096698
1311867207.836554 0.021487258 0.051491778 -0.049523473 0.160259798 -0.103877351 -0.060518332 0.979726374
1311867207.868773 0.021477524 0.051501650 -0.049504645 0.161169440 -0.103758931 -0.060199164 0.979609430
1311867207.900900 0.021482538 0.051707003 -0.049418282 0.161583275 -0.103756718 -0.059778422 0.979567230
1311867207.936534 0.021515979 0.051802315 -0.049283952 0.163323045 -0.104742192 -0.059686273 0.979179382
1311867207.968490 0.021542838 0.051829115 -0.049381252 0.163496763 -0.105416618 -0.060063377 0.979054928
1311867208.000665 0.021554813 0.051895313 -0.049240630 0.164226517 -0.106260158 -0.060154233 0.978836000
1311867208.036765 0.021648284 0.052273735 -0.049302183 0.166279390 -0.106227115 -0.060480349 0.978472888
1311867208.069925 0.021442201 0.051958155 -0.049266800 0.166252255 -0.105523497 -0.060140304 0.978574574
1311867208.101134 0.021491494 0.051848941 -0.049113899 0.166935459 -0.105573714 -0.060910985 0.978405118
1311867208.136633 0.021510608 0.051875196 -0.049047906 0.167958766 -0.106959954 -0.059923951 0.978140354
1311867208.168683 0.021553149 0.052091852 -0.049163118 0.168805987 -0.107234620 -0.059957478 0.977962375
1311867208.200521 0.021570303 0.052226335 -0.049156647 0.170838833 -0.106891580 -0.059650075 0.977665663
1311867208.236561 0.021572154 0.052096061 -0.049001183 0.172084764 -0.107567005 -0.060503047 0.977320671
1311867208.268440 0.024627203 0.057833973 -0.049711987 0.176889583 -0.109425627 -0.060559772 0.976252317
1311867208.300597 0.024628548 0.057839312 -0.049717207 0.177723318 -0.109308928 -0.060482968 0.976118743
1311867208.336528 0.024631593 0.057853155 -0.049708512 0.178670704 -0.109191634 -0.060504407 0.975957572
1311867208.368511 0.024630960 0.057855465 -0.049715634 0.178878516 -0.108955689 -0.060279388 0.975959837
1311867208.400592 0.024613263 0.057849564 -0.049686894 0.179195359 -0.109248891 -0.059797168 0.975898564
1311867208.436460 0.024592545 0.057916023 -0.049662884 0.180194333 -0.110091493 -0.059647206 0.975629091
1311867208.468664 0.024594048 0.057905439 -0.049659707 0.181046024 -0.109668411 -0.060480431 0.975467741
1311867208.500564 0.024602788 0.057917550 -0.049627118 0.181388363 -0.108935826 -0.060651936 0.975475609
1311867208.536522 0.024628503 0.057908144 -0.049625266 0.182045415 -0.109702870 -0.060709834 0.975263655
1311867208.568644 0.024614355 0.057973705 -0.049625285 0.181967705 -0.110569432 -0.060586918 0.975187898
1311867208.600595 0.024590982 0.057969596 -0.049600020 0.181777179 -0.110795692 -0.061103467 0.975165546
1311867208.636445 0.024607884 0.057987373 -0.049596649 0.181810305 -0.111280613 -0.061504684 0.975078881
1311867208.668488 0.024578907 0.057965051 -0.049560968 0.181855068 -0.111584365 -0.062180888 0.974992931
1311867208.700606 0.024616063 0.058026712 -0.049571127 0.181774005 -0.111571901 -0.062652074 0.974979341
1311867208.736710 0.024559610 0.058003202 -0.049530488 0.181859389 -0.111848898 -0.062039077 0.974970877
1311867208.768807 0.024578553 0.058015194 -0.049571238 0.181813031 -0.112550445 -0.061913222 0.974906802
1311867208.800641 0.024591720 0.058033228 -0.049516067 0.183086440 -0.112939432 -0.062788539 0.974567473
1311867208.836883 0.024558732 0.058092583 -0.049523149 0.184168801 -0.111876689 -0.062610485 0.974497497
1311867208.868491 0.024631748 0.058043998 -0.049509529 0.184602380 -0.112296745 -0.062898837 0.974348605
1311867208.900811 0.024565363 0.058017578 -0.049528066 0.183307588 -0.112585224 -0.060926393 0.974685073
1311867208.936516 0.024551176 0.058098264 -0.049452845 0.185465693 -0.112925179 -0.061106812 0.974226058
1311867208.968732 0.024508514 0.058069516 -0.049442682 0.186534554 -0.113502711 -0.060110360 0.974016786
1311867209.000767 0.024592733 0.058110636 -0.049482413 0.188627496 -0.112236336 -0.062966272 0.973580003
1311867209.036589 0.024602434 0.058135379 -0.049417917 0.190623388 -0.111653022 -0.063304387 0.973236322
1311867209.068848 0.024628015 0.058159966 -0.049425442 0.192473531 -0.111511573 -0.063406140 0.972881734
1311867209.100837 0.024609946 0.058121376 -0.049458966 0.191723868 -0.112328202 -0.061948694 0.973029673
1311867209.145248 0.024630036 0.058147773 -0.049437534 0.192703024 -0.112803772 -0.062134068 0.972769380
1311867209.168676 0.025676899 0.062513076 -0.049854957 0.195940807 -0.113730691 -0.060063228 0.972144485
1311867209.200608 0.025660921 0.062525831 -0.049863447 0.196141198 -0.113399766 -0.059339277 0.972187221
1311867209.236579 0.025681129 0.062555388 -0.049838591 0.197100505 -0.113656096 -0.058902770 0.971989870
1311867209.268677 0.025725795 0.062583663 -0.049853582 0.197450623 -0.115480214 -0.057793539 0.971770287
1311867209.300548 0.025677091 0.062545016 -0.049793504 0.197494239 -0.116147511 -0.057522073 0.971697986
1311867209.336608 0.025699927 0.062641598 -0.049785055 0.198894113 -0.116876259 -0.057064176 0.971352100
1311867209.368685 0.025682049 0.062585428 -0.049786098 0.199773043 -0.117333360 -0.056676522 0.971139252
1311867209.400674 0.025706079 0.062617078 -0.049773723 0.200001344 -0.117330208 -0.057236664 0.971059799
1311867209.436604 0.025710171 0.062709488 -0.049767338 0.201291561 -0.117788076 -0.056719314 0.970768034
1311867209.468504 0.025700433 0.062633306 -0.049738836 0.201962143 -0.117680810 -0.057461713 0.970598102
1311867209.501113 0.025717415 0.062704012 -0.049777627 0.201547652 -0.118299969 -0.056262258 0.970679283
1311867209.536902 0.025760727 0.062731206 -0.049746860 0.201729044 -0.119052075 -0.056104738 0.970558763
1311867209.568689 0.025730675 0.062693775 -0.049701449 0.201705500 -0.120491423 -0.054967467 0.970451117
1311867209.600759 0.025757872 0.062779032 -0.049710076 0.202891618 -0.122372694 -0.054782376 0.969978809
1311867209.636594 0.025781985 0.062917106 -0.049758449 0.203358695 -0.124295868 -0.053210650 0.969723880
1311867209.668570 0.025726242 0.062851429 -0.049691062 0.204197466 -0.124612384 -0.053084012 0.969513953
1311867209.701272 0.025695879 0.062806256 -0.049689531 0.205126360 -0.123851836 -0.053401470 0.969397843
1311867209.736573 0.025769060 0.062873557 -0.049662210 0.206229866 -0.123904794 -0.053609151 0.969145536
1311867209.768624 0.025695832 0.062783688 -0.049657851 0.206694752 -0.124782920 -0.051649600 0.969040215
1311867209.801498 0.025700934 0.062871963 -0.049642257 0.208605662 -0.125144199 -0.051578499 0.968587816
1311867209.836574 0.025712896 0.062864110 -0.049631897 0.210741207 -0.124087043 -0.053295039 0.968168497
1311867209.868553 0.025666801 0.062879071 -0.049597926 0.210836604 -0.124290138 -0.051720697 0.968207061
1311867209.900669 0.027825860 0.066989034 -0.047053713 0.217471153 -0.124753967 -0.056045219 0.966437638
1311867209.936544 0.027797068 0.066948384 -0.047029547 0.218058243 -0.123796143 -0.056314822 0.966412902
1311867209.968938 0.027844658 0.067019865 -0.047085926 0.218093440 -0.123876199 -0.055705741 0.966429949
1311867210.000704 0.027864600 0.067044556 -0.047079731 0.219118029 -0.123255283 -0.055715118 0.966277063
1311867210.036683 0.027861279 0.067055732 -0.047075976 0.219854608 -0.122071601 -0.055769239 0.966256917
1311867210.068816 0.027840437 0.067013972 -0.047032777 0.219553009 -0.121300973 -0.055618215 0.966431201
1311867210.100607 0.027858727 0.067050800 -0.047019824 0.220089659 -0.121808931 -0.055033803 0.966278613
1311867210.136711 0.027879691 0.067059226 -0.047048971 0.220721439 -0.120245561 -0.055989016 0.966275513
1311867210.168673 0.027897313 0.067068666 -0.047073252 0.219468698 -0.120138302 -0.055267278 0.966615677
1311867210.200662 0.027912268 0.067093253 -0.047042262 0.219749883 -0.120253667 -0.055294614 0.966535926
1311867210.236614 0.027872927 0.067060873 -0.047035694 0.220873609 -0.119928338 -0.055098668 0.966331363
1311867210.268764 0.027872326 0.067039110 -0.047019593 0.221268699 -0.119137548 -0.056259256 0.966271937
1311867210.300692 0.027912481 0.067109860 -0.047068972 0.221384332 -0.118998885 -0.055774670 0.966290593
1311867210.336672 0.027923098 0.067102432 -0.047066610 0.221571088 -0.119291797 -0.056091387 0.966193259
1311867210.368993 0.027885143 0.067077465 -0.047058240 0.221202686 -0.118834175 -0.055721320 0.966355562
1311867210.400741 0.027911212 0.067104034 -0.047058266 0.221197620 -0.118594430 -0.055444337 0.966402113
1311867210.436672 0.027940182 0.067121662 -0.047030739 0.222286642 -0.119425796 -0.056477524 0.965989888
1311867210.469063 0.027984589 0.067166649 -0.047112562 0.221587479 -0.119675659 -0.056264170 0.966132045
1311867210.500649 0.027926633 0.067090198 -0.047063015 0.219219849 -0.120232381 -0.055500366 0.966647089
1311867210.536682 0.027986819 0.067171261 -0.047053859 0.219737619 -0.120586008 -0.056117121 0.966449857
1311867210.569047 0.027927892 0.067103282 -0.047080245 0.218538955 -0.120996766 -0.055973731 0.966678619
1311867210.600859 0.027930753 0.067070767 -0.047071364 0.216491476 -0.121314757 -0.056818224 0.967050076
1311867210.636787 0.027883874 0.067136943 -0.047032122 0.217476249 -0.120115466 -0.057319228 0.966949284
1311867210.673847 0.027933367 0.067149892 -0.047037639 0.218914419 -0.119285934 -0.057255745 0.966731191
1311867210.700721 0.027998229 0.067179352 -0.047126070 0.218449160 -0.120064013 -0.056357402 0.966792881
1311867210.736657 0.028051849 0.067297995 -0.047154710 0.219001353 -0.121089876 -0.056315400 0.966542423
1311867210.769036 0.027959419 0.067146726 -0.047080308 0.219400987 -0.120383188 -0.056871343 0.966507494
1311867210.800700 0.028137684 0.067351989 -0.047285832 0.217651233 -0.120699793 -0.056082785 0.966909647
1311867210.836863 0.027921079 0.067133546 -0.047027502 0.217472479 -0.120639861 -0.056991227 0.966904223
1311867210.868831 0.027926480 0.067134164 -0.047080606 0.216954365 -0.120637298 -0.056659900 0.967040420
1311867210.900724 0.027971813 0.067154892 -0.047074419 0.216614932 -0.120999277 -0.056885250 0.967058063
1311867210.936751 0.027972108 0.067071050 -0.047109678 0.215198383 -0.120941482 -0.056981362 0.967375815
1311867210.969224 0.028021561 0.067040548 -0.047127470 0.211535215 -0.121848226 -0.056334700 0.968107641
1311867211.001198 0.027947102 0.067181461 -0.047110148 0.211803779 -0.121682569 -0.056285862 0.968072534
1311867211.036754 0.028002935 0.067123309 -0.047129855 0.212188736 -0.121715680 -0.056919109 0.967947006
1311867211.069171 0.028004030 0.067129023 -0.047178607 0.209854379 -0.122495227 -0.056272734 0.968395293
1311867211.101339 0.027979605 0.067181230 -0.047058530 0.210806251 -0.122724175 -0.057058994 0.968113542
1311867211.136879 0.028094469 0.067310557 -0.047181547 0.212594151 -0.123094201 -0.056547869 0.967705548
1311867211.169535 0.027993519 0.067083128 -0.047101565 0.212220728 -0.122495875 -0.057690199 0.967795968
1311867211.200759 0.027969785 0.067053236 -0.047066331 0.211484849 -0.121685825 -0.057792675 0.968053102
1311867211.236938 0.028070401 0.067285396 -0.047176734 0.213058174 -0.122209072 -0.057373237 0.967667103
1311867211.268944 0.028007509 0.067110635 -0.047106970 0.213453248 -0.122556485 -0.057846207 0.967507899
1311867211.301073 0.027986763 0.067107663 -0.047121674 0.212947950 -0.122146569 -0.058569904 0.967627525
1311867211.336815 0.028088721 0.067250229 -0.047208443 0.213330939 -0.121814802 -0.058658149 0.967579663
1311867211.368899 0.028020257 0.067140616 -0.047156125 0.213553339 -0.121972978 -0.058090169 0.967544913
1311867211.401155 0.028102495 0.067227907 -0.047286257 0.212472960 -0.122275785 -0.057783090 0.967762947
1311867211.436783 0.027988963 0.067095354 -0.047141217 0.211510420 -0.121722251 -0.057741895 0.968046010
1311867211.468760 0.027995108 0.067026332 -0.047113284 0.211488664 -0.121425658 -0.058578070 0.968037784
1311867211.500750 0.027966410 0.067090482 -0.047177121 0.211109713 -0.120777458 -0.058224466 0.968222857
1311867211.536921 0.027987778 0.066960022 -0.047143992 0.210923880 -0.119947352 -0.059252892 0.968304098
1311867211.569353 0.027972471 0.066966228 -0.047112279 0.210702956 -0.119316168 -0.059083138 0.968440592
1311867211.600936 0.028102849 0.067166194 -0.047250912 0.211610958 -0.119395286 -0.059127849 0.968230128
1311867211.636776 0.028018037 0.066982597 -0.047163915 0.210984692 -0.119304486 -0.060137287 0.968315780
1311867211.669417 0.028029429 0.066951036 -0.047143459 0.210823491 -0.119387954 -0.059706781 0.968367279
1311867211.700795 0.028046889 0.067066334 -0.047186926 0.212485015 -0.119581565 -0.059183732 0.968012214
1311867211.736761 0.028088696 0.067186728 -0.047250841 0.213196769 -0.121107884 -0.058769822 0.967691183
1311867211.769891 0.028025975 0.067020409 -0.047201686 0.214458138 -0.120760761 -0.059027001 0.967440128
1311867211.801052 0.028008217 0.067052782 -0.047200814 0.215334326 -0.120565042 -0.059000239 0.967271566
1311867211.838297 0.027999714 0.067040294 -0.047188241 0.216810107 -0.119572721 -0.060313690 0.966983974
1311867211.868798 0.028002316 0.066994607 -0.047213562 0.217116490 -0.118611068 -0.060322579 0.967033088
1311867211.901152 0.028038701 0.066938944 -0.047168270 0.216753244 -0.118981868 -0.060480822 0.967059195
1311867211.937348 0.028023191 0.067048617 -0.047245909 0.217821762 -0.118388020 -0.060951550 0.966862440
1311867211.971087 0.027973769 0.066925138 -0.047169141 0.218864381 -0.117187440 -0.061358672 0.966747463
1311867212.001054 0.027976831 0.066823438 -0.047294475 0.217148468 -0.116573527 -0.060132381 0.967285514
1311867212.037396 0.027978029 0.066956304 -0.047226846 0.217479676 -0.116446257 -0.059982143 0.967235804
1311867212.068925 0.028062008 0.066988252 -0.047290608 0.218197778 -0.117113039 -0.061005514 0.966929555
1311867212.100836 0.027975854 0.066893816 -0.047223460 0.216185197 -0.117899463 -0.060885552 0.967293441
1311867212.137104 0.028238421 0.067037173 -0.047488850 0.215555757 -0.117208645 -0.062173225 0.967436016
1311867212.168899 0.028102783 0.066569127 -0.047304504 0.215052143 -0.116786316 -0.061374001 0.967650115
1311867212.201292 0.028216334 0.066272072 -0.047514621 0.213821232 -0.117624655 -0.060939029 0.967848837
1311867212.236828 0.028161714 0.066279285 -0.047526039 0.212642297 -0.117083468 -0.060025122 0.968231320
1311867212.269660 0.028180618 0.066221409 -0.047522627 0.213642597 -0.116504706 -0.061116844 0.968012571
1311867212.300798 0.028300392 0.066311888 -0.047704238 0.214540303 -0.117561273 -0.060464449 0.967727244
1311867212.336980 0.028199472 0.066046469 -0.047726881 0.213737026 -0.117675833 -0.060454782 0.967891634
1311867212.369121 0.028381236 0.066141531 -0.047887787 0.213358775 -0.117947429 -0.060361147 0.967947841
1311867212.400874 0.028448055 0.066261880 -0.048034612 0.213804603 -0.117789216 -0.060774334 0.967842877
1311867212.437295 0.028411649 0.066119134 -0.048038810 0.212527737 -0.118395671 -0.059188813 0.968148291
1311867212.468814 0.026610600 0.062517814 -0.050254390 0.208000571 -0.116187625 -0.059695017 0.969367206
1311867212.500920 0.028543375 0.066179186 -0.048483357 0.211277142 -0.118893616 -0.058229823 0.968419135
1311867212.536991 0.028448863 0.065998562 -0.048402160 0.212013975 -0.119001105 -0.057683785 0.968277574
1311867212.568780 0.028466536 0.065930657 -0.048456524 0.211851984 -0.119532429 -0.055785254 0.968358815
1311867212.600775 0.028482988 0.065941893 -0.048443701 0.212485343 -0.119673774 -0.055593945 0.968213558
1311867212.636951 0.028372655 0.065757886 -0.048165586 0.213980213 -0.119437814 -0.055473786 0.967920363
1311867212.668874 0.028830098 0.066311620 -0.049037427 0.213891491 -0.120349310 -0.054332092 0.967891812
1311867212.701018 0.028440222 0.065794706 -0.048463956 0.213193640 -0.120364986 -0.053760510 0.968075693
1311867212.736989 0.028764483 0.066240951 -0.049036212 0.214348644 -0.120276839 -0.053130619 0.967866421
1311867212.768959 0.028713856 0.066095546 -0.048830375 0.214015916 -0.120215259 -0.052331660 0.967991233
1311867212.800808 0.030958364 0.064314373 -0.057197224 0.209725425 -0.118762203 -0.051301654 0.969164014
1311867212.837870 0.030957021 0.064320646 -0.057197183 0.209776685 -0.118898511 -0.051031183 0.969150543
1311867212.869033 0.030950105 0.064327672 -0.057204414 0.211056978 -0.118678659 -0.050218899 0.968941927
1311867212.900811 0.030969016 0.064300850 -0.057259180 0.211503401 -0.118500799 -0.050147496 0.968870044
1311867212.936948 0.030926300 0.064254791 -0.057250414 0.211036444 -0.118359476 -0.049266521 0.969034314
1311867212.969087 0.030986633 0.064268664 -0.057284020 0.211147353 -0.118749268 -0.049072150 0.968972385
1311867213.001064 0.030944899 0.064240821 -0.057296820 0.210945383 -0.118666239 -0.048146166 0.969072938
1311867213.036927 0.030914538 0.064207457 -0.057272535 0.210998446 -0.118539430 -0.047790758 0.969094455
1311867213.069051 0.030955616 0.064218067 -0.057287931 0.211488664 -0.119485766 -0.047197819 0.968900442
1311867213.101068 0.030960811 0.064217366 -0.057332095 0.211333916 -0.119851425 -0.047141403 0.968891799
1311867213.137000 0.030929394 0.064209215 -0.057294507 0.211853579 -0.119304828 -0.047189400 0.968843460
1311867213.169165 0.030970331 0.064205721 -0.057316259 0.212193862 -0.118829124 -0.046793051 0.968846679
1311867213.201431 0.030971354 0.064186908 -0.057295199 0.213437527 -0.118745819 -0.046098098 0.968617022
1311867213.236857 0.030964378 0.064162448 -0.057379592 0.213995501 -0.117602795 -0.046502016 0.968614042
1311867213.269223 0.030950420 0.064161755 -0.057434324 0.213185310 -0.116999306 -0.046186578 0.968880832
1311867213.301416 0.030926805 0.064126417 -0.057389922 0.214168072 -0.116292648 -0.045975484 0.968759179
1311867213.336896 0.030988846 0.064108282 -0.057468452 0.213709176 -0.116394311 -0.046778556 0.968809843
1311867213.369001 0.030959325 0.064113960 -0.057496510 0.213353530 -0.115980208 -0.047092602 0.968922734
1311867213.401378 0.030983478 0.064099096 -0.057491731 0.213466957 -0.116126508 -0.047487713 0.968860924
1311867213.437193 0.031045932 0.064143784 -0.057498232 0.214100093 -0.115760103 -0.048897725 0.968694925
1311867213.469040 0.031049583 0.064142004 -0.057520635 0.213840827 -0.115955658 -0.048524432 0.968747497
1311867213.500997 0.031048425 0.064130306 -0.057510972 0.213595018 -0.116131030 -0.049222335 0.968745530
1311867213.536881 0.031034671 0.064018235 -0.057541970 0.211759418 -0.117002062 -0.048884377 0.969060838
1311867213.569042 0.031072071 0.064039283 -0.057588715 0.210508764 -0.117169410 -0.049384300 0.969287694
1311867213.601011 0.031055916 0.064008184 -0.057601828 0.209032744 -0.116400935 -0.050359346 0.969649553
1311867213.636923 0.031083159 0.064118773 -0.057590336 0.209031418 -0.114799492 -0.051609717 0.969774961
1311867213.668995 0.033814989 0.063049465 -0.065260388 0.205391020 -0.113165699 -0.053438123 0.970645368
1311867213.701300 0.033791751 0.063029468 -0.065265834 0.203709796 -0.112355530 -0.053611621 0.971084118
1311867213.737146 0.033785507 0.063010536 -0.065288581 0.201791033 -0.111903593 -0.053492609 0.971543372
1311867213.769090 0.033768371 0.062972762 -0.065295197 0.199964434 -0.110874936 -0.053854633 0.972018898
1311867213.801664 0.033782929 0.062917911 -0.065343715 0.197885975 -0.110377297 -0.053997707 0.972492814
1311867213.837348 0.033777338 0.062978707 -0.065425090 0.196422487 -0.109470986 -0.054513592 0.972863138
1311867213.868914 0.033700168 0.063016161 -0.065378591 0.196807265 -0.107902341 -0.054517489 0.972960353
1311867213.900969 0.033765890 0.062890783 -0.065376230 0.197405174 -0.106693611 -0.055145290 0.972937167
1311867213.937067 0.033746783 0.062878512 -0.065426543 0.195666343 -0.106331103 -0.054208037 0.973380685
1311867213.968920 0.033750605 0.062832601 -0.065452941 0.196167856 -0.106769904 -0.054095466 0.973237991
1311867214.005161 0.033751942 0.062781043 -0.065432444 0.196757019 -0.106495246 -0.054675352 0.973116696
1311867214.037101 0.033886090 0.062824197 -0.065589935 0.197033957 -0.105143972 -0.057374381 0.973052204
1311867214.068910 0.033798043 0.062786080 -0.065536536 0.196446791 -0.103558920 -0.057446606 0.973336637
1311867214.104861 0.033875119 0.062848054 -0.065577909 0.196302637 -0.102479920 -0.057715274 0.973464012
1311867214.138206 0.033855878 0.062795483 -0.065535001 0.196172968 -0.101486310 -0.057952538 0.973580182
1311867214.169647 0.034005858 0.062888488 -0.065733679 0.195952684 -0.101239793 -0.059174955 0.973576605
1311867214.205217 0.033786673 0.062711775 -0.065600425 0.194214657 -0.099990167 -0.058784183 0.974077582
1311867214.239878 0.033754207 0.062645674 -0.065665543 0.193098962 -0.099628627 -0.057914846 0.974388480
1311867214.270552 0.033749592 0.062653922 -0.065709770 0.192588195 -0.099225625 -0.057154644 0.974575520
1311867214.305762 0.033750422 0.062589645 -0.065705948 0.191782534 -0.099117562 -0.057425596 0.974729478
1311867214.337669 0.033815216 0.062654190 -0.065931797 0.191716269 -0.099649042 -0.056950647 0.974716127
1311867214.369049 0.033848953 0.062599227 -0.065753512 0.191592470 -0.099458687 -0.059240546 0.974623442
1311867214.405033 0.033875003 0.062605076 -0.065744951 0.192264959 -0.098607242 -0.060480118 0.974501491
1311867214.437364 0.033784866 0.062575340 -0.065765791 0.192166626 -0.098587140 -0.058821052 0.974624395
1311867214.469778 0.033724193 0.062511645 -0.065797463 0.191465557 -0.098188542 -0.057998125 0.974851906
1311867214.505939 0.033730291 0.062369287 -0.065976158 0.189891309 -0.097544752 -0.058983959 0.975165188
1311867214.537369 0.033038661 0.056880470 -0.069705606 0.184740633 -0.095741704 -0.059397750 0.976307511
1311867214.569142 0.033065002 0.056882080 -0.069741696 0.183503240 -0.096222579 -0.058632173 0.976539850
1311867214.604864 0.033026963 0.056856047 -0.069703415 0.182252854 -0.096550755 -0.058324710 0.976760030
1311867214.636989 0.033013158 0.056847315 -0.069720216 0.181717888 -0.095934004 -0.058859468 0.976888359
1311867214.669101 0.033031806 0.056831725 -0.069715925 0.181234375 -0.095739603 -0.058895413 0.976995111
1311867214.704890 0.033048838 0.056853339 -0.069739290 0.181100965 -0.095493428 -0.058430519 0.977071822
1311867214.736964 0.033040751 0.056834906 -0.069777258 0.180949196 -0.094903946 -0.058216933 0.977170169
1311867214.769506 0.033038799 0.056828726 -0.069759049 0.180608287 -0.094884478 -0.058242448 0.977233589
1311867214.804993 0.033039056 0.056819487 -0.069748670 0.180681482 -0.094947383 -0.058487114 0.977199316
1311867214.836918 0.033069618 0.056803077 -0.069794834 0.181279033 -0.095632993 -0.058321364 0.977031708
1311867214.869998 0.033035457 0.056727510 -0.069815591 0.180510998 -0.094897635 -0.059067082 0.977200806
1311867214.904984 0.033039536 0.056743983 -0.069817454 0.178990006 -0.094529264 -0.059063442 0.977516472
1311867214.937253 0.033008192 0.056708377 -0.069838889 0.179167584 -0.094037428 -0.059389327 0.977511525
1311867214.969304 0.032985061 0.056711663 -0.069867365 0.178694978 -0.092305444 -0.059815139 0.977737188
1311867215.005064 0.033048239 0.056684665 -0.069925912 0.175953731 -0.093497843 -0.059474733 0.978141785
1311867215.037107 0.033059388 0.056702387 -0.069927305 0.175796255 -0.094338343 -0.059972823 0.978058934
1311867215.069291 0.033033740 0.056649815 -0.069946334 0.174998432 -0.094225526 -0.060670700 0.978169799
1311867215.105004 0.032937933 0.056615528 -0.069935210 0.171218365 -0.092299588 -0.059357572 0.979102552
1311867215.136914 0.030633509 0.051282994 -0.072319947 0.163974732 -0.089827739 -0.058231723 0.980638742
1311867215.169446 0.030638954 0.051272392 -0.072327591 0.162753716 -0.089860238 -0.058739349 0.980808914
1311867215.204946 0.030644482 0.051261086 -0.072338775 0.161195874 -0.089266695 -0.060436901 0.981017232
1311867215.236951 0.030619252 0.051263027 -0.072320662 0.160368100 -0.088769466 -0.060468521 0.981196046
1311867215.269082 0.030651364 0.051264398 -0.072339825 0.159934640 -0.089315169 -0.060573470 0.981210768
1311867215.304957 0.030634714 0.051257186 -0.072352134 0.158982411 -0.089176968 -0.060887378 0.981358707
1311867215.336962 0.030634644 0.051250670 -0.072350375 0.158983916 -0.088846341 -0.061687794 0.981338382
1311867215.369184 0.030610424 0.051245224 -0.072356269 0.159659594 -0.088951312 -0.060940266 0.981265903
1311867215.404952 0.030602036 0.051236432 -0.072391473 0.158655077 -0.088568330 -0.060824070 0.981470704
1311867215.437035 0.030644216 0.051250726 -0.072371557 0.158697516 -0.088245317 -0.062528126 0.981385827
1311867215.469090 0.027265660 0.046916123 -0.074074566 0.152066410 -0.085020244 -0.061057858 0.982811987
1311867215.504980 0.027284466 0.046910264 -0.074102983 0.151503533 -0.084089309 -0.061748061 0.982935905
1311867215.537123 0.027301637 0.046882816 -0.074124478 0.150307417 -0.083519347 -0.062002633 0.983152032
1311867215.569034 0.027262362 0.046881057 -0.074099183 0.150697827 -0.082797624 -0.061768342 0.983168066
1311867215.605085 0.027281389 0.046817552 -0.074145399 0.149626464 -0.082461141 -0.062123742 0.983337641
1311867215.637055 0.029315958 0.048751600 -0.076524034 0.148099855 -0.081927642 -0.062116090 0.983613729
1311867215.668922 0.029319791 0.048765313 -0.076501928 0.147522718 -0.082184151 -0.062274825 0.983668983
1311867215.704951 0.029314594 0.048721328 -0.076521926 0.147088632 -0.082476966 -0.061930284 0.983731270
1311867215.738883 0.029321937 0.048719838 -0.076555490 0.145589694 -0.082494996 -0.061703052 0.983966947
1311867215.769199 0.029327635 0.048723809 -0.076558352 0.144536734 -0.082395807 -0.061964396 0.984114110
1311867215.804883 0.029343793 0.048734918 -0.076578453 0.144597977 -0.082958154 -0.062031940 0.984053612
1311867215.837335 0.029307479 0.048662111 -0.076580077 0.143911287 -0.082500763 -0.061700113 0.984213531
1311867215.869167 0.029360142 0.048681263 -0.076590970 0.143550158 -0.082973547 -0.062706918 0.984162927
1311867215.905276 0.029343676 0.048683256 -0.076581262 0.144680619 -0.082962744 -0.063166380 0.983968914
1311867215.937088 0.029324232 0.048660692 -0.076610669 0.144774705 -0.082496524 -0.062344894 0.984046638
1311867215.970287 0.029327698 0.048643600 -0.076603830 0.143851444 -0.082123891 -0.062399134 0.984209776
1311867216.005079 0.029331703 0.048630629 -0.076624617 0.143577352 -0.082387574 -0.062257260 0.984236717
1311867216.036968 0.029317589 0.048575431 -0.076638974 0.142655089 -0.082264863 -0.062397741 0.984372199
1311867216.069483 0.029304050 0.048543438 -0.076688714 0.141132236 -0.081784897 -0.061971098 0.984658599
1311867216.105043 0.029312935 0.048529174 -0.076664917 0.140512213 -0.081360936 -0.062726870 0.984734595
1311867216.139295 0.029350260 0.048563223 -0.076644607 0.140106857 -0.081558131 -0.063551426 0.984723151
1311867216.169209 0.029311171 0.048468351 -0.076714113 0.137701675 -0.081752762 -0.062238220 0.985130012
1311867216.204961 0.029295471 0.048513521 -0.076668791 0.135972321 -0.080458999 -0.063073874 0.985423565
1311867216.237023 0.029277898 0.048535489 -0.076676227 0.133714080 -0.079567187 -0.062319487 0.985852897
1311867216.270663 0.029301018 0.048490275 -0.076719642 0.132448703 -0.080382004 -0.062683105 0.985934615
1311867216.305048 0.029288897 0.048450358 -0.076814540 0.130000055 -0.081102528 -0.062638491 0.986204326
1311867216.339542 0.029295076 0.048317596 -0.076808549 0.127991572 -0.080632314 -0.063415125 0.986455917
1311867216.369469 0.029234558 0.048340116 -0.076889396 0.125962317 -0.079916805 -0.062644958 0.986824453
1311867216.405512 0.029220659 0.048326511 -0.076897733 0.124633469 -0.079692163 -0.063190684 0.986976504
1311867216.437341 0.029233821 0.048292674 -0.076922923 0.123168714 -0.080265999 -0.061730579 0.987206280
1311867216.469753 0.029175004 0.048206568 -0.076911680 0.121455580 -0.080525763 -0.061296977 0.987424374
1311867216.504980 0.029197054 0.048348296 -0.077015892 0.120395862 -0.079793543 -0.061716776 0.987587392
1311867216.537226 0.029213779 0.048239917 -0.077020608 0.119795538 -0.079136670 -0.061846241 0.987705171
1311867216.569333 0.029206758 0.048218075 -0.076995090 0.119946927 -0.079386130 -0.062034648 0.987654984
1311867216.605032 0.029199827 0.048174545 -0.076941803 0.118581653 -0.079035006 -0.062282983 0.987832367
1311867216.637314 0.029187726 0.048133682 -0.076972708 0.118105493 -0.078101322 -0.062606499 0.987943172
1311867216.669119 0.029202728 0.048190523 -0.076973625 0.118735321 -0.078133389 -0.063001893 0.987839997
1311867216.705236 0.029158585 0.048104316 -0.077071883 0.117584020 -0.077442676 -0.062344216 0.988073885
1311867216.737208 0.029198216 0.048099801 -0.077029735 0.116355523 -0.077545434 -0.063142903 0.988160491
1311867216.769195 0.029202491 0.048063211 -0.076989293 0.116449006 -0.077780366 -0.063154235 0.988130271
1311867216.805002 0.029175052 0.048073001 -0.077017762 0.116128989 -0.077353314 -0.062454559 0.988245904
1311867216.837963 0.029155834 0.048127089 -0.077018768 0.116075687 -0.076383896 -0.061311658 0.988399148
1311867216.870340 0.029157065 0.048060503 -0.077089645 0.115437850 -0.076787338 -0.061752051 0.988415182
1311867216.904959 0.029154779 0.048084460 -0.077147692 0.115522884 -0.076538667 -0.061372694 0.988448143
1311867216.937407 0.029119376 0.048035096 -0.077122413 0.114987783 -0.075080678 -0.061660908 0.988604426
1311867216.969173 0.022870529 0.036236390 -0.076814838 0.106815808 -0.071483813 -0.061762400 0.989780724
1311867217.005327 0.022867823 0.036233321 -0.076815002 0.105839774 -0.071679749 -0.061752230 0.989872098
1311867217.037311 0.022862533 0.036227804 -0.076809630 0.105589636 -0.070664667 -0.062345382 0.989934564
1311867217.069129 0.022861622 0.036226906 -0.076810002 0.105417222 -0.070189640 -0.062134422 0.990000010
1311867217.105258 0.022865472 0.036223967 -0.076810069 0.104781702 -0.070141636 -0.062704861 0.990034878
1311867217.137085 0.022863165 0.036225084 -0.076812975 0.105024926 -0.070112400 -0.062611684 0.990017116
1311867217.169189 0.022871207 0.036231618 -0.076822586 0.105400831 -0.069982208 -0.062654927 0.989983618
1311867217.205792 0.022871375 0.036223970 -0.076822422 0.104582816 -0.070039548 -0.062814914 0.990056157
1311867217.237168 0.022858601 0.036219198 -0.076811716 0.104477637 -0.070257090 -0.062274624 0.990086019
1311867217.269228 0.022863898 0.036221612 -0.076819286 0.104478620 -0.070055872 -0.062834777 0.990064740
1311867217.305164 0.022867305 0.036148157 -0.076840855 0.103350639 -0.069873601 -0.063810952 0.990133643
1311867217.337405 0.022863833 0.036154974 -0.076853797 0.102551118 -0.070412904 -0.062885650 0.990237772
1311867217.369597 0.022818550 0.036145709 -0.076843172 0.100959681 -0.072154425 -0.061916012 0.990336955
1311867217.412045 0.018609270 0.022895826 -0.078490615 0.086948305 -0.068657793 -0.063380569 0.991821051
1311867217.437282 0.018605324 0.022890065 -0.078486994 0.086504489 -0.067425035 -0.064707048 0.991858780
1311867217.469419 0.018611165 0.022887293 -0.078495473 0.085153796 -0.067255773 -0.064396195 0.992007434
1311867217.505032 0.018597798 0.022876106 -0.078486487 0.084163137 -0.067267083 -0.064941257 0.992055655
1311867217.537068 0.018606685 0.022871951 -0.078500621 0.083447121 -0.067366004 -0.065011606 0.992104769
1311867217.569154 0.018587628 0.022859229 -0.078483373 0.082499534 -0.066888325 -0.065414876 0.992189884
1311867217.605054 0.018613458 0.022867743 -0.078508444 0.081373103 -0.068084404 -0.064300656 0.992274344
1311867217.637099 0.019538779 0.022139013 -0.076731183 0.078069732 -0.071243830 -0.062588073 0.992427409
1311867217.669100 0.019499825 0.022088479 -0.076724626 0.075446792 -0.072219737 -0.061889008 0.992603540
1311867217.705063 0.019509237 0.022090100 -0.076742262 0.073864102 -0.071912646 -0.062247999 0.992722511
1311867217.737154 0.019502107 0.022078142 -0.076721117 0.073226415 -0.071699910 -0.061097275 0.992856562
1311867217.769488 0.019494239 0.022064649 -0.076715052 0.072828010 -0.071627200 -0.060838230 0.992907047
1311867217.805184 0.019490100 0.022089275 -0.076713420 0.072696961 -0.071552157 -0.060390294 0.992949426
1311867217.837227 0.019493017 0.022071254 -0.076733604 0.073071331 -0.070766881 -0.060386539 0.992978454
1311867217.869085 0.019489205 0.022039117 -0.076724045 0.072427914 -0.070795260 -0.059777517 0.993060350
1311867217.905635 0.019513337 0.022050500 -0.076746911 0.071626216 -0.071515657 -0.059400104 0.993089557
1311867217.937258 0.016206158 0.015697164 -0.076992758 0.065763518 -0.069254205 -0.061920572 0.993501365
1311867217.971093 0.016194941 0.015646897 -0.077016287 0.063978836 -0.068917863 -0.061739609 0.993652523
1311867218.005224 0.016195789 0.015645185 -0.077000968 0.062913060 -0.068307154 -0.062476303 0.993716717
1311867218.037144 0.016220203 0.015665477 -0.077033341 0.063088015 -0.068451025 -0.062729321 0.993679762
1311867218.071085 0.014183231 0.015193791 -0.077722691 0.061755590 -0.067294657 -0.060163606 0.994001031
1311867218.105098 0.014190409 0.015177650 -0.077727944 0.061046109 -0.067637138 -0.060421616 0.994005978
1311867218.137118 0.016831197 0.017655514 -0.076406591 0.062667951 -0.069328122 -0.062697761 0.993647516
1311867218.171201 0.014176723 0.015154927 -0.077745974 0.058735847 -0.066635132 -0.061396945 0.994153023
1311867218.205035 0.014183486 0.015147977 -0.077764153 0.057500295 -0.066846929 -0.061011255 0.994234860
1311867218.237244 0.014169675 0.015133649 -0.077766567 0.057082057 -0.066400602 -0.062274277 0.994210601
1311867218.271553 0.014154687 0.015066986 -0.077781223 0.055562347 -0.066290848 -0.061724760 0.994338214
1311867218.305133 0.014149671 0.015100321 -0.077778645 0.055192612 -0.065184526 -0.063850917 0.994297624
1311867218.337365 0.014169592 0.015075775 -0.077813335 0.055523369 -0.065025754 -0.064917393 0.994220614
1311867218.373471 0.013745161 0.011113985 -0.074408785 0.052424058 -0.065018006 -0.068368591 0.994158030
1311867218.405269 0.013746519 0.011088806 -0.074433967 0.051437236 -0.064825736 -0.069880314 0.994117022
1311867218.437232 0.013729717 0.011132302 -0.074427634 0.052346613 -0.064734772 -0.070148356 0.994056582
1311867218.472952 0.013747849 0.011098848 -0.074427418 0.053821441 -0.064312942 -0.070407890 0.993986905
1311867218.505117 0.013723470 0.010985180 -0.074460156 0.052858431 -0.064563133 -0.070478894 0.994017363
1311867218.537273 0.013766240 0.010964782 -0.074480347 0.052080419 -0.065306880 -0.070737846 0.993991315
1311867218.571458 0.013730657 0.010986954 -0.074446954 0.051631182 -0.065366387 -0.070746943 0.994010270
1311867218.605932 0.013740894 0.010930496 -0.074455440 0.049855500 -0.065019622 -0.070337996 0.994152606
1311867218.637202 0.013745331 0.010853817 -0.074425459 0.048652388 -0.065281250 -0.070235357 0.994202435
1311867218.671051 0.013712512 0.010837726 -0.074606165 0.047200240 -0.065039769 -0.071259201 0.994215369
1311867218.705900 0.013659568 0.010752697 -0.074747108 0.045207836 -0.064457715 -0.071027778 0.994362414
1311867218.737849 0.013794286 0.010615248 -0.074671529 0.044121005 -0.064357810 -0.072517276 0.994310141
1311867218.771585 0.012921768 0.010014786 -0.073296115 0.044281494 -0.063655801 -0.072395340 0.994357109
1311867218.805242 0.013716968 0.010513482 -0.074626930 0.042447448 -0.064543240 -0.072363220 0.994382203
1311867218.837996 0.013332673 0.010475154 -0.074039705 0.041608263 -0.063642807 -0.072601765 0.994458377
1311867218.872727 0.006291415 -0.008163659 -0.073482811 0.026998693 -0.060242277 -0.073450468 0.995111585
1311867218.905486 0.006717502 -0.007969061 -0.074438788 0.025374658 -0.061099291 -0.072610967 0.995163679
1311867218.937220 0.006657351 -0.007973252 -0.074211791 0.024269043 -0.061604585 -0.073136292 0.995121598
1311867218.973161 0.013112864 0.005763534 -0.072890051 0.035003580 -0.065461531 -0.076060846 0.994336128
1311867219.005183 0.013084082 0.005635658 -0.072795376 0.033452384 -0.065547064 -0.075926505 0.994394124
1311867219.037124 0.013001307 0.005539237 -0.072799794 0.031532086 -0.065263130 -0.075754061 0.994488716
1311867219.073837 0.013076854 0.005660896 -0.072953202 0.030218732 -0.065242253 -0.075689532 0.994535744
1311867219.105080 0.013108338 0.005645636 -0.072981611 0.029314067 -0.065297924 -0.076437116 0.994502068
1311867219.138326 0.012874514 0.005512533 -0.072671503 0.028293118 -0.064276367 -0.076196849 0.994616628
1311867219.170841 0.013087123 0.005653444 -0.073084287 0.027294710 -0.063542403 -0.075897433 0.994714499
1311867219.205245 0.011842789 0.004052841 -0.069324084 0.023501758 -0.062836222 -0.074167363 0.994986653
1311867219.239134 0.011854714 0.004089437 -0.069533549 0.021779563 -0.063485563 -0.072479159 0.995109081
1311867219.270902 0.011781654 0.004059165 -0.069379427 0.020613164 -0.063633434 -0.071506657 0.995194852
1311867219.305243 0.011738328 0.004007727 -0.069329105 0.020317921 -0.063437872 -0.072498225 0.995141625
1311867219.340155 0.011735368 0.003893654 -0.069430470 0.019447982 -0.062434327 -0.072071604 0.995253503
1311867219.371495 0.011665951 0.003739950 -0.069169901 0.017250486 -0.062336087 -0.070639707 0.995402813
1311867219.405197 0.012428011 0.001182547 -0.066777200 0.015212324 -0.063936308 -0.074552253 0.995049119
1311867219.439479 0.012403559 0.001115497 -0.066752031 0.014582135 -0.063572772 -0.075418539 0.995016575
1311867219.471709 0.012298576 0.001049722 -0.066734202 0.013037341 -0.062160928 -0.075504929 0.995120645
1311867219.505156 0.012364347 0.001067296 -0.066699810 0.012275046 -0.061805401 -0.075951613 0.995118499
1311867219.539180 0.012354497 0.000958222 -0.066754304 0.011294745 -0.061748762 -0.076127641 0.995120168
1311867219.574333 0.012279938 0.000972545 -0.066748410 0.009495555 -0.060832910 -0.076685719 0.995152533
1311867219.608604 0.012298270 0.000915780 -0.066678479 0.008944146 -0.060061347 -0.076832272 0.995193183
1311867219.642360 0.012329179 0.000894017 -0.066741109 0.008089412 -0.059778597 -0.076532915 0.995240629
1311867219.671103 0.009607356 -0.000799386 -0.066617243 0.005459143 -0.057298437 -0.076078661 0.995439231
1311867219.705287 0.009555435 -0.000731878 -0.066591509 0.006141693 -0.055977825 -0.075916849 0.995522738
1311867219.739499 0.009273828 -0.001010766 -0.066295497 0.005772770 -0.053589478 -0.076637343 0.995601118
1311867219.773963 0.009315159 -0.000914544 -0.066426873 0.005146368 -0.052862644 -0.075733066 0.995712638
1311867219.805177 0.009418863 -0.000928706 -0.066503473 0.004992262 -0.053247437 -0.075829804 0.995685518
1311867219.839721 0.009577084 -0.001848190 -0.065260068 0.003419945 -0.053074665 -0.076230481 0.995670855
1311867219.875308 0.009458276 -0.001839729 -0.065236323 0.002479435 -0.051306479 -0.075816870 0.995797873
1311867219.910839 0.009404659 -0.001973874 -0.065095507 0.001510629 -0.051047310 -0.075827383 0.995812356
1311867219.941763 0.009181823 -0.002120607 -0.064771570 0.000052459 -0.051760454 -0.075019181 0.995837808
1311867219.973219 0.009381920 -0.001996959 -0.065329298 -0.001122668 -0.050730955 -0.075139374 0.995881140
1311867220.006868 0.009404684 -0.002017244 -0.065338053 -0.001593533 -0.049786311 -0.075158857 0.995926738
1311867220.042194 0.009298776 0.000408650 -0.064589165 -0.001029307 -0.048689585 -0.072967671 0.996144593
1311867220.074365 0.009362333 0.000409842 -0.064651214 -0.002072952 -0.049503472 -0.072949357 0.996104240
1311867220.105276 0.009305199 0.000358983 -0.064714678 -0.003507136 -0.048587237 -0.073808588 0.996081948
1311867220.142093 0.009275145 0.000275326 -0.064555667 -0.004641994 -0.048347238 -0.073677249 0.996098757
1311867220.171409 0.013044721 -0.000636508 -0.064310953 -0.007515573 -0.051413730 -0.073384285 0.995949268
1311867220.206177 0.013087478 -0.000681329 -0.064310789 -0.008832484 -0.052388411 -0.073815957 0.995855749
1311867220.242193 0.011068123 0.005504573 -0.066285104 -0.004707951 -0.050215252 -0.072032809 0.996126294
1311867220.274111 0.012942862 -0.000949561 -0.063893028 -0.010133934 -0.051567934 -0.075312540 0.995774150
1311867220.306449 0.013155894 -0.000796845 -0.064277835 -0.011354522 -0.052261267 -0.073880658 0.995832086
1311867220.342053 0.007891640 -0.002800789 -0.064097837 -0.014109618 -0.048518453 -0.075446829 0.995868802
1311867220.371471 0.007992988 -0.002815420 -0.064224564 -0.014618611 -0.048280984 -0.075550199 0.995865166
1311867220.406370 0.011150061 0.005193137 -0.065767176 -0.008628717 -0.049424659 -0.073088028 0.996062696
1311867220.440877 0.007912443 -0.003150989 -0.064042225 -0.018218249 -0.048244387 -0.075688288 0.995797157
1311867220.472868 0.007972537 -0.002978716 -0.064148448 -0.019503541 -0.048338432 -0.075455271 0.995785892
1311867220.509080 0.007924506 -0.003296846 -0.064012311 -0.020880358 -0.047914743 -0.074996121 0.995813191
1311867220.541975 0.012353673 -0.001401624 -0.064733841 -0.019980168 -0.051355280 -0.073307261 0.995785832
1311867220.571621 0.012401488 -0.001410491 -0.064693682 -0.020063868 -0.051606305 -0.072810635 0.995807648
1311867220.610419 0.012364802 -0.001417114 -0.064693324 -0.020035487 -0.051353250 -0.072362915 0.995853961
1311867220.639667 0.012332367 -0.001454796 -0.064712077 -0.020197188 -0.051225875 -0.072864227 0.995820701
1311867220.671279 0.012188221 -0.001558508 -0.064591393 -0.020298190 -0.050287452 -0.071904108 0.995936275
1311867220.707327 0.012351927 -0.001552409 -0.064773656 -0.020330921 -0.050685395 -0.071568705 0.995939553
1311867220.739338 0.012378265 -0.001577430 -0.064830333 -0.019769931 -0.050564960 -0.071665615 0.995950043
1311867220.771914 0.012306619 -0.001559077 -0.064986721 -0.019469071 -0.049950484 -0.071195945 0.996020615
1311867220.809727 0.012256143 -0.001656097 -0.064871423 -0.018858174 -0.049842857 -0.071663558 0.996004224
1311867220.841417 0.012214893 -0.001804526 -0.064797305 -0.019294204 -0.049739175 -0.072343826 0.995951891
1311867220.871240 0.012265555 -0.001733000 -0.065085851 -0.020157626 -0.049651556 -0.072331220 0.995940089
1311867220.907590 0.012279336 -0.001742892 -0.065089874 -0.020153124 -0.050042164 -0.071658388 0.995969236
1311867220.939280 0.012200399 -0.001706407 -0.064834103 -0.019554093 -0.050770823 -0.071711943 0.995940447
1311867220.971313 0.012115173 -0.001767242 -0.064839698 -0.019393578 -0.051017705 -0.071634956 0.995936573
1311867221.008955 0.012141540 -0.001744485 -0.065160476 -0.019380275 -0.050839357 -0.071693987 0.995941699
1311867221.039288 0.012083210 -0.001828330 -0.064741954 -0.018731536 -0.051651292 -0.073352337 0.995791495
1311867221.072099 0.008639833 -0.006738795 -0.065350182 -0.023008671 -0.050258964 -0.074236870 0.995707572
1311867221.107750 0.008672264 -0.006717440 -0.065416791 -0.023737624 -0.050870966 -0.075636536 0.995554030
1311867221.139766 0.008580856 -0.006807975 -0.065176345 -0.024091983 -0.051363535 -0.076372750 0.995464027
1311867221.171684 0.008664954 -0.006769870 -0.065306403 -0.023507468 -0.052186258 -0.078238197 0.995290339
1311867221.208397 0.008578788 -0.006896960 -0.065329410 -0.025348209 -0.053107262 -0.078147531 0.995203555
1311867221.239750 0.006725356 -0.007304029 -0.065150239 -0.027507709 -0.052304424 -0.077158414 0.995265901
1311867221.271980 0.006711810 -0.007383457 -0.065081351 -0.027425252 -0.053096704 -0.077001773 0.995238423
1311867221.307576 0.006578334 -0.007485717 -0.065389484 -0.028262109 -0.054007173 -0.077186853 0.995151639
1311867221.339333 0.006696716 -0.007579274 -0.065046504 -0.029416550 -0.054638155 -0.077205770 0.995082259
1311867221.371416 0.006731115 -0.007440672 -0.065306365 -0.027863717 -0.054899901 -0.078025110 0.995048642
1311867221.407147 0.006478517 -0.007728633 -0.065047406 -0.028112233 -0.054805234 -0.078258410 0.995028496
1311867221.440006 0.006604808 -0.007589937 -0.065268688 -0.028562430 -0.053259142 -0.079284862 0.995018423
1311867221.471228 0.006296083 -0.007176628 -0.066589929 -0.029075719 -0.050708033 -0.077340007 0.995289862
1311867221.508153 0.006439185 -0.007719239 -0.065188214 -0.030219363 -0.049582757 -0.076431863 0.995382607
1311867221.539675 0.006179162 -0.007898688 -0.069385909 -0.031761650 -0.047397904 -0.073225051 0.995682061
1311867221.571272 0.006206090 -0.007900783 -0.069421388 -0.032452576 -0.046303451 -0.073576890 0.995685339
1311867221.607168 0.006217876 -0.007923190 -0.069512591 -0.032131765 -0.045436796 -0.072993204 0.995778620
1311867221.640370 0.006213794 -0.007982266 -0.069772922 -0.032534793 -0.043908849 -0.072511457 0.995869339
1311867221.669453 0.006121348 -0.008036770 -0.069749206 -0.033736762 -0.043335177 -0.071602918 0.995920181
1311867221.707171 0.006572803 -0.013274237 -0.070483305 -0.039164875 -0.043183871 -0.072555169 0.995659173
1311867221.742382 0.006594611 -0.013317705 -0.070565805 -0.039677985 -0.042736124 -0.072150797 0.995687544
1311867221.769386 0.007261230 -0.013065619 -0.072034098 -0.041656494 -0.042980313 -0.070118070 0.995741367
1311867221.807422 0.006714428 -0.013570366 -0.070744120 -0.044309746 -0.042427886 -0.069178469 0.995716274
1311867221.839645 0.006798526 -0.013436712 -0.070857659 -0.043986604 -0.042782314 -0.068942361 0.995731771
1311867221.869580 0.007352388 -0.014894272 -0.070875444 -0.045551956 -0.040962666 -0.069710620 0.995684505
1311867221.907739 0.007647476 -0.014891475 -0.071167022 -0.045884505 -0.041732419 -0.070755064 0.995563567
1311867221.942361 0.007714890 -0.014874889 -0.071413912 -0.045966953 -0.041770358 -0.071452804 0.995508313
1311867221.969578 0.007733354 -0.014915865 -0.071405441 -0.046059642 -0.042183969 -0.072712757 0.995395362
1311867222.009006 0.007655852 -0.015089287 -0.071402647 -0.048097219 -0.041672461 -0.074480444 0.995189846
1311867222.042876 0.007775474 -0.015118511 -0.071492799 -0.048067998 -0.042564824 -0.075894579 0.995046675
1311867222.069362 0.007919434 -0.015148571 -0.071849220 -0.048221923 -0.043520641 -0.077274516 0.994891584
1311867222.111094 0.009498199 -0.021132283 -0.071273193 -0.055583909 -0.044769805 -0.076876253 0.994482875
1311867222.140683 0.009609216 -0.021062626 -0.071419038 -0.057365302 -0.045809254 -0.076720379 0.994346440
1311867222.169399 0.009517392 -0.021155443 -0.071350291 -0.059086539 -0.046134472 -0.078070566 0.994125485
1311867222.208160 0.008664491 -0.023179809 -0.070846438 -0.063620970 -0.046108387 -0.079397544 0.993741632
1311867222.240073 0.008673098 -0.023203479 -0.070865899 -0.067230225 -0.046436410 -0.079915442 0.993447244
1311867222.269681 0.008700414 -0.023211922 -0.070738062 -0.068170249 -0.048847381 -0.080188587 0.993245482
1311867222.307736 0.009541174 -0.014891033 -0.073388934 -0.062769711 -0.050249372 -0.080360800 0.993517637
1311867222.339630 0.009440528 -0.014994318 -0.073158570 -0.065639250 -0.050613407 -0.081960626 0.993182957
1311867222.369496 0.008660870 -0.023278574 -0.070782237 -0.075435385 -0.050794810 -0.082223281 0.992455959
1311867222.410190 0.009406292 -0.018841717 -0.072905868 -0.071967050 -0.052603263 -0.083178073 0.992539704
1311867222.443636 0.009219380 -0.022871489 -0.070956975 -0.078991614 -0.053249151 -0.085015230 0.991815150
1311867222.469409 0.009178411 -0.022921043 -0.070890732 -0.081940204 -0.053579975 -0.083979040 0.991646409
1311867222.508688 0.009183777 -0.022945179 -0.070890225 -0.084807381 -0.054733086 -0.084070787 0.991334498
1311867222.540167 0.008953257 -0.022931414 -0.070872471 -0.086494885 -0.053800136 -0.086019017 0.991072595
1311867222.569671 0.008832840 -0.022971489 -0.070557907 -0.087545507 -0.054467652 -0.085033260 0.991029024
1311867222.608424 0.008973183 -0.022923905 -0.070835263 -0.088723563 -0.056091964 -0.082562111 0.991042614
1311867222.643296 0.008837269 -0.022967134 -0.070606828 -0.089809611 -0.054944132 -0.081593417 0.991089284
1311867222.669574 0.007630162 -0.023781629 -0.068486795 -0.092679895 -0.055339165 -0.080325164 0.990906596
1311867222.708011 0.007573192 -0.023854556 -0.068356477 -0.093341827 -0.056009378 -0.079433076 0.990878701
1311867222.739992 0.007272785 -0.023909083 -0.067807503 -0.094453245 -0.056028772 -0.078582011 0.990840197
1311867222.769457 0.006269450 -0.024189873 -0.065854758 -0.095477849 -0.056552861 -0.076729022 0.990857482
1311867222.809321 0.006617945 -0.023816669 -0.067172602 -0.094811380 -0.057993174 -0.075241655 0.990952253
1311867222.840258 0.006631648 -0.023836659 -0.067208059 -0.095241420 -0.058045074 -0.074489608 0.990964830
1311867222.869499 0.006580120 -0.023861608 -0.067052558 -0.095583923 -0.059063885 -0.073723063 0.990928948
1311867222.908232 0.006427935 -0.023904936 -0.066778921 -0.095409706 -0.059318140 -0.072841153 0.990995765
1311867222.937591 0.007111198 -0.023659140 -0.068236180 -0.095367067 -0.058809958 -0.071604274 0.991120279
1311867222.969488 0.006592580 -0.023855502 -0.067097314 -0.095968455 -0.059420012 -0.071883500 0.991005659
1311867223.007824 0.006554442 -0.023876447 -0.067037806 -0.095857508 -0.060312446 -0.068586096 0.991196156
1311867223.037495 0.006568752 -0.023859862 -0.067125663 -0.095796548 -0.059168935 -0.068573549 0.991271853
1311867223.069417 0.006570973 -0.023862170 -0.067110218 -0.096198186 -0.059124324 -0.068363436 0.991250098
1311867223.109412 0.005685068 -0.023648966 -0.066183053 -0.095875412 -0.058711164 -0.068447024 0.991300106
1311867223.138136 0.005236827 -0.023971153 -0.065431252 -0.096473053 -0.058410216 -0.067730621 0.991309166
1311867223.175852 0.005331562 -0.024735879 -0.064919978 -0.098671630 -0.057992838 -0.068005711 0.991098404
1311867223.208002 0.005558534 -0.026725246 -0.064973064 -0.100721002 -0.058774114 -0.068158753 0.990835667
1311867223.237463 0.006593682 -0.032592203 -0.063241728 -0.106712416 -0.062067650 -0.067446671 0.990056157
1311867223.277936 0.005644597 -0.026795505 -0.065020256 -0.103253096 -0.061135083 -0.068011664 0.990442157
1311867223.308589 0.005810236 -0.026735881 -0.065332368 -0.104632877 -0.060196713 -0.067268610 0.990405619
1311867223.337625 0.004265276 -0.026403278 -0.064140894 -0.106432706 -0.059407707 -0.065724865 0.990365148
1311867223.375432 0.004188213 -0.026435576 -0.064188696 -0.108788438 -0.059487186 -0.064228237 0.990202546
1311867223.407361 0.004814858 -0.027110113 -0.063474968 -0.110913865 -0.060716841 -0.064930364 0.989846289
1311867223.437562 0.009449358 -0.023108769 -0.066105723 -0.107551962 -0.064040616 -0.063319363 0.990112185
1311867223.475825 0.003258106 -0.029188581 -0.062588930 -0.114686586 -0.059343081 -0.061354961 0.989727795
1311867223.507732 0.003221791 -0.029248159 -0.062526688 -0.115673035 -0.059887823 -0.061137725 0.989593565
1311867223.537550 0.003429044 -0.029137429 -0.062957026 -0.115961738 -0.060112674 -0.060724515 0.989571631
1311867223.575919 0.003680084 -0.029128615 -0.063397527 -0.116353825 -0.060475659 -0.060586140 0.989511967
1311867223.607790 0.002768632 -0.029500905 -0.061509196 -0.117232747 -0.059622061 -0.062130008 0.989364266
1311867223.637449 0.003111317 -0.029340517 -0.062310085 -0.117207833 -0.060342636 -0.061204955 0.989381135
1311867223.675382 0.003369281 -0.029239338 -0.062951714 -0.117002897 -0.059873253 -0.061136641 0.989438176
1311867223.708839 0.004556700 -0.029430168 -0.063176446 -0.118111230 -0.061512262 -0.063897356 0.989031494
1311867223.737594 0.004826988 -0.029329982 -0.063428223 -0.119337544 -0.062111899 -0.063475415 0.988873899
1311867223.776066 0.003662903 -0.028979225 -0.064037234 -0.120172329 -0.059743620 -0.062956415 0.988951862
1311867223.807750 0.003690306 -0.028978705 -0.064043671 -0.122187741 -0.058600057 -0.062766910 0.988785386
1311867223.837481 0.003773369 -0.029087761 -0.064078629 -0.124003731 -0.058996622 -0.063428603 0.988493443
1311867223.876077 0.004062975 -0.029431025 -0.064029627 -0.125564262 -0.059632499 -0.064451449 0.988192141
1311867223.907813 0.004879342 -0.032824636 -0.065624215 -0.129788145 -0.058895610 -0.064657822 0.987676919
1311867223.938926 0.005089824 -0.032669429 -0.065767094 -0.130993292 -0.058030955 -0.064640291 0.987570167
1311867223.976047 0.004655809 -0.032939386 -0.065948822 -0.132331446 -0.056693446 -0.064455234 0.987481534
1311867224.009213 0.004879038 -0.033110760 -0.065269560 -0.133245990 -0.056766056 -0.065514185 0.987284720
1311867224.037596 0.005790844 -0.036641035 -0.066219196 -0.137492180 -0.055081364 -0.065411016 0.986804664
1311867224.076133 0.005822019 -0.036612052 -0.066044755 -0.137909040 -0.054700669 -0.065498866 0.986761868
1311867224.108128 0.005743105 -0.036653485 -0.066221356 -0.137478754 -0.053820685 -0.064646117 0.986926436
1311867224.137526 0.005720912 -0.036729127 -0.066216044 -0.137864858 -0.053306703 -0.064205229 0.986929357
1311867224.176888 0.005925510 -0.036755271 -0.066246092 -0.137984022 -0.052799851 -0.063753627 0.986969113
1311867224.205512 0.005857385 -0.036798298 -0.066236809 -0.138475016 -0.052539662 -0.062975056 0.986964285
1311867224.237792 0.005604593 -0.036811773 -0.067170300 -0.138442621 -0.051244959 -0.062512413 0.987066329
1311867224.276855 0.004079596 -0.041439265 -0.067285322 -0.144220203 -0.048748925 -0.063492522 0.986302614
1311867224.305465 0.003938400 -0.041451246 -0.067772821 -0.143787354 -0.047192670 -0.063098587 0.986466825
1311867224.337546 0.003969172 -0.041476563 -0.067766525 -0.143083975 -0.048086144 -0.063313633 0.986512125
1311867224.376913 0.006917737 -0.044535652 -0.068972096 -0.145001993 -0.048199486 -0.065203264 0.986103356
1311867224.405603 0.006958617 -0.044511557 -0.068836316 -0.143919066 -0.048227355 -0.066231839 0.986192107
1311867224.437516 0.006918060 -0.044518139 -0.069134600 -0.141796529 -0.047956504 -0.066991851 0.986461341
1311867224.477686 0.006876351 -0.044554126 -0.069313608 -0.140689224 -0.047317762 -0.068220511 0.986566603
1311867224.505660 0.007060250 -0.044513717 -0.068471842 -0.138142481 -0.047478057 -0.068929724 0.986869395
1311867224.537809 0.006839291 -0.044630900 -0.069312997 -0.135183215 -0.046777681 -0.068020441 0.987375677
1311867224.585912 0.005064551 -0.047624115 -0.069209009 -0.137488484 -0.045304030 -0.067898847 0.987134397
1311867224.605597 0.005030582 -0.047622010 -0.069171220 -0.138214722 -0.045230854 -0.066717885 0.987116873
1311867224.637806 0.004989621 -0.047639117 -0.069050871 -0.137682229 -0.045090914 -0.068246052 0.987093151
1311867224.678501 0.005082019 -0.047650415 -0.069254585 -0.137468517 -0.045508239 -0.068668582 0.987074554
1311867224.705493 0.005119304 -0.047672916 -0.069344185 -0.138468683 -0.045344356 -0.070174135 0.986836374
1311867224.737612 0.004917328 -0.047683500 -0.068951145 -0.138883844 -0.045085974 -0.069567502 0.986832738
1311867224.786626 0.005055429 -0.047677629 -0.069272928 -0.138271302 -0.045842573 -0.069865130 0.986862957
1311867224.805654 0.005024702 -0.047689807 -0.069187313 -0.139001831 -0.045261346 -0.070270494 0.986758292
1311867224.837824 0.006806443 -0.049404800 -0.069718234 -0.142654181 -0.045968626 -0.071093924 0.986145198
1311867224.877943 0.006793379 -0.049424976 -0.069643661 -0.143535778 -0.046460681 -0.070456624 0.986039937
1311867224.905651 0.006856823 -0.049552657 -0.069776677 -0.144584760 -0.046466921 -0.071001731 0.985847294
1311867224.937570 0.006883960 -0.049781241 -0.069361776 -0.146386653 -0.045357622 -0.070087828 0.985698462
1311867224.979735 0.007357752 -0.049926188 -0.068596929 -0.145558476 -0.045686390 -0.069733150 0.985831082
1311867225.006618 0.006764701 -0.049952563 -0.070016161 -0.145307988 -0.044802848 -0.068074748 0.986024439
1311867225.037681 0.007007767 -0.049921956 -0.069094196 -0.146826729 -0.045203779 -0.068442889 0.985755622
1311867225.079869 0.005430576 -0.051827297 -0.068678208 -0.150419742 -0.044127990 -0.067454763 0.985330641
1311867225.105549 0.005386984 -0.051874679 -0.068673253 -0.151119530 -0.043247178 -0.066934414 0.985298097
1311867225.137763 0.005539374 -0.052088361 -0.068054847 -0.152887672 -0.043264709 -0.067134142 0.985010982
1311867225.180820 0.005570778 -0.052517500 -0.068169676 -0.155235693 -0.043311704 -0.066001453 0.984718144
1311867225.205557 0.007401501 -0.054029472 -0.066945694 -0.157163352 -0.044171792 -0.066958629 0.984309494
1311867225.237668 0.007411676 -0.054030102 -0.066954419 -0.156903595 -0.043985724 -0.066635013 0.984381139
1311867225.279255 0.007382623 -0.054146122 -0.067105077 -0.157644212 -0.042814992 -0.066085249 0.984351516
1311867225.305777 0.007403263 -0.054172605 -0.066935167 -0.157851100 -0.042441726 -0.065263458 0.984389365
1311867225.337676 0.006361446 -0.055232137 -0.067474537 -0.157673731 -0.041807998 -0.064845890 0.984472513
1311867225.373693 0.006375233 -0.055218082 -0.067574784 -0.157266498 -0.042130399 -0.064344369 0.984556854
1311867225.405582 0.006301319 -0.055258214 -0.067529343 -0.156935900 -0.041978024 -0.063637681 0.984661996
1311867225.437602 0.006363416 -0.055284377 -0.067516282 -0.156254947 -0.043117836 -0.063336283 0.984740496
1311867225.473714 0.006321503 -0.055337623 -0.067571156 -0.155757576 -0.042518046 -0.063333392 0.984845519
1311867225.505610 0.007364572 -0.054240890 -0.067070059 -0.153105929 -0.042494807 -0.062750764 0.985299587
1311867225.537795 0.007504233 -0.054381352 -0.066985346 -0.152014375 -0.043041982 -0.062800623 0.985441566
1311867225.573788 0.006485184 -0.055528518 -0.067628711 -0.152496696 -0.043689705 -0.063515969 0.985292733
1311867225.605520 0.007582862 -0.057561465 -0.068595953 -0.153048292 -0.046497788 -0.064162478 0.985036731
1311867225.637625 0.007405832 -0.057574201 -0.068232991 -0.150013059 -0.046675779 -0.067454197 0.985275328
1311867225.673806 0.007370253 -0.058166593 -0.068995848 -0.149452910 -0.046161488 -0.068377398 0.985321045
1311867225.705642 0.007631675 -0.057592470 -0.068962544 -0.146492884 -0.047072802 -0.070727013 0.985556543
1311867225.737747 0.007621195 -0.057728492 -0.069343098 -0.143548906 -0.047525555 -0.070703410 0.985969603
1311867225.773659 0.007513956 -0.057809163 -0.070172586 -0.143107966 -0.048733834 -0.071407467 0.985924006
1311867225.805618 0.009085683 -0.058026649 -0.070176579 -0.143685281 -0.051800739 -0.071977057 0.985642195
1311867225.837804 0.009328842 -0.057991486 -0.070670269 -0.142948985 -0.052835763 -0.072544292 0.985652804
1311867225.873778 0.009482516 -0.058060862 -0.070966378 -0.144463375 -0.053732168 -0.071232840 0.985479116
1311867225.905632 0.009642663 -0.058359247 -0.071110807 -0.146457881 -0.055036072 -0.068202183 0.985327125
1311867225.937904 0.007805606 -0.061597306 -0.071365669 -0.148901060 -0.056774043 -0.069934100 0.984740853
1311867225.973591 0.007646450 -0.061698213 -0.071591377 -0.149481311 -0.057429533 -0.069192007 0.984667301
1311867226.005870 0.007766179 -0.061741326 -0.071274489 -0.149134979 -0.058390271 -0.069991566 0.984606862
1311867226.037807 0.007794475 -0.061685257 -0.072023146 -0.149085879 -0.059636369 -0.068357073 0.984654367
1311867226.073737 0.008013133 -0.062138338 -0.071734346 -0.151328787 -0.060242943 -0.068622112 0.984256804
1311867226.105587 0.007921237 -0.063611902 -0.072851136 -0.153820470 -0.061926987 -0.067891128 0.983816624
1311867226.137702 0.008481497 -0.063817926 -0.074113548 -0.153130993 -0.063196309 -0.066434823 0.983942926
1311867226.173782 0.007835801 -0.065618560 -0.073956594 -0.155809268 -0.062756084 -0.067314669 0.983490705
1311867226.205652 0.008182952 -0.065738745 -0.073067948 -0.156199828 -0.063032880 -0.067106165 0.983425319
1311867226.237839 0.007371082 -0.066358171 -0.073950969 -0.156609461 -0.062966220 -0.066899754 0.983378470
1311867226.273639 0.007244610 -0.066467218 -0.074213691 -0.156135097 -0.061605316 -0.067646705 0.983489037
1311867226.305637 0.006742337 -0.066460907 -0.073742017 -0.156080127 -0.060056012 -0.065576769 0.983733714
1311867226.337609 0.007573676 -0.066709928 -0.074648596 -0.156673640 -0.060025472 -0.064856961 0.983688951
1311867226.373734 0.008002737 -0.067509443 -0.075097121 -0.159177348 -0.061179552 -0.063825056 0.983283281
1311867226.405602 0.007836750 -0.071156397 -0.077260569 -0.164366931 -0.060672652 -0.061414566 0.982614160
1311867226.437644 0.005389144 -0.073075995 -0.074281476 -0.167311937 -0.059510574 -0.061126698 0.982206047
1311867226.473717 0.007668830 -0.070733614 -0.075294368 -0.166835099 -0.060551886 -0.061288454 0.982213438
1311867226.505750 0.007336006 -0.072001711 -0.075089686 -0.168788731 -0.060756579 -0.061900739 0.981828570
1311867226.537741 0.007335930 -0.067912392 -0.077922747 -0.165247753 -0.061110865 -0.060938410 0.982468963
1311867226.573767 0.006442179 -0.070629291 -0.078935377 -0.168604866 -0.060515039 -0.060632002 0.981954277
1311867226.605613 0.007392870 -0.068151116 -0.078627139 -0.167550668 -0.061509930 -0.061116591 0.982042789
1311867226.637797 0.007694463 -0.068731494 -0.078161143 -0.169352382 -0.061777048 -0.061005939 0.981723785
1311867226.673676 0.008761999 -0.072828248 -0.077242546 -0.172167063 -0.062521778 -0.062996641 0.981061101
1311867226.705658 0.008481874 -0.074006535 -0.078155696 -0.174166143 -0.062135313 -0.063667826 0.980689526
1311867226.737728 0.008535380 -0.074953429 -0.076493591 -0.174795374 -0.063679121 -0.063947417 0.980460286
1311867226.773860 0.008624385 -0.076417617 -0.076851808 -0.175261796 -0.064400718 -0.065148123 0.980250776
1311867226.805637 0.009202801 -0.068129599 -0.081476904 -0.168598190 -0.061441582 -0.064945668 0.981621981
1311867226.837753 0.010469630 -0.068112694 -0.080895334 -0.169416666 -0.064051494 -0.063652553 0.981398940
1311867226.873821 0.009641711 -0.067971371 -0.082751304 -0.168335661 -0.062123381 -0.063648932 0.981709003
1311867226.905774 0.012040731 -0.059850115 -0.077797458 -0.162743405 -0.067448393 -0.061332542 0.982447803
1311867226.937813 0.011927427 -0.059864715 -0.077559888 -0.163121715 -0.066749893 -0.062123775 0.982383072
1311867226.973631 0.012149768 -0.059755638 -0.077801853 -0.163156494 -0.067426391 -0.061851691 0.982348263
1311867227.005676 0.011370677 -0.062373858 -0.079371169 -0.167749569 -0.067513503 -0.061651759 0.981580973
1311867227.037802 0.009566602 -0.068225533 -0.081557654 -0.172601670 -0.062645882 -0.066088580 0.980773449
1311867227.073659 0.008341676 -0.071325958 -0.078821748 -0.178832352 -0.064733192 -0.062563598 0.979752243
1311867227.105662 0.008148295 -0.072624713 -0.079716116 -0.182105958 -0.063900150 -0.062671497 0.979196906
1311867227.137793 0.008131078 -0.073069081 -0.079001449 -0.183267206 -0.062707581 -0.061764766 0.979114950
1311867227.173840 0.008142265 -0.072465122 -0.078905553 -0.182843208 -0.062271312 -0.062529154 0.979173541
1311867227.205749 0.004802852 -0.077879518 -0.079014041 -0.190465808 -0.059981514 -0.062512435 0.977863669
1311867227.237947 0.006325223 -0.076156951 -0.079016663 -0.188261911 -0.061217748 -0.062652335 0.978204727
1311867227.273709 0.007296608 -0.075258769 -0.078808591 -0.187881559 -0.062516965 -0.062117077 0.978229880
1311867227.305822 0.006257026 -0.077422820 -0.079615742 -0.190095186 -0.061805088 -0.063734792 0.977743208
1311867227.337747 0.008854563 -0.075330153 -0.079117358 -0.189164177 -0.064221300 -0.061992243 0.977880120
1311867227.373776 0.009374883 -0.075698271 -0.078642398 -0.189944983 -0.064879909 -0.062745474 0.977637291
1311867227.405700 0.008082470 -0.076242827 -0.079444662 -0.190079600 -0.063528985 -0.062602341 0.977708936
1311867227.437755 0.007518209 -0.076867692 -0.080545336 -0.191378459 -0.063818946 -0.062634312 0.977434576
1311867227.473739 0.010385788 -0.077545479 -0.079333946 -0.192309782 -0.067360610 -0.062802896 0.977003276
1311867227.505780 0.007909754 -0.077069305 -0.079507805 -0.191386938 -0.064135253 -0.062689707 0.977408767
1311867227.537934 0.008916194 -0.076409496 -0.079116285 -0.190727696 -0.065201558 -0.062346723 0.977488995
1311867227.573742 0.008695385 -0.076409534 -0.078602418 -0.190734088 -0.064866148 -0.062138248 0.977523267
1311867227.605850 0.009337482 -0.076168492 -0.079267800 -0.189866811 -0.065768652 -0.062963679 0.977579057
1311867227.637919 0.010069512 -0.077474803 -0.077826589 -0.192108631 -0.066193081 -0.061520386 0.977204204
1311867227.673930 0.009598128 -0.076901875 -0.076818898 -0.191250622 -0.065709390 -0.062983595 0.977311909
1311867227.705960 0.008615062 -0.076635323 -0.077729829 -0.190424785 -0.064834930 -0.063692868 0.977485657
1311867227.737825 0.008961450 -0.076499254 -0.079212993 -0.191206142 -0.066504084 -0.062002126 0.977329612
1311867227.773732 0.009035829 -0.076982237 -0.078124598 -0.192333832 -0.066827640 -0.063163362 0.977011859
1311867227.805861 0.009857679 -0.076354466 -0.078390270 -0.191992283 -0.067442298 -0.062930442 0.977051854
1311867227.837774 0.009487649 -0.076933466 -0.078295976 -0.194767892 -0.067345895 -0.063202746 0.976491451
1311867227.873834 0.007990745 -0.077008672 -0.078538984 -0.196211308 -0.065658085 -0.063909777 0.976271331
1311867227.905791 0.008217582 -0.077897042 -0.077970475 -0.197184026 -0.066001624 -0.064130105 0.976037741
1311867227.937974 0.008159579 -0.078305952 -0.077681288 -0.198893830 -0.065162770 -0.064549759 0.975719512
1311867227.973753 0.011267680 -0.077353448 -0.076225266 -0.199167475 -0.065024137 -0.062394179 0.975813091
1311867228.005723 0.011512063 -0.077106178 -0.077076279 -0.199810848 -0.065245807 -0.060717542 0.975772560
1311867228.037953 0.008526659 -0.079035483 -0.078058235 -0.203831449 -0.061682928 -0.061861716 0.975100517
1311867228.073892 0.008468715 -0.080386817 -0.077742830 -0.207793355 -0.061479975 -0.061137468 0.974322557
1311867228.105804 0.008367806 -0.079278611 -0.077433228 -0.207783401 -0.061584868 -0.059508312 0.974418879
1311867228.137844 0.009962166 -0.076925613 -0.076470166 -0.205835238 -0.062121391 -0.061725356 0.974660337
1311867228.173814 0.008079611 -0.075548053 -0.075039968 -0.206673071 -0.058317468 -0.062443461 0.974672377
1311867228.205739 0.006069357 -0.079754457 -0.081089735 -0.208066240 -0.056927942 -0.062874347 0.974430382
1311867228.237933 0.007372558 -0.078094564 -0.075581506 -0.208796874 -0.059200548 -0.062142454 0.974185586
1311867228.273761 0.006091183 -0.079427116 -0.080046639 -0.208651438 -0.055945314 -0.063794062 0.974302351
1311867228.305921 0.004361392 -0.081173643 -0.082674704 -0.209859893 -0.054982647 -0.063105591 0.974142432
1311867228.337798 0.005902609 -0.078690499 -0.077563666 -0.209339589 -0.057751536 -0.061455473 0.974199712
1311867228.373868 0.007036295 -0.078928426 -0.078873955 -0.209382698 -0.057381768 -0.063892208 0.974055469
1311867228.405817 0.002923525 -0.081186369 -0.081380546 -0.211117297 -0.053895667 -0.063037656 0.973935902
1311867228.437784 0.005802718 -0.083529927 -0.077028684 -0.215520307 -0.058627181 -0.059968840 0.972891390
1311867228.473891 0.008974871 -0.074216746 -0.070339300 -0.208901033 -0.059220619 -0.061561547 0.974198878
1311867228.505808 0.007830580 -0.076099776 -0.075052984 -0.208419874 -0.056659147 -0.063528679 0.974328041
1311867228.537902 0.006238446 -0.080875032 -0.077234983 -0.212315679 -0.056935329 -0.062921926 0.973509789
1311867228.573967 0.005885843 -0.084164098 -0.076286837 -0.214650869 -0.058287565 -0.060721729 0.973057330
1311867228.605785 0.006682275 -0.082566522 -0.076601245 -0.210781410 -0.059798013 -0.061602119 0.973755956
1311867228.638238 0.006088194 -0.082921475 -0.076929562 -0.209816784 -0.059539672 -0.061646439 0.973977327
1311867228.674148 0.006223135 -0.083850153 -0.076071814 -0.208568975 -0.059227444 -0.062594816 0.974203765
1311867228.705963 0.004250205 -0.083975032 -0.077710405 -0.206860468 -0.057771474 -0.062321082 0.974672973
1311867228.738100 0.006509323 -0.083155677 -0.077522710 -0.205427691 -0.060419682 -0.061401054 0.974873781
1311867228.773802 0.007821912 -0.083481088 -0.076302640 -0.206102982 -0.062573209 -0.061970498 0.974559307
1311867228.805984 0.005164483 -0.085539795 -0.080236763 -0.204422072 -0.060815044 -0.062194761 0.975010276
1311867228.838559 0.007704663 -0.083055124 -0.078992143 -0.202062592 -0.062181365 -0.062189031 0.975416183
1311867228.873961 0.006711915 -0.084162846 -0.075649165 -0.203871995 -0.061050940 -0.063983031 0.974995017
1311867228.906015 0.010300771 -0.077072859 -0.080677584 -0.194644019 -0.063942358 -0.060478903 0.976917267
1311867228.937917 0.006966210 -0.084097147 -0.079853296 -0.201003805 -0.061528582 -0.060507596 0.975782037
1311867228.974031 0.006323873 -0.083201461 -0.079270437 -0.200592935 -0.060592089 -0.062900558 0.975773871
1311867229.006218 0.007149775 -0.083209239 -0.078425750 -0.197818667 -0.061312743 -0.062668100 0.976310015
1311867229.037895 0.009002574 -0.082571313 -0.079255000 -0.194627032 -0.062547937 -0.062213656 0.976902068
1311867229.073863 0.009698745 -0.079670511 -0.078652039 -0.191576198 -0.062544659 -0.061614469 0.977543056
1311867229.106048 0.007270069 -0.081064604 -0.078810871 -0.192269072 -0.061769411 -0.060908157 0.977500558
1311867229.138415 0.009096206 -0.078630276 -0.078205593 -0.188099056 -0.063367501 -0.060020007 0.978264272
1311867229.173882 0.011056623 -0.077788234 -0.078982331 -0.186759174 -0.064702041 -0.059291981 0.978478014
1311867229.205881 0.007595259 -0.074883103 -0.081349730 -0.181626156 -0.060335852 -0.061603859 0.979579747
1311867229.237989 0.007011195 -0.075021297 -0.082729913 -0.178985596 -0.061179470 -0.060421839 0.980086982
1311867229.273846 0.006179741 -0.073242165 -0.083995417 -0.175286472 -0.058534827 -0.058219530 0.981049895
1311867229.305876 0.006297068 -0.073294222 -0.084288329 -0.174683258 -0.057884514 -0.058347814 0.981188476
1311867229.338430 0.007046644 -0.073700838 -0.083492450 -0.174108088 -0.060709726 -0.057414692 0.981174946
1311867229.373891 0.007435708 -0.076620623 -0.083797410 -0.176102415 -0.063332833 -0.052698888 0.980917811
1311867229.405824 0.008329773 -0.076172389 -0.083951324 -0.175666332 -0.063493259 -0.052135162 0.981015742
1311867229.438754 0.008880715 -0.075933643 -0.083976582 -0.174964383 -0.064488553 -0.051861271 0.981090784
1311867229.473780 0.008345129 -0.075974658 -0.082820632 -0.173650220 -0.064669974 -0.050548054 0.981380820
1311867229.505914 0.008427874 -0.071006380 -0.084845386 -0.167173639 -0.064594820 -0.050755512 0.982499063
1311867229.538044 0.008199222 -0.074681729 -0.084237963 -0.167315349 -0.064974695 -0.051260605 0.982423663
1311867229.573925 0.008238721 -0.075962946 -0.084025361 -0.167268291 -0.065642551 -0.051967949 0.982350111
1311867229.605773 0.009024037 -0.071141198 -0.084942281 -0.161673829 -0.066181563 -0.053276673 0.983180165
1311867229.637979 0.009614826 -0.071081743 -0.085684411 -0.159826919 -0.068244681 -0.053960882 0.983303726
1311867229.673818 0.009799199 -0.070281833 -0.086228058 -0.157111421 -0.068903781 -0.054619335 0.983658969
1311867229.705799 0.009690784 -0.074770220 -0.085445173 -0.162587628 -0.069767736 -0.053058486 0.982793212
1311867229.737926 0.008135574 -0.070338607 -0.086013988 -0.157367423 -0.067648575 -0.052699257 0.983809948
1311867229.773985 0.008412529 -0.068354987 -0.087556452 -0.152513534 -0.069337308 -0.056089230 0.984269321
1311867229.805829 0.008643473 -0.073763430 -0.086138465 -0.158645242 -0.069886677 -0.054629046 0.983342946
1311867229.837864 0.009350290 -0.069520138 -0.086797707 -0.152226329 -0.069848277 -0.055356346 0.984319091
1311867229.874033 0.008334888 -0.067998715 -0.086353697 -0.148699775 -0.069901869 -0.054499876 0.984902024
1311867229.905852 0.009416761 -0.069694787 -0.087938473 -0.148667306 -0.072114326 -0.055114299 0.984713197
1311867229.938195 0.008940485 -0.069593273 -0.086934313 -0.148118496 -0.071662396 -0.056883346 0.984728277
1311867229.973952 0.009212999 -0.069460839 -0.087487258 -0.144817635 -0.071059227 -0.058196284 0.985186100
1311867230.005885 0.009080478 -0.069308743 -0.087555498 -0.142963439 -0.072183691 -0.055762816 0.985515893
1311867230.037850 0.009017710 -0.069151781 -0.087640554 -0.141462982 -0.071114324 -0.056591205 0.985762835
1311867230.074069 0.009742855 -0.068727486 -0.087789081 -0.138867304 -0.073340736 -0.056715753 0.985961676
1311867230.105927 0.009420710 -0.068563305 -0.087123170 -0.135826021 -0.074757002 -0.056275774 0.986304164
1311867230.138081 0.009390516 -0.068860047 -0.089077622 -0.135625556 -0.073849626 -0.055200461 0.986460805
1311867230.173877 0.010255910 -0.069062203 -0.088291578 -0.134309530 -0.074508935 -0.057142545 0.986480713
1311867230.206050 0.010230569 -0.068807475 -0.088757075 -0.132734954 -0.073977374 -0.056901235 0.986747742
1311867230.238178 0.009709139 -0.068659253 -0.088143200 -0.131829798 -0.073737934 -0.057399094 0.986858130
1311867230.274102 0.009259216 -0.068062812 -0.088891804 -0.131937504 -0.072680876 -0.055307042 0.987041652
1311867230.305950 0.009507847 -0.067878678 -0.087811053 -0.130287409 -0.073942810 -0.056194462 0.987116992
1311867230.337872 0.010263296 -0.068205364 -0.088558897 -0.129892841 -0.074387968 -0.055855844 0.987154722
1311867230.374067 0.010381902 -0.068331778 -0.089397013 -0.129655302 -0.074311487 -0.055252664 0.987225652
1311867230.406184 0.010606713 -0.066749677 -0.090373121 -0.126622781 -0.074480414 -0.054376692 0.987655044
1311867230.437986 0.010263510 -0.063850187 -0.090768509 -0.123460300 -0.074049920 -0.053188242 0.988152444
1311867230.474028 0.011348149 -0.064887092 -0.090247370 -0.123309955 -0.074987307 -0.053789746 0.988067925
1311867230.506080 0.010541894 -0.063357793 -0.093513273 -0.119505942 -0.074226275 -0.053245526 0.988622129
1311867230.537901 0.010542180 -0.063341722 -0.093437038 -0.118835412 -0.074787050 -0.052740339 0.988687754
1311867230.574088 0.010541370 -0.063325956 -0.093428157 -0.118907079 -0.075134411 -0.052268445 0.988677919
1311867230.605959 0.010784365 -0.063186780 -0.093652755 -0.117958911 -0.076209329 -0.051838875 0.988731802
1311867230.638052 0.010697696 -0.063192874 -0.093375959 -0.117000297 -0.076286927 -0.051856171 0.988838851
1311867230.674058 0.010773268 -0.063168608 -0.093565650 -0.116081268 -0.076548897 -0.051625367 0.988938987
1311867230.705904 0.010674860 -0.063120544 -0.093360379 -0.114895225 -0.077332646 -0.050247226 0.989087522
1311867230.737957 0.011127830 -0.062976792 -0.094157740 -0.114502147 -0.077845030 -0.049817186 0.989114642
1311867230.774137 0.011392618 -0.062866800 -0.093875088 -0.114259914 -0.079375781 -0.048722681 0.989075482
1311867230.805901 0.011241543 -0.062918246 -0.094083525 -0.113914460 -0.079417385 -0.047857866 0.989154160
1311867230.838169 0.011240658 -0.062823355 -0.094334088 -0.113973290 -0.079324074 -0.047644813 0.989165187
1311867230.874133 0.011277422 -0.062692665 -0.094568193 -0.114205875 -0.079138137 -0.047515590 0.989159465
1311867230.905947 0.011548441 -0.062811673 -0.094390377 -0.114648864 -0.079685755 -0.046978187 0.989089966
1311867230.938299 0.011851199 -0.062344629 -0.094857037 -0.114976339 -0.079975247 -0.047488444 0.989004195
1311867230.973924 0.011944146 -0.062563725 -0.095161594 -0.115186594 -0.080195732 -0.048036706 0.988935411
1311867231.006219 0.011852358 -0.062715866 -0.094582520 -0.115851790 -0.080215290 -0.048895191 0.988813996
1311867231.038122 0.011805885 -0.062453311 -0.095051832 -0.114608936 -0.079530731 -0.049338572 0.988992095
1311867231.074099 0.011639946 -0.061294559 -0.098685652 -0.112790748 -0.079451099 -0.050654083 0.989141047
1311867231.105954 0.011617969 -0.061199941 -0.098650344 -0.112845518 -0.079179443 -0.051911876 0.989091337
1311867231.138242 0.011699238 -0.061160635 -0.098708719 -0.111511774 -0.079727449 -0.050905850 0.989250898
1311867231.174250 0.011711573 -0.061173026 -0.098718755 -0.110247523 -0.079876900 -0.051043373 0.989373446
1311867231.205918 0.011694068 -0.061152101 -0.098694041 -0.109400250 -0.079581521 -0.051841602 0.989449799
1311867231.238184 0.011705244 -0.061117169 -0.098663017 -0.107119150 -0.079983525 -0.051998336 0.989658713
1311867231.274090 0.011775149 -0.060977034 -0.099017784 -0.104661487 -0.079859897 -0.050900768 0.989988685
1311867231.306019 0.011810330 -0.060974464 -0.099025294 -0.103094339 -0.079308093 -0.051185064 0.990182817
1311867231.338149 0.011671179 -0.060896914 -0.098904550 -0.101196714 -0.079573371 -0.052754641 0.990274906
1311867231.374183 0.011795077 -0.060947102 -0.098714851 -0.100037456 -0.081149511 -0.052666340 0.990269482
1311867231.405990 0.011742372 -0.060949635 -0.098627761 -0.099504285 -0.080096215 -0.052405253 0.990422785
1311867231.438072 0.011795900 -0.060857933 -0.098824039 -0.098797418 -0.081605203 -0.052044556 0.990389347
1311867231.474140 0.011773934 -0.060897186 -0.098747313 -0.098666072 -0.082108587 -0.050363813 0.990447700
1311867231.505980 0.011728357 -0.060976230 -0.098751910 -0.099826969 -0.082221657 -0.048683450 0.990406096
1311867231.538096 0.011744914 -0.060895775 -0.098788127 -0.100875512 -0.082451828 -0.047974009 0.990315259
1311867231.574153 0.011776075 -0.060893074 -0.098729357 -0.099702053 -0.082631402 -0.048462640 0.990395367
1311867231.605955 0.011750997 -0.060890459 -0.098614521 -0.100488551 -0.082333893 -0.047731441 0.990376174
1311867231.638125 0.011733354 -0.060781222 -0.098774575 -0.100741975 -0.082245313 -0.047453303 0.990371168
1311867231.674142 0.011765718 -0.060781140 -0.098805256 -0.100383304 -0.082916327 -0.047294851 0.990359187
1311867231.705921 0.011732098 -0.060778506 -0.098682404 -0.100302644 -0.083338633 -0.046456147 0.990371644
1311867231.738011 0.011741009 -0.060738508 -0.098717198 -0.100914203 -0.082346641 -0.046798687 0.990376353
1311867231.774173 0.011762855 -0.060729239 -0.098691985 -0.099957086 -0.081842184 -0.048323531 0.990441978
1311867231.805931 0.011848327 -0.060705539 -0.098882206 -0.098986164 -0.081817195 -0.046277635 0.990639269
1311867231.838039 0.011777709 -0.060684711 -0.098694153 -0.099029511 -0.082086705 -0.046685543 0.990593433
1311867231.873920 0.011674685 -0.060503848 -0.099047698 -0.098216355 -0.082048349 -0.046395462 0.990691245
1311867231.905983 0.011738506 -0.060389008 -0.098651677 -0.096370876 -0.082159720 -0.046116047 0.990876257
1311867231.938028 0.010885399 -0.060696907 -0.097733125 -0.096526988 -0.081459306 -0.047304239 0.990862906
1311867231.974086 0.010465541 -0.060783572 -0.096990071 -0.095674589 -0.082081012 -0.047473304 0.990886152
1311867232.006124 0.008249762 -0.054950770 -0.099482812 -0.088628441 -0.080605023 -0.045787044 0.991741598
1311867232.038052 0.008186662 -0.054957483 -0.099505030 -0.088069558 -0.080034189 -0.046156410 0.991820514
1311867232.074075 0.008217825 -0.054911841 -0.099510267 -0.087827832 -0.080473423 -0.046083044 0.991809845
1311867232.106162 0.008266319 -0.054883130 -0.099451862 -0.086438365 -0.081921205 -0.045084555 0.991859257
1311867232.138161 0.008257212 -0.054889571 -0.099509411 -0.086810470 -0.082069643 -0.045926876 0.991775870
1311867232.173947 0.008237491 -0.054845564 -0.099494278 -0.087040156 -0.081691034 -0.046422012 0.991763890
1311867232.206061 0.008294418 -0.054723885 -0.099548511 -0.085191943 -0.081991650 -0.046064246 0.991916239
1311867232.241970 0.008301947 -0.054705832 -0.099687256 -0.084492028 -0.082730442 -0.046119329 0.991912246
1311867232.273986 0.008242508 -0.054753620 -0.099444002 -0.083385833 -0.083170965 -0.046637461 0.991944790
1311867232.305979 0.008304768 -0.054637074 -0.099579208 -0.082012989 -0.084159799 -0.045380935 0.992034078
1311867232.342085 0.008445506 -0.054465242 -0.100016393 -0.081367292 -0.083608247 -0.045600474 0.992123842
1311867232.374074 0.008280193 -0.054520067 -0.099476539 -0.081277117 -0.083726667 -0.045837130 0.992110372
1311867232.405964 0.008384747 -0.054521158 -0.099685013 -0.080127880 -0.085013404 -0.044835635 0.992140174
1311867232.442125 0.008292097 -0.054489996 -0.099650748 -0.079411872 -0.085286766 -0.045653194 0.992137015
1311867232.473958 0.008413419 -0.054474339 -0.099720374 -0.079722166 -0.085348904 -0.046790022 0.992053747
1311867232.505952 0.008371776 -0.054509517 -0.099607840 -0.079442933 -0.085529298 -0.045718465 0.992110610
1311867232.542122 0.008298069 -0.054506999 -0.099602833 -0.080484927 -0.085576691 -0.045414299 0.992036521
1311867232.573937 0.008247716 -0.054399617 -0.099645913 -0.081193201 -0.084896453 -0.045876998 0.992015958
1311867232.606133 0.008378405 -0.054395698 -0.099576123 -0.079925664 -0.085751265 -0.045326304 0.992070675
1311867232.642128 0.008271685 -0.054398879 -0.099552490 -0.080017552 -0.085644007 -0.045221396 0.992077291
1311867232.674004 0.008232418 -0.054345235 -0.099459797 -0.080932759 -0.085135348 -0.045141656 0.992050529
1311867232.706009 0.008269648 -0.054376192 -0.099447221 -0.079830363 -0.085560702 -0.045632929 0.992080688
1311867232.742111 0.008653935 -0.053844225 -0.100098401 -0.078141108 -0.086647622 -0.043935224 0.992197514
1311867232.774049 0.008728378 -0.053762201 -0.100219406 -0.078141816 -0.086988159 -0.043883558 0.992169917
1311867232.805985 0.008702204 -0.053802535 -0.099920057 -0.077434473 -0.087600306 -0.044363648 0.992150187
1311867232.842129 0.008697988 -0.053665660 -0.100057647 -0.074764803 -0.088626228 -0.044397220 0.992262363
1311867232.874052 0.016144348 -0.047562104 -0.102461793 -0.067626446 -0.094112664 -0.040262971 0.992445648
1311867232.906135 0.016147429 -0.047462184 -0.102467619 -0.065685675 -0.094411477 -0.039745130 0.992568493
1311867232.942097 0.016090076 -0.047460992 -0.102425836 -0.063423291 -0.094861507 -0.039860778 0.992668092
1311867232.974275 0.016065197 -0.047456011 -0.102441058 -0.062712550 -0.094966426 -0.039305516 0.992725372
1311867233.006058 0.016058113 -0.047384065 -0.102478512 -0.061961815 -0.094608895 -0.040201876 0.992770731
1311867233.042232 0.016144436 -0.047311597 -0.102451876 -0.060714979 -0.095367156 -0.039920736 0.992786586
1311867233.074204 0.016013362 -0.047345068 -0.102443248 -0.061598774 -0.094643824 -0.039710488 0.992809832
1311867233.108859 0.016040510 -0.047339153 -0.102356978 -0.062232416 -0.095322803 -0.039759573 0.992703319
1311867233.142135 0.016059654 -0.047293164 -0.102372408 -0.061352596 -0.096145295 -0.039171781 0.992702127
1311867233.174057 0.016022261 -0.047285065 -0.102386467 -0.060329281 -0.095502324 -0.040299583 0.992781758
1311867233.206774 0.016064703 -0.047242928 -0.102446027 -0.060778577 -0.095343262 -0.040309373 0.992769241
1311867233.242253 0.016052695 -0.047246993 -0.102347411 -0.060156893 -0.095830075 -0.040076509 0.992769659
1311867233.274216 0.016148381 -0.047161192 -0.102423906 -0.058351003 -0.096829459 -0.040462878 0.992764831
1311867233.306062 0.016065806 -0.047154106 -0.102400593 -0.058217183 -0.095875762 -0.041682769 0.992814779
1311867233.342453 0.016093165 -0.046909194 -0.102181964 -0.055769868 -0.095835023 -0.043325108 0.992888868
1311867233.374066 0.016042233 -0.046827693 -0.102258876 -0.054489806 -0.096299469 -0.041539535 0.992991328
1311867233.406026 0.016065823 -0.046622470 -0.102195300 -0.054001510 -0.096169636 -0.042003516 0.993011117
1311867233.442194 0.015985845 -0.046521969 -0.101975143 -0.051792867 -0.096427567 -0.042074617 0.993100703
1311867233.474076 0.016169742 -0.046218902 -0.102194853 -0.048992191 -0.097171798 -0.041737389 0.993184507
1311867233.506601 0.016014993 -0.046283383 -0.102102660 -0.048440307 -0.097243525 -0.040926471 0.993238270
1311867233.542082 0.016092837 -0.046099097 -0.102131121 -0.047471989 -0.097015418 -0.041328050 0.993290722
1311867233.574217 0.015984731 -0.046217252 -0.102099843 -0.046362247 -0.096752100 -0.040248852 0.993413150
1311867233.606173 0.015878309 -0.046131384 -0.101927340 -0.045701627 -0.096799642 -0.040049132 0.993447185
1311867233.642267 0.015987983 -0.046030402 -0.102095604 -0.045288268 -0.097091474 -0.040262893 0.993429005
1311867233.674202 0.016084762 -0.046219058 -0.101902768 -0.044580460 -0.098206833 -0.040287986 0.993350327
1311867233.706461 0.015930731 -0.046087749 -0.101979367 -0.044885140 -0.097938471 -0.039677098 0.993387699
1311867233.742420 0.016054306 -0.045937132 -0.102060236 -0.044344220 -0.097964145 -0.041185401 0.993348122
1311867233.774073 0.015991194 -0.045955427 -0.101952910 -0.043134499 -0.098004922 -0.042003728 0.993363082
1311867233.806227 0.016061211 -0.045858923 -0.102194473 -0.043038607 -0.098088056 -0.042693343 0.993329644
1311867233.842183 0.015998153 -0.045655135 -0.101908885 -0.042404808 -0.098075017 -0.042336512 0.993373454
1311867233.874229 0.016149778 -0.045859873 -0.102147020 -0.041527066 -0.098532341 -0.043383222 0.993320107
1311867233.906084 0.016093295 -0.045638829 -0.102046072 -0.040942430 -0.099084206 -0.043653756 0.993277669
1311867233.942192 0.016184920 -0.045698911 -0.101909056 -0.040151458 -0.099355407 -0.044741370 0.993234396
1311867233.974249 0.016124470 -0.045603130 -0.101927899 -0.038764663 -0.099071853 -0.045945659 0.993262827
1311867234.006205 0.016230468 -0.045565795 -0.102276422 -0.038296234 -0.099419951 -0.046578854 0.993216753
1311867234.042205 0.016261868 -0.045536131 -0.102014109 -0.038428966 -0.099617220 -0.047015477 0.993171275
1311867234.074349 0.015704298 -0.045606606 -0.100899875 -0.036725923 -0.099971958 -0.046069890 0.993244410
1311867234.106175 0.016192758 -0.045320492 -0.101861782 -0.035198804 -0.100723043 -0.047054414 0.993177652
1311867234.142473 0.016085830 -0.045275699 -0.101767838 -0.033730976 -0.099401392 -0.048295271 0.993302166
1311867234.174383 0.016266862 -0.045141477 -0.101938397 -0.031983599 -0.099710561 -0.049170949 0.993286014
1311867234.206312 0.016247418 -0.045192078 -0.102046907 -0.030485608 -0.100607142 -0.048930883 0.993254602
1311867234.242292 0.015994832 -0.045434836 -0.100936756 -0.029781556 -0.101159602 -0.049137451 0.993209660
1311867234.274294 0.016062541 -0.045073248 -0.101038039 -0.028379852 -0.101062141 -0.048998341 0.993267477
1311867234.306469 0.015924480 -0.045407899 -0.100892343 -0.028207982 -0.101282090 -0.051208179 0.993138433
1311867234.342355 0.015631706 -0.045554109 -0.100168303 -0.028406793 -0.101395018 -0.051030606 0.993130386
1311867234.374159 0.015473053 -0.045533165 -0.099634260 -0.027651817 -0.102294937 -0.052559711 0.992979646
1311867234.406260 0.015894791 -0.045245595 -0.100524209 -0.026428008 -0.103009351 -0.051319689 0.993004024
1311867234.442238 0.015862580 -0.045302790 -0.100370899 -0.026378602 -0.102655694 -0.052756619 0.992966652
1311867234.474248 0.015565828 -0.045444816 -0.099757664 -0.027434798 -0.102786794 -0.052094426 0.992959440
1311867234.506308 0.017228581 -0.031237366 -0.098802075 -0.014769683 -0.105270170 -0.048472889 0.993151784
1311867234.542293 0.017195303 -0.031229688 -0.098823912 -0.014639318 -0.105370291 -0.048272323 0.993152857
1311867234.574192 0.017214665 -0.031237943 -0.098797336 -0.015189368 -0.105561964 -0.047776461 0.993148208
1311867234.606098 0.017218061 -0.031189373 -0.098782524 -0.014739859 -0.105978951 -0.047392804 0.993128955
1311867234.642267 0.017215006 -0.031172695 -0.098792672 -0.014247227 -0.106932998 -0.045609660 0.993117392
1311867234.674096 0.017218053 -0.031184176 -0.098743141 -0.015127840 -0.107591689 -0.044413041 0.993087471
1311867234.706095 0.017180936 -0.031163219 -0.098761477 -0.015566264 -0.106904134 -0.043732949 0.993185103
1311867234.742287 0.017158395 -0.031139439 -0.098725736 -0.015336264 -0.107345261 -0.041963227 0.993217468
1311867234.774140 0.017124794 -0.031156898 -0.098755330 -0.016041383 -0.107032940 -0.039899670 0.993325114
1311867234.806072 0.017089108 -0.031176697 -0.098681018 -0.016982922 -0.107021362 -0.038192511 0.993377745
1311867234.842326 0.017093835 -0.031145051 -0.098763421 -0.016778613 -0.107007124 -0.037167665 0.993421614
1311867234.874157 0.017098080 -0.031149838 -0.098814927 -0.017677747 -0.105887078 -0.036581475 0.993547857
1311867234.906187 0.017137943 -0.031143613 -0.098750494 -0.018326415 -0.106214903 -0.035658892 0.993534625
1311867234.942270 0.017043937 -0.031139400 -0.098710746 -0.017827729 -0.105590060 -0.034903176 0.993637145
1311867234.974155 0.017067948 -0.031144483 -0.098789766 -0.017650627 -0.104610130 -0.035544775 0.993721187
1311867235.006175 0.017098751 -0.031108633 -0.098773755 -0.017015256 -0.104177892 -0.035553839 0.993777394
1311867235.042326 0.017128369 -0.031049302 -0.098728135 -0.015207665 -0.104246750 -0.035706442 0.993793964
1311867235.074182 0.017135892 -0.031039184 -0.098696157 -0.013950962 -0.104325108 -0.035711646 0.993804038
1311867235.106252 0.017143276 -0.031013113 -0.098750055 -0.012856096 -0.103425041 -0.035835970 0.993908346
1311867235.142245 0.017036874 -0.031025831 -0.098618686 -0.012179681 -0.103269935 -0.035777543 0.993935108
1311867235.174301 0.017091455 -0.031087428 -0.098632395 -0.013400393 -0.103797726 -0.036152512 0.993850887
1311867235.206197 0.017103080 -0.031018056 -0.098697975 -0.012738664 -0.103732921 -0.036684737 0.993846834
1311867235.242257 0.017126525 -0.031016530 -0.098667823 -0.012101654 -0.104174204 -0.037754159 0.993768573
1311867235.274183 0.017118294 -0.031021165 -0.098556034 -0.012054432 -0.104041167 -0.038527641 0.993753374
1311867235.306202 0.017224856 -0.030963559 -0.098645739 -0.011479200 -0.104488499 -0.039153218 0.993688881
1311867235.342289 0.017204441 -0.030938067 -0.098648258 -0.011275504 -0.104384944 -0.039098751 0.993704140
1311867235.374391 0.017150344 -0.031010875 -0.098641880 -0.011693499 -0.103426442 -0.039504871 0.993783534
1311867235.406214 0.017126976 -0.030954586 -0.098611161 -0.011016118 -0.103270918 -0.039074887 0.993824422
1311867235.442222 0.017182499 -0.030985694 -0.098634839 -0.010971041 -0.103488669 -0.039989222 0.993765891
1311867235.474167 0.017219193 -0.030972792 -0.098603643 -0.011723627 -0.103836514 -0.039703373 0.993732452
1311867235.506159 0.017230151 -0.030977288 -0.098587528 -0.012133948 -0.103633948 -0.039166108 0.993770063
1311867235.542321 0.017269647 -0.030995218 -0.098620981 -0.012067121 -0.103372775 -0.039952993 0.993766665
1311867235.574193 0.017202588 -0.031001529 -0.098738216 -0.013411748 -0.102284841 -0.038540762 0.993917763
1311867235.606195 0.017169800 -0.030966461 -0.098583125 -0.012322905 -0.101834476 -0.038887214 0.993964672
1311867235.642444 0.017213888 -0.030962395 -0.098594017 -0.010583371 -0.101877548 -0.038728125 0.993986547
1311867235.674238 0.017150592 -0.030934496 -0.098593168 -0.010774765 -0.101114213 -0.037635352 0.994104326
1311867235.706367 0.017274449 -0.030936548 -0.098601654 -0.009848845 -0.101184659 -0.038763430 0.994063437
1311867235.742311 0.017239612 -0.030994102 -0.098617829 -0.009829626 -0.101003475 -0.038000643 0.994111478
1311867235.774339 0.017204603 -0.030908484 -0.098624051 -0.009751517 -0.099567905 -0.038513333 0.994237423
1311867235.806313 0.017173847 -0.030878512 -0.098482914 -0.007841554 -0.098438241 -0.038936656 0.994350195
1311867235.842280 0.017161999 -0.030930573 -0.098594360 -0.008954637 -0.097782627 -0.038141530 0.994436383
1311867235.874209 0.017170874 -0.030972853 -0.098634005 -0.010341976 -0.097157478 -0.039147232 0.994445026
1311867235.906374 0.017178064 -0.031011218 -0.098654740 -0.010797109 -0.097428955 -0.038910754 0.994422972
1311867235.942343 0.017125444 -0.030972755 -0.098660536 -0.010475057 -0.096826732 -0.038807619 0.994489253
1311867235.974196 0.017165750 -0.030965572 -0.098607786 -0.010955085 -0.096736662 -0.039305087 0.994473338
1311867236.006374 0.017198851 -0.030943397 -0.098590560 -0.010048789 -0.096909225 -0.039080996 0.994474947
1311867236.042378 0.017184567 -0.030933090 -0.098567963 -0.009450601 -0.097264476 -0.039632268 0.994424284
1311867236.074226 0.017194318 -0.030888349 -0.098613955 -0.010388028 -0.097373039 -0.038533922 0.994447470
1311867236.106358 0.017185576 -0.030935332 -0.098475859 -0.009372839 -0.098091856 -0.040300019 0.994316936
1311867236.142358 0.017317433 -0.030927911 -0.098510958 -0.009292183 -0.099479273 -0.040979773 0.994152009
1311867236.174242 0.017263761 -0.030916454 -0.098550230 -0.009803500 -0.098630778 -0.040526625 0.994250238
1311867236.206222 0.017089739 -0.030936360 -0.098464288 -0.010588652 -0.097648628 -0.039433938 0.994383097
1311867236.242343 0.017098108 -0.031015217 -0.098467074 -0.010838242 -0.098083228 -0.040950250 0.994276345
1311867236.274266 0.017340079 -0.030937307 -0.098577954 -0.010577066 -0.099646911 -0.042443886 0.994060993
1311867236.306429 0.017243976 -0.031044204 -0.098570041 -0.011959200 -0.099557050 -0.042645454 0.994045675
1311867236.342291 0.017218944 -0.031040225 -0.098650642 -0.012904754 -0.098878011 -0.042603981 0.994103432
1311867236.374298 0.017097356 -0.031028217 -0.098596282 -0.012265370 -0.097387373 -0.043622471 0.994214475
1311867236.406251 0.017086599 -0.031124493 -0.098636098 -0.013329049 -0.097568698 -0.043595586 0.994184196
1311867236.442391 0.017096715 -0.031070303 -0.098665230 -0.013277640 -0.097021714 -0.044274729 0.994208395
1311867236.474385 0.017114855 -0.030967606 -0.098508261 -0.012831347 -0.097570866 -0.042224355 0.994249701
1311867236.506314 0.017270003 -0.030885315 -0.098572321 -0.012527236 -0.098390333 -0.042841982 0.994146407
1311867236.542354 0.017188447 -0.030946797 -0.098571427 -0.013994079 -0.097251825 -0.042949613 0.994234204
1311867236.574217 0.017097278 -0.031045415 -0.098462820 -0.016122553 -0.097028024 -0.041804854 0.994272590
1311867236.606288 0.021970060 -0.019122496 -0.088012375 -0.001013273 -0.102579013 -0.044323877 0.993736386
1311867236.642388 0.021950439 -0.019142970 -0.088003516 -0.001249175 -0.102161735 -0.044428423 0.993774474
1311867236.674478 0.021860003 -0.019206101 -0.087904416 -0.002636387 -0.101062618 -0.044486869 0.993881464
1311867236.706587 0.021962833 -0.019156333 -0.087928116 -0.003395807 -0.101948790 -0.044008326 0.993809938
1311867236.742471 0.021883387 -0.019144932 -0.087906860 -0.004006001 -0.101696983 -0.043420959 0.993859291
1311867236.774407 0.021872940 -0.019197822 -0.087889753 -0.004661132 -0.100161880 -0.044379704 0.993970037
1311867236.806389 0.021885714 -0.019131562 -0.087830395 -0.004696143 -0.100470833 -0.043911818 0.993959486
1311867236.842397 0.021914439 -0.019094618 -0.087816760 -0.004925549 -0.101246424 -0.043626286 0.993892193
1311867236.874475 0.021981310 -0.019152256 -0.087870732 -0.005798496 -0.101269841 -0.044898555 0.993828416
1311867236.906286 0.021976607 -0.019112891 -0.087804668 -0.005346055 -0.100984164 -0.045785911 0.993819594
1311867236.942486 0.022066588 -0.019090194 -0.087843709 -0.004535957 -0.101406820 -0.046610992 0.993742168
1311867236.974310 0.022062758 -0.019053798 -0.087824345 -0.005058349 -0.101752341 -0.045650266 0.993748903
1311867237.006457 0.022007186 -0.019072317 -0.087780058 -0.006698148 -0.101576284 -0.044935998 0.993789792
1311867237.042352 0.017452158 -0.017905485 -0.076126747 -0.006691672 -0.100290090 -0.045451652 0.993897021
1311867237.074287 0.017435044 -0.017943213 -0.076126307 -0.008415508 -0.100106955 -0.045355465 0.993906796
1311867237.106376 0.017447030 -0.017932106 -0.076110817 -0.010658510 -0.100894362 -0.044596408 0.993839979
1311867237.142401 0.016393064 -0.020614019 -0.074457809 -0.013495982 -0.101250038 -0.044339433 0.993780792
1311867237.174337 0.016376691 -0.020654140 -0.074496172 -0.014354109 -0.101169840 -0.045161039 0.993740022
1311867237.206351 0.016314188 -0.020623812 -0.074436590 -0.014843330 -0.100841641 -0.045636546 0.993744433
1311867237.242389 0.016355794 -0.020597916 -0.074443273 -0.013802187 -0.101320393 -0.046272408 0.993681312
1311867237.274485 0.016312003 -0.020638337 -0.074400932 -0.013280242 -0.101044670 -0.047159966 0.993674815
1311867237.306833 0.016325885 -0.020613559 -0.074398875 -0.013936241 -0.101115227 -0.047473427 0.993643701
1311867237.342478 0.016345238 -0.020597484 -0.074382834 -0.013565280 -0.101201966 -0.048114110 0.993609190
1311867237.374428 0.016292740 -0.020607559 -0.074381582 -0.013884391 -0.101127245 -0.048424471 0.993597329
1311867237.406529 0.016314058 -0.020618936 -0.074412592 -0.015699862 -0.100687064 -0.048459768 0.993613303
1311867237.442502 0.016215594 -0.020616649 -0.074313261 -0.015490053 -0.100288421 -0.049007799 0.993629992
1311867237.474434 0.016215207 -0.020632792 -0.074324757 -0.015461486 -0.099632517 -0.049894299 0.993652344
1311867237.506364 0.016223200 -0.020653825 -0.074301012 -0.017108610 -0.099938095 -0.049547818 0.993611932
1311867237.542505 0.016209010 -0.020598009 -0.074329421 -0.016849209 -0.099726237 -0.049580656 0.993636072
1311867237.574303 0.016182056 -0.020646574 -0.074133590 -0.016663771 -0.099354804 -0.050631564 0.993623376
1311867237.606410 0.014828662 -0.020045161 -0.069595858 -0.016988387 -0.099531956 -0.050058652 0.993629217
1311867237.642379 0.014838574 -0.020030953 -0.069550835 -0.016696528 -0.099992678 -0.049849361 0.993598342
1311867237.674412 0.013536557 -0.018414536 -0.067684360 -0.015262402 -0.099504910 -0.050960619 0.993614078
1311867237.706366 0.013472407 -0.018421097 -0.067660607 -0.015657937 -0.098272271 -0.051119037 0.993722498
1311867237.742584 0.013501526 -0.018380925 -0.067657165 -0.015509568 -0.097552143 -0.051633500 0.993769109
1311867237.774590 0.013509303 -0.018387174 -0.067681126 -0.015339940 -0.097675972 -0.052447144 0.993717015
1311867237.806458 0.013491657 -0.018447515 -0.067618549 -0.016688006 -0.098217331 -0.052482132 0.993640065
1311867237.842501 0.013429675 -0.018482378 -0.067474857 -0.017941976 -0.098483428 -0.052605364 0.993585408
1311867237.874551 0.013400438 -0.018420994 -0.067526564 -0.018189397 -0.098371536 -0.052834425 0.993579745
1311867237.906433 0.010386709 -0.019642394 -0.059311613 -0.021010755 -0.096500039 -0.053789575 0.993656397
1311867237.942660 0.010378317 -0.019623740 -0.059240136 -0.021421310 -0.096645705 -0.054073803 0.993618011
1311867237.974431 0.010223564 -0.019686405 -0.058961764 -0.021067565 -0.096873753 -0.054242574 0.993594229
1311867238.006500 0.010360710 -0.019635962 -0.059258539 -0.021910260 -0.096563853 -0.054103605 0.993613720
1311867238.042572 0.010227333 -0.019711999 -0.058807481 -0.023064552 -0.095969133 -0.055039201 0.993593872
1311867238.074515 0.010288883 -0.019613236 -0.058266763 -0.021671703 -0.095964119 -0.055360232 0.993607879
1311867238.106429 0.009969711 -0.018408492 -0.056024410 -0.019258007 -0.096121490 -0.054783132 0.993674338
1311867238.142402 0.009779996 -0.018539246 -0.055828229 -0.020367900 -0.094357990 -0.054903291 0.993814588
1311867238.174577 0.009788366 -0.018487707 -0.055752683 -0.020763051 -0.094368719 -0.054459039 0.993829846
1311867238.206467 0.009815954 -0.018507067 -0.055727761 -0.020721748 -0.095880866 -0.053729922 0.993725657
1311867238.242454 0.009554394 -0.018554946 -0.055620041 -0.022613660 -0.093911804 -0.052813921 0.993921518
1311867238.274552 0.009685349 -0.018494109 -0.055447783 -0.022824991 -0.093518108 -0.053053256 0.993941009
1311867238.306377 0.007921721 -0.018129501 -0.053382296 -0.021805711 -0.091608994 -0.053050391 0.994141817
1311867238.342532 0.007905548 -0.018149035 -0.053405784 -0.022246037 -0.090681821 -0.051929414 0.994276285
1311867238.374439 0.007785534 -0.018211342 -0.053098571 -0.022062525 -0.090631410 -0.052403808 0.994260073
1311867238.406474 0.007778760 -0.018157415 -0.053077422 -0.021029979 -0.090133362 -0.052458033 0.994324863
1311867238.442421 0.007297146 -0.018439278 -0.052243762 -0.020883366 -0.088448711 -0.053316250 0.994433582
1311867238.474426 0.005170004 -0.019750947 -0.048430435 -0.022365132 -0.087599352 -0.054022439 0.994438410
1311867238.506473 0.003719652 -0.019886259 -0.045398191 -0.021339081 -0.087925725 -0.054560434 0.994402826
1311867238.542703 0.005372487 -0.017434413 -0.044778205 -0.018853558 -0.088556163 -0.054621629 0.994393706
1311867238.574615 0.005084815 -0.018009054 -0.043603171 -0.019938421 -0.088242471 -0.054592177 0.994402051
1311867238.606413 0.005348294 -0.018271230 -0.042913325 -0.020074304 -0.089186050 -0.054606732 0.994314373
1311867238.642378 0.004589386 -0.018880494 -0.045908153 -0.021607233 -0.087495402 -0.053143274 0.994511724
1311867238.674405 0.004511597 -0.018868757 -0.045846004 -0.022397224 -0.087043427 -0.053183544 0.994531751
1311867238.706486 0.004451708 -0.018881621 -0.045773350 -0.022759175 -0.085255198 -0.053768426 0.994646966
1311867238.742522 0.002963858 -0.020357609 -0.041542318 -0.024741428 -0.086364038 -0.051963519 0.994599879
1311867238.774397 0.002915221 -0.020333916 -0.041570786 -0.026036970 -0.086861491 -0.051585414 0.994543195
1311867238.806422 0.002835833 -0.020341946 -0.041430332 -0.026810467 -0.086797386 -0.051824547 0.994515777
1311867238.842541 0.002847141 -0.020339603 -0.041569855 -0.027514767 -0.086044960 -0.051244374 0.994592011
1311867238.874418 0.002746032 -0.020369476 -0.041385170 -0.028160935 -0.085572220 -0.052506942 0.994548857
1311867238.906451 -0.000596185 -0.019226247 -0.040354133 -0.028738912 -0.082781360 -0.052775852 0.994754255
1311867238.942510 -0.000706571 -0.019293826 -0.039907411 -0.027999895 -0.083448991 -0.052370738 0.994740963
1311867238.974527 -0.001260282 -0.019691261 -0.038695507 -0.026828459 -0.083569549 -0.053227376 0.994717717
1311867239.006405 -0.002418018 -0.020020194 -0.036523856 -0.027466539 -0.081909753 -0.053247858 0.994837284
1311867239.042587 -0.002415925 -0.019909818 -0.034916021 -0.026784828 -0.082336992 -0.052754797 0.994846821
1311867239.074592 -0.003607560 -0.019052854 -0.029781241 -0.024904886 -0.082985684 -0.051438317 0.994910657
1311867239.106416 -0.003786613 -0.017669709 -0.027032945 -0.024572484 -0.082877509 -0.050591938 0.994971395
1311867239.143039 -0.004004650 -0.017711958 -0.026883481 -0.024620730 -0.083173551 -0.051395897 0.994904280
1311867239.174559 -0.004021148 -0.018006239 -0.026080035 -0.024767924 -0.082966849 -0.051497769 0.994912624
1311867239.206507 0.001506017 -0.018387808 -0.038534086 -0.025302833 -0.083597139 -0.051413868 0.994850695
1311867239.242615 0.001422826 -0.018352132 -0.038348570 -0.025300499 -0.083583288 -0.051348209 0.994855344
1311867239.274466 0.001356103 -0.018316953 -0.038388543 -0.023838526 -0.082705885 -0.051087797 0.994978189
1311867239.306409 0.001240803 -0.018329088 -0.038322423 -0.023122167 -0.081200637 -0.050004613 0.995174110
1311867239.342486 0.001175926 -0.018226054 -0.038265586 -0.022454645 -0.080074430 -0.051244397 0.995217562
1311867239.374562 -0.001895549 -0.013068897 -0.059295185 -0.015976969 -0.071333982 -0.047494851 0.996192992
1311867239.406592 -0.002121044 -0.013179260 -0.058786910 -0.014650840 -0.070926927 -0.046753015 0.996277511
1311867239.442634 -0.002137616 -0.013089303 -0.058474611 -0.013914577 -0.070512369 -0.047347844 0.996289492
1311867239.474517 -0.002165037 -0.013504808 -0.056276854 -0.013356978 -0.070220731 -0.047592673 0.996305943
1311867239.506556 -0.002876257 -0.013728923 -0.054953814 -0.012290250 -0.068868168 -0.047598243 0.996413887
1311867239.542637 -0.003308821 -0.007568408 -0.054622632 -0.006946514 -0.067511775 -0.045492869 0.996656537
1311867239.574603 -0.003318344 -0.007641281 -0.054433040 -0.007603155 -0.067385241 -0.045152903 0.996675849
1311867239.606412 -0.004135526 -0.008084453 -0.052764185 -0.006981604 -0.066711806 -0.045219373 0.996722639
1311867239.642581 -0.005323342 -0.008584366 -0.050580796 -0.005695454 -0.064726457 -0.045222454 0.996861577
1311867239.674585 -0.006269277 -0.008714889 -0.048872795 -0.006768394 -0.062605016 -0.044813696 0.997008860
1311867239.706420 -0.007028732 -0.007281978 -0.047119867 -0.006451475 -0.062013440 -0.044493690 0.997062206
1311867239.742532 -0.007261905 -0.006162377 -0.045392800 -0.005569683 -0.062107276 -0.043668378 0.997098207
1311867239.774489 -0.008401570 -0.006836165 -0.043308094 -0.006860030 -0.061033428 -0.044265520 0.997130156
1311867239.806512 -0.007793515 -0.006342635 -0.043128885 -0.008485453 -0.062317766 -0.043705374 0.997062922
1311867239.842582 -0.005904580 -0.001860281 -0.040574022 -0.005732861 -0.064970404 -0.044535734 0.996876419
1311867239.874576 -0.005145454 -0.000366406 -0.040471792 -0.004832050 -0.066142075 -0.045352191 0.996767342
1311867239.906569 -0.001876858 -0.006719560 -0.042599868 -0.011091447 -0.069060653 -0.045687422 0.996504009
1311867239.942408 -0.001898310 -0.006835681 -0.042220235 -0.011504584 -0.069573596 -0.045547906 0.996470034
1311867239.976213 -0.001975087 -0.006878397 -0.042108279 -0.012444851 -0.070376337 -0.045488454 0.996405065
1311867240.006746 -0.002051401 -0.006864527 -0.041828413 -0.012872683 -0.070786647 -0.045639217 0.996363699
1311867240.042506 -0.002100584 -0.006821136 -0.042037871 -0.012957493 -0.070116781 -0.045818765 0.996401727
1311867240.074598 -0.001877103 -0.006892463 -0.041622955 -0.013615959 -0.070441671 -0.046340324 0.996345937
1311867240.106559 -0.003433542 -0.007191214 -0.034675803 -0.014163413 -0.070472546 -0.045940727 0.996354580
1311867240.142844 -0.003771236 -0.008373233 -0.034126781 -0.015696328 -0.068579480 -0.045367334 0.996490002
1311867240.174466 -0.003771624 -0.008369339 -0.033905420 -0.016109016 -0.068497285 -0.044857964 0.996512115
1311867240.206552 -0.003886368 -0.008369752 -0.033695083 -0.015958061 -0.068406485 -0.044727944 0.996526659
1311867240.242433 -0.003845164 -0.008454775 -0.033464711 -0.016328966 -0.067283899 -0.044785425 0.996594429
1311867240.274677 -0.005216997 -0.008406251 -0.027325643 -0.016860699 -0.066177905 -0.045140881 0.996643662
1311867240.306544 -0.005762773 -0.008734463 -0.026219623 -0.016851254 -0.066547558 -0.045821384 0.996588171
1311867240.342481 -0.007270037 -0.009486685 -0.023676258 -0.016816841 -0.066689827 -0.046221860 0.996560693
1311867240.374466 -0.009105262 -0.009200511 -0.020908184 -0.016695248 -0.066309981 -0.046482936 0.996575952
1311867240.406662 -0.008531143 -0.008429836 -0.019843746 -0.015582917 -0.067200147 -0.047507018 0.996486068
1311867240.442598 -0.009480235 -0.007582460 -0.020941630 -0.014297812 -0.066683330 -0.047653195 0.996533036
1311867240.474536 -0.009556222 -0.007537830 -0.020898389 -0.013536253 -0.067069426 -0.048509713 0.996476471
1311867240.506469 -0.009682896 -0.007556282 -0.020629413 -0.012962974 -0.067644022 -0.049666867 0.996388197
1311867240.542590 -0.009606368 -0.007473969 -0.020784512 -0.012078384 -0.068161517 -0.051210698 0.996285915
1311867240.574511 -0.009656993 -0.007414678 -0.020857643 -0.012617958 -0.068956897 -0.051720265 0.996198118
1311867240.606557 -0.013464422 -0.006412554 -0.015218697 -0.011104869 -0.069312528 -0.053312629 0.996107519
1311867240.642795 -0.013627101 -0.006569589 -0.014212760 -0.010438318 -0.069033854 -0.054834768 0.996051431
1311867240.674613 -0.014029965 -0.006656346 -0.013952007 -0.009745100 -0.069977649 -0.054661158 0.996002197
1311867240.706562 -0.013389809 -0.006617586 -0.013925348 -0.009698424 -0.071808420 -0.055397846 0.995831609
1311867240.742631 -0.013583902 -0.006560469 -0.014139858 -0.010183076 -0.072031304 -0.054982692 0.995833695
1311867240.774678 -0.013960157 -0.006817027 -0.012986030 -0.011143680 -0.073343277 -0.054951563 0.995729387
1311867240.806605 -0.013854924 -0.006870745 -0.013117535 -0.012178964 -0.074376039 -0.054362956 0.995672941
1311867240.842940 -0.014587438 -0.007262949 -0.011941823 -0.014067929 -0.074785113 -0.054254804 0.995623350
1311867240.874843 -0.018060772 -0.007177479 -0.007263556 -0.015316421 -0.073887371 -0.053314071 0.995722711
1311867240.906548 -0.020798769 -0.008454364 -0.004066861 -0.018185360 -0.072173402 -0.054321520 0.995745718
1311867240.942559 -0.023741851 -0.010020466 0.000596593 -0.020854391 -0.071099602 -0.054577336 0.995756686
1311867240.974622 -0.024827708 -0.010603059 0.002333140 -0.022938620 -0.070925690 -0.055238657 0.995686769
1311867241.006716 -0.016648170 -0.007844027 -0.004197055 -0.020377347 -0.075024225 -0.056004841 0.995399237
1311867241.042623 -0.017297002 -0.008232724 -0.003080203 -0.022362877 -0.075198233 -0.056191381 0.995332956
1311867241.074792 -0.018804483 -0.008537970 -0.000939084 -0.024473950 -0.074004576 -0.057148036 0.995318294
1311867241.106779 -0.017493635 -0.005125280 0.000516580 -0.021388233 -0.074698247 -0.056845494 0.995354950
1311867241.142854 -0.018227475 -0.004805967 0.003842148 -0.020992527 -0.075126857 -0.056444459 0.995353878
1311867241.174730 -0.023485696 -0.002721175 0.003276151 -0.018855771 -0.070457101 -0.055593092 0.995785952
1311867241.206721 -0.022818783 -0.003047779 0.003455319 -0.017507520 -0.069206603 -0.054596923 0.995953381
1311867241.242631 -0.022012295 -0.004306021 0.007289891 -0.019221455 -0.069972940 -0.052961327 0.995956600
1311867241.275069 -0.021692965 -0.003596548 0.008899641 -0.018019831 -0.069210999 -0.051814541 0.996092618
1311867241.310769 -0.022834737 -0.005142478 0.009224252 -0.018480379 -0.067917772 -0.052968759 0.996112466
1311867241.342582 -0.020873785 -0.003952692 0.009975077 -0.017393438 -0.070140257 -0.053579625 0.995945334
1311867241.374677 -0.022330949 -0.003294837 0.010996360 -0.016124386 -0.069664456 -0.054638326 0.995942533
1311867241.410635 -0.018817337 -0.008625742 0.008531594 -0.019804223 -0.072886564 -0.057138458 0.995505214
1311867241.442620 -0.019639075 -0.008130950 0.010731744 -0.019527001 -0.072828025 -0.057237037 0.995509267
1311867241.474896 -0.019682951 -0.008171272 0.010823445 -0.020440960 -0.073596925 -0.056890469 0.995454252
1311867241.510751 -0.019630820 -0.008111777 0.010798069 -0.019979840 -0.074498676 -0.056387819 0.995425165
1311867241.542602 -0.019669769 -0.008164115 0.010830013 -0.020702628 -0.074824460 -0.055737887 0.995422542
1311867241.574823 -0.019696603 -0.008120427 0.010871136 -0.021266757 -0.075825624 -0.054915648 0.995380580
1311867241.610604 -0.019660968 -0.008130101 0.010801594 -0.020775650 -0.076264590 -0.054164674 0.995398581
1311867241.642627 -0.019714272 -0.008128497 0.010751144 -0.021529123 -0.075917736 -0.053889003 0.995424032
1311867241.674668 -0.019695617 -0.008144376 0.010820480 -0.023260359 -0.076105833 -0.053168703 0.995409429
1311867241.710757 -0.019626630 -0.008170473 0.010803986 -0.023655694 -0.076373100 -0.053360421 0.995369375
1311867241.742749 -0.019733347 -0.008178349 0.010785698 -0.024942560 -0.075724036 -0.052511878 0.995432734
1311867241.774620 -0.019732226 -0.008202979 0.010871666 -0.025457237 -0.075927898 -0.053572737 0.995347679
1311867241.810714 -0.019701980 -0.008179759 0.010900732 -0.025245441 -0.076066285 -0.053332601 0.995355368
1311867241.842840 -0.025879670 -0.010532428 0.016429260 -0.027652388 -0.073944077 -0.054051775 0.995412529
1311867241.874966 -0.025841042 -0.010491748 0.016428992 -0.027732665 -0.073877864 -0.054667331 0.995381594
1311867241.910597 -0.025839962 -0.010501001 0.016516112 -0.027617635 -0.073727839 -0.054470394 0.995406687
1311867241.942934 -0.025927475 -0.010574592 0.016640894 -0.028777691 -0.073701859 -0.054965787 0.995348573
1311867241.974655 -0.025910640 -0.010578187 0.016658816 -0.030591665 -0.073657066 -0.055032808 0.995294034
1311867242.010806 -0.025892032 -0.010597478 0.016659079 -0.030731551 -0.073650107 -0.054655474 0.995311022
1311867242.042670 -0.025927272 -0.010593188 0.016664203 -0.031534147 -0.073458202 -0.054769207 0.995293856
1311867242.074787 -0.025927091 -0.011117456 0.023778854 -0.033949196 -0.074136347 -0.055904936 0.995100975
1311867242.110732 -0.026788969 -0.011543938 0.025556093 -0.034907062 -0.074912868 -0.054922443 0.995064378
1311867242.142880 -0.027860377 -0.012064388 0.027408540 -0.036904223 -0.073919266 -0.054361321 0.995097458
1311867242.174884 -0.028377393 -0.012584888 0.029268611 -0.037627973 -0.073878609 -0.054089330 0.995088220
1311867242.210643 -0.029097488 -0.013221475 0.030134292 -0.038080648 -0.073417045 -0.053882491 0.995116413
1311867242.242719 -0.029405365 -0.013319116 0.031871073 -0.038958393 -0.072652608 -0.053387016 0.995165229
1311867242.275028 -0.030385589 -0.013323124 0.032457236 -0.039188985 -0.071184814 -0.053143531 0.995275259
1311867242.310756 -0.031120919 -0.014940375 0.035449989 -0.040407464 -0.070221066 -0.053270120 0.995288193
1311867242.342625 -0.032945037 -0.013031268 0.034389477 -0.039409772 -0.068873353 -0.052672893 0.995454192
1311867242.374628 -0.033097032 -0.012615652 0.034795024 -0.038817838 -0.068497032 -0.052346833 0.995520592
1311867242.410601 -0.032120354 -0.010971092 0.037014190 -0.037244201 -0.069509029 -0.052725676 0.995490611
1311867242.442670 -0.031487871 -0.010269300 0.035921939 -0.036660966 -0.069268182 -0.052422762 0.995545030
1311867242.474794 -0.032623470 -0.010803089 0.037010450 -0.036119297 -0.066988304 -0.051920705 0.995747089
1311867242.510745 -0.030909605 -0.013678009 0.034745321 -0.038977336 -0.067714460 -0.053315308 0.995516479
1311867242.542677 -0.026786221 -0.006682967 0.036657289 -0.031297680 -0.070532501 -0.052190244 0.995651484
1311867242.574755 -0.023397485 -0.006832263 0.035785593 -0.030147688 -0.072656110 -0.051942591 0.995547175
1311867242.610840 -0.024286171 -0.008620242 0.037527107 -0.031302001 -0.071056947 -0.053925458 0.995521545
1311867242.642862 -0.023315221 -0.006697390 0.038306653 -0.028442806 -0.069480792 -0.054154914 0.995706201
1311867242.674755 -0.025106806 -0.006613391 0.039234057 -0.027850565 -0.067432143 -0.054448895 0.995847702
1311867242.710770 -0.023073483 -0.008382155 0.041440994 -0.030192873 -0.068746828 -0.053537041 0.995738983
1311867242.742836 -0.023125347 -0.008335987 0.041603565 -0.030594321 -0.066867545 -0.054402657 0.995807827
1311867242.774742 -0.023102302 -0.008351875 0.041702550 -0.029976439 -0.065422371 -0.053687096 0.995961428
1311867242.810922 -0.023112020 -0.008410011 0.041766327 -0.030965839 -0.065729588 -0.051874831 0.996006906
1311867242.842725 -0.022965793 -0.008387133 0.041878887 -0.031858921 -0.065425441 -0.051778860 0.996003807
1311867242.874716 -0.023023397 -0.008556106 0.042481054 -0.031762432 -0.063321389 -0.051207986 0.996172369
1311867242.910777 -0.023147419 -0.008595659 0.042529311 -0.033098239 -0.062181294 -0.050673060 0.996228039
1311867242.942636 -0.022812327 -0.008583043 0.042707361 -0.033650540 -0.062809527 -0.050317369 0.996188164
1311867242.974656 -0.022418881 -0.008642893 0.043907233 -0.033578277 -0.065016955 -0.049203936 0.996104598
1311867243.010665 -0.022184890 -0.005781335 0.046482969 -0.030886391 -0.064841300 -0.045872778 0.996362090
1311867243.042682 -0.022213759 -0.005758636 0.046521433 -0.031002432 -0.063799568 -0.045515466 0.996442139
1311867243.074944 -0.022262821 -0.005810685 0.046697907 -0.032167766 -0.064193957 -0.044819307 0.996411383
1311867243.110760 -0.023200968 -0.006474845 0.048629072 -0.033342592 -0.063817896 -0.045241129 0.996377826
1311867243.142942 -0.024088642 -0.006926122 0.050345168 -0.033945095 -0.062200718 -0.044681475 0.996485054
1311867243.174792 -0.023960806 -0.006855377 0.050222743 -0.034256537 -0.062274266 -0.045296006 0.996442020
1311867243.210671 -0.026270745 -0.008317489 0.054844376 -0.036584571 -0.060443614 -0.045208149 0.996476054
1311867243.242923 -0.026199359 -0.008281744 0.054817639 -0.036138125 -0.061666951 -0.045052450 0.996424377
1311867243.274872 -0.023998003 -0.000051917 0.056125525 -0.027362248 -0.064379528 -0.042991851 0.996623456
1311867243.310909 -0.023964206 -0.000064476 0.056147099 -0.027389143 -0.064004488 -0.042665266 0.996660948
1311867243.342681 -0.023889113 -0.000044118 0.056328822 -0.026886113 -0.064101450 -0.043029744 0.996652722
1311867243.375787 -0.023871200 -0.000090514 0.056332804 -0.027542137 -0.064083628 -0.041743461 0.996690691
1311867243.412082 -0.023819095 -0.000066639 0.056461010 -0.027350996 -0.064468525 -0.041362587 0.996686995
1311867243.442886 -0.023608167 -0.000383436 0.057363085 -0.028151808 -0.064038835 -0.040471919 0.996728957
1311867243.474884 -0.023291871 -0.000521871 0.057964090 -0.029439772 -0.065032065 -0.040482678 0.996626973
1311867243.510986 -0.023257967 -0.000517381 0.058165614 -0.029694123 -0.064723901 -0.040782727 0.996627212
1311867243.543026 -0.026589917 0.000740275 0.062178914 -0.029448321 -0.061576981 -0.037877060 0.996948540
1311867243.574697 -0.026717635 0.000508874 0.062890559 -0.030085558 -0.061057325 -0.037708342 0.996967912
1311867243.610776 -0.027552150 0.000000363 0.065086551 -0.030012416 -0.060230296 -0.037051335 0.997045040
1311867243.642685 -0.027093841 0.001542781 0.065759599 -0.029049493 -0.060936708 -0.036360431 0.997056127
1311867243.674867 -0.026930299 0.002688895 0.065822206 -0.027883261 -0.060455538 -0.035777438 0.997139752
1311867243.710902 -0.027321069 0.002132749 0.066270232 -0.028327381 -0.059803467 -0.035307258 0.997183323
1311867243.742761 -0.029016200 0.000742974 0.070660226 -0.030584633 -0.057509433 -0.035230309 0.997254312
1311867243.774837 -0.028260741 0.002453905 0.069557384 -0.029241789 -0.057263747 -0.034149222 0.997346342
1311867243.810755 -0.028583184 0.001321787 0.071032949 -0.030395394 -0.056639548 -0.033434875 0.997371674
1311867243.842825 -0.029197749 0.000858670 0.068148062 -0.031896852 -0.055223901 -0.034563258 0.997365713
1311867243.874795 -0.029881502 0.000410348 0.069454633 -0.032582123 -0.054033097 -0.034033701 0.997427046
1311867243.911010 -0.029278018 0.000825085 0.068272561 -0.032158084 -0.053538751 -0.034586538 0.997448385
1311867243.942765 -0.028904511 0.000598352 0.069470093 -0.032756634 -0.052856404 -0.034702811 0.997461319
1311867243.974939 -0.028954448 0.000673298 0.069522798 -0.032323647 -0.052813698 -0.034938138 0.997469485
1311867244.010938 -0.028122365 0.000032889 0.071888894 -0.032828297 -0.053356070 -0.035041656 0.997420490
1311867244.042874 -0.027231550 -0.000730510 0.074812122 -0.034133140 -0.053802740 -0.034678929 0.997365355
1311867244.074729 -0.027039696 -0.000794393 0.075656198 -0.033678811 -0.054078892 -0.035872314 0.997323692
1311867244.110737 -0.027449751 0.001710070 0.078337416 -0.031234261 -0.053683605 -0.032107934 0.997552812
1311867244.142752 -0.028128611 0.001389760 0.079484209 -0.031581268 -0.053348288 -0.031351160 0.997583926
1311867244.174960 -0.028824368 0.000965275 0.080988079 -0.032087628 -0.053135231 -0.030764945 0.997597396
1311867244.210998 -0.030482959 -0.000288009 0.084346198 -0.033699784 -0.052061383 -0.031412505 0.997580707
1311867244.242837 -0.030973345 -0.000615728 0.085248552 -0.034291159 -0.052439608 -0.032472067 0.997506797
1311867244.274849 -0.032448031 -0.001762455 0.088123716 -0.034819871 -0.050856050 -0.033500858 0.997536480
1311867244.311019 -0.033361048 -0.002324132 0.089871578 -0.036572035 -0.050416995 -0.032681964 0.997523248
1311867244.342945 -0.033036891 0.002006983 0.089821614 -0.033216786 -0.051001281 -0.032951731 0.997602046
1311867244.374807 -0.033163466 0.003288147 0.090050057 -0.032367449 -0.050615154 -0.032441013 0.997666359
1311867244.410917 -0.035328541 -0.000646196 0.091383070 -0.037103087 -0.048807267 -0.033349488 0.997561514
1311867244.442939 -0.027885199 0.007652055 0.093196385 -0.029169790 -0.055179968 -0.029019328 0.997628272
1311867244.474845 -0.027973674 0.007626823 0.093129843 -0.029232256 -0.055302490 -0.028469661 0.997635543
1311867244.510909 -0.028088616 0.007644680 0.093229525 -0.029506976 -0.053779110 -0.028197503 0.997718453
1311867244.543087 -0.027984830 0.007580303 0.093311131 -0.029844789 -0.052786626 -0.027635552 0.997777104
1311867244.574880 -0.028023489 0.007594188 0.093366563 -0.030098429 -0.051742598 -0.027772240 0.997820377
1311867244.610794 -0.028030632 0.007646251 0.093262576 -0.031474266 -0.051003050 -0.027464112 0.997824609
1311867244.642828 -0.030137379 0.008216727 0.096861638 -0.031582776 -0.048566397 -0.027691061 0.997936428
1311867244.674838 -0.030005360 0.008013485 0.097424053 -0.032030623 -0.047478747 -0.026775796 0.997999489
1311867244.710970 -0.029648421 0.007741980 0.098541118 -0.032072172 -0.047145922 -0.026796637 0.998013377
1311867244.742796 -0.028818676 0.007015463 0.101361290 -0.033010218 -0.047556035 -0.026547030 0.997969985
1311867244.774974 -0.028521152 0.006795641 0.102186561 -0.034169413 -0.047077309 -0.027190292 0.997936308
1311867244.810910 -0.028262958 0.006695395 0.103670686 -0.034544054 -0.047021665 -0.026903307 0.997933865
1311867244.842820 -0.032531269 0.008005011 0.103738531 -0.033140793 -0.042454742 -0.025225366 0.998229921
1311867244.874902 -0.034167871 0.005010433 0.108098321 -0.037273902 -0.040136062 -0.025274171 0.998178899
1311867244.910805 -0.038778592 0.003963470 0.110729195 -0.038168896 -0.034692913 -0.027616290 0.998287022
1311867244.942839 -0.033544768 0.009983431 0.111643888 -0.034096323 -0.039087899 -0.028052205 0.998259842
1311867244.974988 -0.033991683 0.009708534 0.112597495 -0.035797115 -0.038836170 -0.027951121 0.998212993
1311867245.010872 -0.034284070 0.008638229 0.114054382 -0.036660533 -0.038747109 -0.028182462 0.998178542
1311867245.042993 -0.034309782 0.009966280 0.114136599 -0.035879668 -0.037820410 -0.027067743 0.998273373
1311867245.074920 -0.035587098 0.009758547 0.117551424 -0.037288330 -0.036781088 -0.026183084 0.998284161
1311867245.111116 -0.035152964 0.010476489 0.117783621 -0.036497001 -0.036912359 -0.026325058 0.998304844
1311867245.142920 -0.036190305 0.012864920 0.120890513 -0.034295034 -0.035707802 -0.026118610 0.998432100
1311867245.174913 -0.036157176 0.012873526 0.120936230 -0.034952115 -0.035407409 -0.026133213 0.998419642
1311867245.210898 -0.035261795 0.012058468 0.123400584 -0.035657872 -0.036281515 -0.025661286 0.998375535
1311867245.242901 -0.035502288 0.012304143 0.122626536 -0.035312228 -0.036115661 -0.025903879 0.998387575
1311867245.275567 -0.034771595 0.011779963 0.124791272 -0.036028996 -0.036333349 -0.026089182 0.998349249
1311867245.312009 -0.034479056 0.011536561 0.125523388 -0.036402293 -0.037081856 -0.026184799 0.998305678
1311867245.343010 -0.034047242 0.011281144 0.126665294 -0.035425752 -0.037923407 -0.027748849 0.998266935
1311867245.374937 -0.032726515 0.010522874 0.129507661 -0.036441110 -0.038511578 -0.027387958 0.998217881
1311867245.412235 -0.038653269 0.011452050 0.130294234 -0.035729546 -0.033594444 -0.027084852 0.998429418
1311867245.442883 -0.041828416 0.009456761 0.132627472 -0.038069248 -0.030832425 -0.027138447 0.998430610
1311867245.475145 -0.043467049 0.004530565 0.137055054 -0.043023162 -0.030611373 -0.027709562 0.998220503
1311867245.510882 -0.043864314 0.004429134 0.139501035 -0.043900743 -0.030631281 -0.027787380 0.998179495
1311867245.542961 -0.043282401 0.004233798 0.140594408 -0.044865977 -0.030724093 -0.027346469 0.998145938
1311867245.574941 -0.044497017 0.003725791 0.141796857 -0.047320846 -0.030073442 -0.028347369 0.998024464
1311867245.610913 -0.047271594 0.002624846 0.144650191 -0.047981601 -0.028028298 -0.028041912 0.998061121
1311867245.642819 -0.046547007 0.000956404 0.146025881 -0.049281571 -0.028657163 -0.029047400 0.997951090
1311867245.675175 -0.050061293 0.004696748 0.147979021 -0.045395460 -0.026278840 -0.029664857 0.998182714
1311867245.710917 -0.049892850 0.004605221 0.148410261 -0.044618357 -0.026588628 -0.029545220 0.998213053
1311867245.742982 -0.049686950 0.004440400 0.148811743 -0.045352466 -0.027925838 -0.029734809 0.998137832
1311867245.775252 -0.049134068 0.004071006 0.150022596 -0.045899615 -0.028003979 -0.030177830 0.998097360
1311867245.811035 -0.049126014 0.003998582 0.150824890 -0.045288343 -0.028537842 -0.030929333 0.998087168
1311867245.842823 -0.048900057 0.004009319 0.151228517 -0.045154504 -0.028760605 -0.031487118 0.998069406
1311867245.875777 -0.051497515 0.004624972 0.153246149 -0.044736382 -0.027130743 -0.030476039 0.998165250
1311867245.911075 -0.053737719 0.002602918 0.155140594 -0.046511654 -0.024633951 -0.031300161 0.998123348
1311867245.942887 -0.053752583 0.002393576 0.156507328 -0.047203489 -0.025881905 -0.031238785 0.998061240
1311867245.975135 -0.055285726 0.001768291 0.158767298 -0.048289809 -0.025020162 -0.031405099 0.998025954
1311867246.011242 -0.056019180 0.001000605 0.160987779 -0.049776711 -0.025664112 -0.033103582 0.997881651
1311867246.042923 -0.055707335 0.000781380 0.161963761 -0.050974783 -0.025973232 -0.034189340 0.997776628
1311867246.075233 -0.055614166 0.000227358 0.164184749 -0.052776165 -0.026496626 -0.035502009 0.997623324
1311867246.110925 -0.057238758 0.000933293 0.164497435 -0.054097511 -0.025668025 -0.035579316 0.997571409
1311867246.143089 -0.058904380 -0.000845905 0.167304397 -0.056615938 -0.024529003 -0.037916303 0.997374237
1311867246.174981 -0.058715891 -0.000592542 0.168737128 -0.058087919 -0.025504824 -0.037742577 0.997271657
1311867246.210964 -0.058537338 -0.000644358 0.168918356 -0.060000997 -0.025731843 -0.038577050 0.997120678
1311867246.242940 -0.057800002 -0.001277101 0.171098903 -0.062172297 -0.026044603 -0.038642723 0.996977031
1311867246.275065 -0.057520028 -0.001276242 0.171813190 -0.063664161 -0.026425360 -0.038997702 0.996858954
1311867246.310872 -0.057132971 -0.001690613 0.172753021 -0.066114016 -0.026352134 -0.040078521 0.996658564
1311867246.342932 -0.056726951 -0.002166342 0.173776403 -0.067532375 -0.027040139 -0.038666468 0.996600807
1311867246.375297 -0.063106015 -0.003860632 0.179969206 -0.070670053 -0.021472618 -0.040324073 0.996453047
1311867246.410931 -0.062773079 -0.004061944 0.180962414 -0.071834281 -0.020999312 -0.040740956 0.996362984
1311867246.443077 -0.061874814 -0.004411926 0.183037266 -0.073290072 -0.021676380 -0.040521316 0.996251404
1311867246.475133 -0.060732350 -0.005063037 0.185841471 -0.074672997 -0.022668198 -0.040717978 0.996118546
1311867246.510968 -0.060427036 -0.002677372 0.188350260 -0.074255235 -0.022525055 -0.040273681 0.996171117
1311867246.543113 -0.060328323 -0.002670198 0.189362466 -0.075128369 -0.022991288 -0.040037628 0.996104538
1311867246.575204 -0.062764302 -0.000490100 0.191006988 -0.073197231 -0.021187885 -0.038971748 0.996330559
1311867246.611125 -0.062742375 0.000103473 0.192421928 -0.072735585 -0.020514227 -0.039753493 0.996347606
1311867246.643187 -0.063902520 -0.001492200 0.190304294 -0.073763803 -0.020157341 -0.038638473 0.996323049
1311867246.675169 -0.061783295 -0.000734124 0.193132132 -0.072761811 -0.022229487 -0.039249741 0.996328831
1311867246.711056 -0.062699497 0.000354803 0.193795696 -0.071621843 -0.021204008 -0.038193829 0.996474862
1311867246.743305 -0.062356345 0.000807933 0.191353172 -0.069870204 -0.022707688 -0.037859891 0.996578753
1311867246.774986 -0.062480677 0.000885184 0.191049024 -0.069318324 -0.022435851 -0.038160734 0.996611953
1311867246.811193 -0.062215839 0.000763640 0.191756248 -0.069303669 -0.022440709 -0.037935011 0.996621490
1311867246.843092 -0.062257666 0.000809541 0.191625699 -0.068393938 -0.022478422 -0.038047533 0.996679246
1311867246.875078 -0.062080979 0.000650381 0.192121223 -0.068434738 -0.022618491 -0.037800465 0.996682644
1311867246.911155 -0.061927307 0.000658655 0.192456737 -0.068003558 -0.022782801 -0.038397569 0.996685565
1311867246.943061 -0.062009595 0.000705225 0.192209274 -0.067128479 -0.023022845 -0.039057638 0.996713758
1311867246.975124 -0.061720677 0.000550786 0.192721784 -0.067200996 -0.023249663 -0.039077945 0.996702790
1311867247.010909 -0.061827734 0.000738354 0.192468271 -0.066775218 -0.022555647 -0.039727159 0.996721685
1311867247.044073 -0.061629422 0.000476151 0.193212792 -0.066821076 -0.022291647 -0.039414529 0.996736944
1311867247.075192 -0.061537296 0.000511959 0.193273142 -0.067191742 -0.022086257 -0.040376425 0.996678114
1311867247.111215 -0.061522290 0.000479891 0.193234667 -0.067401238 -0.022659332 -0.040306065 0.996653914
1311867247.143044 -0.061622977 0.000629554 0.192852050 -0.067710653 -0.021391867 -0.039416697 0.996696591
1311867247.175163 -0.061301030 0.000438114 0.193582118 -0.068445072 -0.022257596 -0.037488785 0.996701837
1311867247.211319 -0.061406933 0.000549462 0.193374470 -0.067096606 -0.023003200 -0.035438754 0.996851563
1311867247.243728 -0.061320424 0.000478719 0.193578690 -0.065349527 -0.023982750 -0.036430657 0.996908784
1311867247.277719 -0.058770072 0.005005924 0.190454036 -0.060804736 -0.026282270 -0.035884373 0.997158170
1311867247.310969 -0.058866326 0.005037948 0.190487057 -0.059517384 -0.026613835 -0.036702100 0.997197270
1311867247.343205 -0.058802929 0.005079055 0.190210804 -0.058822993 -0.028866665 -0.036497425 0.997183383
1311867247.375307 -0.059000306 0.005032607 0.189887702 -0.059074573 -0.029297654 -0.035871595 0.997178555
1311867247.411675 -0.059010383 0.005442147 0.190113276 -0.056975108 -0.030387383 -0.037012514 0.997226477
1311867247.444093 -0.058869042 0.005575786 0.189792946 -0.055825170 -0.031737439 -0.037187390 0.997242928
1311867247.475103 -0.062136926 0.004953019 0.189107880 -0.055959176 -0.029398428 -0.036804736 0.997321308
1311867247.511045 -0.062435295 0.005402528 0.187171564 -0.053185459 -0.028960550 -0.037953977 0.997442782
1311867247.543085 -0.060448706 0.005840554 0.185951859 -0.051908463 -0.030172251 -0.037773650 0.997480989
1311867247.575121 -0.059363719 0.007179135 0.184835061 -0.049475193 -0.030244293 -0.038415015 0.997578025
1311867247.611460 -0.060276244 0.006981032 0.182935894 -0.047695301 -0.029351423 -0.038859293 0.997674108
1311867247.643111 -0.059069112 0.007244938 0.179425180 -0.046223175 -0.030282520 -0.039176688 0.997703135
1311867247.675076 -0.059114043 0.008094019 0.177285880 -0.043470517 -0.030064976 -0.038385306 0.997864187
1311867247.711237 -0.058573779 0.001723338 0.176897094 -0.046330787 -0.030155277 -0.039662044 0.997682869
1311867247.743122 -0.058630142 0.002053439 0.174679518 -0.044734079 -0.027978916 -0.040522080 0.997784615
1311867247.775041 -0.056306813 0.002812792 0.171698615 -0.043154713 -0.027874457 -0.041274875 0.997826219
1311867247.811163 -0.054764848 0.004335340 0.169170320 -0.040745892 -0.027681816 -0.040336985 0.997971237
1311867247.843889 -0.054936171 0.003572828 0.167851612 -0.041585464 -0.026440728 -0.040282771 0.997972369
1311867247.875244 -0.055078816 0.003614553 0.167476997 -0.041923620 -0.026151104 -0.040002305 0.997977138
1311867247.911329 -0.055357341 0.003938899 0.166904211 -0.040706746 -0.025521228 -0.040762145 0.998013079
1311867247.943062 -0.055780306 0.004294033 0.165725634 -0.040229402 -0.024598353 -0.040576637 0.998063207
1311867247.976983 -0.055710495 0.004327389 0.165748775 -0.040301908 -0.023832062 -0.042290445 0.998007655
1311867248.010991 -0.050955661 0.006231153 0.159750327 -0.036009435 -0.027534055 -0.043063208 0.998043478
1311867248.043197 -0.052250698 0.007195781 0.156651512 -0.034137763 -0.026357846 -0.042878821 0.998148978
1311867248.075142 -0.052058682 0.007308587 0.155777857 -0.033784997 -0.026512349 -0.042692151 0.998164833
1311867248.112183 -0.053387418 0.007605118 0.152750671 -0.032119598 -0.025380721 -0.042615768 0.998252511
1311867248.143172 -0.050779928 0.004375548 0.151630476 -0.033981916 -0.027169468 -0.043088149 0.998123527
1311867248.175750 -0.050092544 0.006086756 0.151413083 -0.031651370 -0.026958650 -0.042837840 0.998216629
1311867248.211186 -0.050775915 0.006636665 0.149497449 -0.030383550 -0.026200812 -0.042609230 0.998286009
1311867248.243143 -0.051912453 0.007384691 0.146845281 -0.029358843 -0.025622826 -0.042858180 0.998320997
1311867248.275529 -0.051399212 0.007165347 0.147785187 -0.029272767 -0.025797578 -0.042167358 0.998348415
1311867248.311223 -0.050487850 0.005553896 0.146893486 -0.029774498 -0.025612541 -0.043394782 0.998285711
1311867248.343459 -0.050517213 0.005512923 0.146637738 -0.029897019 -0.025443023 -0.043193851 0.998295128
1311867248.375222 -0.047396842 0.005088785 0.143597826 -0.031744495 -0.027449546 -0.043601837 0.998167217
1311867248.411556 -0.048205923 0.005262238 0.143313646 -0.032097317 -0.026475132 -0.043597713 0.998182416
1311867248.443137 -0.046295900 0.005970068 0.138774425 -0.033444710 -0.026434612 -0.040815972 0.998256862
1311867248.475923 -0.046454601 0.006321075 0.137724087 -0.034140319 -0.025935613 -0.039887119 0.998283982
1311867248.511151 -0.046745472 0.006373486 0.137098119 -0.035020407 -0.024895187 -0.039440092 0.998297691
1311867248.543189 -0.046795938 0.006290092 0.137422130 -0.035329662 -0.025666876 -0.038886487 0.998289049
1311867248.575187 -0.047088664 0.006588242 0.136479989 -0.034886714 -0.025528179 -0.038931303 0.998306334
1311867248.611439 -0.047243156 0.006605904 0.136528745 -0.035471711 -0.024691751 -0.038419619 0.998326659
1311867248.643245 -0.045887668 0.007933779 0.130546898 -0.033944670 -0.025548287 -0.040883914 0.998260260
1311867248.675309 -0.046483994 0.008257604 0.128860950 -0.033921111 -0.025258103 -0.039830182 0.998311043
1311867248.711283 -0.047009487 0.008717824 0.127037600 -0.035002179 -0.025220497 -0.038814861 0.998314679
1311867248.743299 -0.047741506 0.008819371 0.124723934 -0.035097413 -0.024863418 -0.038812451 0.998320401
1311867248.776222 -0.041762643 0.006021390 0.123604029 -0.037649229 -0.029979177 -0.038829908 0.998086214
1311867248.811190 -0.040734053 0.005469902 0.121490568 -0.039059617 -0.031501971 -0.039056621 0.997976243
1311867248.843319 -0.033820394 0.008507387 0.117572524 -0.036075410 -0.035678558 -0.040339645 0.997896969
1311867248.875531 -0.031182861 0.010143897 0.112677343 -0.033090610 -0.036060166 -0.040878914 0.997964740
1311867248.911170 -0.031278100 0.010108263 0.112750068 -0.033417422 -0.035182387 -0.041333571 0.997966528
1311867248.943097 -0.030907899 0.010281521 0.112464197 -0.032686315 -0.036162537 -0.041052219 0.997967303
1311867248.976589 -0.030075522 0.009732121 0.109620437 -0.031479321 -0.036080498 -0.042070419 0.997966647
1311867249.011260 -0.030405477 0.010902178 0.107541539 -0.030371489 -0.034214929 -0.042943023 0.998029470
1311867249.043231 -0.031790420 0.012523566 0.104963779 -0.029319610 -0.029941468 -0.042547721 0.998215199
1311867249.079906 -0.032737594 0.010297225 0.102831110 -0.031169012 -0.029087294 -0.042219706 0.998198390
1311867249.112055 -0.030846342 0.009081682 0.100467257 -0.034206763 -0.029666668 -0.042422216 0.998073220
1311867249.143598 -0.030129828 0.009070915 0.100078255 -0.035101075 -0.029666843 -0.041894332 0.998064518
1311867249.178513 -0.030534755 0.009144410 0.099928536 -0.033741452 -0.027950171 -0.041491482 0.998177767
1311867249.211358 -0.029167065 0.009668860 0.097986020 -0.033315409 -0.028505348 -0.040914312 0.998200238
1311867249.243278 -0.029177846 0.010027673 0.096756786 -0.033642590 -0.026753144 -0.041476190 0.998214543
1311867249.277340 -0.028394086 0.009540175 0.096823007 -0.031829152 -0.026315304 -0.043340825 0.998206377
1311867249.311292 -0.026903519 0.009785017 0.092437752 -0.031154836 -0.026363222 -0.042945765 0.998243511
1311867249.343725 -0.025104253 0.007290096 0.088033013 -0.033695713 -0.025781507 -0.045774333 0.998050392
1311867249.376845 -0.025221972 0.007769097 0.086833447 -0.031449091 -0.025476838 -0.046226956 0.998110712
1311867249.411217 -0.026216429 0.008845920 0.083670333 -0.029779004 -0.023231730 -0.046558131 0.998201370
1311867249.443221 -0.024580674 0.007730842 0.083278134 -0.031663679 -0.023453867 -0.046594359 0.998136401
1311867249.476410 -0.026200257 0.005354763 0.078940876 -0.032476678 -0.022969302 -0.047312766 0.998087823
1311867249.511134 -0.025604744 0.000485285 0.077587105 -0.035394974 -0.023729138 -0.049023230 0.997888207
1311867249.543230 -0.028092373 0.001313457 0.075883768 -0.035869058 -0.020725727 -0.048246689 0.997976005
1311867249.575910 -0.026567249 0.000341551 0.073403649 -0.036887303 -0.021251611 -0.049527019 0.997865200
1311867249.611223 -0.025586952 0.001298547 0.074035294 -0.035236750 -0.022248756 -0.048750602 0.997941256
1311867249.643378 -0.029886045 0.000357895 0.072257139 -0.037909638 -0.020353539 -0.047658205 0.997936547
1311867249.675103 -0.028766362 0.002060760 0.072254188 -0.037436277 -0.020678753 -0.047802761 0.997940779
1311867249.711139 -0.027548203 0.002487082 0.070695691 -0.036103856 -0.021156587 -0.047869377 0.997976720
1311867249.743247 -0.027580643 0.003138046 0.068066105 -0.036276821 -0.021217609 -0.047419611 0.997990549
1311867249.775158 -0.028251357 0.002727863 0.068601981 -0.038220093 -0.021025518 -0.047517337 0.997917473
1311867249.811149 -0.030432673 -0.000568936 0.068562083 -0.042078450 -0.018541604 -0.049326066 0.997723699
1311867249.843325 -0.031822581 -0.001473645 0.069169424 -0.044426803 -0.016952660 -0.049811158 0.997626066
1311867249.878395 -0.031802308 -0.002016524 0.069031559 -0.046798244 -0.017000852 -0.049809765 0.997516930
1311867249.911240 -0.033231046 -0.000506393 0.065694347 -0.045679722 -0.015962111 -0.048676014 0.997641861
1311867249.943277 -0.029968128 -0.005529601 0.063004024 -0.049794883 -0.018132908 -0.051372252 0.997272611
1311867249.975170 -0.030010890 -0.005486132 0.062783666 -0.049874526 -0.018795362 -0.050757226 0.997287810
1311867250.011711 -0.033059437 0.000239573 0.063980676 -0.045182880 -0.015889840 -0.048258480 0.997685969
1311867250.043427 -0.030486573 -0.005486622 0.061921183 -0.049885858 -0.017497474 -0.049199507 0.997388899
1311867250.076673 -0.030536870 -0.005432003 0.061724294 -0.048617080 -0.017787335 -0.049923342 0.997410476
1311867250.111610 -0.030591328 -0.005344450 0.061395418 -0.048580334 -0.018392911 -0.049451571 0.997424841
1311867250.143222 -0.030650884 -0.005313116 0.061312694 -0.048639867 -0.017782887 -0.050007101 0.997405291
1311867250.175891 -0.030673744 -0.005284028 0.061141118 -0.047607291 -0.018142898 -0.049715787 0.997463167
1311867250.213337 -0.030896839 -0.005130497 0.060485981 -0.047474496 -0.018152049 -0.049590103 0.997475564
1311867250.245669 -0.031786885 -0.004379656 0.058119036 -0.047563192 -0.016801812 -0.049353592 0.997506738
1311867250.275168 -0.032169931 -0.004148439 0.057313014 -0.047474142 -0.015717579 -0.049296729 0.997531533
1311867250.311441 -0.033632163 -0.002645787 0.052633021 -0.046474479 -0.013812817 -0.050522044 0.997545421
1311867250.343197 -0.033730600 -0.002579383 0.052410703 -0.046799950 -0.012922902 -0.050571978 0.997539639
1311867250.378064 -0.033715732 -0.002613397 0.052410845 -0.047451612 -0.013589703 -0.049732886 0.997542202
1311867250.411649 -0.033803694 -0.002532788 0.052100625 -0.047037471 -0.013811000 -0.049196307 0.997585356
1311867250.444170 -0.034169462 -0.003300400 0.049977500 -0.047594830 -0.012644932 -0.050491963 0.997509599
1311867250.479325 -0.034555674 -0.003145800 0.049302042 -0.048815746 -0.011248929 -0.049967449 0.997493744
1311867250.511322 -0.034587629 -0.003110499 0.049287733 -0.048268571 -0.010398567 -0.050179422 0.997518957
1311867250.544330 -0.034740888 -0.003034019 0.048773400 -0.047738642 -0.010515767 -0.049878441 0.997558355
1311867250.579349 -0.034737568 -0.002942977 0.048387975 -0.048575137 -0.010641728 -0.048840806 0.997568011
1311867250.611488 -0.035081837 -0.002818137 0.048170760 -0.048426222 -0.008556656 -0.049005371 0.997587204
1311867250.643376 -0.035266992 -0.002798855 0.047755551 -0.047039319 -0.008128606 -0.048350256 0.997689068
1311867250.679554 -0.036266904 -0.001893603 0.045488548 -0.045903828 -0.007690259 -0.047926482 0.997765899
1311867250.711292 -0.036369633 -0.001908948 0.045496181 -0.045867126 -0.007046131 -0.047215179 0.997806311
1311867250.744545 -0.036423214 -0.001974700 0.045862336 -0.044814490 -0.006143442 -0.047108058 0.997865140
1311867250.779283 -0.036416624 -0.001966292 0.045852561 -0.043903373 -0.005582160 -0.047664527 0.997882485
1311867250.814558 -0.036435362 -0.001963771 0.045826856 -0.044563476 -0.005617388 -0.047243714 0.997873068
1311867250.843347 -0.036446903 -0.001805920 0.045570962 -0.043528538 -0.006762848 -0.047364414 0.997905910
1311867250.879276 -0.036597077 -0.001691596 0.045029823 -0.042400986 -0.006699746 -0.047093533 0.997967720
1311867250.911636 -0.036606245 -0.001708824 0.045041427 -0.042124506 -0.006651481 -0.046987932 0.997984767
1311867250.943372 -0.036609262 -0.001703006 0.045039620 -0.040840417 -0.006954632 -0.046746168 0.998047352
1311867250.979305 -0.036583167 -0.001707735 0.045021974 -0.040580604 -0.007952967 -0.046684235 0.998053372
1311867251.011246 -0.036607031 -0.001679470 0.044934332 -0.041341715 -0.007580386 -0.046496317 0.998033881
1311867251.043774 -0.036624458 -0.001669635 0.044989724 -0.040535618 -0.006679353 -0.046653043 0.998066068
1311867251.079316 -0.036653489 -0.001673464 0.044908315 -0.039687410 -0.007070768 -0.046512432 0.998104036
1311867251.111584 -0.036635384 -0.001670639 0.044857338 -0.040540449 -0.007587804 -0.046118695 0.998084128
1311867251.143281 -0.036640320 -0.001633381 0.044862598 -0.040479939 -0.007855059 -0.047114391 0.998038054
1311867251.179425 -0.036682554 -0.001660181 0.044815034 -0.039657395 -0.006870568 -0.047139384 0.998077214
1311867251.211383 -0.036669593 -0.001668631 0.044754151 -0.040675316 -0.007171787 -0.047549490 0.998014629
1311867251.247232 -0.036686067 -0.001603915 0.044742018 -0.041374635 -0.007376957 -0.047208413 0.998000562
1311867251.279370 -0.036678005 -0.001619347 0.044721682 -0.040096115 -0.007974241 -0.046967532 0.998059571
1311867251.313387 -0.037067693 -0.001255890 0.043234266 -0.039854370 -0.008323190 -0.046123505 0.998105705
1311867251.343242 -0.037064232 -0.001262425 0.043275647 -0.039763514 -0.009557612 -0.046523795 0.998079658
1311867251.380182 -0.037061069 -0.001267432 0.043225501 -0.038926452 -0.009233563 -0.045871396 0.998145998
1311867251.411345 -0.037063051 -0.001213546 0.043074127 -0.038529500 -0.009788459 -0.046113603 0.998144925
1311867251.443379 -0.037051614 -0.001208513 0.043054525 -0.038341280 -0.010340687 -0.046062402 0.998148978
1311867251.479338 -0.037046168 -0.001196082 0.043048162 -0.037993893 -0.010389665 -0.046399582 0.998146117
1311867251.513641 -0.037019014 -0.001217258 0.043013014 -0.037686314 -0.010754921 -0.046373997 0.998155117
1311867251.543175 -0.037003733 -0.001207439 0.043023609 -0.037471917 -0.010414125 -0.047101710 0.998132646
1311867251.579534 -0.037004225 -0.001203834 0.043000996 -0.037547201 -0.010140598 -0.047682051 0.998105109
1311867251.611953 -0.036988698 -0.001199047 0.042987544 -0.037678432 -0.010198114 -0.048042279 0.998082280
1311867251.643296 -0.037023902 -0.001220881 0.042974021 -0.037559792 -0.009903368 -0.047696866 0.998106360
1311867251.679728 -0.036943592 -0.001178203 0.042908635 -0.036817711 -0.010688738 -0.048238162 0.998099864
1311867251.712294 -0.036933608 -0.001172372 0.042881630 -0.037111707 -0.011052349 -0.048904032 0.998052597
1311867251.743499 -0.036968037 -0.001196903 0.042892542 -0.038325462 -0.010277349 -0.048878945 0.998016238
1311867251.779744 -0.036921673 -0.001160709 0.042839251 -0.037381526 -0.011125538 -0.049908631 0.997991979
1311867251.811253 -0.036899284 -0.001141599 0.042747479 -0.036885340 -0.011792560 -0.047997002 0.998096585
1311867251.843328 -0.036926169 -0.001185696 0.042735849 -0.037850693 -0.012202056 -0.047896456 0.998060346
1311867251.880542 -0.036939699 -0.001147178 0.042790636 -0.037432287 -0.013261034 -0.048444230 0.998036146
1311867251.911249 -0.036929976 -0.001159086 0.042708818 -0.037274364 -0.013345324 -0.048649348 0.998031020
1311867251.943218 -0.036940493 -0.001188547 0.042749129 -0.038561016 -0.013947379 -0.048244607 0.997993529
1311867251.980011 -0.037339002 -0.001030167 0.041871786 -0.039244063 -0.012877048 -0.047538936 0.998015106
1311867252.011886 -0.037366159 -0.000966298 0.041616909 -0.039374378 -0.013598250 -0.046953268 0.998028159
1311867252.044103 -0.037493926 -0.000852283 0.041322909 -0.039554801 -0.013612546 -0.047190037 0.998009682
1311867252.079454 -0.037863255 -0.000393734 0.039811656 -0.039268252 -0.013280614 -0.046426386 0.998061240
1311867252.112225 -0.037866913 -0.000388040 0.039837308 -0.039303169 -0.012650735 -0.047336914 0.998025298
1311867252.143295 -0.037782237 -0.000352409 0.039587963 -0.038326554 -0.013051993 -0.047779076 0.998037040
1311867252.179436 -0.037753716 -0.000334025 0.039555088 -0.037923232 -0.013763712 -0.047863428 0.998038888
1311867252.211346 -0.037749879 -0.000311956 0.039506182 -0.038067572 -0.013492091 -0.048724346 0.997995377
1311867252.243281 -0.037698403 -0.000247603 0.039473191 -0.037239261 -0.014576840 -0.049184754 0.997988820
1311867252.279411 -0.037891805 -0.000178952 0.039124310 -0.035238747 -0.014898027 -0.049506091 0.998040795
1311867252.311267 -0.037863173 -0.000181627 0.039031319 -0.034815218 -0.015883755 -0.049160007 0.998057604
1311867252.345029 -0.037828919 -0.000136585 0.038987275 -0.034484543 -0.017083606 -0.048919566 0.998061121
1311867252.379459 -0.037819982 -0.000059619 0.039027572 -0.031736892 -0.018951215 -0.047748279 0.998175263
1311867252.411197 -0.037723538 -0.000004982 0.038767386 -0.029982170 -0.022723718 -0.046799645 0.998195648
1311867252.445597 -0.037668318 0.000041316 0.038666990 -0.029061386 -0.024082553 -0.047150586 0.998174489
1311867252.479290 -0.037654925 0.000148725 0.038583159 -0.028280739 -0.023929797 -0.047346763 0.998191297
1311867252.511225 -0.037437428 0.000234715 0.038237751 -0.026624648 -0.026067913 -0.047432341 0.998179197
1311867252.543282 -0.037488654 0.000214834 0.038192824 -0.026388466 -0.025518058 -0.048028219 0.998171270
1311867252.579180 -0.037429310 0.000308843 0.038095474 -0.026453873 -0.026099585 -0.048441287 0.998134553
1311867252.611280 -0.037392631 0.000363259 0.038018342 -0.025398999 -0.026727313 -0.047616377 0.998184979
1311867252.643277 -0.037374794 0.000361241 0.038028136 -0.023861494 -0.028543280 -0.047384698 0.998183668
1311867252.679249 -0.037342303 0.000360902 0.038041323 -0.023620643 -0.030469375 -0.046627816 0.998168111
1311867252.711249 -0.037284434 0.000406545 0.037881948 -0.023207804 -0.030987594 -0.045978766 0.998191953
1311867252.743241 -0.037235625 0.000434561 0.037777949 -0.021458793 -0.032940544 -0.045124881 0.998207510
1311867252.779273 -0.037209351 0.000435385 0.037734773 -0.020901669 -0.035115134 -0.044260547 0.998183906
1311867252.811278 -0.037237603 0.000441627 0.037737627 -0.021585539 -0.035545852 -0.043403704 0.998191774
1311867252.843319 -0.037225995 0.000463806 0.037706573 -0.020647367 -0.036487531 -0.043557111 0.998170912
1311867252.879266 -0.037198409 0.000465890 0.037626151 -0.020913439 -0.037021063 -0.043335542 0.998155415
1311867252.911219 -0.036984827 0.000483176 0.037638091 -0.022499071 -0.039561581 -0.043721817 0.998006582
1311867252.944692 -0.036904972 0.000632863 0.037341721 -0.022234423 -0.041567475 -0.044192590 0.997910261
1311867252.980602 -0.036987942 0.000503086 0.037587103 -0.021666072 -0.042181756 -0.044118721 0.997900248
1311867253.011381 -0.036954623 0.000510063 0.037529308 -0.023494102 -0.043236624 -0.043728735 0.997830927
1311867253.043431 -0.036826491 0.000749411 0.037170615 -0.023472298 -0.044410497 -0.045008194 0.997722924
1311867253.079921 -0.036875919 0.000786301 0.037122671 -0.022152103 -0.044594176 -0.045861643 0.997706115
1311867253.111303 -0.036782652 0.000761097 0.037036862 -0.022696231 -0.044474721 -0.046601485 0.997664928
1311867253.144056 -0.036831077 0.000836420 0.036998477 -0.023093905 -0.043763023 -0.046671003 0.997683942
1311867253.179405 -0.036860697 0.000812295 0.037045576 -0.022525186 -0.044692077 -0.045904752 0.997691333
1311867253.211216 -0.036959331 0.000960385 0.036575280 -0.021813681 -0.045414947 -0.046575110 0.997643471
1311867253.245841 -0.038369171 0.001902325 0.032991301 -0.021719031 -0.043551508 -0.047291379 0.997694969
1311867253.279395 -0.037990104 0.001660289 0.034093715 -0.022349562 -0.043979563 -0.046799384 0.997685432
1311867253.311408 -0.037973158 0.001683328 0.033886664 -0.022517296 -0.044576153 -0.047283199 0.997632325
1311867253.344521 -0.038582888 0.001851925 0.033518396 -0.022510393 -0.043967355 -0.045627851 0.997736573
1311867253.379408 -0.038535550 0.001919680 0.033453811 -0.022282638 -0.044690702 -0.045995194 0.997692704
1311867253.412926 -0.037923642 0.001938950 0.033776008 -0.022044040 -0.044875268 -0.046026185 0.997688234
1311867253.444491 -0.037908606 0.002018713 0.033701062 -0.022157889 -0.044831142 -0.046362691 0.997672200
1311867253.480478 -0.038428605 0.002370529 0.031015718 -0.023457142 -0.042986251 -0.046270140 0.997727931
1311867253.511374 -0.038399901 0.002500517 0.030772192 -0.023917049 -0.041798458 -0.046928547 0.997736752
1311867253.544163 -0.038428038 0.002377780 0.030974904 -0.023629637 -0.041307528 -0.046997465 0.997760773
1311867253.579407 -0.038487948 0.002458685 0.030853663 -0.023575578 -0.039783899 -0.048420526 0.997755945
1311867253.611802 -0.038286384 0.002546393 0.030665426 -0.023533005 -0.039592158 -0.049358830 0.997718632
1311867253.644463 -0.038326886 0.002530338 0.030676724 -0.023468751 -0.039286010 -0.049354922 0.997732460
1311867253.679979 -0.037794575 0.002385955 0.032103837 -0.024422754 -0.040069781 -0.049899101 0.997651279
1311867253.711529 -0.037737120 0.002427294 0.032042623 -0.024929924 -0.041436180 -0.049242653 0.997615576
1311867253.743537 -0.037704490 0.002491048 0.031986974 -0.023505103 -0.042331520 -0.049417067 0.997603953
1311867253.780402 -0.037637074 0.002552764 0.031893026 -0.022200881 -0.042634938 -0.049556702 0.997613966
1311867253.811301 -0.037501011 0.002586949 0.030557640 -0.021756891 -0.045419514 -0.048484027 0.997553527
1311867253.846601 -0.037451874 0.002681388 0.030476714 -0.020629225 -0.046836555 -0.048288874 0.997521400
1311867253.879206 -0.038136292 0.003405422 0.028982537 -0.018359359 -0.047697745 -0.046942811 0.997589231
1311867253.911446 -0.038404930 0.003632417 0.028052533 -0.016149517 -0.049381580 -0.046563007 0.997563362
1311867253.946104 -0.038969193 0.003913724 0.026534265 -0.015904438 -0.049768638 -0.045730911 0.997586548
1311867253.979415 -0.038799115 0.004069158 0.026140548 -0.015717085 -0.050893091 -0.045256246 0.997554421
1311867254.011966 -0.038648609 0.004212117 0.025861410 -0.013842253 -0.052473247 -0.045682177 0.997480929
1311867254.045767 -0.038647600 0.004135309 0.025925232 -0.012965146 -0.054593679 -0.046240743 0.997353137
1311867254.079374 -0.038543116 0.004234986 0.025805665 -0.011506766 -0.055685438 -0.046274986 0.997309089
1311867254.111352 -0.038579375 0.004212021 0.025786556 -0.009014865 -0.055511381 -0.046181999 0.997348726
1311867254.147685 -0.038433351 0.004144922 0.025742875 -0.007496407 -0.057018362 -0.045954715 0.997286856
1311867254.179513 -0.038486023 0.004142850 0.025670612 -0.006222040 -0.056281749 -0.046535462 0.997310519
1311867254.211494 -0.038394369 0.004156087 0.025495360 -0.004837716 -0.055202726 -0.046655226 0.997372806
1311867254.246904 -0.037897527 0.003736761 0.025301769 -0.003238097 -0.054108799 -0.045793798 0.997479141
1311867254.279857 -0.037893806 0.003640897 0.025161371 -0.003878204 -0.051679119 -0.046035796 0.997594595
1311867254.311463 -0.037367500 0.004086962 0.024178615 -0.005443888 -0.051415198 -0.046246022 0.997591197
1311867254.347540 -0.037336007 0.004161855 0.024047971 -0.005392710 -0.050309125 -0.046980496 0.997613549
1311867254.379449 -0.037112907 0.004256444 0.023626627 -0.003141472 -0.050433133 -0.047493495 0.997592628
1311867254.411535 -0.037065729 0.004231422 0.023459505 -0.003062024 -0.049801126 -0.048019096 0.997599483
1311867254.448323 -0.036761928 0.004463884 0.022889780 -0.003169377 -0.050687190 -0.048350029 0.997538507
1311867254.479448 -0.036573574 0.004649863 0.022510547 -0.001989455 -0.052917968 -0.047925554 0.997446239
1311867254.511443 -0.035092454 0.005786738 0.019165631 0.000866448 -0.055939935 -0.046616163 0.997344911
1311867254.550046 -0.035031918 0.005806474 0.019069923 0.000949183 -0.058523752 -0.045988504 0.997225761
1311867254.579487 -0.035034385 0.005888747 0.018667487 0.001653632 -0.060482278 -0.045876071 0.997113109
1311867254.611481 -0.034965888 0.006085372 0.017771481 0.001543421 -0.061520886 -0.045653462 0.997060001
1311867254.645227 -0.035022795 0.007349947 0.014523868 0.001447494 -0.060054209 -0.045064762 0.997176290
1311867254.679490 -0.034996644 0.007344570 0.014516072 0.001273130 -0.060643435 -0.044966258 0.997145355
1311867254.711323 -0.032017268 0.006850458 0.007903525 0.002497176 -0.063193373 -0.045909103 0.996941686
1311867254.745273 -0.031982306 0.006816877 0.007797938 0.002853988 -0.062565275 -0.046085492 0.996972263
1311867254.779465 -0.031634495 0.007567205 0.005185053 0.003659221 -0.062325139 -0.045736864 0.997000694
1311867254.811574 -0.031638466 0.007585976 0.005078478 0.004348231 -0.062873587 -0.045348499 0.996981263
1311867254.848265 -0.030883698 0.008853397 0.002186650 0.005551206 -0.062924050 -0.044930171 0.996990979
1311867254.879491 -0.030880928 0.008849557 0.002023036 0.005123218 -0.062896766 -0.044739116 0.997003615
1311867254.913881 -0.028919702 0.012316119 -0.000345411 0.008876194 -0.063493848 -0.044635467 0.996944070
1311867254.949070 -0.028843490 0.012327832 -0.000467843 0.009997885 -0.063723363 -0.044911053 0.996906459
1311867254.981925 -0.030659566 0.009011433 0.001685188 0.007305461 -0.063223854 -0.045095015 0.996953309
1311867255.015430 -0.030587021 0.009040488 0.001631558 0.007942307 -0.063427165 -0.045828521 0.996902108
1311867255.049418 -0.030581860 0.008979236 0.001531881 0.008318004 -0.063448839 -0.045791846 0.996899307
1311867255.082194 -0.030579675 0.008990253 0.001455033 0.008402880 -0.063221999 -0.045503326 0.996926248
1311867255.117684 -0.030532053 0.008986519 0.001485421 0.009040682 -0.063408658 -0.046127256 0.996880114
1311867255.151015 -0.030463841 0.009026263 0.001332621 0.010196125 -0.063828610 -0.046324775 0.996833026
1311867255.183783 -0.029183267 0.006556014 -0.009396689 0.009025042 -0.062466882 -0.045043934 0.996989191
1311867255.216913 -0.029202340 0.006526022 -0.009456938 0.009066373 -0.062012281 -0.045178458 0.997011125
1311867255.245906 -0.029253235 0.006795319 -0.010801640 0.009131213 -0.062534906 -0.044713259 0.996998906
1311867255.279366 -0.029215962 0.006870002 -0.010916241 0.009963771 -0.063691534 -0.044588596 0.996923268
1311867255.313847 -0.029419677 0.006460459 -0.012764789 0.010331435 -0.063119456 -0.044817742 0.996945620
1311867255.346831 -0.029464403 0.006466501 -0.012844756 0.011073831 -0.061753143 -0.045045279 0.997012973
1311867255.379475 -0.029423691 0.006507129 -0.012907225 0.012651858 -0.060487404 -0.045344528 0.997058272
1311867255.413757 -0.029374467 0.006440787 -0.012890307 0.013410756 -0.060647782 -0.044950973 0.997056425
1311867255.445540 -0.029079925 0.006750378 -0.013769789 0.014452063 -0.060345024 -0.044720426 0.997070551
1311867255.479482 -0.024447706 0.006510223 -0.018039171 0.014819445 -0.062025696 -0.044409454 0.996975958
1311867255.515585 -0.024057496 0.006808983 -0.018909577 0.015065852 -0.061045807 -0.044282138 0.997038364
1311867255.545730 -0.024034871 0.006620042 -0.021163609 0.014554141 -0.059452988 -0.043875802 0.997160196
1311867255.579442 -0.024086079 0.006642688 -0.021148220 0.015503490 -0.058021534 -0.043970603 0.997226119
1311867255.615323 -0.024078460 0.006691423 -0.021202624 0.016751589 -0.057116844 -0.044099919 0.997252345
1311867255.645642 -0.023099959 0.006728085 -0.025745859 0.015485709 -0.057203364 -0.043468386 0.997295558
1311867255.680081 -0.023063144 0.006714165 -0.025737843 0.014560594 -0.056761879 -0.043171398 0.997347653
1311867255.718269 -0.023057118 0.006816338 -0.025822653 0.015750451 -0.056537412 -0.043691155 0.997319698
1311867255.745767 -0.023012422 0.006750568 -0.025820445 0.016013460 -0.057025671 -0.044097360 0.997269809
1311867255.780996 -0.022936413 0.006730920 -0.025900906 0.013702519 -0.056945570 -0.044249725 0.997302115
1311867255.817593 -0.020859014 0.006313461 -0.029429743 0.011489595 -0.056654498 -0.043694902 0.997371078
1311867255.845687 -0.022916887 0.006733219 -0.025929920 0.011890733 -0.057011470 -0.042332746 0.997404814
1311867255.879379 -0.021137834 0.005881041 -0.033207543 0.009267276 -0.056872007 -0.043909129 0.997372389
1311867255.914024 -0.021108035 0.005903047 -0.033230770 0.007205412 -0.057091758 -0.044153128 0.997366130
1311867255.945901 -0.021083776 0.005999881 -0.033328038 0.007367381 -0.057709988 -0.043713909 0.997348666
1311867255.979486 -0.020985410 0.005939755 -0.033402238 0.007730040 -0.058418285 -0.043687616 0.997305870
1311867256.017783 -0.020997105 0.005991652 -0.033628576 0.007641532 -0.059043624 -0.044071164 0.997252882
1311867256.046004 -0.020943629 0.005944176 -0.033708464 0.007212737 -0.060726449 -0.044121075 0.997152805
1311867256.079590 -0.020948250 0.005958631 -0.033652924 0.008184325 -0.062446736 -0.045333646 0.996984661
1311867256.116730 -0.020944951 0.005976869 -0.033808790 0.008140710 -0.063109830 -0.045386385 0.996940851
1311867256.145219 -0.021376751 0.006623123 -0.037134930 0.008354132 -0.062674724 -0.045808554 0.996947169
1311867256.179506 -0.021274112 0.006802928 -0.037379019 0.009006459 -0.065021642 -0.047150634 0.996728659
1311867256.217737 -0.022273853 0.006898373 -0.041546043 0.010231723 -0.066736624 -0.048879027 0.996520162
1311867256.245462 -0.022339838 0.006870850 -0.041612301 0.010424205 -0.067950651 -0.049385343 0.996411145
1311867256.284698 -0.022323770 0.006936080 -0.041818552 0.010737645 -0.069382496 -0.049622089 0.996297419
1311867256.314334 -0.021789925 0.007439020 -0.042849969 0.013014724 -0.072924972 -0.049864046 0.996005118
1311867256.347169 -0.021861205 0.007477758 -0.042941146 0.014149047 -0.074505545 -0.049643315 0.995883703
1311867256.384803 -0.021676464 0.008620181 -0.047512177 0.015486875 -0.074366629 -0.049264193 0.995892942
1311867256.415853 -0.021611616 0.008671343 -0.047637433 0.016964683 -0.075071938 -0.050354972 0.995761454
1311867256.445283 -0.019873708 0.006384920 -0.050831202 0.015511975 -0.077247240 -0.050865442 0.995592773
1311867256.484375 -0.019686433 0.006497367 -0.051148865 0.014596053 -0.079512626 -0.050646450 0.995439470
1311867256.513577 -0.022215234 0.007029748 -0.053006604 0.014727038 -0.081003062 -0.048925392 0.995403409
1311867256.547861 -0.022129932 0.007308766 -0.053615950 0.015435618 -0.082755476 -0.048987694 0.995245457
1311867256.583591 -0.022049077 0.006712928 -0.055274636 0.014727081 -0.082220741 -0.050493862 0.995225251
1311867256.616028 -0.021896595 0.006866202 -0.055548288 0.014233894 -0.081658237 -0.050115876 0.995297790
1311867256.645225 -0.021721140 0.006971802 -0.055722468 0.015465811 -0.081837453 -0.048421137 0.995348692
1311867256.683263 -0.021757782 0.006948599 -0.055675995 0.016961930 -0.082313068 -0.046668693 0.995368719
1311867256.714018 -0.021619076 0.007102041 -0.056176260 0.017219864 -0.083974674 -0.045552369 0.995277226
1311867256.746329 -0.018164631 0.007390910 -0.060818564 0.016610863 -0.087116823 -0.046842638 0.994957566
1311867256.782735 -0.018185360 0.007418672 -0.060967576 0.016264498 -0.087457448 -0.046062265 0.994969845
1311867256.814038 -0.018166421 0.007436511 -0.060932633 0.015390652 -0.086829193 -0.044648152 0.995103240
1311867256.847722 -0.018068053 0.007563318 -0.061062764 0.016462157 -0.088136591 -0.041936658 0.995089114
1311867256.883890 -0.020057458 0.005359070 -0.063805260 0.017585596 -0.088538393 -0.040506851 0.995093405
1311867256.914798 -0.020097768 0.005362955 -0.063854910 0.018990511 -0.088261798 -0.041043825 0.995070159
1311867256.946531 -0.020253194 0.005270667 -0.063626692 0.019637501 -0.088100530 -0.041232828 0.995064139
1311867256.981447 -0.020066831 0.005467962 -0.063993476 0.021678375 -0.088793561 -0.043218870 0.994875848
1311867257.012988 -0.019791981 0.006438035 -0.065924399 0.024937829 -0.088455886 -0.043551825 0.994815052
1311867257.045185 -0.017166529 0.008612814 -0.074544922 0.027011808 -0.087353557 -0.045327131 0.994778991
1311867257.084110 -0.016857946 0.008897129 -0.075267039 0.025912806 -0.086419336 -0.046750013 0.994823992
1311867257.113385 -0.017067492 0.008670351 -0.074677400 0.024622297 -0.086016506 -0.047499292 0.994856179
1311867257.147422 -0.017025445 0.008678431 -0.074722052 0.024304638 -0.086828150 -0.048372943 0.994751394
1311867257.182069 -0.017031560 0.008641622 -0.074724421 0.022853583 -0.087496467 -0.048569839 0.994717598
1311867257.214758 -0.016909756 0.008801425 -0.074991375 0.022461152 -0.086704716 -0.049728509 0.994738638
1311867257.245697 -0.018089585 0.008636381 -0.077913888 0.022663219 -0.084535629 -0.049053360 0.994954228
1311867257.282412 -0.018053135 0.008605708 -0.077993490 0.022825712 -0.083637498 -0.049289387 0.995014787
1311867257.313334 -0.018063914 0.008575664 -0.078069255 0.021664722 -0.081225745 -0.049141318 0.995247781
1311867257.345279 -0.018124046 0.009681392 -0.080178291 0.022470986 -0.077909783 -0.048443235 0.995529234
1311867257.383951 -0.017482013 0.010237345 -0.082338177 0.023616560 -0.076301068 -0.048259947 0.995636225
1311867257.416062 -0.013736417 0.007947575 -0.087275870 0.021719325 -0.076247983 -0.048676979 0.995663106
1311867257.445852 -0.011800163 0.009529114 -0.090307392 0.022606133 -0.074112274 -0.048222955 0.995826781
1311867257.485117 -0.012839083 0.008753509 -0.090008363 0.022656223 -0.072100975 -0.048418194 0.995963812
1311867257.516611 -0.011314012 0.010165828 -0.094765939 0.023214716 -0.070152901 -0.048673570 0.996077657
1311867257.543702 -0.010714771 0.010753253 -0.096844360 0.022229256 -0.067824043 -0.046977017 0.996342838
1311867257.583609 -0.010036916 0.011148080 -0.089217223 0.023085734 -0.067726105 -0.047459360 0.996307135
1311867257.615413 -0.009669432 0.011874139 -0.090792224 0.023608206 -0.066979863 -0.045943972 0.996416330
1311867257.643749 -0.009819189 0.011386497 -0.089871012 0.021378728 -0.066747040 -0.045882866 0.996485114
1311867257.684241 -0.009804258 0.011323474 -0.089894749 0.018944472 -0.066470489 -0.045902558 0.996551991
1311867257.718778 -0.006335485 0.010891631 -0.096355282 0.017645972 -0.067158110 -0.045171734 0.996563077
1311867257.743747 -0.006510549 0.010926264 -0.096352354 0.017876064 -0.064949371 -0.044441033 0.996738255
1311867257.783800 -0.006620680 0.011385714 -0.097399265 0.018298093 -0.062028933 -0.043062475 0.996977091
1311867257.818099 -0.007147061 0.011786563 -0.100896753 0.018930186 -0.060669914 -0.041824304 0.997101605
1311867257.843575 -0.007260791 0.012160623 -0.102289625 0.019095631 -0.060573384 -0.041016489 0.997137904
1311867257.885458 -0.005760945 0.013525686 -0.105770342 0.020663982 -0.060675927 -0.040581476 0.997118235
1311867257.915235 -0.005153240 0.012685008 -0.101048864 0.020193448 -0.059689555 -0.040827502 0.997177303
1311867257.943765 -0.005145068 0.013044879 -0.100954629 0.020806702 -0.059215993 -0.040230826 0.997217178
1311867257.985062 -0.006455262 0.012944504 -0.102086410 0.020861750 -0.059112441 -0.039219815 0.997262418
1311867258.013561 -0.006569394 0.013772120 -0.102489009 0.021797810 -0.058729809 -0.038717829 0.997284651
1311867258.043623 -0.003765081 0.012565830 -0.103536978 0.022152979 -0.060296960 -0.038780659 0.997180879
1311867258.083652 -0.003924703 0.009816438 -0.105460152 0.021796266 -0.060520105 -0.038542237 0.997184455
1311867258.113782 -0.005276681 0.010069181 -0.105039284 0.023401676 -0.059818003 -0.037571073 0.997227490
1311867258.143714 -0.004296715 0.010293687 -0.106093161 0.023718057 -0.060307957 -0.037262481 0.997202039
1311867258.184833 -0.003403628 0.010445504 -0.106628738 0.023993755 -0.060329687 -0.037935201 0.997168839
1311867258.216268 -0.002563887 0.009700642 -0.106686093 0.023581291 -0.061266847 -0.037257388 0.997147024
1311867258.243624 -0.004330800 0.010427332 -0.108063109 0.025036126 -0.059566122 -0.036534160 0.997241378
1311867258.285010 -0.002678556 0.009613044 -0.107759185 0.025075130 -0.060744189 -0.036763739 0.997160912
1311867258.313274 -0.001681863 0.010198792 -0.106829487 0.026058480 -0.060812976 -0.037673853 0.997097492
1311867258.343642 0.000143709 0.013171011 -0.108097680 0.029005768 -0.061340969 -0.037854925 0.996976912
1311867258.381205 -0.000967660 0.012556151 -0.108246431 0.028425431 -0.061150238 -0.037333980 0.997025013
1311867258.414263 -0.002817520 0.007352791 -0.109005727 0.023823382 -0.060621463 -0.037794054 0.997160554
1311867258.443907 -0.006085080 0.010931885 -0.109728307 0.025657346 -0.059370123 -0.037935995 0.997184932
1311867258.482546 -0.002097851 0.008360313 -0.111687534 0.023375336 -0.062854886 -0.037611675 0.997039795
1311867258.513980 -0.004670480 0.006665668 -0.113240927 0.022187984 -0.061534021 -0.037274580 0.997161984
1311867258.543595 -0.000671671 0.009544591 -0.112064667 0.025223220 -0.064321481 -0.038250051 0.996876895
1311867258.583598 -0.002639233 0.008122549 -0.112796508 0.024509700 -0.063365750 -0.037932478 0.996968031
1311867258.614160 -0.003276178 0.005235626 -0.112397343 0.022847949 -0.063877873 -0.039283320 0.996922493
1311867258.643778 -0.001233350 0.010073604 -0.112649940 0.026364001 -0.066057116 -0.038309436 0.996731639
1311867258.685220 -0.002242457 0.013711413 -0.112572998 0.030194240 -0.065918773 -0.037960708 0.996645451
1311867258.713406 -0.000303482 0.012128509 -0.113687560 0.031646602 -0.068264224 -0.038731609 0.996412814
1311867258.743665 -0.004446622 0.010881509 -0.119525447 0.032859348 -0.065415636 -0.040625583 0.996489167
1311867258.784349 -0.004392225 0.011197418 -0.120520115 0.032718807 -0.064293221 -0.041385897 0.996535540
1311867258.811690 -0.005256794 0.014464045 -0.122401871 0.034789409 -0.063628241 -0.041792959 0.996491134
1311867258.843893 -0.005529759 0.015159995 -0.121249035 0.036029529 -0.064302452 -0.042647123 0.996367574
1311867258.884560 -0.004323317 0.012359176 -0.124079607 0.033504706 -0.064679876 -0.043285571 0.996403694
1311867258.911750 -0.003205684 0.013563870 -0.122664981 0.034698725 -0.064812802 -0.044953048 0.996280372
1311867258.944000 -0.001728031 0.012396986 -0.121227965 0.035215102 -0.066806391 -0.046801001 0.996045470
1311867258.984155 -0.002256478 0.010370025 -0.123026803 0.033831794 -0.066760533 -0.048221637 0.996028721
1311867259.011907 -0.001646226 0.012175957 -0.121973015 0.034679815 -0.067484476 -0.049360238 0.995894969
1311867259.043970 -0.000409539 0.016277965 -0.123648047 0.039178960 -0.067153342 -0.050228447 0.995707095
1311867259.084547 0.004513150 0.010652523 -0.122179322 0.035626091 -0.070006669 -0.049979966 0.995656490
1311867259.111734 0.002436352 0.009834616 -0.123567320 0.034227010 -0.068947427 -0.049658284 0.995795548
1311867259.143877 0.003622460 0.010642460 -0.123418003 0.034570571 -0.069403373 -0.049372673 0.995766282
1311867259.183764 0.003603295 0.011948974 -0.124170169 0.036561836 -0.069142438 -0.049434032 0.995710254
1311867259.211951 0.005554795 0.011302071 -0.125140861 0.036377989 -0.070480213 -0.048604894 0.995664001
1311867259.243853 0.008152023 -0.005887203 -0.128276765 0.025262304 -0.071492232 -0.048183199 0.995956361
1311867259.281587 0.008146053 -0.005880131 -0.128300518 0.027629755 -0.071560755 -0.046733767 0.995957732
1311867259.311928 0.008123830 -0.005885272 -0.128317490 0.029291825 -0.071548976 -0.045243829 0.995979786
1311867259.343762 0.008139816 -0.005879725 -0.128312275 0.030612394 -0.071953483 -0.044795975 0.995931149
1311867259.383911 0.008134027 -0.005856726 -0.128357738 0.032309484 -0.073161952 -0.043706115 0.995837927
1311867259.411722 0.008098255 -0.005882716 -0.128304958 0.034843218 -0.073505312 -0.042915799 0.995761633
1311867259.443793 0.008143371 -0.005915157 -0.128303289 0.036414128 -0.073659234 -0.041626275 0.995748818
1311867259.481615 0.008190272 -0.005870183 -0.128425300 0.037327122 -0.072966389 -0.040631626 0.995807111
1311867259.511730 0.008175950 -0.005895170 -0.128321365 0.039539915 -0.073030479 -0.040367171 0.995727777
1311867259.550578 0.008175792 -0.005855086 -0.128300741 0.041950237 -0.073812917 -0.039929979 0.995589018
1311867259.582216 0.008163286 -0.005825420 -0.128314674 0.043937694 -0.073587142 -0.039125554 0.995551944
1311867259.611739 0.008227327 -0.005880757 -0.128284588 0.045462765 -0.072690018 -0.038990643 0.995554626
1311867259.649471 0.008251518 -0.005903393 -0.128297284 0.046327934 -0.073158637 -0.038617022 0.995495021
1311867259.682849 0.012347206 -0.008075323 -0.137228891 0.042460091 -0.074040510 -0.038679127 0.995599866
1311867259.711827 0.012337541 -0.008072611 -0.137239516 0.040708661 -0.073770560 -0.039121728 0.995675802
1311867259.752007 0.012345220 -0.008067509 -0.137233406 0.039890647 -0.072856739 -0.039883796 0.995745897
1311867259.781780 0.012346677 -0.008073845 -0.137237847 0.038913008 -0.073008075 -0.039689671 0.995781302
1311867259.811817 0.012335842 -0.008076879 -0.137250051 0.037466656 -0.073351949 -0.040549602 0.995776892
1311867259.850399 0.012340161 -0.008085502 -0.137244627 0.035296816 -0.073068634 -0.040603694 0.995874763
1311867259.881835 0.012333970 -0.008057289 -0.137258247 0.034302965 -0.071707115 -0.040192936 0.996025085
1311867259.912113 0.012361307 -0.008092696 -0.137239024 0.033935808 -0.072777651 -0.040613882 0.995942950
1311867259.952003 0.012338252 -0.008079391 -0.137289658 0.032506328 -0.072149307 -0.041264113 0.996009588
1311867259.979767 0.012344689 -0.008056996 -0.137251794 0.032289613 -0.070662744 -0.042406332 0.996075273
1311867260.012691 0.012347812 -0.008070871 -0.137259096 0.033265255 -0.070683941 -0.042059649 0.996056378
1311867260.049315 0.012357177 -0.008087312 -0.137256384 0.032664485 -0.070951149 -0.040220939 0.996133208
1311867260.079913 0.012365879 -0.008103447 -0.137287542 0.031469412 -0.070180304 -0.039079811 0.996271729
1311867260.111941 0.012352861 -0.008070518 -0.137291476 0.032070674 -0.068475276 -0.039608326 0.996350288
1311867260.151371 0.012415187 -0.008028047 -0.137404233 0.032316994 -0.068170182 -0.037979387 0.996426702
1311867260.179934 0.012357105 -0.008091701 -0.137261257 0.032867543 -0.067383923 -0.037306268 0.996487558
1311867260.211913 0.012403809 -0.008060817 -0.137351856 0.033008236 -0.067083851 -0.036186054 0.996544480
1311867260.249637 0.012406744 -0.008075397 -0.137316152 0.034220006 -0.066651635 -0.035907879 0.996542633
1311867260.279865 0.012436104 -0.008099997 -0.137320474 0.035515409 -0.067116357 -0.035256278 0.996489346
1311867260.312068 0.012403359 -0.008121410 -0.137329563 0.034820214 -0.065649100 -0.035549004 0.996601284
1311867260.350508 0.012386720 -0.008107250 -0.137312755 0.034655347 -0.064054899 -0.035317108 0.996718943
1311867260.380002 0.012434047 -0.008109415 -0.137351498 0.035111610 -0.064070456 -0.034907266 0.996716499
1311867260.412000 0.012517502 -0.008134859 -0.137398079 0.032958824 -0.064994872 -0.035461824 0.996710539
1311867260.452169 0.012493426 -0.008144140 -0.137355685 0.031643886 -0.064379930 -0.036268912 0.996764004
1311867260.479772 0.012516010 -0.008146867 -0.137371793 0.030495986 -0.064939082 -0.034579188 0.996823549
1311867260.512102 0.012454887 -0.008143544 -0.137343422 0.030912133 -0.063527234 -0.035373043 0.996873856
1311867260.552766 0.012464809 -0.008125160 -0.137381405 0.029038876 -0.062113702 -0.034529340 0.997048914
1311867260.579905 0.012501350 -0.008274398 -0.137414038 0.025527256 -0.062528811 -0.031644642 0.997214735
1311867260.612014 0.015230581 -0.006720498 -0.168439224 0.025229787 -0.055030946 -0.037067767 0.997477353
1311867260.649334 0.015212463 -0.006721679 -0.168465093 0.025082707 -0.055055987 -0.037305497 0.997470856
1311867260.679860 0.015203324 -0.006693741 -0.168467984 0.025507949 -0.053675298 -0.037774205 0.997517645
1311867260.711867 0.015195621 -0.006691342 -0.168449089 0.027292872 -0.052654956 -0.037181154 0.997547090
1311867260.749329 0.015221526 -0.006724927 -0.168466851 0.027457479 -0.053712748 -0.037800740 0.997462869
1311867260.780035 0.015198842 -0.006725287 -0.168456778 0.026652273 -0.054446720 -0.037798703 0.997445047
1311867260.812146 0.015170980 -0.006622525 -0.168507069 0.028041482 -0.055598542 -0.038639136 0.997311175
1311867260.851416 0.015325854 -0.006492425 -0.168752968 0.029293554 -0.055833817 -0.039143648 0.997242332
1311867260.879809 0.015349917 -0.006450431 -0.168777242 0.031562839 -0.055915922 -0.039178610 0.997167110
1311867260.912017 0.015359580 -0.006363580 -0.169171318 0.032743488 -0.055204220 -0.039912220 0.997139633
1311867260.949439 0.015169645 -0.006606351 -0.168566555 0.033156082 -0.055110920 -0.039951429 0.997129560
1311867260.979950 0.015170652 -0.006569403 -0.168559447 0.034220174 -0.055140398 -0.039473388 0.997111022
1311867261.011875 0.015312035 -0.006436254 -0.168900415 0.036143243 -0.055133186 -0.039888445 0.997027040
1311867261.051950 0.015488954 -0.005891436 -0.169845864 0.039030187 -0.055552613 -0.039344806 0.996916533
1311867261.079805 0.015904589 -0.004825126 -0.171932504 0.042246174 -0.056370761 -0.038434237 0.996775031
1311867261.111871 0.015698338 -0.005359579 -0.170708910 0.045375802 -0.055895571 -0.038477931 0.996662557
1311867261.153079 0.015804758 -0.005325438 -0.171002626 0.048397236 -0.056622680 -0.040221862 0.996410489
1311867261.179986 0.015681097 -0.005862916 -0.170153633 0.049573351 -0.057343628 -0.040020067 0.996319532
1311867261.211987 0.015273048 -0.006209973 -0.169119701 0.052739084 -0.057653073 -0.038626522 0.996194184
1311867261.247791 0.014747204 -0.006009768 -0.169334441 0.055739876 -0.056686360 -0.038849890 0.996077597
1311867261.280012 0.017111320 -0.005450252 -0.177038327 0.057688802 -0.058200635 -0.035504084 0.996004105
1311867261.312072 0.017124252 -0.005455778 -0.177040949 0.058892109 -0.057087973 -0.035383843 0.996002376
1311867261.347781 0.017160445 -0.005477472 -0.177021667 0.059065334 -0.057225611 -0.035394251 0.995983839
1311867261.379963 0.017145883 -0.005472021 -0.177068397 0.058605120 -0.056575034 -0.036072887 0.996023834
1311867261.412118 0.017129431 -0.005471415 -0.177064583 0.056631353 -0.055375867 -0.037221570 0.996163130
1311867261.448088 0.017157383 -0.005461079 -0.177066073 0.055583470 -0.055579223 -0.037713300 0.996192336
1311867261.479857 0.017186750 -0.005479578 -0.177077591 0.055488244 -0.055863712 -0.038325828 0.996158302
1311867261.512250 0.017207222 -0.005497420 -0.177080601 0.054934651 -0.056155469 -0.038621102 0.996161282
1311867261.547863 0.017218733 -0.005486878 -0.177101672 0.053706180 -0.055664428 -0.038469635 0.996261656
1311867261.579903 0.017243341 -0.005458504 -0.177085102 0.053360399 -0.055006322 -0.038114190 0.996330440
1311867261.612131 0.017276278 -0.005491966 -0.177119181 0.053311545 -0.054882701 -0.038314689 0.996332169
1311867261.648078 0.017259276 -0.005494980 -0.177110747 0.052700166 -0.054872617 -0.038023565 0.996376395
1311867261.680301 0.017284403 -0.005476058 -0.177093238 0.053929556 -0.054613955 -0.038449254 0.996308506
1311867261.712383 0.017331729 -0.005500493 -0.177104697 0.054822579 -0.053976201 -0.037614010 0.996326387
1311867261.748085 0.017307106 -0.005491923 -0.177111894 0.056133438 -0.053324945 -0.036648184 0.996324480
1311867261.779918 0.017262243 -0.005467523 -0.177139640 0.056712322 -0.052156199 -0.036676791 0.996352553
1311867261.811956 0.017264506 -0.005470508 -0.177144185 0.055866059 -0.051321898 -0.036257774 0.996459007
1311867261.848006 0.017222470 -0.005462608 -0.177121580 0.055870995 -0.050669510 -0.035323448 0.996525645
1311867261.880073 0.017213009 -0.005525233 -0.177154332 0.054303225 -0.051651746 -0.035486840 0.996556044
1311867261.912163 0.017155439 -0.005479339 -0.177186966 0.052654639 -0.050532568 -0.035119127 0.996714950
1311867261.948000 0.017279986 -0.005468988 -0.177148506 0.052145243 -0.051688205 -0.035623014 0.996664584
1311867261.980242 0.017275985 -0.005539958 -0.177198216 0.050230268 -0.051515095 -0.035821903 0.996764779
1311867262.011962 0.017302018 -0.005574159 -0.177214533 0.048364285 -0.051490117 -0.035653934 0.996864319
1311867262.047907 0.017339684 -0.005554033 -0.177199244 0.048005637 -0.052259583 -0.035757262 0.996837914
1311867262.080301 0.017361300 -0.005544133 -0.177217618 0.048033513 -0.052695487 -0.036050670 0.996803105
1311867262.117955 0.017373204 -0.005586189 -0.177280083 0.046926558 -0.053010896 -0.035318956 0.996865273
1311867262.147860 0.017193537 -0.005541332 -0.177268937 0.047071852 -0.050569300 -0.033781968 0.997038543
1311867262.180119 0.017245449 -0.005532281 -0.177225038 0.047033239 -0.051277149 -0.034502223 0.996979594
1311867262.212167 0.017267518 -0.005538721 -0.177237406 0.047248226 -0.051411960 -0.033949479 0.996981382
1311867262.247855 0.017289111 -0.005543292 -0.177247003 0.048487384 -0.051128250 -0.033929057 0.996937215
1311867262.279909 0.017230825 -0.005496562 -0.177260578 0.050107758 -0.048900284 -0.034019247 0.996965766
1311867262.312207 0.017069507 -0.013413789 -0.191908225 0.038880672 -0.050477810 -0.033233739 0.997414589
1311867262.347903 0.017058646 -0.013411370 -0.191927388 0.039723683 -0.050149214 -0.032918319 0.997408390
1311867262.379904 0.017084649 -0.013444799 -0.191988930 0.039659865 -0.049945943 -0.032761455 0.997426331
1311867262.411961 0.017126802 -0.013435589 -0.191974312 0.040048130 -0.049981803 -0.032622371 0.997413576
1311867262.448089 0.017127985 -0.013452432 -0.191968277 0.041167818 -0.050309855 -0.032485750 0.997355938
1311867262.479872 0.017136727 -0.013475075 -0.192001507 0.041846782 -0.049761325 -0.032625247 0.997350633
1311867262.512133 0.017156806 -0.013461160 -0.192081451 0.042975429 -0.047965169 -0.031309776 0.997432768
1311867262.547912 0.017191160 -0.013365142 -0.192126855 0.045603890 -0.046117533 -0.031860564 0.997385800
1311867262.579872 0.017275408 -0.013404809 -0.192238495 0.046147719 -0.046918489 -0.031213300 0.997343957
1311867262.612224 0.017227305 -0.013425626 -0.192202285 0.045740869 -0.046951320 -0.030377144 0.997386873
1311867262.647862 0.017147256 -0.013382194 -0.192083612 0.046076488 -0.045659151 -0.030417528 0.997430205
1311867262.680238 0.017179020 -0.013342678 -0.192101076 0.046394017 -0.045490235 -0.029621771 0.997447133
1311867262.712055 0.017134041 -0.013339487 -0.192096442 0.045754347 -0.046822637 -0.027865767 0.997465670
1311867262.748013 0.017150998 -0.013348056 -0.192092597 0.045753308 -0.047697298 -0.027338017 0.997438848
1311867262.780047 0.017159866 -0.013349054 -0.192127749 0.046418890 -0.047660798 -0.026024308 0.997445047
1311867262.812118 0.017168676 -0.013320126 -0.192158416 0.047636911 -0.046280432 -0.025572140 0.997464240
1311867262.847972 0.017013846 -0.013360480 -0.192347765 0.048509892 -0.044239808 -0.023904890 0.997556090
1311867262.880083 0.017190773 -0.013352104 -0.192288578 0.049403891 -0.043998562 -0.023810895 0.997525215
1311867262.912008 0.017110679 -0.013350535 -0.192104191 0.050562788 -0.042505544 -0.023016516 0.997550488
1311867262.947979 0.017087383 -0.013375383 -0.192510083 0.050522603 -0.042129982 -0.020640679 0.997620463
1311867262.979967 0.017054128 -0.013312248 -0.192438468 0.052485205 -0.040654007 -0.022505384 0.997539997
1311867263.012291 0.017141785 -0.013343433 -0.192061305 0.054965027 -0.040129617 -0.024164593 0.997388899
1311867263.048000 0.017170276 -0.013285068 -0.192199439 0.057175022 -0.040005695 -0.024580479 0.997259438
1311867263.079930 0.017112110 -0.013352946 -0.192139119 0.059399180 -0.039609857 -0.025732595 0.997116208
1311867263.111968 0.038679991 -0.013466455 -0.199427709 0.057525739 -0.057754308 -0.032350391 0.996146977
1311867263.148043 0.038674284 -0.013484606 -0.199420825 0.059057448 -0.058211643 -0.032957006 0.996010780
1311867263.180026 0.038713597 -0.013465156 -0.199464992 0.060838457 -0.058980785 -0.033782657 0.995830715
1311867263.212088 0.038772728 -0.013569959 -0.199521646 0.061016720 -0.060754020 -0.034918457 0.995674014
1311867263.248034 0.038733963 -0.013549129 -0.199560091 0.060916934 -0.061846565 -0.035593625 0.995588899
1311867263.280002 0.038737345 -0.013519054 -0.199548766 0.061575569 -0.062481485 -0.036873668 0.995462179
1311867263.312094 0.038734317 -0.013527903 -0.199547172 0.061975725 -0.063401602 -0.038316369 0.995324612
1311867263.348120 0.038737770 -0.013521291 -0.199577048 0.061691683 -0.064339370 -0.039634891 0.995230496
1311867263.380039 0.038800508 -0.013473748 -0.199598297 0.062422816 -0.064795181 -0.041192383 0.995092094
1311867263.412375 0.038797062 -0.013477996 -0.199584141 0.064097367 -0.065907888 -0.042595509 0.994853437
1311867263.448153 0.038821429 -0.013498443 -0.199607164 0.064474687 -0.066056304 -0.044948481 0.994715750
1311867263.480018 0.038799867 -0.013489932 -0.199561566 0.064693414 -0.066082537 -0.044422965 0.994723380
1311867263.511993 0.038814489 -0.013467208 -0.199603766 0.066072464 -0.066634044 -0.045077924 0.994566441
1311867263.547977 0.038828988 -0.013456240 -0.199638367 0.066365011 -0.066578642 -0.046348039 0.994492292
1311867263.580059 0.038826615 -0.013461603 -0.199642971 0.066505514 -0.066405259 -0.046248034 0.994499087
1311867263.612205 0.038852550 -0.013480820 -0.199627578 0.066827312 -0.066542678 -0.046314910 0.994465232
1311867263.648021 0.038862079 -0.013460129 -0.199637994 0.066776946 -0.067150891 -0.046257753 0.994430423
1311867263.679956 0.038796961 -0.013480243 -0.199622974 0.066646822 -0.066458181 -0.045834735 0.994505286
1311867263.712221 0.038816169 -0.013471961 -0.199610516 0.067238346 -0.066475630 -0.045901645 0.994461179
1311867263.748100 0.038923617 -0.013432637 -0.199739560 0.066952407 -0.067475289 -0.046368062 0.994391501
1311867263.780318 0.038925111 -0.013462663 -0.199772701 0.066403992 -0.068162292 -0.045919780 0.994402289
1311867263.812318 0.038945049 -0.013475019 -0.199742004 0.066074952 -0.069547035 -0.046901543 0.994282484
1311867263.848119 0.038877260 -0.013545868 -0.199712813 0.065618671 -0.069509178 -0.046995863 0.994310856
1311867263.880150 0.038896002 -0.013524248 -0.199734867 0.066015050 -0.069429524 -0.047146603 0.994283080
1311867263.912334 0.038922787 -0.013479816 -0.199793696 0.067298040 -0.069420628 -0.047793575 0.994166791
1311867263.948206 0.038950048 -0.013519484 -0.199829891 0.066923432 -0.069036432 -0.049748879 0.994122922
1311867263.979999 0.038965613 -0.013429779 -0.199931443 0.066617414 -0.068021879 -0.048936058 0.994253755
1311867264.012231 0.038950216 -0.013441404 -0.199785128 0.067004055 -0.068099059 -0.049954228 0.994171798
1311867264.048127 0.038873136 -0.013419579 -0.199796855 0.067257464 -0.067514159 -0.049802482 0.994202256
1311867264.080210 0.038778171 -0.013384162 -0.199790701 0.066280253 -0.066376224 -0.049379051 0.994365573
1311867264.112282 0.038740743 -0.013418036 -0.199686944 0.065947890 -0.066212162 -0.050131124 0.994360983
1311867264.147983 0.038687054 -0.013476152 -0.199756309 0.065512121 -0.065757975 -0.050102718 0.994421363
1311867264.180145 0.038722515 -0.013419479 -0.199733436 0.064449839 -0.066489160 -0.050579935 0.994417965
1311867264.212109 0.038733196 -0.013443192 -0.199683264 0.063630313 -0.066857792 -0.050641030 0.994442940
1311867264.248024 0.038803250 -0.013397720 -0.199767157 0.064455412 -0.068114489 -0.051160526 0.994277894
1311867264.280169 0.038745843 -0.013394748 -0.199717253 0.065219574 -0.068594649 -0.050882764 0.994209290
1311867264.312006 0.038674045 -0.013431695 -0.199696571 0.065500513 -0.068362586 -0.051525053 0.994173825
1311867264.348192 0.038757905 -0.013349893 -0.199699566 0.067589417 -0.070429198 -0.050999314 0.993916750
1311867264.380241 0.039846428 -0.016370472 -0.210607797 0.060878832 -0.070418350 -0.047787566 0.994510591
1311867264.412214 0.039858881 -0.016357154 -0.210624129 0.061167136 -0.071886137 -0.048716519 0.994342864
1311867264.448004 0.039858766 -0.016356474 -0.210632324 0.062578849 -0.073638558 -0.049631327 0.994081497
1311867264.480074 0.039877426 -0.016398143 -0.210636958 0.062306371 -0.075845867 -0.049770068 0.993925691
1311867264.512227 0.039873634 -0.016370654 -0.210675046 0.062811308 -0.077165924 -0.050435700 0.993758738
1311867264.548155 0.039841257 -0.016377592 -0.210660264 0.063834235 -0.078603111 -0.051014058 0.993551373
1311867264.580092 0.039868474 -0.016400341 -0.210680068 0.064389966 -0.080292456 -0.051936302 0.993332624
1311867264.612330 0.039857063 -0.016414406 -0.210735738 0.064832069 -0.081456691 -0.052323043 0.993188798
1311867264.648092 0.039899047 -0.016398305 -0.210750073 0.065724663 -0.082905918 -0.053607073 0.992941678
1311867264.680199 0.039917946 -0.016475167 -0.210763395 0.066098072 -0.084473841 -0.054304048 0.992746830
1311867264.712454 0.039912909 -0.016404040 -0.210749656 0.066784948 -0.085450597 -0.054692842 0.992595911
1311867264.747965 0.039913416 -0.016380828 -0.210770562 0.068040013 -0.086276837 -0.055066895 0.992418528
1311867264.780125 0.039885625 -0.016432088 -0.210788682 0.068015918 -0.087131210 -0.055569258 0.992317557
1311867264.812115 0.039803550 -0.016464589 -0.210768476 0.067514434 -0.087276161 -0.056797799 0.992269456
1311867264.848189 0.039877392 -0.016478574 -0.210733965 0.066703722 -0.087800398 -0.056439709 0.992298484
1311867264.880141 0.039912265 -0.016431356 -0.210766360 0.066622645 -0.088194810 -0.056160431 0.992284775
1311867264.912230 0.039962795 -0.016458740 -0.210785434 0.066443741 -0.088823579 -0.056340627 0.992230475
1311867264.948186 0.039936855 -0.016455520 -0.210765496 0.066339344 -0.088330254 -0.056316979 0.992282867
1311867264.980433 0.039795913 -0.016367124 -0.210847259 0.067334808 -0.086554259 -0.055536322 0.992416322
1311867265.012192 0.039823823 -0.016383527 -0.210841417 0.067212060 -0.086651012 -0.055099104 0.992440522
1311867265.048128 0.039818171 -0.016343938 -0.210798651 0.067608856 -0.086177595 -0.054397356 0.992493570
1311867265.080210 0.039875358 -0.016444178 -0.210786358 0.067271627 -0.085967250 -0.054439738 0.992532372
1311867265.112164 0.039864674 -0.016476277 -0.210781053 0.067335390 -0.085823961 -0.053246900 0.992605150
1311867265.148104 0.039824091 -0.016435221 -0.210762277 0.068362787 -0.085297860 -0.052875374 0.992600143
1311867265.180303 0.039877456 -0.016435487 -0.210774392 0.069003552 -0.084901020 -0.051781807 0.992647469
1311867265.212300 0.039829999 -0.016407987 -0.210784525 0.069914065 -0.083454877 -0.050788999 0.992757678
1311867265.248214 0.039902173 -0.016336776 -0.210755691 0.071534880 -0.082707584 -0.050558008 0.992716551
1311867265.280318 0.039869722 -0.016371766 -0.210745364 0.072765678 -0.081624962 -0.050220929 0.992733836
1311867265.312310 0.039811667 -0.016311286 -0.210741132 0.074116208 -0.080633692 -0.049430575 0.992754579
1311867265.348200 0.039854910 -0.016299967 -0.210758835 0.075941607 -0.079346374 -0.049316660 0.992725968
1311867265.380133 0.039851319 -0.016332353 -0.210781574 0.077425465 -0.078433476 -0.049206223 0.992689431
1311867265.412207 0.039843366 -0.016312785 -0.210780278 0.077918209 -0.078257658 -0.048098810 0.992718995
1311867265.448180 0.039822247 -0.016271362 -0.210734472 0.079702862 -0.077957734 -0.047584709 0.992625713
1311867265.480231 0.039842561 -0.016257595 -0.210762426 0.080664359 -0.078221671 -0.047194015 0.992545903
1311867265.512277 0.039842613 -0.016267084 -0.210739404 0.080483466 -0.078105338 -0.046228182 0.992615223
1311867265.548378 0.039764896 -0.016278526 -0.210809454 0.080348194 -0.077242859 -0.045477021 0.992728353
1311867265.580223 0.039825454 -0.016280841 -0.210742101 0.081534378 -0.077675894 -0.043994315 0.992664635
1311867265.612065 0.039789382 -0.016277758 -0.210821986 0.082401171 -0.076832965 -0.043454401 0.992682457
1311867265.648285 0.039791759 -0.016289491 -0.210822120 0.083476365 -0.076571062 -0.042303197 0.992662609
1311867265.680305 0.039849788 -0.016261205 -0.210831895 0.083432220 -0.076457955 -0.041604117 0.992704630
1311867265.712166 0.039786093 -0.016246125 -0.210821047 0.084035710 -0.075072810 -0.040716041 0.992796242
1311867265.748225 0.039768338 -0.016256912 -0.210827172 0.084145285 -0.075193189 -0.040515486 0.992785990
1311867265.780694 0.039810322 -0.016294906 -0.210787937 0.082937658 -0.075476579 -0.039608769 0.992902696
1311867265.812278 0.039834049 -0.016289007 -0.210854143 0.081697725 -0.075116627 -0.038542449 0.993074715
1311867265.848187 0.039790552 -0.016292980 -0.210798800 0.081447564 -0.074493326 -0.037702899 0.993174493
1311867265.880193 0.039818209 -0.016312113 -0.210818231 0.080192462 -0.074998990 -0.037357152 0.993251622
1311867265.912326 0.039794482 -0.016249217 -0.210882738 0.079346798 -0.074654490 -0.036645290 0.993372023
1311867265.948259 0.039786339 -0.016251162 -0.210834682 0.080163985 -0.073704079 -0.036838423 0.993370235
1311867265.980599 0.039814189 -0.016229942 -0.210856199 0.080976143 -0.074194796 -0.036423910 0.993283153
1311867266.012180 0.039894626 -0.016239518 -0.210857540 0.080854274 -0.075345337 -0.035822500 0.993228316
1311867266.048362 0.039845001 -0.016252348 -0.210817739 0.081218325 -0.074810803 -0.035803296 0.993239701
1311867266.080451 0.039830711 -0.016232178 -0.210865140 0.081546426 -0.075058721 -0.035088342 0.993219614
1311867266.112239 0.039855819 -0.016237412 -0.210870847 0.082270540 -0.076136313 -0.035108611 0.993077159
1311867266.148464 0.039837580 -0.016266325 -0.210792422 0.083128221 -0.076482706 -0.034718119 0.992992818
1311867266.180282 0.039853338 -0.016262067 -0.210908219 0.083105609 -0.075864688 -0.034888439 0.993036151
1311867266.212181 0.039887842 -0.016257489 -0.210864335 0.083922692 -0.076530829 -0.034535658 0.992928624
1311867266.248205 0.039862577 -0.016263233 -0.210791185 0.084687188 -0.076854467 -0.034520205 0.992839336
1311867266.280227 0.039800297 -0.016227329 -0.210846886 0.085626051 -0.076038398 -0.034266628 0.992830396
1311867266.312311 0.039848186 -0.016229793 -0.210860252 0.086730614 -0.076380223 -0.034326393 0.992706180
1311867266.348175 0.039833367 -0.016240949 -0.210860074 0.087719701 -0.076608099 -0.034677867 0.992589533
1311867266.380379 0.039742555 -0.016186299 -0.210920289 0.088818170 -0.076567456 -0.034730107 0.992493153
1311867266.412323 0.039841406 -0.016222652 -0.210848689 0.090161391 -0.077761620 -0.035004281 0.992269516
1311867266.448402 0.039777067 -0.016205683 -0.210868627 0.092109628 -0.077887669 -0.034547776 0.992096663
1311867266.480472 0.039790824 -0.016179919 -0.210899472 0.092930384 -0.078555703 -0.035162926 0.991945863
1311867266.512523 0.039837230 -0.016192570 -0.210849047 0.094597153 -0.079364963 -0.034775741 0.991737485
1311867266.548233 0.039911304 -0.016232278 -0.210829183 0.096301727 -0.080415271 -0.035587974 0.991459966
1311867266.580375 0.039813042 -0.016214946 -0.210853085 0.097922191 -0.079740562 -0.035599146 0.991355360
1311867266.612250 0.039879307 -0.016191773 -0.210861504 0.099242888 -0.080312222 -0.035655279 0.991175830
1311867266.648261 0.039882615 -0.016253809 -0.210857555 0.100432441 -0.080296867 -0.036263242 0.991035163
1311867266.680311 0.039877333 -0.016245285 -0.210850731 0.100523017 -0.079761729 -0.036281630 0.991068542
1311867266.712145 0.039875317 -0.016197935 -0.210873231 0.100829557 -0.079005197 -0.036803942 0.991078794
1311867266.748428 0.039862163 -0.016165961 -0.210901350 0.102316558 -0.078960389 -0.036965508 0.990923882
1311867266.780320 0.039880283 -0.016191924 -0.210904941 0.102201737 -0.079124562 -0.036529984 0.990938783
1311867266.812282 0.039820421 -0.016199559 -0.210894659 0.102184206 -0.077805355 -0.036540296 0.991044700
1311867266.848160 0.039863534 -0.016164232 -0.210859090 0.102948591 -0.077766337 -0.037339337 0.990938842
1311867266.880318 0.039827988 -0.016163869 -0.210851222 0.102518693 -0.077006496 -0.037609451 0.991032541
1311867266.912179 0.039821025 -0.016163221 -0.210830688 0.101375006 -0.076564625 -0.037650239 0.991182864
1311867266.948171 0.039811023 -0.016244259 -0.210777268 0.099804789 -0.076123200 -0.038042426 0.991361201
1311867266.980363 0.039881889 -0.016257757 -0.210825801 0.097007744 -0.076329149 -0.038258698 0.991614699
1311867267.012371 0.039837752 -0.016168104 -0.210925817 0.094244428 -0.075615548 -0.039385092 0.991891682
1311867267.048343 0.039839491 -0.016207321 -0.210864156 0.091519170 -0.075856492 -0.039318141 0.992131114
1311867267.080246 0.039833061 -0.016220449 -0.210881010 0.089090280 -0.074801616 -0.039578419 0.992421925
1311867267.112351 0.039852090 -0.016189132 -0.210878655 0.088982381 -0.075464055 -0.039668500 0.992377818
1311867267.148264 0.039820731 -0.016224293 -0.210877806 0.087586336 -0.075719617 -0.039991673 0.992469549
1311867267.180231 0.039857179 -0.016243115 -0.210843652 0.086876139 -0.076278746 -0.040647581 0.992462575
1311867267.212337 0.039771043 -0.016243750 -0.210825905 0.087381802 -0.075618096 -0.040984564 0.992454827
1311867267.248213 0.039851818 -0.016244730 -0.210811824 0.086213730 -0.076398388 -0.041063704 0.992493987
1311867267.280459 0.039853949 -0.016230479 -0.210877955 0.084671855 -0.075940616 -0.041674074 0.992636383
1311867267.312219 0.039815102 -0.016222212 -0.210838601 0.084669992 -0.074838810 -0.041873142 0.992711842
1311867267.348391 0.039820418 -0.016210783 -0.210890725 0.084397592 -0.074393660 -0.042374648 0.992747247
1311867267.380442 0.039760686 -0.016288210 -0.210923195 0.082486913 -0.073318504 -0.042780273 0.992970347
1311867267.412292 0.039806243 -0.016249400 -0.210855708 0.081815027 -0.072763920 -0.042764891 0.993067443
1311867267.448184 0.039866723 -0.016248552 -0.210836858 0.081907623 -0.072318502 -0.042513717 0.993103147
1311867267.480293 0.039766181 -0.016279554 -0.210916221 0.081192844 -0.071028531 -0.042314734 0.993263423
1311867267.512328 0.039850604 -0.016283128 -0.210801855 0.080839902 -0.071530581 -0.041985102 0.993270099
1311867267.548255 0.039871830 -0.016256420 -0.210831359 0.079171531 -0.070407569 -0.041888338 0.993488848
1311867267.580291 0.039786886 -0.016227240 -0.210850701 0.078879014 -0.068372183 -0.041774865 0.993659019
1311867267.612361 0.039855752 -0.016271824 -0.210857198 0.077551790 -0.068866700 -0.041318454 0.993748426
1311867267.648438 0.039728437 -0.016236620 -0.210899696 0.075835474 -0.067712232 -0.041589070 0.993948877
1311867267.680321 0.039790370 -0.016258143 -0.210788950 0.076184928 -0.067753039 -0.041731704 0.993913412
1311867267.712540 0.039840452 -0.016293172 -0.210797206 0.075435512 -0.067851983 -0.041999426 0.993952572
1311867267.748385 0.039776765 -0.016265810 -0.210785672 0.074898064 -0.067464985 -0.042016830 0.994018793
1311867267.780391 0.039791822 -0.016243145 -0.210825369 0.075454541 -0.067817502 -0.041461080 0.993976057
1311867267.812725 0.039825294 -0.016289711 -0.210792974 0.075671665 -0.068188034 -0.041771214 0.993921220
1311867267.848368 0.039813139 -0.016268512 -0.210852668 0.074380822 -0.068040445 -0.041785568 0.994028211
1311867267.883594 0.039697941 -0.016278325 -0.210827082 0.073175348 -0.067238845 -0.041828476 0.994170368
1311867267.912736 0.039669309 -0.016288841 -0.210899889 0.073309310 -0.067258000 -0.041579351 0.994169652
1311867267.948451 0.039678160 -0.016346855 -0.210889414 0.073021673 -0.067756735 -0.041940790 0.994141757
1311867267.980316 0.039666731 -0.016282802 -0.210932642 0.072550982 -0.067847796 -0.041736048 0.994178653
1311867268.012300 0.039708707 -0.016295683 -0.210864812 0.072706237 -0.068484955 -0.041664187 0.994126618
1311867268.048405 0.039727811 -0.016319506 -0.210910589 0.073171139 -0.068326458 -0.042008881 0.994088948
1311867268.080313 0.039689925 -0.016274167 -0.210859790 0.072810180 -0.068071447 -0.041615378 0.994149446
1311867268.112446 0.039654769 -0.016269336 -0.210819364 0.072553463 -0.067372568 -0.041826759 0.994206965
1311867268.148507 0.039686043 -0.016252637 -0.210856155 0.072582468 -0.066415593 -0.041834850 0.994268894
1311867268.180509 0.039706055 -0.016283922 -0.210854799 0.071758896 -0.066489011 -0.041786615 0.994325817
1311867268.212453 0.039732609 -0.016270382 -0.210836008 0.070352696 -0.066338062 -0.041563950 0.994445682
1311867268.248305 0.039799631 -0.016293759 -0.210771337 0.070008732 -0.065906286 -0.042016357 0.994479656
1311867268.280500 0.039744217 -0.016311707 -0.210798964 0.069395445 -0.065295607 -0.041460883 0.994586229
1311867268.312510 0.039814226 -0.016318915 -0.210719183 0.068469994 -0.065534391 -0.041816555 0.994619787
1311867268.348270 0.039806932 -0.016250761 -0.210724339 0.069198325 -0.065463655 -0.042189971 0.994558275
1311867268.380493 0.039802261 -0.016308187 -0.210682929 0.068943515 -0.065537333 -0.041814961 0.994586945
1311867268.412369 0.039871454 -0.016259741 -0.210716635 0.068253249 -0.065833874 -0.041348953 0.994634449
1311867268.448606 0.039864633 -0.016216643 -0.210736394 0.068142988 -0.065965757 -0.041677117 0.994619548
1311867268.480858 0.039901312 -0.016293457 -0.210645899 0.067330346 -0.066519760 -0.041594312 0.994641483
1311867268.512523 0.039875094 -0.016262095 -0.210670143 0.066565223 -0.066059783 -0.041660625 0.994720876
1311867268.548506 0.039938089 -0.016258661 -0.210626364 0.066691965 -0.065995358 -0.042258427 0.994691432
1311867268.580494 0.039976418 -0.016328586 -0.210589632 0.065822661 -0.066113696 -0.042457115 0.994733036
1311867268.616531 0.039901074 -0.016247401 -0.210664362 0.065502591 -0.065058365 -0.042622082 0.994816661
1311867268.648346 0.040009830 -0.016269699 -0.210603386 0.065468192 -0.066075191 -0.042279907 0.994766533
1311867268.680446 0.040047612 -0.016249619 -0.210593671 0.065344334 -0.066710874 -0.041759573 0.994754195
1311867268.716434 0.040080421 -0.016183931 -0.210641980 0.065367274 -0.066938713 -0.041607376 0.994743764
1311867268.748466 0.040217150 -0.016076384 -0.210643023 0.066228516 -0.067273073 -0.041111410 0.994684875
1311867268.780581 0.040149532 -0.016105015 -0.210655093 0.065955117 -0.066245906 -0.040873818 0.994781792
1311867268.816596 0.040201288 -0.016122412 -0.210565120 0.065451406 -0.065903470 -0.040954772 0.994834423
1311867268.848629 0.040283650 -0.016040530 -0.210571170 0.065951630 -0.066715412 -0.041061413 0.994742870
1311867268.880642 0.040220574 -0.016117947 -0.210647210 0.065217957 -0.066074193 -0.040647145 0.994851053
1311867268.916457 0.040292118 -0.016018564 -0.210760400 0.063583218 -0.066284068 -0.040389914 0.994953394
1311867268.948366 0.040117174 -0.016116237 -0.210599735 0.062825859 -0.065520823 -0.039596718 0.995083988
1311867268.980529 0.040124454 -0.016135817 -0.210528135 0.061967984 -0.065052554 -0.040125486 0.995147288
1311867269.016581 0.040199619 -0.015960284 -0.210614994 0.061198398 -0.064786807 -0.039864890 0.995222688
1311867269.048325 0.040119335 -0.016030066 -0.210453942 0.061095364 -0.064959042 -0.039104588 0.995248020
1311867269.082135 0.040125098 -0.016079877 -0.210544795 0.060375914 -0.064506464 -0.038610637 0.995340645
1311867269.116536 0.040034216 -0.016123865 -0.210442707 0.060518235 -0.063631698 -0.039031237 0.995371878
1311867269.148627 0.040078472 -0.015939577 -0.210445344 0.060176857 -0.063908018 -0.037494898 0.995433927
1311867269.180463 0.040111989 -0.016070921 -0.210591942 0.058856416 -0.063980617 -0.036891859 0.995530725
1311867269.216287 0.040246960 -0.015886687 -0.210666597 0.058596183 -0.064105116 -0.037592288 0.995511889
1311867269.248318 0.040129174 -0.016064253 -0.210470885 0.057492994 -0.063658074 -0.038233712 0.995580435
1311867269.280464 0.040207535 -0.016017584 -0.210597500 0.057084724 -0.063947603 -0.038084082 0.995591104
1311867269.316373 0.040187731 -0.016054044 -0.210447311 0.056152776 -0.063671038 -0.038818169 0.995633483
1311867269.348345 0.040278047 -0.016070228 -0.210236803 0.055354528 -0.063708067 -0.039184757 0.995661497
1311867269.380431 0.040401183 -0.015888138 -0.209818751 0.054096073 -0.064410359 -0.039647415 0.995667100
1311867269.416552 0.040374830 -0.016037934 -0.209473282 0.052095026 -0.065365210 -0.038759906 0.995746553
1311867269.448314 0.040423438 -0.015967332 -0.209781349 0.050276145 -0.065442279 -0.038114347 0.995859861
1311867269.480591 0.040523510 -0.015821137 -0.210570768 0.048418071 -0.064621411 -0.037434474 0.996031404
1311867269.516521 0.040562220 -0.016023383 -0.210156143 0.045391198 -0.064408369 -0.037449438 0.996187091
1311867269.548348 0.040853925 -0.013090169 -0.202581346 0.047808610 -0.066000819 -0.043379452 0.995729148
1311867269.580494 0.040418684 -0.016015258 -0.210069284 0.041447680 -0.064417489 -0.037958156 0.996339202
1311867269.616429 0.040449809 -0.015840987 -0.210327670 0.040304244 -0.063284881 -0.036951385 0.996496499
1311867269.648449 0.040572383 -0.015794089 -0.210626364 0.039833795 -0.063336045 -0.037892740 0.996476769
1311867269.680483 0.040419802 -0.015879966 -0.210560977 0.037511013 -0.063471109 -0.037569117 0.996570587
1311867269.716488 0.041014463 -0.012904102 -0.202559009 0.040102948 -0.065826006 -0.044127952 0.996047914
1311867269.748333 0.040901762 -0.012879553 -0.202513739 0.039826233 -0.065470263 -0.044001281 0.996088088
1311867269.780366 0.040869970 -0.012993012 -0.202290744 0.038902987 -0.066195235 -0.044132788 0.996070802
1311867269.816455 0.040993501 -0.012780108 -0.202551022 0.038054697 -0.066475451 -0.044579554 0.996065080
1311867269.848489 0.040576991 -0.012895392 -0.201671749 0.037185207 -0.065959685 -0.044148494 0.996151447
1311867269.880365 0.041499056 -0.012112367 -0.203692138 0.037603397 -0.066650443 -0.045168977 0.996043980
1311867269.916502 0.040926691 -0.012825595 -0.202330649 0.036624070 -0.065897018 -0.045832414 0.996100247
1311867269.948447 0.040845521 -0.012808026 -0.202410758 0.035957791 -0.064858660 -0.044293132 0.996262312
1311867269.980791 0.040579237 -0.012949000 -0.201481372 0.035626378 -0.064383157 -0.045233738 0.996262789
1311867270.016606 0.040808167 -0.012809678 -0.201812312 0.035494931 -0.064088263 -0.044693492 0.996310890
1311867270.048449 0.040744212 -0.012830382 -0.202116132 0.035587847 -0.062836640 -0.043085054 0.996458173
1311867270.080609 0.040857017 -0.013224210 -0.201452687 0.035026152 -0.062611222 -0.045272358 0.996395290
1311867270.116645 0.040663049 -0.012754763 -0.201063007 0.034509946 -0.061468389 -0.045876302 0.996456742
1311867270.148642 0.041263837 -0.012707772 -0.199263379 0.033907689 -0.062334809 -0.048376128 0.996305406
1311867270.180528 0.040342651 -0.013450947 -0.198418662 0.031700198 -0.059674870 -0.048776362 0.996521473
1311867270.216437 0.040776182 -0.013861463 -0.197900608 0.029918546 -0.060738441 -0.050209921 0.996441007
1311867270.248393 0.039966080 -0.013494756 -0.197080687 0.029609848 -0.060489941 -0.047362030 0.996604800
1311867270.280555 0.040362597 -0.013417935 -0.197601303 0.029672129 -0.060891584 -0.048479371 0.996524751
1311867270.316658 0.040412229 -0.012905979 -0.198227763 0.029303171 -0.060067706 -0.046205983 0.996693730
1311867270.348361 0.040482253 -0.012901409 -0.198295906 0.028379267 -0.059814040 -0.047330402 0.996682942
1311867270.380591 0.040810987 -0.012370898 -0.197906911 0.029692903 -0.059570517 -0.047528140 0.996649802
1311867270.416411 0.040678732 -0.012710031 -0.197460115 0.028701337 -0.060296610 -0.047136128 0.996653795
1311867270.448370 0.040933400 -0.012538095 -0.197964638 0.027472017 -0.060593713 -0.047857042 0.996636033
1311867270.480611 0.040907040 -0.012158247 -0.198327765 0.027266577 -0.060196538 -0.047491610 0.996683300
1311867270.516588 0.040718999 -0.011877820 -0.198227003 0.027257223 -0.060054354 -0.045123864 0.996802151
1311867270.548435 0.040209498 -0.012929385 -0.197297886 0.025808550 -0.060797088 -0.047101934 0.996704161
1311867270.580811 0.041719031 -0.005677828 -0.196755752 0.032646187 -0.058576267 -0.046106979 0.996683121
1311867270.616443 0.041721933 -0.005702823 -0.196713656 0.032704130 -0.059129212 -0.046377283 0.996635973
1311867270.648558 0.041725907 -0.005689212 -0.196770117 0.032468904 -0.059134748 -0.046459850 0.996639609
1311867270.680625 0.041738752 -0.005695677 -0.196620524 0.032548174 -0.058662254 -0.046278451 0.996673346
1311867270.716482 0.041708834 -0.005674272 -0.196635947 0.032546591 -0.058210514 -0.046530582 0.996688128
1311867270.748564 0.041678406 -0.005683256 -0.196647137 0.031868633 -0.058051404 -0.046805352 0.996706486
1311867270.780573 0.041751683 -0.005653865 -0.196572185 0.031281076 -0.058319226 -0.046981905 0.996701121
1311867270.816524 0.041790202 -0.005629576 -0.196616143 0.031378444 -0.058268614 -0.047382697 0.996681988
1311867270.848467 0.041659370 -0.005714593 -0.196544498 0.030246759 -0.057858851 -0.046683386 0.996773899
1311867270.880574 0.041678920 -0.005645487 -0.196477532 0.029351067 -0.057962663 -0.046807032 0.996788859
1311867270.916494 0.041690767 -0.005646992 -0.196551442 0.029695343 -0.057554595 -0.047850888 0.996752739
1311867270.948425 0.041556243 -0.005676326 -0.196532190 0.028503269 -0.056563333 -0.048213854 0.996826828
1311867270.980570 0.041543119 -0.005660127 -0.196395651 0.025604635 -0.056653421 -0.047103513 0.996953428
1311867271.016615 0.041590236 -0.005598985 -0.196311757 0.026065616 -0.057593498 -0.046490487 0.996916354
1311867271.048583 0.041705299 -0.005632386 -0.196339950 0.025811352 -0.058876019 -0.047839005 0.996784329
1311867271.080591 0.041636962 -0.005569222 -0.196366742 0.025063060 -0.058749843 -0.047589924 0.996822774
1311867271.116562 0.041560993 -0.005632335 -0.196171686 0.025834695 -0.057853185 -0.047094192 0.996879041
1311867271.152897 0.041520059 -0.005532573 -0.196372569 0.026619896 -0.056830343 -0.046696745 0.996935904
1311867271.180582 0.041512277 -0.005556151 -0.196328714 0.026477158 -0.056471616 -0.046173826 0.996984422
1311867271.216570 0.041652840 -0.005606873 -0.196032360 0.026833957 -0.056702454 -0.047780380 0.996886075
1311867271.248477 0.041565284 -0.005595526 -0.196079031 0.027928872 -0.055898346 -0.047079038 0.996934772
1311867271.280629 0.041563798 -0.005695869 -0.196051463 0.026268946 -0.055545785 -0.046295568 0.997036278
1311867271.316655 0.041575044 -0.005533392 -0.196089983 0.026965408 -0.055343252 -0.047193196 0.996986926
1311867271.348780 0.041463785 -0.005556741 -0.196119443 0.027596494 -0.056892384 -0.045749020 0.996949732
1311867271.380667 0.041453447 -0.005373767 -0.196306095 0.027765373 -0.057635821 -0.046054523 0.996888280
1311867271.416663 0.041581970 -0.005414611 -0.195961431 0.029220454 -0.058239147 -0.047041524 0.996765554
1311867271.448701 0.041392807 -0.005526070 -0.196151108 0.028927475 -0.058984414 -0.044546176 0.996844888
1311867271.480623 0.041336529 -0.005459843 -0.196229309 0.030371176 -0.059731189 -0.043193720 0.996816993
1311867271.516531 0.032512665 -0.004343008 -0.190865770 0.034344193 -0.054690037 -0.041495916 0.997049451
1311867271.548770 0.032461077 -0.004261261 -0.190800771 0.035683621 -0.054293361 -0.041153435 0.997038305
1311867271.580572 0.032503374 -0.004324338 -0.190703303 0.036702320 -0.055092189 -0.041237459 0.996954024
1311867271.616650 0.032455664 -0.004251105 -0.190733224 0.036663670 -0.055630278 -0.040808886 0.996943176
1311867271.648669 0.032416534 -0.004230067 -0.190695778 0.036523264 -0.055757400 -0.041045703 0.996931553
1311867271.680718 0.032460988 -0.004359966 -0.190505654 0.035528209 -0.056154042 -0.041459970 0.996928096
1311867271.716588 0.033066571 -0.005503444 -0.187822133 0.033585824 -0.057305966 -0.041682296 0.996920645
1311867271.749245 0.031388387 -0.003936120 -0.186745554 0.035570949 -0.056713741 -0.040998008 0.996914029
1311867271.780613 0.030194143 -0.005062447 -0.184577346 0.034594838 -0.057340480 -0.041735295 0.996881902
1311867271.816503 0.030332796 -0.004731388 -0.184231162 0.034360573 -0.059053872 -0.042176347 0.996771395
1311867271.848511 0.029033992 -0.004996825 -0.183164656 0.034622557 -0.058877192 -0.042373877 0.996764421
1311867271.880653 0.028916840 -0.004621020 -0.182734385 0.035768431 -0.060230233 -0.042166572 0.996651888
1311867271.916677 0.028857460 -0.005529286 -0.181898534 0.035395093 -0.060792070 -0.042821210 0.996603191
1311867271.948723 0.027124897 -0.006613531 -0.180587947 0.033104677 -0.059262227 -0.041311026 0.996837795
1311867271.980726 0.026437480 -0.006715734 -0.179861128 0.032589816 -0.058793515 -0.041394174 0.996879041
1311867272.016678 0.027084468 -0.006677879 -0.178656191 0.031530548 -0.061197359 -0.042233516 0.996733189
1311867272.048486 0.026442349 -0.005219530 -0.178279459 0.031026985 -0.060898986 -0.040959459 0.996820509
1311867272.080587 0.026482433 -0.006131571 -0.174522907 0.030519154 -0.060472388 -0.042884588 0.996781111
1311867272.116570 0.023675481 0.001362447 -0.176735476 0.036018159 -0.056764226 -0.042908590 0.996814609
1311867272.148719 0.023680199 0.001397018 -0.176720843 0.035982486 -0.056686066 -0.042766288 0.996826470
1311867272.180820 0.023627583 0.001382025 -0.176682442 0.036194939 -0.056187812 -0.042554270 0.996856034
1311867272.216614 0.023597054 0.001431080 -0.176662236 0.037225217 -0.055388432 -0.042443879 0.996867597
1311867272.248840 0.023605410 0.001417114 -0.176663578 0.038211696 -0.054826457 -0.043377843 0.996821105
1311867272.280675 0.023581192 0.001423385 -0.176634550 0.037700385 -0.054646056 -0.042816848 0.996874750
1311867272.316580 0.023470968 0.001458170 -0.176631868 0.037847552 -0.054019287 -0.043354318 0.996880114
1311867272.348617 0.023498414 0.001464976 -0.176619425 0.038245909 -0.054232199 -0.044198811 0.996816278
1311867272.380604 0.023536481 0.001512180 -0.176587194 0.038064659 -0.054921161 -0.044242971 0.996783495
1311867272.416575 0.023538839 0.001472644 -0.176569074 0.037854750 -0.056468878 -0.044932306 0.996674180
1311867272.448579 0.023438560 0.001499130 -0.176563442 0.038137596 -0.056226254 -0.045601882 0.996646702
1311867272.481087 0.023304332 0.001557019 -0.176517218 0.038071308 -0.056453340 -0.043773998 0.996718347
1311867272.516777 0.019863335 0.006407478 -0.168606028 0.044695325 -0.056044683 -0.048937116 0.996226132
1311867272.548588 0.019849759 0.006424674 -0.168604001 0.044910412 -0.056628324 -0.049209826 0.996170044
1311867272.580582 0.019821940 0.006406025 -0.168605477 0.044141412 -0.056814335 -0.048740897 0.996216893
1311867272.616652 0.019796375 0.006432415 -0.168553725 0.044162545 -0.056798618 -0.049717583 0.996168554
1311867272.648589 0.019813325 0.006449865 -0.168566510 0.044236720 -0.056987211 -0.050977662 0.996090829
1311867272.680692 0.019756991 0.006377049 -0.168490499 0.043165781 -0.057247944 -0.052581359 0.996039510
1311867272.716489 0.019832529 0.006416786 -0.168512851 0.042894870 -0.057932440 -0.053510584 0.995962143
1311867272.748655 0.019671110 0.006130765 -0.167935684 0.043519128 -0.057601921 -0.055047631 0.995870411
1311867272.780656 0.018600710 0.004452074 -0.164252058 0.043000270 -0.056867920 -0.053906508 0.995997548
1311867272.816623 0.017705411 0.003288512 -0.161472589 0.042864095 -0.056622427 -0.052950542 0.996068776
1311867272.848505 0.016389972 0.002957765 -0.160581499 0.042727966 -0.056082368 -0.053106479 0.996096790
1311867272.880537 0.015965879 0.002401481 -0.159865737 0.042159997 -0.056670692 -0.052681524 0.996110260
1311867272.916603 0.014800017 0.002527481 -0.159358576 0.042457622 -0.055489916 -0.053285241 0.996132016
1311867272.948743 0.014978898 0.003320582 -0.160502166 0.044425137 -0.054498728 -0.053352483 0.996097267
1311867272.980676 0.014222799 0.003055979 -0.159643933 0.044770978 -0.054890297 -0.053670671 0.996043205
1311867273.016608 0.014444895 0.002630848 -0.159044489 0.044581141 -0.054608855 -0.051335879 0.996190310
1311867273.048578 0.015622452 0.005941675 -0.157510877 0.048584308 -0.055662580 -0.050966535 0.995963693
1311867273.080754 0.015602677 0.005917905 -0.157489508 0.049168129 -0.055574361 -0.051046949 0.995935917
1311867273.116731 0.015610006 0.005912588 -0.157522202 0.048689198 -0.055506915 -0.050735861 0.995979071
1311867273.148641 0.015602726 0.005930991 -0.157525107 0.048200149 -0.056386143 -0.051162004 0.995931625
1311867273.180697 0.015582695 0.005940430 -0.157510579 0.047826748 -0.057906467 -0.051913381 0.995823562
1311867273.216838 0.015581028 0.005923726 -0.157504350 0.047349349 -0.058734357 -0.052714806 0.995755732
1311867273.248544 0.015575212 0.005931518 -0.157493979 0.048068628 -0.059290983 -0.052983522 0.995674074
1311867273.280714 0.015570135 0.005932591 -0.157481268 0.048664961 -0.060829047 -0.052750375 0.995564699
1311867273.316838 0.015556857 0.005930527 -0.157515988 0.047876585 -0.061204068 -0.053993665 0.995513260
1311867273.348732 0.015529780 0.005941261 -0.157497689 0.047651161 -0.060889952 -0.053398777 0.995575428
1311867273.380697 0.015529065 0.005946581 -0.157524556 0.047775578 -0.060471870 -0.053194575 0.995605886
1311867273.416830 0.015530580 0.005949062 -0.157526448 0.047100376 -0.059755381 -0.053594977 0.995659828
1311867273.448644 0.015505087 0.005916760 -0.157506168 0.044939391 -0.058426887 -0.053695060 0.995833218
1311867273.480769 0.015496847 0.005901637 -0.157508850 0.043622546 -0.056870129 -0.053251892 0.996005595
1311867273.516690 0.015445121 0.005901420 -0.157489777 0.042429417 -0.054739568 -0.053276990 0.996175170
1311867273.548807 0.012477346 0.006954326 -0.153162345 0.040512074 -0.051602926 -0.051485728 0.996516526
1311867273.580631 0.012338153 0.006838263 -0.152885586 0.038909987 -0.049276344 -0.050389856 0.996754110
1311867273.616742 0.012280636 0.006911139 -0.152860716 0.039632473 -0.046391852 -0.049974870 0.996885002
1311867273.648674 0.012363501 0.007024628 -0.153105810 0.039681830 -0.044623751 -0.048140801 0.997053981
1311867273.680974 0.012347217 0.006990106 -0.153125316 0.038445111 -0.043380164 -0.045854926 0.997265041
1311867273.716707 0.012425144 0.007078258 -0.153143272 0.038368836 -0.042318258 -0.046630442 0.997277617
1311867273.748711 0.012124729 0.006808541 -0.152654082 0.035820290 -0.041061085 -0.044255245 0.997533143
1311867273.780735 0.011707162 0.006740270 -0.152154893 0.033266868 -0.038530625 -0.043049447 0.997775316
1311867273.816639 0.010644921 0.006095700 -0.150512382 0.031316485 -0.036451649 -0.043807227 0.997883558
1311867273.849123 0.009203910 0.004680365 -0.147158444 0.029928911 -0.034551974 -0.043922413 0.997988641
1311867273.880737 0.009126681 0.004419756 -0.146108523 0.030037703 -0.033301950 -0.044873498 0.997985601
1311867273.916618 0.008897485 0.003333597 -0.144775108 0.028839758 -0.032834698 -0.046218976 0.997974932
1311867273.949213 0.008684995 0.003670772 -0.144924372 0.028543603 -0.032205362 -0.045274861 0.998047233
1311867273.980666 0.007339859 0.003644926 -0.142283693 0.028416185 -0.031783201 -0.048469629 0.997914374
1311867274.016822 0.005606029 0.002496457 -0.139033124 0.027769258 -0.033059999 -0.049638338 0.997833669
1311867274.048756 0.004392753 0.000756957 -0.136136696 0.024785988 -0.033564948 -0.051056720 0.997823834
1311867274.080678 0.003606311 0.000975862 -0.134372547 0.024748748 -0.034563355 -0.050547991 0.997816503
1311867274.116619 0.002019273 -0.000554601 -0.131067187 0.023010034 -0.035384268 -0.052532222 0.997726858
1311867274.149224 0.003170131 0.004515329 -0.129232645 0.025784701 -0.037294757 -0.053055767 0.997561693
1311867274.180919 0.003151001 0.004535208 -0.129183203 0.025676541 -0.037785091 -0.053635746 0.997515082
1311867274.216954 0.003121062 0.004525524 -0.129009202 0.026809596 -0.038567036 -0.054643378 0.997400641
1311867274.248965 0.003367340 0.004766345 -0.129303992 0.028998846 -0.039517611 -0.055803478 0.997237921
1311867274.280784 0.003116858 0.004547170 -0.129114449 0.028245205 -0.038909752 -0.055155247 0.997319460
1311867274.317121 0.003125002 0.004569417 -0.129141197 0.028187692 -0.039616279 -0.054866377 0.997309268
1311867274.348830 0.003090222 0.004507025 -0.129047766 0.029437855 -0.039503299 -0.056175139 0.997204781
1311867274.380862 0.003065214 0.004561679 -0.129075885 0.030367659 -0.038783915 -0.055760011 0.997228384
1311867274.416837 0.003125079 0.004551401 -0.128931701 0.031623077 -0.039137129 -0.055692326 0.997179389
1311867274.448780 0.003173968 0.004594046 -0.129100055 0.032375686 -0.039691962 -0.054711066 0.997187555
1311867274.480661 0.001564940 0.012894910 -0.127039596 0.043229111 -0.036841810 -0.055035777 0.996867597
1311867274.516798 0.001559352 0.012926456 -0.126982212 0.044639152 -0.036660139 -0.054246031 0.996855438
1311867274.548944 0.001639505 0.013035399 -0.127136543 0.046794638 -0.036716145 -0.054996103 0.996713400
1311867274.580883 0.002429505 0.013127534 -0.124342024 0.049132705 -0.037961897 -0.055552967 0.996523321
1311867274.616863 0.002421604 0.013171334 -0.124326408 0.050731286 -0.037848424 -0.055048387 0.996475577
1311867274.649010 0.002416756 0.013206660 -0.124262415 0.052788448 -0.036787301 -0.054452766 0.996441185
1311867274.680804 0.004172546 0.015550609 -0.121940911 0.056903198 -0.037267707 -0.054634918 0.996186793
1311867274.716711 0.004162278 0.015558691 -0.121959046 0.057693053 -0.036625125 -0.054018896 0.996198833
1311867274.748763 0.004189121 0.015535852 -0.121878691 0.059163503 -0.036991835 -0.052940574 0.996156931
1311867274.780646 0.002473191 0.017472528 -0.121794872 0.062362645 -0.035971001 -0.052923642 0.996000051
1311867274.816702 0.002460851 0.017464709 -0.121764861 0.063074134 -0.035837173 -0.052665729 0.995973766
1311867274.848794 0.002491898 0.017496806 -0.121799633 0.064651772 -0.035622496 -0.053190686 0.995852351
1311867274.880821 0.005894456 0.020550333 -0.119929537 0.068820864 -0.038515791 -0.053670850 0.995439470
1311867274.916628 0.005881600 0.020541376 -0.119908214 0.069393538 -0.039227519 -0.053056989 0.995404840
1311867274.948646 0.005882764 0.020533593 -0.119898804 0.068640895 -0.039817281 -0.053140346 0.995429099
1311867274.980903 0.005890328 0.020549603 -0.119917914 0.069573760 -0.038874701 -0.053574342 0.995378435
1311867275.016675 0.006036077 0.020906879 -0.119452566 0.071581639 -0.038908616 -0.053365164 0.995245874
1311867275.048721 0.006044568 0.020911869 -0.119463779 0.071332529 -0.039966740 -0.053722076 0.995202661
1311867275.080754 0.006027393 0.020902485 -0.119435161 0.071308888 -0.039846078 -0.053628966 0.995214224
1311867275.116833 0.006022758 0.020903200 -0.119434878 0.071996212 -0.038633138 -0.053533863 0.995217681
1311867275.148689 0.005614376 0.021818496 -0.118887544 0.074584879 -0.038868688 -0.052854292 0.995054185
1311867275.180701 0.005604038 0.021806939 -0.118871547 0.074640028 -0.039158475 -0.052825101 0.995040238
1311867275.216737 0.005617381 0.021833019 -0.118909419 0.074829407 -0.038753044 -0.053177450 0.995023131
1311867275.248735 0.006246547 0.021646682 -0.119166918 0.074993894 -0.039235704 -0.054497566 0.994920373
1311867275.280811 0.006228233 0.021628754 -0.119139239 0.073983386 -0.037724104 -0.054797571 0.995037973
1311867275.316666 0.006252105 0.021643961 -0.119125590 0.072734922 -0.036875166 -0.055438887 0.995126367
1311867275.348709 0.007447268 0.020543089 -0.116181649 0.071208909 -0.038710818 -0.056563973 0.995103657
1311867275.381040 0.007429439 0.020523582 -0.116152368 0.069862857 -0.038478300 -0.056466989 0.995213628
1311867275.416695 0.007448796 0.020554468 -0.116200894 0.067831345 -0.037780244 -0.056116316 0.995400667
1311867275.448851 0.008451445 0.024161873 -0.113443717 0.071645267 -0.038319979 -0.056304429 0.995102227
1311867275.480860 0.008468660 0.024156813 -0.113429472 0.070640706 -0.038633227 -0.056715216 0.995138586
1311867275.516817 0.008460212 0.024136573 -0.113411240 0.069007449 -0.038524069 -0.056560587 0.995266259
1311867275.548814 0.008358837 0.024100188 -0.113190114 0.068399064 -0.037624359 -0.056053568 0.995371282
1311867275.580874 0.008398575 0.024268111 -0.112765133 0.068670139 -0.037969675 -0.056177668 0.995332479
1311867275.616794 0.008610441 0.022983158 -0.110047221 0.066770583 -0.038637362 -0.057288822 0.995372713
1311867275.648733 0.008512844 0.023058156 -0.109674722 0.067141294 -0.039115705 -0.056636088 0.995366454
1311867275.680883 0.008669706 0.023018571 -0.109868661 0.067561969 -0.039400604 -0.056810427 0.995316803
1311867275.716827 0.008592103 0.023041192 -0.109818600 0.068106756 -0.039959170 -0.056449059 0.995278001
1311867275.749216 0.008575749 0.022894025 -0.109695368 0.068143226 -0.040292170 -0.056927700 0.995234787
1311867275.780810 0.008894667 0.023424687 -0.109231889 0.068774402 -0.040446404 -0.057707638 0.995140195
1311867275.816772 0.008902832 0.023408594 -0.109214664 0.068699710 -0.040630978 -0.057602745 0.995143890
1311867275.848840 0.008905631 0.023402942 -0.109208092 0.067612007 -0.040866051 -0.057406832 0.995220125
1311867275.880760 0.008919637 0.023362882 -0.109165773 0.066623822 -0.041903026 -0.057781909 0.995221972
1311867275.917061 0.008836393 0.023443822 -0.109144546 0.067112178 -0.041788433 -0.057324503 0.995220423
1311867275.948821 0.008835590 0.023388108 -0.109139964 0.066441029 -0.041146483 -0.057289321 0.995294213
1311867275.980896 0.008404210 0.025690332 -0.106120132 0.067691848 -0.042203542 -0.056500927 0.995210707
1311867276.016817 0.008394950 0.025679199 -0.106099851 0.067061096 -0.042850051 -0.056408472 0.995231032
1311867276.048985 0.008395292 0.025682366 -0.106103294 0.067185469 -0.042810969 -0.056653161 0.995210469
1311867276.081061 0.008456343 0.025578456 -0.105963215 0.065767512 -0.042748917 -0.056600146 0.995310783
1311867276.117046 0.008545590 0.025585590 -0.105619356 0.065967768 -0.043068193 -0.057481464 0.995233297
1311867276.148911 0.008787194 0.025656808 -0.105538495 0.066593781 -0.043470643 -0.059042297 0.995082676
1311867276.180826 0.008780270 0.025581824 -0.105561510 0.066717587 -0.043601613 -0.058072533 0.995125771
1311867276.216827 0.008950774 0.025602909 -0.105538435 0.065940805 -0.044126879 -0.057764690 0.995172322
1311867276.248954 0.009019173 0.025809346 -0.105685346 0.065679587 -0.044240650 -0.055205129 0.995329797
1311867276.281034 0.018426025 0.031874202 -0.110416591 0.068891160 -0.051141541 -0.056125019 0.994730413
1311867276.316847 0.018494252 0.031928822 -0.110335641 0.067954443 -0.050391708 -0.054409504 0.994928420
1311867276.348823 0.018501928 0.031940676 -0.110177934 0.067798883 -0.050024673 -0.053437065 0.995010257
1311867276.380997 0.018424053 0.031790402 -0.110011786 0.067253165 -0.048503336 -0.052604698 0.995166957
1311867276.416760 0.027794231 0.039032273 -0.110174321 0.073737912 -0.054482192 -0.050907850 0.994486213
1311867276.449013 0.027904619 0.039074607 -0.109943263 0.074954882 -0.053955410 -0.050820742 0.994428396
1311867276.481045 0.027932726 0.038991541 -0.110027343 0.074923880 -0.053641599 -0.050736725 0.994452000
1311867276.516812 0.027727688 0.038887370 -0.109829195 0.074654847 -0.052413076 -0.049620796 0.994594097
1311867276.548975 0.027714146 0.038712267 -0.109404042 0.074206114 -0.051388010 -0.048687711 0.994727254
1311867276.581007 0.028442046 0.039195139 -0.107447721 0.073357590 -0.052200962 -0.047702834 0.994795561
1311867276.616955 0.028304417 0.039166339 -0.107157707 0.072777078 -0.051248915 -0.045704212 0.994981527
1311867276.648797 0.028342655 0.038548436 -0.105496556 0.071968868 -0.051601037 -0.045169495 0.995046556
1311867276.680881 0.029233446 0.037042513 -0.100203492 0.071300149 -0.053596951 -0.047465112 0.994882286
1311867276.716834 0.032300547 0.038864639 -0.102665760 0.070993684 -0.055218127 -0.046011630 0.994883835
1311867276.749007 0.032337971 0.038879514 -0.102433749 0.071926720 -0.055956967 -0.046692599 0.994743764
1311867276.781174 0.032286637 0.038793944 -0.102362506 0.072612122 -0.056443099 -0.046643231 0.994668841
1311867276.816885 0.032341447 0.038897566 -0.102448016 0.072237954 -0.056259353 -0.046670668 0.994705200
1311867276.849154 0.032337561 0.038894136 -0.102440134 0.072779603 -0.056258027 -0.047160693 0.994642675
1311867276.880864 0.032382872 0.038921744 -0.102434315 0.073397890 -0.057473291 -0.047075011 0.994531870
1311867276.916961 0.032693259 0.038746603 -0.102198482 0.072649613 -0.059377663 -0.049434390 0.994360387
1311867276.948866 0.029711410 0.038880911 -0.095726490 0.073595829 -0.057503514 -0.047947831 0.994473755
1311867276.980866 0.029020445 0.036623769 -0.091952890 0.072947189 -0.058398191 -0.047761329 0.994478405
1311867277.016880 0.029247109 0.036157638 -0.087029822 0.072332233 -0.059955038 -0.048765350 0.994381964
1311867277.049009 0.029889477 0.039145406 -0.086017549 0.072516158 -0.061159264 -0.048694465 0.994298697
1311867277.081265 0.031725969 0.040203903 -0.084021993 0.073415808 -0.063116431 -0.048785463 0.994105875
1311867277.116824 0.028616896 0.038121834 -0.090593584 0.070103914 -0.060768642 -0.049533866 0.994454145
1311867277.148834 0.028623259 0.038102262 -0.090531938 0.068123914 -0.061414506 -0.049948812 0.994531333
1311867277.180831 0.028571883 0.037967760 -0.090300314 0.065670311 -0.061099481 -0.050144244 0.994705975
1311867277.216967 0.028491192 0.037433829 -0.089363866 0.064248368 -0.061981652 -0.050604384 0.994720876
1311867277.248926 0.024976533 0.035371445 -0.083058275 0.063168138 -0.060854979 -0.050426103 0.994868696
1311867277.280849 0.024591532 0.035212871 -0.082663484 0.063007355 -0.060146034 -0.049862400 0.994950414
1311867277.316929 0.023059638 0.033897471 -0.079951674 0.061758112 -0.058262005 -0.048945297 0.995186329
1311867277.349051 0.025096759 0.034805361 -0.079304650 0.061581120 -0.059130687 -0.050572265 0.995064735
1311867277.384209 0.024589412 0.035533424 -0.077433273 0.062919490 -0.057679333 -0.051002167 0.995044231
1311867277.416922 0.024521254 0.035407048 -0.077010930 0.064129457 -0.057047453 -0.049811751 0.995063782
1311867277.450161 0.024577659 0.035289977 -0.076761678 0.064778075 -0.057966620 -0.049477693 0.994985282
1311867277.480901 0.023931824 0.034783442 -0.075939104 0.063215703 -0.058411427 -0.048137020 0.995125473
1311867277.517078 0.024177706 0.035164528 -0.076004587 0.064764820 -0.060116921 -0.046656493 0.994994879
1311867277.548828 0.021385318 0.032802138 -0.073791377 0.064345747 -0.062052529 -0.046400778 0.994915128
1311867277.580920 0.021260334 0.032590535 -0.073418461 0.064064316 -0.061619464 -0.045765735 0.994989634
1311867277.616897 0.021156667 0.032499824 -0.072175972 0.064516485 -0.062328015 -0.045921557 0.994909048
1311867277.649076 0.021174612 0.032705642 -0.072234407 0.067027666 -0.062578894 -0.046181399 0.994715273
1311867277.681057 0.021085793 0.032618355 -0.072398216 0.067952931 -0.062164359 -0.044979084 0.994733572
1311867277.717139 0.020103160 0.032455690 -0.070494443 0.066728763 -0.061662581 -0.045077778 0.994843185
1311867277.748909 0.021085825 0.032518111 -0.072061323 0.066034682 -0.061569445 -0.045175444 0.994890869
1311867277.784818 0.020928431 0.032264657 -0.071721770 0.064793259 -0.061420944 -0.045040473 0.994987786
1311867277.816868 0.020309733 0.031760670 -0.061963368 0.064430691 -0.060744319 -0.044926167 0.995058060
1311867277.848906 0.021567421 0.032447435 -0.062059890 0.064071268 -0.060351688 -0.045509186 0.995078623
1311867277.884896 0.021324841 0.032273855 -0.061572835 0.065268852 -0.060390655 -0.044583369 0.995040357
1311867277.916858 0.021377493 0.032271307 -0.061722487 0.065835170 -0.059799597 -0.044085015 0.995060980
1311867277.948933 0.017465824 0.033158951 -0.057905521 0.066545159 -0.056902751 -0.042188864 0.995265782
1311867277.985092 0.017379219 0.033096779 -0.057493526 0.067544743 -0.057143133 -0.040606104 0.995250523
1311867278.016848 0.017961772 0.032818854 -0.056847330 0.069313616 -0.057921506 -0.039603397 0.995124280
1311867278.049001 0.017950928 0.032720480 -0.056700472 0.071386844 -0.057357572 -0.038726509 0.995044947
1311867278.084826 0.017939208 0.031940818 -0.055500876 0.072239012 -0.057268944 -0.038440716 0.994999528
1311867278.116862 0.017924175 0.032084744 -0.055464935 0.074513815 -0.057492416 -0.038224462 0.994827211
1311867278.149018 0.017165730 0.032042269 -0.054167487 0.076796718 -0.057383444 -0.038802758 0.994637549
1311867278.184865 0.017038640 0.031886328 -0.053953692 0.077746421 -0.057032019 -0.038494136 0.994595945
1311867278.216940 0.017154630 0.032037698 -0.053096369 0.079064541 -0.057911314 -0.039043691 0.994419813
1311867278.248940 0.017096352 0.032008924 -0.052950818 0.081045240 -0.058175270 -0.039232183 0.994237483
1311867278.284908 0.014384562 0.030615142 -0.050242618 0.081952855 -0.057244383 -0.039359298 0.994212091
1311867278.317404 0.014176762 0.030312313 -0.049708106 0.082012556 -0.056905378 -0.039361469 0.994226635
1311867278.349011 0.014200855 0.030425375 -0.049694233 0.083787821 -0.057503320 -0.038982760 0.994059026
1311867278.384931 0.011853251 0.031252652 -0.045335926 0.087723397 -0.058679596 -0.037491262 0.993708074
1311867278.416856 0.011668933 0.031030217 -0.045039807 0.088528641 -0.059249673 -0.035792340 0.993665516
1311867278.448914 0.011655480 0.031296227 -0.045391850 0.089639708 -0.059946142 -0.034643307 0.993564844
1311867278.485032 0.011616283 0.031201152 -0.045092497 0.093045443 -0.060643759 -0.036205746 0.993153632
1311867278.516899 0.009225854 0.030342201 -0.042022988 0.097419083 -0.060925968 -0.035007991 0.992759824
1311867278.549265 0.009146090 0.030261140 -0.041916065 0.099915117 -0.061710790 -0.035163112 0.992457807
1311867278.584923 0.009160584 0.030287903 -0.041959181 0.101182178 -0.061785422 -0.036498714 0.992276490
1311867278.616874 0.009212776 0.030329457 -0.042004794 0.103201844 -0.063250892 -0.037938364 0.991922140
1311867278.649080 0.009039910 0.030196492 -0.041803665 0.104883984 -0.064081915 -0.038577735 0.991667628
1311867278.684905 0.008487376 0.029574869 -0.040937509 0.103612229 -0.063350208 -0.038960304 0.991833389
1311867278.717052 0.003850088 0.027207736 -0.034695547 0.101642504 -0.060133182 -0.039157841 0.992229581
1311867278.749117 0.003851630 0.027244113 -0.034628853 0.104178116 -0.061175920 -0.039583497 0.991885841
1311867278.785013 0.003840598 0.027236339 -0.034667261 0.105636761 -0.060923401 -0.040356625 0.991716027
1311867278.816933 0.003842340 0.027215190 -0.034702744 0.104161613 -0.060064442 -0.041993037 0.991856456
1311867278.848909 0.003842110 0.027216282 -0.034690116 0.104188964 -0.059445180 -0.042649791 0.991862893
1311867278.884953 0.003840365 0.027215371 -0.034679443 0.106629096 -0.059951853 -0.042060155 0.991598189
1311867278.916959 -0.000052259 0.029555142 -0.031514890 0.107447714 -0.055715457 -0.041829474 0.991766691
1311867278.949082 -0.000015101 0.029598258 -0.031553965 0.104752123 -0.055587526 -0.041623227 0.992070913
1311867278.985050 -0.000024442 0.029592922 -0.031529881 0.105280444 -0.056909591 -0.042332724 0.991909981
1311867279.016951 -0.000054386 0.029555565 -0.031495195 0.105883256 -0.056919880 -0.041671030 0.991873205
1311867279.049207 -0.000046232 0.029568652 -0.031513575 0.103912435 -0.055843923 -0.041026462 0.992169678
1311867279.085000 -0.000746019 0.029707119 -0.029656515 0.104430079 -0.056170788 -0.042726152 0.992025018
1311867279.117024 -0.000733586 0.029723760 -0.029677620 0.104631610 -0.057435945 -0.042310372 0.991949201
1311867279.149152 -0.000738635 0.029716257 -0.029670045 0.104153126 -0.056425378 -0.042900458 0.992032170
1311867279.185056 -0.000770060 0.029682675 -0.029634079 0.101577260 -0.055966213 -0.043017060 0.992320180
1311867279.216910 -0.000932265 0.029412406 -0.029157851 0.101070367 -0.056313906 -0.043936718 0.992312014
1311867279.249252 -0.000913054 0.029397875 -0.029154127 0.101165883 -0.057714280 -0.044925477 0.992177546
1311867279.284982 -0.002078934 0.029071338 -0.025256895 0.100242011 -0.056529280 -0.046290711 0.992276728
1311867279.317001 -0.002099236 0.029071802 -0.025186708 0.098982945 -0.055705808 -0.047512170 0.992392004
1311867279.349109 -0.002054526 0.029089307 -0.025256753 0.098247200 -0.055977758 -0.049434181 0.992355943
1311867279.385350 -0.002059680 0.028971771 -0.025187898 0.096707031 -0.056887448 -0.048797194 0.992487013
1311867279.417132 -0.004169028 0.028261589 -0.020847056 0.094147861 -0.055977296 -0.050663866 0.992691278
1311867279.448972 -0.003810915 0.027413607 -0.019024856 0.093264438 -0.056642357 -0.052573264 0.992637634
1311867279.485178 -0.003359192 0.026932433 -0.017940806 0.093058206 -0.056758378 -0.053188179 0.992617667
1311867279.517352 -0.002616893 0.025113260 -0.015974930 0.090082154 -0.057816070 -0.053204488 0.992830276
1311867279.549112 -0.001964243 0.023264691 -0.013076204 0.088139370 -0.059630103 -0.053919941 0.992858708
1311867279.585000 -0.002055540 0.023520581 -0.013292544 0.088956371 -0.059555802 -0.053808380 0.992796302
1311867279.617658 -0.002060637 0.021200957 -0.009927254 0.086061917 -0.061066121 -0.053211298 0.992991865
1311867279.649149 -0.003175858 0.031069830 -0.008884402 0.092824019 -0.059984781 -0.052355200 0.992494166
1311867279.685122 -0.004050382 0.029210594 -0.007308061 0.091937236 -0.059196375 -0.053686831 0.992552876
1311867279.717608 -0.011775075 0.028424839 -0.007680659 0.089739084 -0.054385919 -0.052531872 0.993090868
1311867279.749168 -0.012551456 0.027633868 -0.006443229 0.086828277 -0.054370157 -0.051810719 0.993388355
1311867279.785184 -0.013521674 0.027098900 -0.005197995 0.086468592 -0.053095270 -0.051580083 0.993500650
1311867279.817277 -0.014381976 0.026217736 -0.003998428 0.085558280 -0.052156668 -0.050909616 0.993663788
1311867279.849225 -0.017280359 0.024230570 -0.000854121 0.081905507 -0.048533093 -0.050608788 0.994170427
1311867279.885430 -0.019107684 0.022894870 0.001978839 0.080240309 -0.048003361 -0.049625773 0.994381487
1311867279.917304 -0.018846387 0.023196766 0.001629802 0.081464827 -0.047496188 -0.049867555 0.994294167
1311867279.952401 -0.015129947 0.030499388 0.002058850 0.085933276 -0.048129935 -0.047848579 0.993986666
1311867279.985229 -0.015415131 0.030326847 0.002487973 0.083517700 -0.046359852 -0.047204547 0.994307518
1311867280.018481 -0.015142363 0.030622432 0.002345223 0.083689041 -0.046568893 -0.046774760 0.994303644
1311867280.049281 -0.017524602 0.029362429 0.005895707 0.080822974 -0.044851448 -0.046565603 0.994629383
1311867280.085300 -0.015715213 0.033250585 0.008768579 0.081791423 -0.043800972 -0.045971002 0.994624734
1311867280.117762 -0.017585507 0.034221582 0.012297338 0.083262347 -0.041803777 -0.045783173 0.994597316
1311867280.149143 -0.014080383 0.033799145 0.012538777 0.082384326 -0.042852301 -0.045942686 0.994618416
1311867280.185202 -0.014254007 0.033831786 0.014644517 0.079368800 -0.042343371 -0.045970254 0.994884133
1311867280.218467 -0.009601552 0.035106800 0.020322468 0.080843031 -0.043244243 -0.046625368 0.994696140
1311867280.249139 -0.017938893 0.024521645 0.022019327 0.071118757 -0.036273252 -0.046034236 0.995744586
1311867280.285235 -0.013797467 0.028574988 0.029614156 0.070525974 -0.037551709 -0.043219239 0.995865464
1311867280.317120 -0.013895352 0.028577846 0.029943880 0.069915377 -0.038099345 -0.042469729 0.995920062
1311867280.349364 -0.013837276 0.028526083 0.029695900 0.067657836 -0.036357023 -0.043563273 0.996093810
1311867280.384986 -0.013745180 0.028618641 0.029732052 0.065435648 -0.035898425 -0.043956269 0.996241629
1311867280.417089 -0.012863480 0.031646565 0.029109728 0.067061454 -0.036008965 -0.043642588 0.996143281
1311867280.449359 -0.012803300 0.031662501 0.029094953 0.064829156 -0.035750270 -0.042733941 0.996339738
1311867280.485243 -0.012865220 0.031651117 0.029142687 0.062401164 -0.034299888 -0.042750221 0.996545076
1311867280.517164 -0.012824074 0.031711020 0.029127117 0.061038874 -0.033636551 -0.043038260 0.996639669
1311867280.549209 -0.012798062 0.031600062 0.029452052 0.059245054 -0.032599140 -0.042727418 0.996795714
1311867280.585098 -0.011740838 0.031210432 0.035332695 0.056775715 -0.033666607 -0.041919917 0.996938229
1311867280.619113 -0.011850454 0.031239850 0.035481844 0.056209046 -0.032869797 -0.042487025 0.996972978
1311867280.649186 -0.011810021 0.031127758 0.035694387 0.055931028 -0.032257341 -0.042915855 0.996990263
1311867280.685076 -0.011992168 0.031080076 0.035785273 0.054309782 -0.031005004 -0.043430254 0.997097313
1311867280.717291 -0.010131778 0.028411511 0.041362226 0.052914362 -0.031288065 -0.046268631 0.997035801
1311867280.749156 -0.007223604 0.036210429 0.046662159 0.058421049 -0.031411693 -0.045706805 0.996750355
1311867280.785051 -0.007158402 0.036190420 0.046705950 0.057325259 -0.031172741 -0.046471018 0.996786177
1311867280.817244 -0.007180296 0.036302160 0.046646688 0.056658540 -0.030445477 -0.047006860 0.996821642
1311867280.849336 -0.007158376 0.036243383 0.046780653 0.055388935 -0.030385301 -0.047396153 0.996876359
1311867280.885032 -0.007138273 0.036266625 0.046849169 0.054669648 -0.030902395 -0.047442067 0.996897995
1311867280.917146 -0.007135116 0.036263980 0.046824556 0.053665880 -0.030012760 -0.049186140 0.996895134
1311867280.949429 -0.006966545 0.036205549 0.046953194 0.052448243 -0.031760115 -0.049139485 0.996908188
1311867280.985057 -0.006328357 0.035791222 0.048203081 0.050751902 -0.032224443 -0.048587210 0.997008085
1311867281.017255 -0.006337465 0.035769969 0.048363764 0.049862649 -0.032013994 -0.048275109 0.997074902
1311867281.049159 -0.006422590 0.035764791 0.048365943 0.049136963 -0.031577557 -0.049609885 0.997059345
1311867281.085147 -0.006458528 0.035681307 0.048571747 0.047638051 -0.030330466 -0.050389241 0.997131705
1311867281.117112 -0.006508326 0.035809342 0.048589185 0.046127066 -0.029524816 -0.050813187 0.997205436
1311867281.149430 -0.006465763 0.036017369 0.048601512 0.045792021 -0.030108528 -0.050911319 0.997198403
1311867281.185052 -0.003677009 0.032639913 0.054113001 0.041250642 -0.031739611 -0.051343128 0.997323871
1311867281.217252 -0.003624644 0.032563008 0.054477651 0.038892895 -0.030934473 -0.051011067 0.997460961
1311867281.250106 -0.003129375 0.031797625 0.056302648 0.038081944 -0.030438816 -0.051765867 0.997468650
1311867281.285102 -0.002689616 0.031208083 0.058196984 0.037186753 -0.030494243 -0.052433390 0.997465789
1311867281.317215 -0.002930292 0.031830925 0.056191113 0.034956634 -0.030220961 -0.050946932 0.997631788
1311867281.349217 -0.003034661 0.031808719 0.056377511 0.034958839 -0.030409399 -0.050438073 0.997651875
1311867281.385101 -0.002970222 0.031822626 0.056292079 0.034519829 -0.031218899 -0.050798543 0.997623801
1311867281.417074 -0.003120721 0.031726953 0.056514680 0.032710999 -0.029200833 -0.050208304 0.997775793
1311867281.449183 -0.001800408 0.037894890 0.061114009 0.037678875 -0.031981770 -0.050871979 0.997481644
1311867281.485107 -0.001526291 0.037263419 0.062569931 0.037803050 -0.032607067 -0.051064223 0.997446835
1311867281.517167 -0.001020306 0.036415998 0.063995749 0.035857875 -0.033480275 -0.050331589 0.997526944
1311867281.549207 -0.000922850 0.035843320 0.067488119 0.035636026 -0.034126155 -0.050874673 0.997485459
1311867281.585193 -0.001732265 0.039464772 0.069407970 0.039532375 -0.033987634 -0.050479792 0.997363448
1311867281.617286 -0.001567284 0.039390650 0.070029669 0.038448330 -0.034690280 -0.049917068 0.997409940
1311867281.649274 -0.002507315 0.038564574 0.069489188 0.038245749 -0.034550134 -0.050591242 0.997388661
1311867281.685142 -0.001499465 0.039658774 0.070726819 0.040664826 -0.035732381 -0.050316427 0.997265220
1311867281.717170 -0.001172365 0.038999192 0.071240671 0.039795678 -0.036008127 -0.049033437 0.997354269
1311867281.749309 -0.003026443 0.040107746 0.071610034 0.040488329 -0.035512827 -0.048500195 0.997370243
1311867281.785115 -0.000794346 0.041338775 0.073926061 0.043069806 -0.037522409 -0.047700550 0.997227073
1311867281.817105 -0.003349540 0.040053997 0.073212527 0.041990567 -0.035590742 -0.046709828 0.997390747
1311867281.849170 -0.004858585 0.042263340 0.073220268 0.044433516 -0.035069775 -0.046450511 0.997315526
1311867281.885079 -0.002513124 0.046883356 0.073125832 0.048623048 -0.037295595 -0.047628634 0.996983647
1311867281.917153 -0.002555370 0.046790652 0.073254392 0.047818746 -0.036603626 -0.045777142 0.997134864
1311867281.949198 -0.002601416 0.046871606 0.073246509 0.046843283 -0.036558043 -0.045324318 0.997203588
1311867281.985074 -0.002593355 0.046923183 0.073294312 0.047918458 -0.037258677 -0.044340380 0.997170806
1311867282.017320 -0.002674668 0.046902809 0.073175244 0.047749046 -0.035892688 -0.043942157 0.997246623
1311867282.049154 -0.002660308 0.046887368 0.073219791 0.046429303 -0.035885107 -0.043087222 0.997346520
1311867282.085212 -0.002582539 0.046778027 0.073645651 0.047069054 -0.035751201 -0.042942170 0.997327566
1311867282.117596 -0.002390264 0.046304345 0.074565858 0.046819143 -0.035251480 -0.042158604 0.997390628
1311867282.154864 -0.001304086 0.044087388 0.078848161 0.043305915 -0.036907688 -0.041358162 0.997522950
1311867282.188493 -0.003526738 0.046067160 0.080601975 0.044792265 -0.035946093 -0.040463261 0.997529089
1311867282.219908 -0.005957142 0.046161339 0.080055930 0.045292333 -0.034436166 -0.040038079 0.997576952
1311867282.253156 -0.006598068 0.045488950 0.080342740 0.044031899 -0.033807434 -0.041072570 0.997612834
1311867282.288070 -0.005531899 0.047444642 0.083054297 0.045738719 -0.034503546 -0.040745787 0.997525573
1311867282.322429 -0.007611888 0.051798236 0.083029337 0.049802430 -0.033103667 -0.040314022 0.997395933
1311867282.350083 -0.007555550 0.051645655 0.083446182 0.049658258 -0.031785894 -0.040602956 0.997434318
1311867282.390746 -0.007509087 0.051519237 0.083753787 0.049262151 -0.031117775 -0.041098934 0.997454643
1311867282.417372 -0.007465290 0.051566750 0.083833352 0.049864855 -0.030844415 -0.042065039 0.997392952
1311867282.449215 -0.007157477 0.051103104 0.084946223 0.049554285 -0.030891445 -0.042438943 0.997391164
1311867282.485251 -0.006454255 0.049911816 0.087037630 0.048184499 -0.031226162 -0.042198259 0.997458041
1311867282.517375 -0.006020001 0.048934016 0.088889249 0.048796404 -0.030878238 -0.042217493 0.997438371
1311867282.549242 -0.005350886 0.048346616 0.090222269 0.048752911 -0.031007376 -0.042936489 0.997405708
1311867282.585190 -0.004252063 0.046631370 0.093785547 0.047931805 -0.031615749 -0.042315409 0.997452974
1311867282.617188 -0.004855313 0.047619142 0.091914006 0.049427472 -0.032427233 -0.042547986 0.997344017
1311867282.649230 -0.013968265 0.050739538 0.088770792 0.051601678 -0.026151208 -0.042606816 0.997415662
1311867282.685172 -0.013960351 0.050786864 0.088744417 0.050933275 -0.025922965 -0.042375620 0.997465849
1311867282.717391 -0.013732777 0.050358739 0.089622922 0.051861346 -0.027142251 -0.043054380 0.997356534
1311867282.749855 -0.013729027 0.050404802 0.089625292 0.052595660 -0.026978033 -0.044241961 0.997270584
1311867282.785198 -0.013610269 0.050243571 0.089999393 0.052971322 -0.027042812 -0.045239516 0.997204185
1311867282.817434 -0.013449423 0.049853105 0.090782166 0.053649239 -0.027104441 -0.046132401 0.997125328
1311867282.849193 -0.013357269 0.049725723 0.091045327 0.052946534 -0.028314631 -0.046879884 0.997094393
1311867282.885734 -0.013166714 0.049515858 0.091635287 0.051213797 -0.029764466 -0.046791803 0.997146845
1311867282.917314 -0.012633644 0.048558868 0.093772985 0.050499596 -0.030072980 -0.046875034 0.997170091
1311867282.950235 -0.011907549 0.047341239 0.096560314 0.048998050 -0.030905608 -0.047524333 0.997188807
1311867282.985476 -0.011365350 0.046401151 0.098672390 0.046869986 -0.032298360 -0.047897089 0.997229159
1311867283.017555 -0.011370612 0.046448287 0.098602101 0.046830978 -0.033098202 -0.049029570 0.997149706
1311867283.049392 -0.011363496 0.046473820 0.098575071 0.047576826 -0.033588257 -0.050807383 0.997008979
1311867283.085258 -0.016478093 0.050636906 0.098487034 0.049769618 -0.029441018 -0.049723629 0.997087657
1311867283.117441 -0.016375365 0.050507385 0.098827772 0.049390547 -0.029471332 -0.050367400 0.997073352
1311867283.149532 -0.016152969 0.050136626 0.099657498 0.050637957 -0.029763767 -0.050194766 0.997010767
1311867283.185409 -0.016040966 0.049914345 0.100129873 0.049876157 -0.029899297 -0.049509101 0.997079432
1311867283.217286 -0.015986118 0.049868319 0.100292020 0.049585745 -0.030223513 -0.049770355 0.997071087
1311867283.249357 -0.015985046 0.049849141 0.100348569 0.051851440 -0.029854309 -0.049469732 0.996981919
1311867283.285375 -0.016000101 0.050222207 0.099946506 0.052289296 -0.029424625 -0.049139298 0.996988177
1311867283.317623 -0.015518274 0.049506038 0.101269074 0.052052055 -0.029234748 -0.049117565 0.997007251
1311867283.349796 -0.015657447 0.049922738 0.100632943 0.053292383 -0.029152691 -0.049408466 0.996929705
1311867283.385222 -0.015354270 0.049526073 0.101044580 0.053967915 -0.030091407 -0.049170669 0.996877253
1311867283.417308 -0.014772890 0.048639089 0.103314206 0.053486202 -0.029595150 -0.048906188 0.996931136
1311867283.449265 -0.014934093 0.048647646 0.102752969 0.053599361 -0.029386165 -0.048978239 0.996927679
1311867283.485337 -0.015475003 0.048889205 0.101927869 0.055867385 -0.029440606 -0.050151691 0.996743202
1311867283.517216 -0.015105865 0.048437361 0.102820136 0.056101348 -0.028451195 -0.050444920 0.996743977
1311867283.549561 -0.016275596 0.054063205 0.102766760 0.061574649 -0.026343703 -0.049696591 0.996516347
1311867283.585388 -0.013309686 0.054500781 0.103577077 0.063419290 -0.028276291 -0.049794849 0.996342778
1311867283.617318 -0.013371778 0.054538257 0.103392564 0.062915213 -0.029017609 -0.048502199 0.996417224
1311867283.649382 -0.013243544 0.054500747 0.103536010 0.061980952 -0.029582670 -0.048228066 0.996472478
1311867283.685288 -0.013275103 0.054453567 0.103616320 0.061761670 -0.028565956 -0.048664290 0.996494532
1311867283.717915 -0.013239597 0.054259740 0.103938930 0.060788549 -0.026695624 -0.048270009 0.996625364
1311867283.749208 -0.013264682 0.054461136 0.103553385 0.059872061 -0.027589621 -0.047958571 0.996671557
1311867283.785317 -0.012971915 0.053933047 0.104486167 0.059882674 -0.028024852 -0.047264297 0.996691883
1311867283.817413 -0.013041900 0.054019272 0.104293950 0.060163867 -0.028249705 -0.046873715 0.996687114
1311867283.849452 -0.012977819 0.053962402 0.104373172 0.059077006 -0.028946472 -0.046350591 0.996756554
1311867283.885346 -0.012929532 0.053933255 0.104534760 0.059503548 -0.029054910 -0.046529248 0.996719778
1311867283.917540 -0.012813734 0.053631216 0.105100594 0.060110886 -0.029326983 -0.046337027 0.996684313
1311867283.949890 -0.012724910 0.053566173 0.105209738 0.060069531 -0.029375611 -0.046236787 0.996689975
1311867283.985663 -0.012856187 0.053763792 0.104894057 0.060631920 -0.029785326 -0.045701373 0.996668518
1311867284.017300 -0.012456384 0.052870117 0.106481872 0.061875049 -0.030149065 -0.047047853 0.996518493
1311867284.049779 -0.014068536 0.053092264 0.106080770 0.061702751 -0.031150004 -0.045731686 0.996559620
1311867284.085373 -0.014065676 0.053105004 0.106129177 0.060755450 -0.031293154 -0.045866240 0.996607184
1311867284.117504 -0.014021343 0.053085480 0.106194414 0.061232001 -0.032106370 -0.046107251 0.996541023
1311867284.149411 -0.013658988 0.052542370 0.107085511 0.059491605 -0.031386107 -0.046650581 0.996644080
1311867284.187489 -0.013555759 0.052378364 0.107344069 0.057556517 -0.032248039 -0.046937395 0.996716738
1311867284.217337 -0.013743686 0.052639265 0.106921747 0.058033478 -0.031822719 -0.047141805 0.996693134
1311867284.249431 -0.013814442 0.052697584 0.106682487 0.056745287 -0.031460602 -0.046897396 0.996790290
1311867284.285316 -0.013742774 0.052590415 0.106963933 0.055915486 -0.030668078 -0.047622878 0.996827483
1311867284.317835 -0.013540214 0.052392028 0.107301258 0.055340473 -0.031597521 -0.047451913 0.996838689
1311867284.349424 -0.013345901 0.052026261 0.108015627 0.053208567 -0.030507270 -0.047377545 0.996992230
1311867284.385433 -0.013727577 0.052619919 0.106867298 0.052473191 -0.031104267 -0.047817279 0.996991813
1311867284.417580 -0.016256833 0.052573204 0.108471483 0.052349269 -0.028727522 -0.046776772 0.997118950
1311867284.449514 -0.015895545 0.051985599 0.109585531 0.051015515 -0.028167590 -0.046728496 0.997206330
1311867284.485419 -0.015918925 0.052144136 0.109331548 0.051420972 -0.028120741 -0.047135465 0.997167647
1311867284.517730 -0.015794283 0.052123334 0.109832495 0.051956452 -0.028780174 -0.046262734 0.997161984
1311867284.549454 -0.016408466 0.052552644 0.108848549 0.051619317 -0.028517995 -0.044766907 0.997255266
1311867284.585418 -0.015388750 0.053202204 0.109815374 0.051760122 -0.029235309 -0.043943133 0.997263849
1311867284.617494 -0.015912684 0.053358458 0.109439746 0.052446175 -0.028986551 -0.043055385 0.997274041
1311867284.649523 -0.016057791 0.052232593 0.109114036 0.050881617 -0.029500298 -0.042805817 0.997350693
1311867284.685378 -0.016000019 0.052051842 0.109438285 0.049803976 -0.029587349 -0.042785488 0.997403443
1311867284.717486 -0.015558566 0.051906191 0.110069953 0.051164471 -0.029910604 -0.043754186 0.997282922
1311867284.749751 -0.015823482 0.051909197 0.109901294 0.050503902 -0.028691176 -0.043288611 0.997372746
1311867284.785409 -0.015901517 0.052784204 0.110064834 0.050092131 -0.029569244 -0.043168474 0.997373044
1311867284.818692 -0.016207423 0.053748216 0.110390857 0.051781513 -0.029524041 -0.043343417 0.997280478
1311867284.849277 -0.017047668 0.052277397 0.109929748 0.049534783 -0.027579136 -0.043892365 0.997426331
1311867284.885385 -0.017174784 0.052711036 0.109947793 0.049006548 -0.027683401 -0.043989848 0.997445166
1311867284.917461 -0.016204979 0.052633319 0.109208748 0.049615968 -0.029932804 -0.044740342 0.997316718
1311867284.949247 -0.015793398 0.051874030 0.109841436 0.048013490 -0.030219164 -0.044207349 0.997410238
1311867284.985258 -0.015319806 0.051906645 0.110651724 0.048132595 -0.030417014 -0.045123640 0.997357488
1311867285.017539 -0.016109221 0.053265702 0.110419810 0.050935164 -0.030237360 -0.046080004 0.997180045
1311867285.049368 -0.016136145 0.053035963 0.110568628 0.050886452 -0.030828828 -0.045012452 0.997213185
1311867285.085326 -0.015487045 0.051589299 0.110750087 0.049721036 -0.032476757 -0.046229828 0.997163892
1311867285.117712 -0.015861601 0.052138008 0.109573327 0.051595565 -0.032137778 -0.046968497 0.997045159
1311867285.150212 -0.016352998 0.052629076 0.108478971 0.052723810 -0.032482944 -0.046072781 0.997016788
1311867285.185580 -0.015967064 0.052184068 0.109095871 0.052496776 -0.033137266 -0.046583612 0.996983469
1311867285.218761 -0.016150031 0.052275211 0.109195068 0.054108892 -0.032966424 -0.047202084 0.996873856
1311867285.249366 -0.016016049 0.052518893 0.109038711 0.055420782 -0.033302162 -0.047000803 0.996800125
1311867285.285362 -0.016318159 0.052884236 0.108780369 0.055711087 -0.033005882 -0.046460759 0.996819079
1311867285.317503 -0.016174374 0.052456919 0.108966380 0.056300424 -0.032929759 -0.047464423 0.996741235
1311867285.349345 -0.013328644 0.051779900 0.107827537 0.056705710 -0.034303717 -0.048831947 0.996605873
1311867285.385541 -0.013686024 0.052351579 0.106343783 0.055853050 -0.034885976 -0.048303388 0.996659577
1311867285.417581 -0.013570902 0.052187700 0.107688166 0.056397110 -0.034103692 -0.049188469 0.996612668
1311867285.449284 -0.013691378 0.052151065 0.106985800 0.056569554 -0.034491748 -0.049344976 0.996581852
1311867285.485380 -0.013325788 0.051888246 0.107554346 0.055265930 -0.034307081 -0.049048416 0.996676028
1311867285.517648 -0.015933275 0.052094620 0.109452680 0.055105738 -0.033407316 -0.047030166 0.996812761
1311867285.549451 -0.016139492 0.052423354 0.109198175 0.056065924 -0.032749705 -0.047179863 0.996773899
1311867285.585574 -0.015991481 0.052313201 0.109017968 0.054333068 -0.032570057 -0.047161993 0.996876597
1311867285.617551 -0.016030243 0.052457552 0.109027073 0.054883722 -0.032544583 -0.047383167 0.996836722
1311867285.649403 -0.016263973 0.052855842 0.108531855 0.055238295 -0.032867450 -0.046831034 0.996832669
1311867285.685653 -0.015677005 0.052214630 0.109384149 0.053264115 -0.034331765 -0.047621865 0.996853292
1311867285.717719 -0.015750019 0.052263387 0.109450094 0.054092098 -0.032865252 -0.048719954 0.996805072
1311867285.749708 -0.015670722 0.052100047 0.109642386 0.054079700 -0.033264723 -0.048291396 0.996813357
1311867285.785478 -0.015662782 0.052109752 0.109659061 0.053934701 -0.033251133 -0.048413079 0.996815801
1311867285.817971 -0.015692830 0.052250486 0.109478250 0.055151246 -0.032594461 -0.049158808 0.996734381
1311867285.849628 -0.015554864 0.052021328 0.109831557 0.055643719 -0.033608951 -0.048200455 0.996720135
1311867285.885286 -0.015436700 0.051990349 0.110104889 0.055952609 -0.033638973 -0.049290422 0.996648550
1311867285.918737 -0.015277768 0.051695663 0.110697046 0.057698976 -0.033525977 -0.049708333 0.996532023
1311867285.949513 -0.015489172 0.052004654 0.109958105 0.059089415 -0.033499468 -0.049805135 0.996446550
1311867285.985836 -0.015374737 0.051778685 0.110347115 0.058244880 -0.033524603 -0.049662348 0.996502519
1311867286.018456 -0.015222547 0.051637147 0.110806808 0.059289720 -0.034139901 -0.050850250 0.996360183
1311867286.049422 -0.015328106 0.051751107 0.110418618 0.059189342 -0.034139920 -0.050420385 0.996387959
1311867286.085402 -0.015297784 0.051757529 0.110330455 0.057696369 -0.034923092 -0.050118554 0.996463597
1311867286.124098 -0.014728335 0.050949354 0.112066366 0.058000077 -0.034894451 -0.051319595 0.996385813
1311867286.150632 -0.013592238 0.053292248 0.110927291 0.059004765 -0.036335513 -0.050553277 0.996314526
1311867286.185759 -0.013448869 0.053059552 0.111511461 0.058015797 -0.036087234 -0.051012505 0.996358156
1311867286.217983 -0.013038082 0.052485093 0.112606451 0.057895966 -0.037663516 -0.051325411 0.996290803
1311867286.252521 -0.013139665 0.052469898 0.112570800 0.057717979 -0.037626740 -0.051550526 0.996290863
1311867286.286163 -0.013169545 0.052551989 0.112480894 0.057032786 -0.037439831 -0.052540869 0.996285617
1311867286.320349 -0.013099175 0.052534390 0.112534679 0.057403371 -0.038079068 -0.053111464 0.996209860
1311867286.352378 -0.013034819 0.052567519 0.112478949 0.058572792 -0.039100323 -0.052597761 0.996129513
1311867286.385563 -0.013350816 0.052785184 0.111734137 0.058458991 -0.038993940 -0.052137736 0.996164501
1311867286.417777 -0.012905255 0.054161824 0.113057576 0.059963789 -0.042466141 -0.051152851 0.995984137
1311867286.449420 -0.012876494 0.054123521 0.113234378 0.061436076 -0.045097616 -0.051321167 0.995770097
1311867286.485571 -0.013198373 0.054478999 0.112514630 0.062184449 -0.044873014 -0.051733389 0.995712459
1311867286.519022 -0.013154247 0.054626331 0.112275884 0.062127449 -0.045302968 -0.051679000 0.995699346
1311867286.551199 -0.013036028 0.054324850 0.112868436 0.063415803 -0.045541398 -0.051371798 0.995623112
1311867286.585520 -0.013138505 0.054498777 0.112438835 0.064144775 -0.045609321 -0.051957048 0.995543003
1311867286.619073 -0.013019986 0.054072082 0.113176115 0.063065365 -0.045910664 -0.052686695 0.995559752
1311867286.649991 -0.013779392 0.054224145 0.112519540 0.063933305 -0.046299171 -0.053048600 0.995467126
1311867286.685643 -0.013862250 0.054189377 0.112597659 0.066197529 -0.046665106 -0.053527966 0.995276392
1311867286.717616 -0.013763429 0.054153524 0.112599067 0.066513389 -0.045780782 -0.053624351 0.995291173
1311867286.749549 -0.013809133 0.054138780 0.112713329 0.066988274 -0.044697456 -0.053952448 0.995290875
1311867286.785646 -0.013811233 0.054221090 0.112557814 0.066937678 -0.045343157 -0.054206800 0.995251298
1311867286.817626 -0.013887089 0.054167505 0.112534977 0.066198111 -0.044363786 -0.054966107 0.995303214
1311867286.853582 -0.013800481 0.054240100 0.112505451 0.065672569 -0.044150710 -0.054589398 0.995368183
1311867286.886815 -0.013751670 0.054171160 0.112641357 0.066157430 -0.046249099 -0.054982796 0.995219171
1311867286.917438 -0.013790336 0.054205041 0.112553857 0.065955132 -0.047147438 -0.055057455 0.995186329
1311867286.954361 -0.013921710 0.054400928 0.112176448 0.064292982 -0.046362035 -0.055600297 0.995301783
1311867286.985412 -0.013783852 0.054193787 0.112580501 0.064038597 -0.046931803 -0.056577783 0.995236397
1311867287.017431 -0.013808221 0.054238800 0.112512574 0.065119341 -0.046896908 -0.057036262 0.995141745
1311867287.054702 -0.013765049 0.054160912 0.112640209 0.063794740 -0.046586558 -0.055790681 0.995312691
1311867287.085686 -0.013777114 0.054183885 0.112582900 0.062353704 -0.047886901 -0.055441480 0.995361805
1311867287.117817 -0.013921403 0.054411504 0.112159297 0.062383354 -0.047650218 -0.055931546 0.995343924
1311867287.153705 -0.013837271 0.054268092 0.112426728 0.062037557 -0.046912424 -0.055353116 0.995432854
1311867287.187445 -0.013779361 0.054163892 0.112629429 0.061138630 -0.046115372 -0.056607734 0.995455146
1311867287.217558 -0.013920727 0.054411881 0.112167194 0.061810520 -0.045446116 -0.057977010 0.995365679
1311867287.253668 -0.013819661 0.054246061 0.112478748 0.062131330 -0.044407140 -0.057720888 0.995407522
1311867287.287011 -0.013775453 0.054176267 0.112606429 0.061402783 -0.044988375 -0.058102097 0.995404422
1311867287.317563 -0.013793712 0.054207217 0.112559445 0.062124029 -0.045429088 -0.058445346 0.995319545
1311867287.354094 -0.013881360 0.054350410 0.112271801 0.062801324 -0.045950260 -0.056656875 0.995356560
1311867287.385542 -0.013757709 0.054151736 0.112651914 0.062445346 -0.046337962 -0.056812335 0.995352149
1311867287.417576 -0.013876647 0.054332130 0.112319864 0.063369721 -0.046033438 -0.057180695 0.995286763
1311867287.453529 -0.013799921 0.054216027 0.112546086 0.064477824 -0.046388116 -0.056931667 0.995213389
1311867287.486720 -0.013957767 0.054274466 0.112352990 0.064084321 -0.045875546 -0.056209337 0.995303571
1311867287.517500 -0.014001926 0.054297112 0.112326518 0.063924260 -0.046017639 -0.056525946 0.995289385
1311867287.553487 -0.013975048 0.054262910 0.112333015 0.063412189 -0.046295699 -0.055748750 0.995353103
1311867287.586854 -0.013928069 0.054417100 0.112148210 0.063165814 -0.047587223 -0.055286247 0.995333612
1311867287.617657 -0.013951717 0.054420784 0.112142205 0.064146712 -0.047539562 -0.056110185 0.995227098
1311867287.653916 -0.013897675 0.054281395 0.112355329 0.064737141 -0.045761134 -0.057148486 0.995213091
1311867287.687566 -0.013867085 0.054254290 0.112393908 0.063649483 -0.046418715 -0.056421902 0.995294273
1311867287.717628 -0.013977310 0.054200619 0.112468883 0.063283086 -0.046224385 -0.057178516 0.995283544
1311867287.755391 -0.014055694 0.054200318 0.112456962 0.063674122 -0.045978777 -0.057481084 0.995252490
1311867287.787243 -0.014043445 0.054277245 0.112222210 0.062652424 -0.046183869 -0.056548007 0.995361269
1311867287.826010 -0.013941314 0.054050401 0.112627640 0.061569542 -0.045475975 -0.056862380 0.995443583
1311867287.853651 -0.014147310 0.054269888 0.112449042 0.062394548 -0.045380261 -0.056783970 0.995401025
1311867287.893111 -0.014423132 0.053898118 0.112813525 0.062233690 -0.044126265 -0.055581301 0.995535374
1311867287.917571 -0.015604992 0.052416429 0.113854527 0.059094504 -0.042360518 -0.054602761 0.995857418
1311867287.953561 -0.014207442 0.053555422 0.113919593 0.060748152 -0.043050893 -0.055525415 0.995677292
1311867287.986839 -0.014149650 0.054378830 0.112122178 0.064018972 -0.042507160 -0.055311956 0.995507598
1311867288.017882 -0.014147088 0.054352451 0.112336725 0.063499711 -0.040623017 -0.055218417 0.995624721
1311867288.053639 -0.014721008 0.054717928 0.111591823 0.063832961 -0.039083973 -0.055138577 0.995669425
1311867288.085418 -0.015510786 0.054995053 0.111783475 0.066276759 -0.038988896 -0.054415908 0.995553195
1311867288.117594 -0.015496219 0.054927077 0.110442787 0.066139482 -0.038957041 -0.052973483 0.995641410
1311867288.154082 -0.014902283 0.055369701 0.111150980 0.067207299 -0.038078696 -0.054455020 0.995523989
1311867288.185455 -0.015930470 0.053474020 0.110773988 0.067904696 -0.037667852 -0.054515246 0.995488942
1311867288.217534 -0.016747380 0.054439694 0.110868648 0.068482347 -0.037179455 -0.052178286 0.995593011
1311867288.253581 -0.016713729 0.055157784 0.111578614 0.068161666 -0.037481029 -0.052277997 0.995598435
1311867288.285472 -0.014841278 0.052708119 0.112431578 0.067632064 -0.038811833 -0.053801797 0.995502353
1311867288.317583 -0.015525040 0.051700268 0.113326237 0.067137875 -0.038369250 -0.052920170 0.995600224
1311867288.353521 -0.015477639 0.051734518 0.113281846 0.066287436 -0.039266512 -0.052656911 0.995636225
1311867288.385883 -0.015488941 0.051785737 0.113241486 0.067267925 -0.039668184 -0.052952297 0.995538831
1311867288.417761 -0.015500623 0.051682916 0.113325104 0.067257211 -0.039290998 -0.052753791 0.995565057
1311867288.456019 -0.015460483 0.051680546 0.113344364 0.065869473 -0.039804906 -0.052767590 0.995636702
1311867288.485465 -0.015360096 0.051738009 0.113290511 0.065909505 -0.041414697 -0.053840280 0.995510936
1311867288.517689 -0.015416996 0.051708806 0.113334469 0.066182584 -0.039916288 -0.053828631 0.995554626
1311867288.554472 -0.015351418 0.051701989 0.113308541 0.065589353 -0.039701734 -0.054355439 0.995573878
1311867288.586600 -0.015350702 0.051663399 0.113403313 0.065658018 -0.040601902 -0.054685343 0.995514989
1311867288.617541 -0.015307190 0.051760845 0.113254368 0.066080950 -0.040388215 -0.055126678 0.995471358
1311867288.655102 -0.015325558 0.051703010 0.113292456 0.065570369 -0.039442562 -0.054928403 0.995553970
1311867288.687379 -0.015379857 0.051728200 0.113250002 0.065444082 -0.039041307 -0.055086371 0.995569408
1311867288.717702 -0.015275802 0.051665761 0.113329113 0.065512307 -0.040457215 -0.055528034 0.995483875
1311867288.756022 -0.015409629 0.051772147 0.113134347 0.064945191 -0.038723804 -0.055087887 0.995614409
1311867288.785509 -0.015359716 0.051762797 0.113164909 0.065176316 -0.038317446 -0.055647980 0.995583892
1311867288.819223 -0.016030416 0.052768756 0.111445360 0.066050239 -0.037782572 -0.054915927 0.995587349
1311867288.854331 -0.015764114 0.054344729 0.110100269 0.066393688 -0.037640516 -0.054760195 0.995578408
1311867288.885556 -0.015688688 0.054397326 0.109880090 0.066162139 -0.037371125 -0.054577194 0.995614052
1311867288.917612 -0.015812855 0.054470547 0.109883375 0.066152640 -0.036474817 -0.054554064 0.995649219
1311867288.954939 -0.015764501 0.054390792 0.109738767 0.065275833 -0.035602733 -0.054495692 0.995741844
1311867288.985592 -0.015815509 0.054336309 0.110001959 0.064718962 -0.036498401 -0.053657115 0.995791316
1311867289.017656 -0.015952511 0.054685012 0.109358840 0.064851992 -0.035980713 -0.053226247 0.995824575
1311867289.053512 -0.015837625 0.054302566 0.110210836 0.065158360 -0.034744240 -0.052491531 0.995887518
1311867289.085511 -0.015681023 0.053936802 0.110729188 0.064921640 -0.034219362 -0.052654456 0.995912492
1311867289.117543 -0.015457024 0.053606737 0.111396387 0.064356901 -0.033942144 -0.052204911 0.995982289
1311867289.154583 -0.015554454 0.053887777 0.110846072 0.064803168 -0.034390260 -0.051675860 0.995965600
1311867289.185640 -0.015571787 0.053885944 0.110889755 0.065266773 -0.034704402 -0.051390707 0.995939195
1311867289.218482 -0.015539010 0.053925768 0.110756047 0.065201983 -0.034745287 -0.051638089 0.995929241
1311867289.255039 -0.015658582 0.054154478 0.110491961 0.065689288 -0.035154413 -0.050947640 0.995918393
1311867289.285387 -0.015587685 0.053911645 0.110957697 0.066541187 -0.034842543 -0.050812434 0.995879710
1311867289.317629 -0.015558558 0.053854574 0.110960729 0.066359282 -0.035405990 -0.050582029 0.995883703
1311867289.353909 -0.015573718 0.054027691 0.110658012 0.065931432 -0.036492832 -0.050182324 0.995893121
1311867289.386185 -0.015614472 0.054174941 0.110439710 0.066725299 -0.037965454 -0.050395764 0.995774448
1311867289.417704 -0.015787873 0.054350022 0.109956659 0.066038474 -0.038476825 -0.050701708 0.995785058
1311867289.453606 -0.015803415 0.054452255 0.109868623 0.065025598 -0.037318144 -0.051134724 0.995873630
1311867289.485961 -0.015682574 0.054305617 0.110248379 0.065682523 -0.037751764 -0.052829478 0.995725751
1311867289.518318 -0.015761979 0.054326128 0.109989688 0.064814918 -0.038144693 -0.052711949 0.995773852
1311867289.554869 -0.015389981 0.053710915 0.111060813 0.062796257 -0.038789034 -0.052983630 0.995863855
1311867289.585613 -0.015415235 0.053927194 0.110906020 0.064130969 -0.039701708 -0.053715665 0.995703638
1311867289.617649 -0.015754921 0.054338060 0.110046834 0.064565353 -0.038960528 -0.054150674 0.995681226
1311867289.653639 -0.015473918 0.053764373 0.110891931 0.062034909 -0.039368317 -0.054030515 0.995832622
1311867289.685685 -0.014602428 0.053295042 0.112676427 0.061555527 -0.040203352 -0.055809468 0.995730877
1311867289.720426 -0.014661130 0.053474896 0.112209521 0.060426146 -0.041276395 -0.056837514 0.995698035
1311867289.756408 -0.014478350 0.052854437 0.113590166 0.057933163 -0.041407701 -0.057336502 0.995812118
1311867289.785568 -0.014532693 0.053052213 0.113286465 0.057664290 -0.041358765 -0.059242982 0.995718122
1311867289.824026 -0.014456897 0.052857701 0.113466434 0.058612850 -0.042139083 -0.059996992 0.995584905
1311867289.854176 -0.014200922 0.052405190 0.114386648 0.057005372 -0.043066695 -0.059197523 0.995686352
1311867289.885568 -0.013913800 0.052235175 0.115073055 0.056523714 -0.043422848 -0.060940236 0.995593250
1311867289.920046 -0.014010442 0.052220244 0.115361452 0.057356734 -0.043455526 -0.061209708 0.995527625
1311867289.953641 -0.013932849 0.052166693 0.115158401 0.056797702 -0.043863744 -0.060500797 0.995585144
1311867289.985528 -0.013360195 0.053187791 0.116809726 0.057742409 -0.045571748 -0.060707748 0.995441437
1311867290.020153 -0.013757911 0.053851802 0.115958609 0.060382210 -0.045060258 -0.061172690 0.995279670
1311867290.053575 -0.013449293 0.053267863 0.116772868 0.060695220 -0.043799788 -0.059844550 0.995397568
1311867290.085474 -0.013333173 0.053199183 0.116934508 0.060538474 -0.044995394 -0.058961019 0.995406568
1311867290.124880 -0.013387304 0.053279705 0.116834283 0.061675411 -0.044525292 -0.057298291 0.995454967
1311867290.153612 -0.013839420 0.053908553 0.115447797 0.061401967 -0.044486556 -0.055759132 0.995561004
1311867290.185638 -0.013345947 0.053248033 0.116791300 0.060246322 -0.044740051 -0.055960946 0.995608985
1311867290.222529 -0.013513042 0.053540651 0.116242781 0.060715508 -0.045055758 -0.055632252 0.995584667
1311867290.254027 -0.013339211 0.053255551 0.116745323 0.059342396 -0.044280618 -0.055397645 0.995715261
1311867290.286994 -0.013191735 0.053059716 0.117245458 0.058944594 -0.044991452 -0.055556193 0.995698214
1311867290.322046 -0.012922169 0.052717250 0.118052721 0.060172919 -0.045006387 -0.055849340 0.995607615
1311867290.354777 -0.013409701 0.053217757 0.116855077 0.059994891 -0.044637129 -0.054785892 0.995694101
1311867290.386415 -0.014125261 0.054585300 0.117185131 0.060905494 -0.044739652 -0.054792888 0.995633841
1311867290.421620 -0.012361387 0.055715997 0.117527887 0.063403897 -0.046800919 -0.055286359 0.995355785
1311867290.457663 -0.013788782 0.054051246 0.117495984 0.061293956 -0.046414733 -0.055022418 0.995520651
1311867290.485984 -0.013019488 0.054533571 0.118156090 0.061958414 -0.046799015 -0.056051996 0.995404065
1311867290.522328 -0.014159173 0.054694992 0.117551841 0.063368797 -0.045996357 -0.056464028 0.995329380
1311867290.553706 -0.013564136 0.053346887 0.117153846 0.061842490 -0.046528179 -0.056438457 0.995402157
1311867290.585554 -0.012979065 0.052838571 0.117494211 0.061116252 -0.047637537 -0.056451324 0.995393813
1311867290.620155 -0.012677736 0.053425483 0.116243273 0.061895072 -0.048699100 -0.056336708 0.995300770
1311867290.653602 -0.012803500 0.053373452 0.116192997 0.061021477 -0.047358919 -0.055981860 0.995439410
1311867290.685718 -0.012602020 0.053224601 0.116504945 0.060049500 -0.047942918 -0.056376934 0.995448291
1311867290.725606 -0.012906233 0.053728744 0.115802832 0.061789710 -0.047269162 -0.056879759 0.995345414
1311867290.753974 -0.012867440 0.053629480 0.115906410 0.061900645 -0.047324046 -0.056338172 0.995366633
1311867290.786574 -0.012781590 0.053446960 0.116116837 0.061147783 -0.048069283 -0.055322398 0.995434523
1311867290.823128 -0.012772345 0.053578470 0.116051659 0.062612228 -0.047994316 -0.056064963 0.995305479
1311867290.855586 -0.012921228 0.053513926 0.116043337 0.062948205 -0.047145672 -0.055499498 0.995356560
1311867290.887678 -0.012858951 0.053520713 0.116090246 0.062669143 -0.047751043 -0.055782977 0.995329440
1311867290.922693 -0.013140214 0.053953025 0.115485691 0.063601233 -0.047064848 -0.056328155 0.995272279
1311867290.953711 -0.013335452 0.054387182 0.114389010 0.064493194 -0.046640102 -0.056353413 0.995233476
1311867290.990676 -0.013712606 0.054739363 0.114262812 0.064741962 -0.045977756 -0.055771887 0.995280921
1311867291.023910 -0.014135099 0.054488730 0.114827722 0.064789601 -0.045263231 -0.056312893 0.995280147
1311867291.055820 -0.013780757 0.054847598 0.114293806 0.065891631 -0.045558192 -0.055764716 0.995225132
1311867291.090338 -0.014143489 0.055108428 0.113553986 0.065137982 -0.044550102 -0.055525832 0.995333791
1311867291.120272 -0.014112616 0.055358220 0.113320507 0.065549135 -0.044359427 -0.056016173 0.995287776
1311867291.154182 -0.014299907 0.055180613 0.113398083 0.066019259 -0.044598248 -0.056012060 0.995246291
1311867291.189179 -0.013968052 0.055201847 0.112726331 0.065149389 -0.044088930 -0.055637367 0.995347321
1311867291.221074 -0.014565963 0.054873373 0.111914515 0.065324835 -0.044269480 -0.055898800 0.995313108
1311867291.254380 -0.014539452 0.054498199 0.112231284 0.065132327 -0.044942282 -0.055572134 0.995313883
1311867291.287791 -0.014559426 0.054524291 0.112337090 0.064736925 -0.044594198 -0.055317558 0.995369554
1311867291.321060 -0.014722409 0.054822095 0.111650907 0.065442182 -0.045057371 -0.055578049 0.995288014
1311867291.354784 -0.014608523 0.054982990 0.111689918 0.066544831 -0.044302188 -0.056040131 0.995222986
1311867291.387834 -0.015144450 0.053742271 0.111352600 0.065075561 -0.045258515 -0.056068648 0.995275438
1311867291.422316 -0.014701219 0.054411288 0.111398481 0.066104382 -0.046662036 -0.056058228 0.995143414
1311867291.453656 -0.016201720 0.053950243 0.111287467 0.066527642 -0.045169853 -0.056093417 0.995182037
1311867291.488381 -0.014895288 0.055292465 0.110839374 0.067131773 -0.046510685 -0.054991674 0.995141208
1311867291.520140 -0.015021574 0.055114996 0.110995300 0.066964626 -0.046839580 -0.055524450 0.995107532
1311867291.553645 -0.015555632 0.055724610 0.110279985 0.067718573 -0.046370111 -0.056125108 0.995044708
1311867291.589498 -0.014933919 0.055099577 0.110704161 0.066639356 -0.047137421 -0.056567810 0.995056450
1311867291.620673 -0.014999821 0.054808959 0.111505136 0.067188151 -0.046806358 -0.057100188 0.995004833
1311867291.653970 -0.015689736 0.054589771 0.110528886 0.067578457 -0.046573088 -0.057309721 0.994977295
1311867291.689647 -0.015052187 0.055090491 0.110703446 0.067706369 -0.047498234 -0.057319570 0.994924307
1311867291.720251 -0.014916642 0.055201013 0.110887893 0.068589807 -0.047529802 -0.057300288 0.994863331
1311867291.753718 -0.015510391 0.053270508 0.110656388 0.067739204 -0.047739100 -0.057139892 0.994920790
1311867291.788985 -0.014993454 0.052633751 0.111207768 0.066926129 -0.047721617 -0.057180077 0.994974375
1311867291.821719 -0.015594437 0.054914910 0.110903405 0.069311403 -0.047190815 -0.056903847 0.994852245
1311867291.853864 -0.015879329 0.054361235 0.110466748 0.069262579 -0.046319842 -0.057278723 0.994875073
1311867291.887943 -0.016093133 0.055183012 0.110026360 0.069573335 -0.045610182 -0.056696210 0.994919538
1311867291.920685 -0.016402932 0.051510073 0.110085472 0.066778466 -0.045813456 -0.056804970 0.995095491
1311867291.953720 -0.016457487 0.051478267 0.110148899 0.066574775 -0.044204134 -0.056780629 0.995183349
1311867291.990091 -0.016486939 0.051553443 0.110053115 0.066807315 -0.043190408 -0.056533992 0.995226264
1311867292.022520 -0.016475538 0.051526614 0.110094793 0.066909157 -0.042439152 -0.055835206 0.995291233
1311867292.053683 -0.016518964 0.051591568 0.109982915 0.066816278 -0.042214807 -0.055649593 0.995317400
1311867292.092254 -0.016505290 0.051550884 0.110062361 0.066901758 -0.041675154 -0.055570498 0.995338798
1311867292.124382 -0.016467202 0.051493142 0.110137954 0.066602781 -0.041995119 -0.055128627 0.995369971
1311867292.160249 -0.016444303 0.051501036 0.110135615 0.065721497 -0.042327430 -0.054888532 0.995427787
1311867292.189973 -0.016459821 0.051528241 0.110164978 0.065505818 -0.041918878 -0.054819923 0.995463073
1311867292.220732 -0.016419992 0.051476590 0.110215001 0.065667421 -0.041897636 -0.055014618 0.995442510
1311867292.257685 -0.016109038 0.051013850 0.111048512 0.065550752 -0.042102132 -0.055392735 0.995420635
1311867292.287816 -0.016254911 0.051270451 0.110622339 0.065577731 -0.042980775 -0.055162150 0.995394111
1311867292.321387 -0.016267002 0.051224139 0.110749461 0.065725133 -0.042979348 -0.055282179 0.995377779
1311867292.362160 -0.016424235 0.051503513 0.110219412 0.065927058 -0.043080136 -0.055542737 0.995345592
1311867292.395350 -0.016300203 0.051378347 0.110425487 0.066030353 -0.043945748 -0.055337176 0.995312274
1311867292.425930 -0.016339563 0.051512312 0.110245340 0.066624850 -0.044096649 -0.056173012 0.995219231
1311867292.456448 -0.016404739 0.051533993 0.110239029 0.066924669 -0.043691244 -0.056191090 0.995216012
1311867292.488351 -0.016360093 0.051483858 0.110296614 0.067562073 -0.044324037 -0.056580883 0.995122850
1311867292.522883 -0.016364768 0.051488817 0.110300027 0.067924254 -0.044490356 -0.056545597 0.995092750
1311867292.558104 -0.016380601 0.051420752 0.110324837 0.067142189 -0.044662479 -0.056269772 0.995153785
1311867292.588222 -0.016369816 0.051529471 0.110287406 0.066936135 -0.044738665 -0.056329906 0.995160818
1311867292.623076 -0.016409960 0.051458988 0.110333368 0.066651046 -0.044662423 -0.056036837 0.995199859
1311867292.659508 -0.016050404 0.050932758 0.111212991 0.065335274 -0.045062732 -0.056432713 0.995246768
1311867292.688015 -0.016033338 0.050965909 0.111254804 0.065914646 -0.045465108 -0.056101974 0.995208979
1311867292.720644 -0.016083149 0.051007770 0.111137457 0.066434391 -0.045337133 -0.055603147 0.995208204
1311867292.756178 -0.016040528 0.050930720 0.111287765 0.065927342 -0.044235345 -0.055768017 0.995282292
