1311867170.462290 0.000000000 0.000000000 0.000000000 -0.000000000 -0.000000000 -0.000000000 1.000000000
1311867170.494139 -0.005787862 -0.002438214 -0.003268380 -0.001202956 0.001000942 -0.001823325 0.999997139
1311867170.526429 -0.012052173 -0.003264331 -0.006599572 -0.002156161 -0.001830330 -0.001898197 0.999994218
1311867170.562349 -0.011105975 -0.001926181 -0.007225030 -0.003389856 -0.005236795 -0.001731927 0.999979079
1311867170.594217 -0.013927947 -0.004899659 -0.008445832 -0.005856774 -0.007809783 -0.000224305 0.999952376
1311867170.626087 -0.012773001 -0.005029534 -0.011438989 -0.006839568 -0.010619791 -0.001656667 0.999918878
1311867170.662140 -0.014481141 -0.005869005 -0.013462618 -0.007742667 -0.010623463 -0.002832489 0.999909639
1311867170.694205 -0.015688309 -0.005031502 -0.015093382 -0.008060918 -0.010766750 -0.005538668 0.999894202
1311867170.726388 -0.018881781 -0.006782327 -0.015180483 -0.009831925 -0.009721872 -0.006552074 0.999882936
1311867170.762019 -0.024669928 -0.009372414 -0.016610993 -0.009783575 -0.011129524 -0.005737036 0.999873757
1311867170.794192 -0.026469937 -0.011615256 -0.019157941 -0.009127450 -0.013561022 -0.003700917 0.999859571
1311867170.826282 -0.024590878 -0.014579153 -0.019613959 -0.006859562 -0.016900551 -0.002424089 0.999830723
1311867170.862221 -0.021754421 -0.018448718 -0.021565484 -0.004638750 -0.017922392 -0.002334257 0.999825895
1311867170.894378 -0.018904423 -0.019240908 -0.024738358 -0.001730470 -0.018545456 -0.002832652 0.999822497
1311867170.926352 -0.015994847 -0.019055936 -0.032648392 0.001157319 -0.018011739 -0.004855092 0.999825299
1311867170.962147 -0.019647969 -0.020490723 -0.036666770 0.003362983 -0.016793927 -0.007350774 0.999826312
1311867170.994263 -0.017884493 -0.022312807 -0.042367913 0.004647445 -0.018164141 -0.008797715 0.999785542
1311867171.026274 -0.018441290 -0.024230991 -0.042815100 0.005552394 -0.017532652 -0.010197155 0.999778926
1311867171.062352 -0.018629538 -0.027425066 -0.046371803 0.007913213 -0.018253494 -0.011706526 0.999733627
1311867171.094235 -0.015605078 -0.029347276 -0.050485097 0.009421273 -0.019435054 -0.010534585 0.999711275
1311867171.126251 -0.016266245 -0.030463113 -0.051671524 0.010644138 -0.019529248 -0.008161723 0.999719322
1311867171.162247 -0.016640285 -0.031248108 -0.052323762 0.012704097 -0.021595219 -0.006498516 0.999664962
1311867171.194269 -0.012252246 -0.029265739 -0.052940842 0.014021347 -0.023465978 -0.004284419 0.999617159
1311867171.226253 -0.007121324 -0.030280350 -0.054476809 0.014180670 -0.022946309 -0.003681180 0.999629378
1311867171.262244 -0.001237619 -0.028730826 -0.056665845 0.014744557 -0.021177206 -0.005668528 0.999651015
1311867171.294341 -0.001770952 -0.028900420 -0.057945535 0.012677820 -0.015923791 -0.008993826 0.999752462
1311867171.326387 0.002519525 -0.030259471 -0.060625624 0.010725765 -0.010879315 -0.012630727 0.999803483
1311867171.362246 0.000118494 -0.026152430 -0.062618338 0.010440424 -0.006566599 -0.015424179 0.999805033
1311867171.394143 -0.000781147 -0.026763868 -0.065039448 0.006856441 -0.004025145 -0.014798253 0.999858975
1311867171.426288 -0.003451691 -0.031010397 -0.065948762 0.004774910 -0.003656053 -0.015932081 0.999855042
1311867171.462244 -0.002211705 -0.028199859 -0.065967947 0.006690253 -0.005122693 -0.018488973 0.999793589
1311867171.494404 -0.001708357 -0.027106002 -0.068239376 0.007107449 -0.004935925 -0.018695021 0.999787807
1311867171.526178 -0.006223261 -0.027914146 -0.069322661 0.007224083 -0.004624826 -0.018158291 0.999798357
1311867171.562297 -0.006344404 -0.026225777 -0.070888512 0.008259601 -0.006621805 -0.018808169 0.999767065
1311867171.594293 -0.003291246 -0.026905028 -0.072687805 0.007237964 -0.006449906 -0.020599702 0.999740839
1311867171.626340 -0.008442499 -0.026709450 -0.070819892 0.007509210 -0.004556603 -0.022555320 0.999707103
1311867171.662256 -0.009484914 -0.026887411 -0.072434351 0.008232947 -0.005380359 -0.024816275 0.999643683
1311867171.694344 -0.013917197 -0.026496757 -0.072616503 0.008089812 -0.006559627 -0.024953330 0.999634445
1311867171.726244 -0.016230851 -0.027450724 -0.071548611 0.007850953 -0.009390473 -0.023209224 0.999655724
1311867171.762119 -0.016294552 -0.029220166 -0.073324680 0.008155487 -0.012404878 -0.022260424 0.999642015
1311867171.794171 -0.016311403 -0.030791534 -0.075740293 0.009088329 -0.014435724 -0.023054603 0.999588668
1311867171.826255 -0.020159142 -0.031612273 -0.081399992 0.009523307 -0.013847384 -0.024501150 0.999558568
1311867171.862359 -0.025938530 -0.034710053 -0.081401378 0.009453306 -0.013483879 -0.025620639 0.999536097
1311867171.894443 -0.029564550 -0.029396337 -0.081005409 0.011720341 -0.015382460 -0.026304333 0.999466896
1311867171.926222 -0.033708200 -0.029948227 -0.080668651 0.011016267 -0.017052138 -0.026393622 0.999445498
1311867171.962467 -0.034763496 -0.028288787 -0.080830924 0.010979943 -0.019334851 -0.026893107 0.999391019
1311867171.994671 -0.035597362 -0.027640678 -0.079893187 0.009518025 -0.021220706 -0.028583217 0.999320865
1311867172.026268 -0.037489038 -0.027004724 -0.078524411 0.007960458 -0.023015290 -0.029164961 0.999277949
1311867172.062288 -0.041159358 -0.024839271 -0.076950178 0.005969071 -0.024501307 -0.028984701 0.999261737
1311867172.094196 -0.042148683 -0.025157446 -0.076020323 0.003867658 -0.027317770 -0.028951811 0.999200046
1311867172.126369 -0.043397646 -0.024618583 -0.073546238 0.002318306 -0.030289186 -0.027285546 0.999166012
1311867172.162335 -0.060700633 -0.020442873 -0.075540930 0.002142869 -0.028314525 -0.026523750 0.999244809
1311867172.194427 -0.061833885 -0.018958045 -0.073052749 0.001004273 -0.030892478 -0.025170004 0.999205291
1311867172.226441 -0.061937481 -0.017884005 -0.072431408 -0.000056765 -0.032990154 -0.024391178 0.999158025
1311867172.262228 -0.062564105 -0.016907755 -0.071052782 -0.001524102 -0.034163892 -0.024523722 0.999114156
1311867172.294483 -0.065396465 -0.018147603 -0.070921548 -0.003300125 -0.032941595 -0.025436260 0.999128163
1311867172.326338 -0.069797143 -0.016356876 -0.070652701 -0.004058092 -0.032853261 -0.025923558 0.999115705
1311867172.362401 -0.069847420 -0.018576726 -0.069149956 -0.005993493 -0.034782536 -0.025329825 0.999055982
1311867172.394289 -0.073866308 -0.016838420 -0.069516718 -0.006472671 -0.036427069 -0.024230488 0.999021590
1311867172.426522 -0.086840816 -0.021228880 -0.073764019 -0.008247667 -0.035506580 -0.023627527 0.999056101
1311867172.462350 -0.082513377 -0.019937694 -0.072667353 -0.008100416 -0.038387407 -0.024129152 0.998938739
1311867172.495267 -0.084099106 -0.021520937 -0.073438331 -0.009619816 -0.036715228 -0.024377316 0.998982131
1311867172.526306 -0.089814797 -0.022224864 -0.072959855 -0.009118771 -0.036644455 -0.025148258 0.998970330
1311867172.562493 -0.086641848 -0.021710709 -0.073299460 -0.008654954 -0.039140467 -0.025984904 0.998858392
1311867172.594544 -0.088402599 -0.021181412 -0.074675433 -0.009116644 -0.038658004 -0.026243636 0.998866260
1311867172.626370 -0.089630149 -0.021950554 -0.075395904 -0.009992925 -0.039299868 -0.026521994 0.998825490
1311867172.662442 -0.094998188 -0.022167390 -0.075134300 -0.011056092 -0.039089084 -0.026951496 0.998811066
1311867172.694545 -0.092209227 -0.021591619 -0.076231509 -0.011600720 -0.039057054 -0.028201854 0.998771608
1311867172.726393 -0.102647051 -0.016590074 -0.076702379 -0.011337042 -0.035668626 -0.030607885 0.998830557
1311867172.762374 -0.105696909 -0.018064002 -0.076787136 -0.013455957 -0.034769420 -0.032646365 0.998771429
1311867172.794451 -0.114169754 -0.019231062 -0.081172474 -0.014824721 -0.034754708 -0.034433488 0.998692513
1311867172.826309 -0.115671635 -0.019682938 -0.080237560 -0.015628057 -0.036106847 -0.036556795 0.998556852
1311867172.863231 -0.116626926 -0.020097211 -0.080121718 -0.015852123 -0.037014280 -0.037947383 0.998468161
1311867172.894465 -0.125845104 -0.020872639 -0.082793422 -0.016334308 -0.036291979 -0.038252089 0.998475313
1311867172.926322 -0.127772763 -0.023185810 -0.085417368 -0.016710030 -0.038487885 -0.037988115 0.998396993
1311867172.962331 -0.127348810 -0.022846505 -0.086562745 -0.016063789 -0.039683428 -0.037752330 0.998369694
1311867172.994527 -0.127660662 -0.023580251 -0.085702620 -0.016434275 -0.040013660 -0.036953002 0.998380363
1311867173.026263 -0.128994241 -0.022200676 -0.083916292 -0.016008202 -0.039895501 -0.035011601 0.998462021
1311867173.062463 -0.130125195 -0.021516336 -0.084608667 -0.015873563 -0.039672539 -0.033849508 0.998513043
1311867173.094518 -0.131134182 -0.022529151 -0.085041001 -0.016236203 -0.039983086 -0.031860482 0.998560309
1311867173.126782 -0.131560296 -0.020643378 -0.082508475 -0.015840141 -0.041517440 -0.031332582 0.998520732
1311867173.162231 -0.135165274 -0.020873236 -0.084457561 -0.017180916 -0.041052423 -0.030486153 0.998544037
1311867173.194301 -0.140084416 -0.020210948 -0.085381672 -0.018098636 -0.040304616 -0.029688450 0.998582304
1311867173.226445 -0.140417367 -0.020487653 -0.085393839 -0.018884059 -0.042118013 -0.030817658 0.998458743
1311867173.262202 -0.141941518 -0.018529857 -0.085147440 -0.019596657 -0.042634159 -0.030671541 0.998427570
1311867173.294268 -0.144555524 -0.019472452 -0.084888853 -0.021242056 -0.043245576 -0.030672234 0.998367608
1311867173.326288 -0.143436164 -0.020798296 -0.083682314 -0.022020539 -0.044399735 -0.032295682 0.998248875
1311867173.362328 -0.145527542 -0.019083431 -0.084045745 -0.021774027 -0.044466920 -0.033931140 0.998197019
1311867173.394287 -0.147294447 -0.021331599 -0.084762514 -0.022831228 -0.045638420 -0.034464236 0.998102248
1311867173.426279 -0.152115509 -0.020450924 -0.085600100 -0.022083472 -0.046281375 -0.034402035 0.998091638
1311867173.462290 -0.154957712 -0.021371327 -0.086326726 -0.022471130 -0.047427427 -0.033575244 0.998057306
1311867173.494339 -0.154945120 -0.020774245 -0.085968561 -0.021716585 -0.048634700 -0.033673931 0.998012602
1311867173.526390 -0.157261297 -0.019912520 -0.085225314 -0.021140309 -0.048173573 -0.033959173 0.998037696
1311867173.562437 -0.163142785 -0.019324951 -0.087062202 -0.021742797 -0.046615429 -0.035018791 0.998062074
1311867173.594311 -0.166401058 -0.021423789 -0.089531399 -0.022780200 -0.046119060 -0.036069732 0.998024642
1311867173.626396 -0.168412134 -0.022230098 -0.089054734 -0.022396617 -0.047412824 -0.037166122 0.997932434
1311867173.662330 -0.165763676 -0.020833842 -0.088391609 -0.021654269 -0.048799418 -0.036711313 0.997898817
1311867173.694354 -0.167691723 -0.022161813 -0.088612378 -0.021592073 -0.048206437 -0.036134899 0.997950017
1311867173.726797 -0.171312496 -0.021449184 -0.090939015 -0.020164311 -0.048486508 -0.037457578 0.997917533
1311867173.762397 -0.169619188 -0.019636808 -0.091740415 -0.019633817 -0.048576068 -0.037663613 0.997915983
1311867173.794356 -0.173050106 -0.022382567 -0.092314027 -0.021037003 -0.047019720 -0.038165450 0.997942924
1311867173.826567 -0.173216313 -0.023188960 -0.092652164 -0.020141205 -0.048692953 -0.038143016 0.997882009
1311867173.863580 -0.175758868 -0.020853983 -0.094598770 -0.020155277 -0.047882080 -0.037349902 0.997950971
1311867173.894608 -0.176875681 -0.024870047 -0.093612865 -0.021518605 -0.048893545 -0.036004253 0.997922897
1311867173.926697 -0.179138392 -0.021995438 -0.092174843 -0.019210670 -0.051587380 -0.034778390 0.997877896
1311867173.962546 -0.178192511 -0.016894255 -0.092841670 -0.018842053 -0.054137900 -0.032359004 0.997831166
1311867173.994431 -0.185452566 -0.019491600 -0.094198622 -0.021085318 -0.053547829 -0.030298468 0.997882843
1311867174.026426 -0.183778062 -0.019127553 -0.095122166 -0.020541001 -0.055960119 -0.030784305 0.997746944
1311867174.062463 -0.182937488 -0.017300939 -0.097941175 -0.021453980 -0.056470070 -0.031355511 0.997681260
1311867174.094519 -0.185314208 -0.017236361 -0.096682183 -0.023617595 -0.054135114 -0.031789623 0.997748017
1311867174.126454 -0.188361123 -0.017289137 -0.098070160 -0.024073225 -0.053997535 -0.032630049 0.997717500
1311867174.162433 -0.188777924 -0.014676407 -0.098038271 -0.025082989 -0.054704998 -0.033112112 0.997638166
1311867174.194398 -0.202987909 -0.014293831 -0.098927170 -0.028105535 -0.050435372 -0.032639693 0.997798085
1311867174.226758 -0.208268464 -0.017557463 -0.100471795 -0.029862231 -0.050739694 -0.033719540 0.997695744
1311867174.262677 -0.205148548 -0.015798874 -0.098773859 -0.030208156 -0.051957794 -0.035243444 0.997569978
1311867174.294528 -0.206724256 -0.017775461 -0.100738429 -0.032089736 -0.049871765 -0.036375582 0.997577071
1311867174.326574 -0.213778630 -0.018213823 -0.101898260 -0.031738617 -0.048557710 -0.037615765 0.997607112
1311867174.362433 -0.211333677 -0.015690580 -0.099095173 -0.031787783 -0.049760662 -0.037151080 0.997563660
1311867174.394636 -0.214415818 -0.015963897 -0.100611500 -0.033083133 -0.049486022 -0.036257263 0.997568071
1311867174.426679 -0.219728008 -0.015189560 -0.100838199 -0.033172738 -0.050398581 -0.035718270 0.997538865
1311867174.463016 -0.217825860 -0.013920970 -0.100549251 -0.032661051 -0.053527907 -0.035443518 0.997402549
1311867174.494567 -0.219498903 -0.013252605 -0.099534951 -0.033223752 -0.053416464 -0.034451205 0.997424662
1311867174.526752 -0.220920876 -0.014879489 -0.098877273 -0.033052195 -0.054095618 -0.035013646 0.997374237
1311867174.562350 -0.219306558 -0.011659036 -0.096951060 -0.032117195 -0.055264201 -0.036254082 0.997296333
1311867174.594488 -0.222615361 -0.010826239 -0.096977480 -0.032502830 -0.053885255 -0.036136132 0.997363567
1311867174.626546 -0.225872993 -0.013731231 -0.095983788 -0.034201957 -0.054481905 -0.035527945 0.997296214
1311867174.662491 -0.227357954 -0.011386054 -0.095899038 -0.033199672 -0.056784268 -0.036317937 0.997173190
1311867174.694591 -0.227525517 -0.010043927 -0.096589081 -0.034462832 -0.057669990 -0.034303080 0.997150898
1311867174.726563 -0.227362916 -0.015587680 -0.096430577 -0.037018474 -0.059355132 -0.034275748 0.996961296
1311867174.762376 -0.229269579 -0.012400218 -0.094959319 -0.034925520 -0.061249245 -0.034889989 0.996900976
1311867174.794474 -0.231302276 -0.013158504 -0.095285103 -0.035193685 -0.061114918 -0.034917202 0.996898830
1311867174.827330 -0.234226659 -0.013588123 -0.093952000 -0.034472834 -0.061499860 -0.034448855 0.996916652
1311867174.862423 -0.232816726 -0.013520167 -0.095896684 -0.033978634 -0.063400611 -0.034143485 0.996825039
1311867174.894420 -0.243838027 -0.009967293 -0.100916885 -0.032704033 -0.060502246 -0.035735477 0.996991932
1311867174.926975 -0.243133485 -0.008711516 -0.099019863 -0.031905357 -0.059707053 -0.037801065 0.996989548
1311867174.962643 -0.245392740 -0.011033851 -0.100746639 -0.031505458 -0.059244722 -0.038051836 0.997020364
1311867174.994335 -0.245332301 -0.008991405 -0.102282390 -0.030199656 -0.059914388 -0.039666679 0.996957839
1311867175.026551 -0.250264496 -0.007645793 -0.101500861 -0.031382300 -0.059845466 -0.039723642 0.996923208
1311867175.063312 -0.250185311 -0.010609410 -0.102491401 -0.033313710 -0.062968351 -0.038915202 0.996699989
1311867175.094719 -0.250537634 -0.008056457 -0.101289257 -0.033929694 -0.064744145 -0.038264163 0.996590614
1311867175.126531 -0.253435612 -0.007962398 -0.103099205 -0.035299674 -0.064336047 -0.038102739 0.996575654
1311867175.162518 -0.253262639 -0.007762325 -0.099913575 -0.036453798 -0.064256251 -0.037975192 0.996544182
1311867175.194640 -0.253313810 -0.005913786 -0.098995872 -0.036373835 -0.064865261 -0.039143890 0.996462405
1311867175.227005 -0.257064521 -0.004018408 -0.098873861 -0.037564006 -0.063122429 -0.038360059 0.996560633
1311867175.262467 -0.268073618 -0.000716334 -0.098128878 -0.038423616 -0.060377065 -0.037215117 0.996741354
1311867175.294451 -0.268981546 0.001173473 -0.097688213 -0.038892027 -0.062341202 -0.036583211 0.996625662
1311867175.326706 -0.270772457 0.003155700 -0.097079657 -0.041335106 -0.062513910 -0.035197061 0.996566415
1311867175.362565 -0.271090776 0.000428000 -0.096386105 -0.043985117 -0.062939987 -0.035352081 0.996420681
1311867175.394599 -0.271829069 -0.001046877 -0.098016553 -0.044718590 -0.063210689 -0.036395960 0.996333301
1311867175.426606 -0.272440940 0.002071752 -0.095865630 -0.044589467 -0.062974244 -0.037570711 0.996310472
1311867175.462600 -0.275103122 0.000110988 -0.094386101 -0.045818102 -0.063573360 -0.038456097 0.996182919
1311867175.494573 -0.281241179 -0.000917537 -0.095913939 -0.046615370 -0.064099185 -0.038071446 0.996126950
1311867175.526427 -0.284500718 -0.000475401 -0.097823203 -0.046596885 -0.064599283 -0.039667264 0.996033311
1311867175.562570 -0.284090996 -0.000122185 -0.095417455 -0.047440555 -0.063585550 -0.041443348 0.995986342
1311867175.594664 -0.290720731 -0.002530828 -0.096396402 -0.048803661 -0.062111799 -0.044022772 0.995902836
1311867175.626480 -0.293803573 -0.000522475 -0.096983112 -0.048376624 -0.062620595 -0.045043986 0.995846152
1311867175.662493 -0.292077988 -0.000963645 -0.094996497 -0.050572835 -0.065133132 -0.043597586 0.995640218
1311867175.694700 -0.291034937 -0.001679790 -0.090280391 -0.052031804 -0.068101212 -0.041665457 0.995449126
1311867175.727312 -0.293647915 0.002793076 -0.094232142 -0.050864391 -0.068915240 -0.041122474 0.995476067
1311867175.762497 -0.295824319 0.004066567 -0.093596548 -0.051901415 -0.068381399 -0.041287150 0.995452464
1311867175.794862 -0.299793452 0.001958584 -0.092739776 -0.052458841 -0.067648232 -0.042281002 0.995431662
1311867175.828797 -0.303083539 0.002850068 -0.093747042 -0.051543567 -0.068323195 -0.043563765 0.995378077
1311867175.862552 -0.303325742 0.004321404 -0.092227995 -0.052201368 -0.069930740 -0.042695079 0.995269775
1311867175.894608 -0.309993595 0.002090228 -0.095420972 -0.053448386 -0.070557706 -0.042133830 0.995183289
1311867175.928243 -0.311344355 0.000929995 -0.096620597 -0.052992802 -0.073108688 -0.043003555 0.994986296
1311867175.962937 -0.311993301 0.002988689 -0.094978012 -0.051840968 -0.074191466 -0.044345535 0.994907856
1311867175.998300 -0.314711094 0.002546680 -0.097117811 -0.052353635 -0.072973564 -0.044082947 0.994982779
1311867176.026851 -0.329243183 0.001683830 -0.100747064 -0.050749041 -0.068702057 -0.042256471 0.995449126
1311867176.062706 -0.328010708 0.004176905 -0.100404553 -0.047919799 -0.070370026 -0.040557016 0.995543540
1311867176.094660 -0.328382581 0.004750061 -0.099639997 -0.046724252 -0.070951477 -0.037713867 0.995670855
1311867176.126812 -0.329616189 0.005765995 -0.098944619 -0.045541432 -0.072020620 -0.035692599 0.995723367
1311867176.162590 -0.334016293 0.003077433 -0.103090554 -0.044867285 -0.072240412 -0.035441130 0.995747089
1311867176.194692 -0.329731852 0.007200486 -0.102123380 -0.042522103 -0.071707428 -0.037125263 0.995827138
1311867176.226536 -0.328713775 0.005513665 -0.101910196 -0.041870363 -0.070080578 -0.039276775 0.995887995
1311867176.262502 -0.331582665 0.004878623 -0.103107601 -0.039773826 -0.069462895 -0.041002173 0.995947719
1311867176.294611 -0.329675794 0.008916331 -0.103362605 -0.038089510 -0.070175596 -0.040927075 0.995966673
1311867176.326602 -0.334607571 0.006974492 -0.103379928 -0.039897580 -0.069846511 -0.040587142 0.995932937
1311867176.362456 -0.341754168 0.014037537 -0.106884740 -0.036419135 -0.070231587 -0.042126339 0.995975196
1311867176.395244 -0.340185434 0.015847821 -0.107104309 -0.036186703 -0.071714491 -0.041298408 0.995912671
1311867176.426836 -0.340772748 0.016873010 -0.105362326 -0.036740486 -0.071946837 -0.041111737 0.995883405
1311867176.462966 -0.341221392 0.015714405 -0.105556525 -0.036479943 -0.071080372 -0.042429194 0.995899856
1311867176.494581 -0.343610317 0.017761374 -0.108638391 -0.034799211 -0.070782065 -0.043608710 0.995930314
1311867176.526621 -0.345643908 0.016558386 -0.109844342 -0.036142152 -0.071562633 -0.042256225 0.995885074
1311867176.563639 -0.351133287 0.017144728 -0.110619292 -0.035602447 -0.071362965 -0.041303512 0.995958745
1311867176.594609 -0.351475388 0.017727273 -0.112194538 -0.034379456 -0.074068367 -0.040990960 0.995817065
1311867176.628384 -0.348199785 0.015523821 -0.111269541 -0.034739729 -0.077156827 -0.041839272 0.995534778
1311867176.662578 -0.352968305 0.014039974 -0.115068115 -0.034747530 -0.076150127 -0.042565126 0.995581269
1311867176.694518 -0.355755985 0.016739670 -0.114827752 -0.033497196 -0.076310672 -0.043079559 0.995589674
1311867176.726589 -0.366730899 0.018115617 -0.121628620 -0.033011191 -0.073405601 -0.044130646 0.995778263
1311867176.763233 -0.368670464 0.018856879 -0.121015564 -0.032666143 -0.074768744 -0.043867074 0.995699883
1311867176.794768 -0.367300063 0.020136209 -0.118249342 -0.032322809 -0.077125080 -0.044070806 0.995522320
1311867176.826677 -0.369086772 0.021708682 -0.117170088 -0.030949760 -0.077624433 -0.045129750 0.995479703
1311867176.862731 -0.370992631 0.022397604 -0.119184457 -0.030933376 -0.077367529 -0.045561422 0.995480537
1311867176.894955 -0.374530137 0.022292003 -0.119453654 -0.030807463 -0.077570550 -0.046796866 0.995411396
1311867176.926818 -0.377875715 0.019540474 -0.121388927 -0.031188918 -0.078802124 -0.046443351 0.995319307
1311867176.965061 -0.382553607 0.026713476 -0.118159823 -0.029749280 -0.078696959 -0.047503576 0.995321691
1311867176.994748 -0.382935137 0.024117853 -0.119206250 -0.031025277 -0.080225557 -0.047605857 0.995155752
1311867177.026728 -0.386174172 0.023099175 -0.121531941 -0.030513054 -0.080820382 -0.047392741 0.995133638
1311867177.062634 -0.384658515 0.025193963 -0.120247886 -0.030186774 -0.081613518 -0.047957152 0.995051861
1311867177.094685 -0.387489796 0.020742022 -0.125118867 -0.031581499 -0.081090696 -0.048432104 0.995028317
1311867177.126615 -0.388735652 0.022380855 -0.122355796 -0.030638941 -0.082099594 -0.047751524 0.995007932
1311867177.162730 -0.390537322 0.022994827 -0.123508409 -0.030689185 -0.083391212 -0.048111897 0.994881570
1311867177.194646 -0.390826046 0.023691237 -0.122545041 -0.030790588 -0.084316924 -0.048247881 0.994793892
1311867177.226473 -0.393992543 0.023051247 -0.122399494 -0.030855265 -0.084680207 -0.050279964 0.994660378
1311867177.263864 -0.396030515 0.024442974 -0.123515777 -0.030399142 -0.084950708 -0.050820019 0.994623899
1311867177.294618 -0.397388667 0.023108825 -0.124702051 -0.030236600 -0.086050063 -0.051263299 0.994511545
1311867177.327609 -0.395161569 0.025190940 -0.124437466 -0.029285442 -0.087603755 -0.052225199 0.994354367
1311867177.362771 -0.409956396 0.025704730 -0.126389921 -0.029635018 -0.083695464 -0.051878855 0.994698644
1311867177.394609 -0.410015196 0.026252473 -0.125782967 -0.029392049 -0.084770136 -0.052195128 0.994598329
1311867177.426748 -0.415922731 0.027401842 -0.127202258 -0.029610068 -0.084968753 -0.052589674 0.994554162
1311867177.462604 -0.413771838 0.027484281 -0.125943303 -0.030204447 -0.086904608 -0.052422766 0.994377792
1311867177.494643 -0.413603008 0.026176680 -0.127183124 -0.030967072 -0.087902784 -0.053031437 0.994234264
1311867177.527617 -0.421686292 0.029943630 -0.128548518 -0.030700438 -0.086347282 -0.053029116 0.994378984
1311867177.562640 -0.420097619 0.029509755 -0.126579627 -0.031566784 -0.088291489 -0.053267200 0.994168401
1311867177.594731 -0.418278575 0.028911427 -0.126942903 -0.031426258 -0.089945078 -0.052806426 0.994049191
1311867177.631145 -0.419328660 0.031692989 -0.125361100 -0.030915141 -0.090515576 -0.053144235 0.993995488
1311867177.662483 -0.418894798 0.030626878 -0.128261626 -0.031618461 -0.091155626 -0.052285913 0.993960321
1311867177.694561 -0.422349036 0.030475317 -0.128649220 -0.031581823 -0.091043465 -0.051992148 0.993987203
1311867177.730584 -0.425835371 0.034508035 -0.132017836 -0.031272590 -0.090040185 -0.052126314 0.994081318
1311867177.762538 -0.426629364 0.033222463 -0.132694647 -0.031917449 -0.089526877 -0.051993325 0.994114161
1311867177.794559 -0.427782238 0.033886358 -0.134038761 -0.031681906 -0.089323461 -0.051635250 0.994158685
1311867177.830915 -0.428257078 0.033678122 -0.133822158 -0.031506620 -0.090109393 -0.050940283 0.994129181
1311867177.862532 -0.426769465 0.034446280 -0.134980097 -0.030955279 -0.090829007 -0.050541852 0.994101346
1311867177.894692 -0.426170796 0.034721676 -0.134829327 -0.031186933 -0.090774804 -0.050075863 0.994122624
1311867177.931786 -0.428969026 0.035799600 -0.136557385 -0.030949619 -0.090002976 -0.050353933 0.994186163
1311867177.962791 -0.430949181 0.037363820 -0.137121454 -0.029913284 -0.089639932 -0.050791502 0.994228482
1311867177.994777 -0.430240840 0.037755687 -0.137644604 -0.030254116 -0.090127192 -0.050607845 0.994183421
1311867178.030610 -0.431158543 0.036511529 -0.136896595 -0.030699132 -0.091657594 -0.050092317 0.994055986
1311867178.063448 -0.433632791 0.038562760 -0.138670564 -0.029678605 -0.092481002 -0.049513884 0.994039714
1311867178.095114 -0.436960816 0.039678931 -0.141286984 -0.029883984 -0.091962568 -0.049828336 0.994065940
1311867178.130791 -0.438044548 0.036442708 -0.140677348 -0.030386431 -0.092893139 -0.050012846 0.993954837
1311867178.162747 -0.443571925 0.040433928 -0.147370487 -0.028514206 -0.091944747 -0.050365493 0.994080722
1311867178.195046 -0.444738865 0.039213516 -0.149380669 -0.029631654 -0.092206486 -0.050443653 0.994019866
1311867178.230719 -0.446346074 0.037753128 -0.148320735 -0.029694205 -0.094452389 -0.049516872 0.993853688
1311867178.262894 -0.449352801 0.042579528 -0.148612827 -0.027450722 -0.096012793 -0.049897920 0.993749619
1311867178.295490 -0.449646801 0.044263676 -0.147911504 -0.027797889 -0.096944533 -0.050053012 0.993641734
1311867178.330667 -0.452844977 0.041041724 -0.149257198 -0.028432645 -0.098285429 -0.048902623 0.993549287
1311867178.362723 -0.454219282 0.042875439 -0.147607505 -0.027937029 -0.100466132 -0.049632397 0.993309021
1311867178.394944 -0.461142570 0.043636661 -0.148488805 -0.027906448 -0.099833973 -0.050326597 0.993338704
1311867178.430658 -0.462014288 0.042954076 -0.149462178 -0.028205911 -0.100604266 -0.051080156 0.993214011
1311867178.462874 -0.468058825 0.043060407 -0.149739265 -0.028729158 -0.099348776 -0.051958095 0.993279815
1311867178.494644 -0.466531962 0.043032993 -0.148241431 -0.028555796 -0.100859486 -0.051545735 0.993154109
1311867178.530627 -0.468264252 0.043552853 -0.149620757 -0.029206268 -0.101970419 -0.050628427 0.993068874
1311867178.562642 -0.469963342 0.042390656 -0.148021370 -0.031021817 -0.103533261 -0.049508005 0.992908657
1311867178.594700 -0.472328663 0.042921238 -0.147090316 -0.030627688 -0.104653835 -0.049328174 0.992812335
1311867178.630690 -0.473361582 0.044688553 -0.148013547 -0.029931623 -0.104409009 -0.050116125 0.992819905
1311867178.662641 -0.471297622 0.042597193 -0.148368582 -0.030556763 -0.104329810 -0.051725302 0.992726564
1311867178.694612 -0.476760745 0.045073397 -0.144882336 -0.028349772 -0.102403022 -0.052911170 0.992930233
1311867178.730745 -0.475728482 0.048913006 -0.146677196 -0.027444232 -0.101668164 -0.053660911 0.992990911
1311867178.763235 -0.476741165 0.046392258 -0.148056746 -0.028929004 -0.102049313 -0.052863933 0.992952466
1311867178.800680 -0.481991202 0.043167405 -0.149331853 -0.029117161 -0.101576604 -0.051126938 0.993086338
1311867178.830950 -0.479659677 0.049564201 -0.146886185 -0.027920926 -0.101705208 -0.051960830 0.993064225
1311867178.862794 -0.479618162 0.048429806 -0.144958213 -0.028928144 -0.100334026 -0.051111955 0.993218958
1311867178.895017 -0.483291447 0.047182389 -0.150204331 -0.027143119 -0.098332375 -0.051452626 0.993451893
1311867178.930621 -0.484787345 0.053588226 -0.152505025 -0.023500448 -0.093441568 -0.054891948 0.993832648
1311867178.962761 -0.484467834 0.049906947 -0.154589653 -0.023301620 -0.088953659 -0.056497205 0.994159162
1311867178.994683 -0.485324442 0.047509752 -0.153867140 -0.023173593 -0.087272748 -0.055931494 0.994343102
1311867179.030916 -0.488326341 0.047564335 -0.158130214 -0.024074791 -0.088453881 -0.054070499 0.994320273
1311867179.062812 -0.490584373 0.045921914 -0.154673174 -0.025708459 -0.091406576 -0.050788831 0.994185328
1311867179.096812 -0.485768616 0.046777241 -0.150442630 -0.022360919 -0.092967913 -0.051894531 0.994064331
1311867179.131037 -0.490561694 0.049838655 -0.154101461 -0.019428473 -0.088148773 -0.054736607 0.994412541
1311867179.162754 -0.491935313 0.043933600 -0.157899022 -0.018697951 -0.084740877 -0.055827957 0.994662106
1311867179.195685 -0.493213058 0.044342164 -0.165864795 -0.015917417 -0.083546326 -0.057195470 0.994733870
1311867179.230747 -0.496064603 0.045508813 -0.167017192 -0.016353173 -0.084357910 -0.056426775 0.994702160
1311867179.263461 -0.495308071 0.046161648 -0.161515743 -0.016394736 -0.088781781 -0.053823993 0.994460702
1311867179.295920 -0.496952951 0.049432587 -0.165938556 -0.015311269 -0.093209982 -0.053420190 0.994094491
1311867179.330715 -0.497308075 0.050453141 -0.162758037 -0.015787434 -0.094618879 -0.054265212 0.993908167
1311867179.362930 -0.500611186 0.051533874 -0.162575573 -0.015580758 -0.093575634 -0.054887630 0.993975997
1311867179.394849 -0.506285131 0.046655681 -0.168131053 -0.016710509 -0.094296329 -0.053965069 0.993939996
1311867179.430804 -0.502731860 0.051662870 -0.164877340 -0.016275002 -0.098589152 -0.053260725 0.993568599
1311867179.463746 -0.505605698 0.050711688 -0.162883729 -0.018849816 -0.100543775 -0.050585847 0.993467093
1311867179.494947 -0.505950868 0.051377758 -0.164871782 -0.018640894 -0.102895975 -0.051071271 0.993205249
1311867179.530780 -0.508002818 0.054279830 -0.165035367 -0.018929018 -0.103126563 -0.053098589 0.993069589
1311867179.562761 -0.508374572 0.052541241 -0.165385440 -0.019935613 -0.103384845 -0.054857615 0.992927432
1311867179.594674 -0.510917544 0.058689639 -0.163368523 -0.018700436 -0.104123563 -0.055845242 0.992819190
1311867179.630690 -0.511061847 0.057830051 -0.162551433 -0.021247465 -0.106644489 -0.054343063 0.992583692
1311867179.662575 -0.513165712 0.056501921 -0.162894860 -0.022369325 -0.108683161 -0.052896995 0.992416024
1311867179.694605 -0.514713585 0.060137711 -0.161139891 -0.021351978 -0.109138682 -0.054704778 0.992290437
1311867179.730947 -0.516320586 0.061381221 -0.162327126 -0.021884603 -0.108955763 -0.055105433 0.992276728
1311867179.762727 -0.517291546 0.058842752 -0.162523121 -0.021869004 -0.109410658 -0.054142989 0.992280066
1311867179.794891 -0.516747773 0.066861637 -0.160697058 -0.019784614 -0.110222511 -0.054961231 0.992188931
1311867179.830753 -0.521645129 0.056384772 -0.169530839 -0.024629122 -0.109309994 -0.052158441 0.992332757
1311867179.862798 -0.523169875 0.055273701 -0.167208835 -0.024911249 -0.110869095 -0.050712030 0.992227733
1311867179.894804 -0.520876706 0.058192875 -0.166143671 -0.023274232 -0.112771600 -0.051421706 0.992016494
1311867179.930905 -0.522761941 0.062376238 -0.162946701 -0.022947829 -0.111594215 -0.052933633 0.992077708
1311867179.963493 -0.525202811 0.057860736 -0.163768545 -0.023738600 -0.110148445 -0.052572239 0.992239892
1311867179.995888 -0.524284422 0.059984941 -0.165922895 -0.022448527 -0.110506065 -0.053768605 0.992166042
1311867180.030977 -0.522848427 0.062406793 -0.163899824 -0.023633122 -0.111534379 -0.054127511 0.992003918
1311867180.062647 -0.522158504 0.060648985 -0.161370575 -0.025140150 -0.112687424 -0.052790321 0.991908669
1311867180.094773 -0.525334537 0.063103840 -0.162091643 -0.025149869 -0.112981781 -0.053129096 0.991856873
1311867180.130773 -0.522260547 0.066127174 -0.159552917 -0.024523165 -0.112842426 -0.053953111 0.991843879
1311867180.163680 -0.521424353 0.063435428 -0.160299346 -0.024628779 -0.110415690 -0.054527089 0.992082953
1311867180.194909 -0.520898759 0.063274339 -0.160752952 -0.023793204 -0.107621886 -0.055429038 0.992360353
1311867180.230814 -0.516206384 0.061800845 -0.160354063 -0.023141842 -0.106567599 -0.056080103 0.992452979
1311867180.263762 -0.517075062 0.060335636 -0.160998583 -0.023348525 -0.105271451 -0.056074072 0.992586792
1311867180.294755 -0.517370164 0.059659343 -0.166537866 -0.023663331 -0.105556749 -0.055876371 0.992560148
1311867180.330867 -0.516135216 0.059746515 -0.164816469 -0.023839060 -0.105940305 -0.056639358 0.992471814
1311867180.365820 -0.512355089 0.062354680 -0.160989761 -0.022781987 -0.105137162 -0.058623321 0.992466867
1311867180.396166 -0.510710478 0.061032072 -0.162701115 -0.022812542 -0.103177205 -0.061151579 0.992519379
1311867180.430915 -0.510603607 0.059468728 -0.163974032 -0.022805763 -0.102076076 -0.061805069 0.992592812
1311867180.467067 -0.509069562 0.060702454 -0.163544104 -0.022928016 -0.102195382 -0.062496427 0.992534459
1311867180.494756 -0.509555042 0.060443331 -0.163326636 -0.023200192 -0.101611383 -0.062643409 0.992578864
1311867180.530888 -0.507128239 0.061089166 -0.164284945 -0.023025699 -0.101615526 -0.063648276 0.992518544
1311867180.562951 -0.508661211 0.061463669 -0.166085556 -0.023312576 -0.100359350 -0.064484641 0.992585719
1311867180.594691 -0.508955002 0.063874625 -0.166903630 -0.022673277 -0.099715844 -0.065333396 0.992609859
1311867180.630813 -0.506151736 0.059653632 -0.165991828 -0.023825260 -0.100233875 -0.065158688 0.992542148
1311867180.664091 -0.503017843 0.063061804 -0.165658176 -0.022824736 -0.101058803 -0.065774724 0.992441356
1311867180.695760 -0.505862415 0.061658736 -0.167042330 -0.023277737 -0.100429535 -0.066105694 0.992472708
1311867180.730974 -0.505398095 0.063915253 -0.167895541 -0.023381127 -0.100883551 -0.065948777 0.992434680
1311867180.765038 -0.505199671 0.062745310 -0.164840341 -0.024005940 -0.101758100 -0.065972298 0.992328942
1311867180.794928 -0.503433585 0.061537124 -0.165551648 -0.024253832 -0.102738880 -0.067235783 0.992137015
1311867180.830924 -0.502036333 0.063574575 -0.164851770 -0.024359770 -0.103457041 -0.067650490 0.992031634
1311867180.865254 -0.501550853 0.059740953 -0.166505530 -0.025015015 -0.103348292 -0.067657717 0.992026150
1311867180.896647 -0.499561131 0.058526423 -0.164241031 -0.025255635 -0.103336163 -0.068220824 0.991982818
1311867180.930605 -0.499598801 0.062688664 -0.164029598 -0.023961984 -0.103956282 -0.068764292 0.991912484
1311867180.963183 -0.498170763 0.063645251 -0.164934337 -0.023817183 -0.104763560 -0.069135919 0.991805255
1311867180.994818 -0.496804923 0.063229963 -0.164600447 -0.024947645 -0.105010770 -0.069189057 0.991747618
1311867181.030831 -0.495521009 0.060780808 -0.165063143 -0.026011037 -0.105936654 -0.068244018 0.991687298
1311867181.062783 -0.492641926 0.063092634 -0.164021403 -0.025285395 -0.106568262 -0.068040930 0.991652310
1311867181.094872 -0.488096744 0.063595600 -0.163000152 -0.025436988 -0.107086241 -0.067329675 0.991641223
1311867181.131191 -0.484277695 0.063569784 -0.162694529 -0.026033830 -0.107045539 -0.066760428 0.991668582
1311867181.162904 -0.481203377 0.062929787 -0.161789507 -0.025726976 -0.106978342 -0.066699490 0.991687953
1311867181.197251 -0.477994114 0.061533451 -0.162789851 -0.025826924 -0.107189387 -0.065382525 0.991750240
1311867181.234246 -0.476432145 0.059918232 -0.161804169 -0.025960365 -0.107750788 -0.064276904 0.991758227
1311867181.262936 -0.473496407 0.061402369 -0.161799863 -0.025229398 -0.108678140 -0.064918004 0.991634130
1311867181.294809 -0.471186519 0.061955798 -0.160580486 -0.025510807 -0.108935900 -0.064758144 0.991609156
1311867181.331699 -0.472405732 0.060576014 -0.164340362 -0.025560141 -0.108006239 -0.066116489 0.991619885
1311867181.362671 -0.469662160 0.060722765 -0.165263683 -0.026472755 -0.107541233 -0.067098655 0.991580546
1311867181.394822 -0.470662177 0.059719589 -0.167217448 -0.027373929 -0.107130438 -0.065929063 0.991678953
1311867181.430895 -0.466183662 0.060823847 -0.162054911 -0.026939854 -0.109161712 -0.065402880 0.991504192
1311867181.462831 -0.463072389 0.061064258 -0.162016958 -0.027436737 -0.108507089 -0.063642532 0.991676927
1311867181.496340 -0.462544322 0.059618384 -0.163538337 -0.028310154 -0.107053079 -0.061987367 0.991915226
1311867181.535911 -0.460785121 0.057060491 -0.162493989 -0.029297037 -0.107223250 -0.060868043 0.991937459
1311867181.563214 -0.457702577 0.058897678 -0.163088083 -0.027874151 -0.107382245 -0.061313834 0.991933823
1311867181.594861 -0.454770744 0.059895523 -0.162755772 -0.027740596 -0.106871180 -0.061361220 0.991989911
1311867181.630984 -0.450276703 0.055053305 -0.160124108 -0.030048223 -0.108072363 -0.059556507 0.991902471
1311867181.662857 -0.452202767 0.055810522 -0.163296655 -0.028850453 -0.108104713 -0.059575517 0.991933346
1311867181.694923 -0.446108013 0.058480121 -0.161949873 -0.028094200 -0.108344167 -0.060285423 0.991886020
1311867181.731083 -0.447664917 0.053441200 -0.162366778 -0.029284608 -0.106891327 -0.059251036 0.992071629
1311867181.763477 -0.448798299 0.052745782 -0.164559662 -0.027896821 -0.106307402 -0.059432536 0.992163420
1311867181.794898 -0.444657743 0.053543173 -0.164234042 -0.028070420 -0.106764637 -0.058311641 0.992175996
1311867181.830801 -0.442524791 0.051433723 -0.164428294 -0.028440339 -0.107415147 -0.056402050 0.992205679
1311867181.862798 -0.440261126 0.051617824 -0.163495719 -0.027478335 -0.108320549 -0.056337137 0.992137969
1311867181.894929 -0.437702894 0.051685192 -0.162970260 -0.027002452 -0.107306853 -0.056672130 0.992242157
1311867181.930799 -0.436147124 0.050257616 -0.164902657 -0.026526533 -0.106139176 -0.056421019 0.992394865
1311867181.962919 -0.435219079 0.047495320 -0.166349933 -0.026986938 -0.106320404 -0.055256940 0.992428541
1311867181.995551 -0.432141900 0.045517720 -0.160969079 -0.027510706 -0.106835380 -0.053998407 0.992428124
1311867182.031939 -0.429613620 0.043977786 -0.162549794 -0.027210964 -0.107071392 -0.052629955 0.992484450
1311867182.062900 -0.428717285 0.043803506 -0.162542775 -0.027275544 -0.107881166 -0.050849024 0.992487848
1311867182.094884 -0.425855488 0.045159690 -0.163308308 -0.026762558 -0.109648548 -0.049658537 0.992368400
1311867182.131453 -0.423219830 0.043522138 -0.160454571 -0.027018812 -0.110456392 -0.049071096 0.992301106
1311867182.162992 -0.421794385 0.045054190 -0.162309095 -0.026398193 -0.110119037 -0.049900815 0.992313921
1311867182.199442 -0.421840996 0.046133913 -0.162499547 -0.025879670 -0.109405816 -0.049701914 0.992416441
1311867182.230774 -0.420041412 0.045191612 -0.161316156 -0.025253700 -0.108696148 -0.050508991 0.992469788
1311867182.262912 -0.417040795 0.043383017 -0.161661372 -0.025533229 -0.108244196 -0.051176101 0.992477894
1311867182.297304 -0.416880101 0.041020125 -0.162578240 -0.025585175 -0.107381999 -0.051369824 0.992560208
1311867182.330846 -0.419785678 0.040494666 -0.164077610 -0.025331885 -0.106095210 -0.051371921 0.992704928
1311867182.362967 -0.414415717 0.040270172 -0.162147447 -0.024776733 -0.106563330 -0.052339289 0.992618263
1311867182.399028 -0.411957324 0.039200667 -0.156398058 -0.024627279 -0.106107838 -0.052326672 0.992671430
1311867182.430812 -0.411392450 0.036782965 -0.155017003 -0.023907801 -0.105597667 -0.052335113 0.992742956
1311867182.462944 -0.409839302 0.038060542 -0.156353533 -0.022531632 -0.104894623 -0.053232528 0.992801964
1311867182.496953 -0.405905068 0.036030509 -0.155817986 -0.021102747 -0.103387289 -0.054850083 0.992903471
1311867182.530950 -0.406536400 0.035405796 -0.157404825 -0.018715374 -0.099726826 -0.056005858 0.993261099
1311867182.562970 -0.405467689 0.034939718 -0.160668537 -0.017609678 -0.099069498 -0.055833194 0.993356884
1311867182.603637 -0.400495976 0.034840673 -0.159230709 -0.016532330 -0.097978383 -0.055993497 0.993474543
1311867182.630845 -0.399159610 0.033711888 -0.159235477 -0.015490872 -0.096769467 -0.055977140 0.993610740
1311867182.663572 -0.397573233 0.034288861 -0.160123497 -0.015197483 -0.096715011 -0.055333968 0.993656635
1311867182.696991 -0.396891147 0.031448152 -0.162183404 -0.015558608 -0.095021836 -0.055195540 0.993822098
1311867182.733050 -0.394478589 0.032573521 -0.160416722 -0.013846714 -0.093273267 -0.056077592 0.993963659
1311867182.763107 -0.390438795 0.031773236 -0.160750315 -0.013551142 -0.092901021 -0.056877036 0.993957162
1311867182.797044 -0.386866540 0.030937450 -0.161514461 -0.013372194 -0.091516912 -0.056401573 0.994115055
1311867182.830690 -0.387300164 0.028552432 -0.163516194 -0.013399767 -0.090135746 -0.056532133 0.994233429
1311867182.864091 -0.387697428 0.031225208 -0.163197964 -0.012890067 -0.089826666 -0.056587048 0.994265079
1311867182.896985 -0.381431043 0.031013072 -0.164097324 -0.013522559 -0.091357619 -0.055292141 0.994189978
1311867182.931887 -0.381701231 0.032102920 -0.164734215 -0.014475670 -0.091199264 -0.054767471 0.994220197
1311867182.963056 -0.378252923 0.029116061 -0.165114239 -0.016637215 -0.091968864 -0.054588366 0.994125307
1311867182.998350 -0.376958251 0.027807899 -0.163289666 -0.017456483 -0.091501206 -0.054446455 0.994162202
1311867183.030883 -0.376190633 0.029060272 -0.163593158 -0.016916158 -0.090826578 -0.054356780 0.994238317
1311867183.062860 -0.374709845 0.030064391 -0.163949713 -0.017260516 -0.090442084 -0.055010367 0.994231462
1311867183.100040 -0.374683738 0.030463204 -0.162098080 -0.016765606 -0.089746721 -0.054623421 0.994324327
1311867183.134468 -0.370895714 0.028373893 -0.163119331 -0.017345019 -0.090080284 -0.054593295 0.994285822
1311867183.167324 -0.375060499 0.030304158 -0.163033083 -0.018155124 -0.088636704 -0.055340167 0.994359791
1311867183.200473 -0.369795412 0.026045738 -0.160655916 -0.019430079 -0.090430260 -0.055335578 0.994174480
1311867183.231128 -0.367443085 0.027471798 -0.161606535 -0.018563176 -0.090392470 -0.055899892 0.994162917
1311867183.263324 -0.369892955 0.028551441 -0.161206573 -0.019024970 -0.089184850 -0.056320779 0.994239450
1311867183.299097 -0.365867466 0.025347661 -0.161345854 -0.018457631 -0.090223894 -0.057368260 0.994096518
1311867183.332092 -0.367427140 0.027099993 -0.162079513 -0.017318010 -0.088749640 -0.058766633 0.994168043
1311867183.369524 -0.364356220 0.025737990 -0.162038654 -0.017755782 -0.089041390 -0.059652448 0.994081497
1311867183.398546 -0.365307689 0.024401981 -0.160094485 -0.016774204 -0.088383742 -0.060177024 0.994125605
1311867183.431155 -0.363015652 0.026872443 -0.160673499 -0.015216758 -0.088449396 -0.060812928 0.994106114
1311867183.466738 -0.353934258 0.025080573 -0.155068427 -0.016652269 -0.090530366 -0.061233513 0.993869960
1311867183.498828 -0.353066266 0.022525689 -0.153788224 -0.017228328 -0.089778855 -0.061415017 0.993917108
1311867183.532172 -0.352008432 0.023868298 -0.154316053 -0.016031651 -0.089466952 -0.062124975 0.993921161
1311867183.566151 -0.350386798 0.022652974 -0.155975178 -0.017335208 -0.088018328 -0.062448040 0.994008362
1311867183.598535 -0.350600660 0.023235418 -0.153600410 -0.017108435 -0.086489744 -0.062983565 0.994112611
1311867183.631088 -0.349182874 0.022387851 -0.154487699 -0.017085157 -0.086527221 -0.062553257 0.994136930
1311867183.664879 -0.347552687 0.023242623 -0.155703589 -0.017375205 -0.086538084 -0.062777899 0.994116783
1311867183.699353 -0.340950817 0.019028768 -0.154349118 -0.018368866 -0.087344356 -0.062364861 0.994054437
1311867183.730893 -0.338782787 0.018774839 -0.155570179 -0.018358914 -0.087099560 -0.061768070 0.994113326
1311867183.767624 -0.337336302 0.020166744 -0.152319208 -0.017991420 -0.086070567 -0.062460046 0.994166493
1311867183.797176 -0.338886648 0.024091303 -0.150132060 -0.016337227 -0.084160104 -0.063119039 0.994316936
1311867183.830907 -0.333531380 0.016181950 -0.151080266 -0.018905105 -0.085449986 -0.061659571 0.994252980
1311867183.865499 -0.330828339 0.015412368 -0.149986252 -0.018533081 -0.085630037 -0.062022801 0.994221926
1311867183.897086 -0.329259127 0.016512040 -0.148963168 -0.017449819 -0.085634246 -0.061992362 0.994243085
1311867183.931483 -0.327744544 0.015557286 -0.148363948 -0.017895281 -0.085331187 -0.062837340 0.994208157
1311867183.965821 -0.327437669 0.013883665 -0.150744289 -0.018005647 -0.084522538 -0.063063964 0.994260907
1311867183.996668 -0.327799261 0.014282514 -0.152001873 -0.017270876 -0.084124573 -0.063499406 0.994279981
1311867184.030969 -0.324312210 0.014453367 -0.151581019 -0.017351411 -0.084208041 -0.064116530 0.994231880
1311867184.064723 -0.326701969 0.010660103 -0.150828511 -0.018354049 -0.083489962 -0.063675031 0.994302809
1311867184.096811 -0.321750313 0.014042622 -0.149348632 -0.017091557 -0.085091263 -0.063563950 0.994196653
1311867184.131226 -0.322233826 0.010142303 -0.152398437 -0.018703742 -0.084149390 -0.062854134 0.994292974
1311867184.165054 -0.320282578 0.012080225 -0.148296729 -0.017548954 -0.084239095 -0.063623182 0.994257510
1311867184.196946 -0.313733935 0.010241138 -0.149544209 -0.018243609 -0.085312478 -0.063510962 0.994160652
1311867184.230936 -0.310683429 0.007300907 -0.146169648 -0.020237992 -0.085159808 -0.063098982 0.994161308
1311867184.268102 -0.309185028 0.005797087 -0.145566270 -0.020042481 -0.084898062 -0.062545009 0.994222760
1311867184.298370 -0.308360219 0.010308799 -0.143972591 -0.018440289 -0.084172361 -0.063135758 0.994278073
1311867184.331470 -0.306943297 0.007835459 -0.144911572 -0.020275300 -0.082814090 -0.063158482 0.994354963
1311867184.369763 -0.308201909 0.006778623 -0.145920590 -0.020157838 -0.082022883 -0.062395524 0.994471073
1311867184.400006 -0.303961039 0.010733066 -0.144136891 -0.019331744 -0.083560809 -0.061278746 0.994428873
1311867184.431061 -0.300321728 0.009689056 -0.145320386 -0.021437677 -0.083596759 -0.060637128 0.994422019
1311867184.465574 -0.300574899 0.006726303 -0.145786703 -0.022311239 -0.083146289 -0.060380306 0.994456172
1311867184.503767 -0.298598170 0.005420401 -0.146291435 -0.021106983 -0.083459072 -0.060501922 0.994448900
1311867184.531088 -0.291913509 0.006429305 -0.148870870 -0.020369226 -0.082426600 -0.061486538 0.994490027
1311867184.568280 -0.294663787 0.005854893 -0.145561948 -0.020931561 -0.079774618 -0.062241320 0.994647622
1311867184.597993 -0.291622043 0.004511254 -0.142998964 -0.019963130 -0.079945475 -0.063222729 0.994591951
1311867184.635545 -0.286504120 0.008262576 -0.140740037 -0.018807478 -0.080450796 -0.063159853 0.994577765
1311867184.666244 -0.288199723 0.004032359 -0.144157708 -0.019962942 -0.079534113 -0.062795810 0.994652033
1311867184.699477 -0.286316574 0.004720747 -0.141943648 -0.018177357 -0.078935459 -0.062883101 0.994728386
1311867184.735909 -0.283506721 0.004910022 -0.143883497 -0.017873406 -0.078429781 -0.063416198 0.994740069
1311867184.769022 -0.282133937 -0.001359960 -0.143197656 -0.019017721 -0.078626335 -0.063163437 0.994719386
1311867184.799534 -0.281284332 0.000729391 -0.140683889 -0.017531663 -0.077653930 -0.062894188 0.994840145
1311867184.834825 -0.275994450 0.003070551 -0.139531091 -0.016980959 -0.077489756 -0.063734099 0.994809031
1311867184.868574 -0.272669286 -0.003061352 -0.137623325 -0.018915940 -0.077624582 -0.064025059 0.994744956
1311867184.905521 -0.268770546 -0.003281153 -0.137857810 -0.018681722 -0.077583842 -0.063863702 0.994762957
1311867184.933218 -0.264219075 -0.003375227 -0.135537952 -0.019422274 -0.077618323 -0.064070851 0.994732738
1311867184.965627 -0.262907416 -0.005224120 -0.134814754 -0.020043718 -0.076969378 -0.064398162 0.994749665
1311867184.998315 -0.263936043 -0.005881608 -0.132824212 -0.019573208 -0.076001421 -0.063377626 0.994899035
1311867185.036045 -0.258712053 -0.005737541 -0.130629376 -0.019847276 -0.076542646 -0.063161179 0.994865894
1311867185.065223 -0.254037887 -0.008129941 -0.127679557 -0.019151505 -0.075988762 -0.062995009 0.994932473
1311867185.099109 -0.253600568 -0.006737849 -0.124861486 -0.018363543 -0.075696260 -0.061951105 0.995035172
1311867185.136065 -0.241683885 -0.010918007 -0.122030169 -0.020405466 -0.079517365 -0.061120056 0.994748712
1311867185.164814 -0.236070707 -0.013392645 -0.119498953 -0.021098154 -0.080534920 -0.060119092 0.994713426
1311867185.200008 -0.230724350 -0.012766607 -0.120237790 -0.020717194 -0.080894239 -0.059921999 0.994704187
1311867185.234264 -0.227999389 -0.015202696 -0.117158547 -0.022675849 -0.080149680 -0.058990050 0.994777441
1311867185.266332 -0.226718917 -0.015890222 -0.112542249 -0.022376265 -0.080175191 -0.058347195 0.994820058
1311867185.297013 -0.223917529 -0.011809589 -0.108988360 -0.020751657 -0.080314107 -0.057748962 0.994878948
1311867185.335984 -0.218373954 -0.017038083 -0.108474009 -0.023151334 -0.080679007 -0.056585882 0.994863331
1311867185.368164 -0.220362619 -0.016606471 -0.108346187 -0.022457017 -0.079603918 -0.055934042 0.995002687
1311867185.403637 -0.217963353 -0.018819857 -0.109277956 -0.022523642 -0.079735324 -0.055176083 0.995033026
1311867185.437322 -0.211964831 -0.017991545 -0.107141204 -0.023139941 -0.081188157 -0.055237133 0.994897962
1311867185.465497 -0.209518239 -0.021127522 -0.105331182 -0.024163546 -0.080392763 -0.055463362 0.994925618
1311867185.500623 -0.207662433 -0.020947557 -0.105269969 -0.022694945 -0.079795219 -0.055090860 0.995028973
1311867185.533624 -0.202251747 -0.021898707 -0.104737826 -0.023297543 -0.080326028 -0.055235296 0.994964361
1311867185.566669 -0.201466799 -0.023215724 -0.104261979 -0.023875317 -0.079391673 -0.054858092 0.995046556
1311867185.596975 -0.195736632 -0.023135085 -0.102357641 -0.022115948 -0.079546511 -0.054286741 0.995106161
1311867185.632940 -0.194130227 -0.025267515 -0.102796823 -0.023005286 -0.078274101 -0.054445531 0.995178223
1311867185.666408 -0.192478374 -0.028633339 -0.102891468 -0.024381110 -0.076595150 -0.054281604 0.995285034
1311867185.697332 -0.184943244 -0.031288460 -0.102791861 -0.024226828 -0.076707318 -0.054912377 0.995245576
1311867185.735179 -0.183898062 -0.029824661 -0.103317350 -0.025235994 -0.076160751 -0.055211592 0.995245934
1311867185.764971 -0.181797653 -0.033503454 -0.101894587 -0.027336774 -0.076304846 -0.055455893 0.995165825
1311867185.798952 -0.178188890 -0.034721918 -0.100851335 -0.026922977 -0.075882867 -0.055913385 0.995183766
1311867185.832792 -0.171693996 -0.034769624 -0.095470160 -0.027920220 -0.077004559 -0.055989824 0.995065868
1311867185.864904 -0.174597219 -0.037128814 -0.097682849 -0.028988874 -0.075324498 -0.056580871 0.995130420
1311867185.895173 -0.172680289 -0.037487186 -0.096353188 -0.028822932 -0.076042093 -0.056478471 0.995086491
1311867185.935978 -0.168941230 -0.035289280 -0.092355900 -0.029649254 -0.078633018 -0.057192840 0.994819999
1311867185.965051 -0.161495909 -0.037700124 -0.088046990 -0.030378684 -0.081107169 -0.058370255 0.994530857
1311867185.995231 -0.161136404 -0.037349749 -0.087885424 -0.029544212 -0.080270998 -0.060083847 0.994521856
1311867186.035964 -0.161541522 -0.036745962 -0.088045232 -0.030851059 -0.080951370 -0.060893025 0.994377792
1311867186.065305 -0.157573685 -0.038815226 -0.084837407 -0.032519937 -0.082111962 -0.061903846 0.994167030
1311867186.095284 -0.157533169 -0.040561076 -0.084653892 -0.032695271 -0.083008297 -0.062314443 0.994061172
1311867186.136102 -0.158021927 -0.039624806 -0.085071415 -0.033250101 -0.083879471 -0.062394008 0.993964612
1311867186.164936 -0.155375108 -0.040990449 -0.084024958 -0.033465035 -0.084236957 -0.062578067 0.993915617
1311867186.195188 -0.155472845 -0.040799264 -0.082942791 -0.033108674 -0.084251307 -0.062066924 0.993958414
1311867186.235893 -0.150326520 -0.040964585 -0.081647538 -0.033796765 -0.085480250 -0.062470421 0.993804991
1311867186.267490 -0.149902657 -0.044737700 -0.081637308 -0.035151459 -0.084619634 -0.061887190 0.993868172
1311867186.295199 -0.146798477 -0.043848462 -0.081175640 -0.034673586 -0.084692769 -0.062886462 0.993815958
1311867186.334915 -0.141302317 -0.043148860 -0.080758251 -0.035985857 -0.085009508 -0.064240217 0.993655741
1311867186.366964 -0.141742781 -0.046868879 -0.077954799 -0.036916874 -0.083688252 -0.065049864 0.993681073
1311867186.395131 -0.138742045 -0.044050321 -0.075222574 -0.035587862 -0.084391765 -0.065469220 0.993642509
1311867186.436010 -0.138387188 -0.044831410 -0.076660737 -0.037943132 -0.084640801 -0.066197313 0.993485868
1311867186.465948 -0.134031028 -0.051648535 -0.076846629 -0.040948562 -0.085185610 -0.067242809 0.993249834
1311867186.495214 -0.133428067 -0.047517121 -0.073983826 -0.039009966 -0.085440747 -0.067565337 0.993283987
1311867186.536274 -0.130204782 -0.045070969 -0.073550157 -0.040199559 -0.086181551 -0.068139955 0.993133247
1311867186.565107 -0.129861102 -0.049491823 -0.072669975 -0.042430315 -0.085437946 -0.068572856 0.993074894
1311867186.595160 -0.129703239 -0.050080542 -0.072114579 -0.042269260 -0.085197844 -0.068359137 0.993117213
1311867186.636236 -0.125515088 -0.048889536 -0.071250938 -0.041416712 -0.085632309 -0.068737507 0.993089616
1311867186.665014 -0.122517198 -0.049486712 -0.073010661 -0.042570747 -0.085474655 -0.068408400 0.993077159
1311867186.704365 -0.123632871 -0.054933269 -0.076558784 -0.044717029 -0.085191227 -0.068455100 0.993003905
1311867186.733752 -0.119113371 -0.052945465 -0.076972783 -0.044743303 -0.085064068 -0.067825966 0.993056774
1311867186.767288 -0.120701939 -0.052137777 -0.075353757 -0.046837460 -0.083775081 -0.067140661 0.993116438
1311867186.804720 -0.116891488 -0.053605374 -0.075021990 -0.046876572 -0.084056973 -0.065481983 0.993201494
1311867186.834068 -0.114653304 -0.049570240 -0.075459078 -0.045862850 -0.083748952 -0.064621620 0.993331194
1311867186.869100 -0.116071045 -0.048048280 -0.078232139 -0.047396753 -0.081259750 -0.063498154 0.993538320
1311867186.905187 -0.116750382 -0.048131965 -0.076499812 -0.048567601 -0.078971282 -0.060700446 0.993841171
1311867186.933418 -0.112835631 -0.047309551 -0.077949174 -0.048468061 -0.078338444 -0.058472827 0.994029701
1311867186.965693 -0.103855647 -0.041183989 -0.074738316 -0.048503064 -0.078397751 -0.054537550 0.994246960
1311867187.001705 -0.100014433 -0.044463091 -0.074887201 -0.050681971 -0.076478943 -0.052858796 0.994378388
1311867187.033640 -0.100878961 -0.043859236 -0.078935385 -0.049848769 -0.073360577 -0.051757939 0.994713247
1311867187.063280 -0.098878525 -0.040002849 -0.077522904 -0.051194437 -0.072128497 -0.049875375 0.994831204
1311867187.101595 -0.098892324 -0.040318727 -0.076624975 -0.053590424 -0.068591580 -0.049813703 0.994958222
1311867187.133979 -0.092809871 -0.043398824 -0.076445796 -0.053669464 -0.067558378 -0.049377020 0.995046496
1311867187.163262 -0.090101838 -0.041322023 -0.079429708 -0.053251907 -0.066114090 -0.049182322 0.995175600
1311867187.204123 -0.081412524 -0.041518707 -0.077515125 -0.055628698 -0.066224732 -0.049108241 0.995041788
1311867187.233159 -0.080584228 -0.045832831 -0.077045403 -0.057391431 -0.065011404 -0.048707679 0.995041370
1311867187.263350 -0.080686063 -0.040444024 -0.078006543 -0.057161167 -0.065454550 -0.049002890 0.995011091
1311867187.301486 -0.084442005 -0.043369453 -0.080601729 -0.060144417 -0.065334193 -0.049729243 0.994807124
1311867187.333649 -0.079942711 -0.042593360 -0.079003446 -0.059834823 -0.066973582 -0.051320687 0.994635940
1311867187.363171 -0.081976034 -0.045644201 -0.084680140 -0.061572287 -0.067194015 -0.053441726 0.994403243
1311867187.403345 -0.080304168 -0.041193224 -0.081682168 -0.060747195 -0.067828618 -0.054972220 0.994327486
1311867187.433580 -0.078506760 -0.042009708 -0.081897810 -0.061336584 -0.069912486 -0.055917412 0.994094253
1311867187.463190 -0.070966654 -0.042968616 -0.083158754 -0.062817223 -0.071845792 -0.057338346 0.993782997
1311867187.505626 -0.070373118 -0.047510792 -0.086299047 -0.065026678 -0.070401751 -0.059105836 0.993640602
1311867187.534189 -0.063187428 -0.043173637 -0.083390415 -0.063583426 -0.071801998 -0.059276924 0.993623614
1311867187.563217 -0.060945228 -0.044661429 -0.085200369 -0.064297311 -0.071554773 -0.059405055 0.993587852
1311867187.604561 -0.056683447 -0.044159878 -0.085710213 -0.064097263 -0.071538404 -0.059295326 0.993608534
1311867187.635392 -0.056157369 -0.047927950 -0.087803416 -0.064510971 -0.071944192 -0.060176391 0.993499517
1311867187.663270 -0.050823934 -0.044177450 -0.089311212 -0.063102148 -0.072260149 -0.060945410 0.993520141
1311867187.703564 -0.048925284 -0.044858661 -0.088499859 -0.064729683 -0.072625816 -0.062723920 0.993278027
1311867187.734539 -0.049390852 -0.049513493 -0.091675542 -0.064156532 -0.073932663 -0.062891766 0.993208230
1311867187.763190 -0.043216981 -0.043097142 -0.091683298 -0.061294775 -0.075048268 -0.063340224 0.993276775
1311867187.801705 -0.043299701 -0.045479394 -0.093473040 -0.063443221 -0.075684793 -0.064890482 0.992993474
1311867187.833949 -0.041499373 -0.043165591 -0.092913516 -0.062091492 -0.076075546 -0.065646559 0.992999375
1311867187.863411 -0.033419613 -0.044455621 -0.091589406 -0.063242145 -0.079303868 -0.065630160 0.992675185
1311867187.903871 -0.034511473 -0.041790780 -0.093451880 -0.063083291 -0.079159856 -0.066634558 0.992629886
1311867187.933221 -0.037243653 -0.039752964 -0.096225910 -0.063608654 -0.078457937 -0.066694669 0.992648005
1311867187.963534 -0.028913744 -0.041397065 -0.096138120 -0.062915094 -0.080513842 -0.066764228 0.992522955
1311867188.004742 -0.017358668 -0.038561098 -0.094015561 -0.061558679 -0.083116867 -0.066402167 0.992417693
1311867188.033304 -0.010841059 -0.038796786 -0.093242340 -0.061879866 -0.083450772 -0.066891998 0.992336869
1311867188.063418 -0.015307033 -0.041026548 -0.097921707 -0.060884006 -0.081402160 -0.066769041 0.992576838
1311867188.108880 -0.011713821 -0.042010173 -0.102332272 -0.058346517 -0.081982806 -0.066909075 0.992672026
1311867188.135990 -0.010595266 -0.039642219 -0.102633335 -0.056893907 -0.081683338 -0.067316480 0.992753446
1311867188.163360 -0.007970016 -0.044847637 -0.106920421 -0.056869622 -0.081337973 -0.068897709 0.992674768
1311867188.202654 -0.006729457 -0.047233645 -0.110850178 -0.054163586 -0.081111766 -0.068906553 0.992843986
1311867188.235201 -0.002312570 -0.046766102 -0.112614609 -0.052062653 -0.081703439 -0.068378635 0.992944360
1311867188.263272 0.003138515 -0.045733575 -0.108786315 -0.049805027 -0.082956001 -0.067609265 0.993008971
1311867188.304719 0.008211656 -0.043965403 -0.108383276 -0.046509780 -0.083621852 -0.067136467 0.993145049
1311867188.331453 0.012992875 -0.042733043 -0.111182377 -0.043855183 -0.085100584 -0.065961391 0.993218958
1311867188.363382 0.018329775 -0.039932869 -0.111377388 -0.042599704 -0.086096123 -0.064589188 0.993277967
1311867188.402043 0.022944821 -0.040424600 -0.109089911 -0.042352114 -0.087145820 -0.064143978 0.993225813
1311867188.431385 0.023647346 -0.041599017 -0.112037778 -0.041293826 -0.086448453 -0.063477278 0.993374169
1311867188.463247 0.028266195 -0.035685342 -0.112876862 -0.038816065 -0.084930487 -0.062753700 0.993650973
1311867188.504901 0.028865457 -0.040412288 -0.115964763 -0.041650675 -0.084370866 -0.061167024 0.993682742
1311867188.531435 0.032400440 -0.038909294 -0.113353297 -0.039748877 -0.084299579 -0.060399991 0.993813634
1311867188.563332 0.043133374 -0.033920527 -0.113798857 -0.038853657 -0.084650449 -0.059510808 0.993872821
1311867188.604580 0.046378586 -0.033651423 -0.112134971 -0.040544350 -0.084460907 -0.058672290 0.993871272
1311867188.631500 0.047559477 -0.034635533 -0.112193473 -0.039467186 -0.083464503 -0.057678565 0.994056940
1311867188.663337 0.051435430 -0.031535942 -0.111611009 -0.038231682 -0.082308576 -0.056871988 0.994248092
1311867188.703814 0.051720954 -0.033083133 -0.113814443 -0.037770744 -0.079503298 -0.056950562 0.994489431
1311867188.731585 0.054913960 -0.037242975 -0.115291305 -0.036288951 -0.077322692 -0.055778492 0.994782984
1311867188.763294 0.058316350 -0.035865858 -0.123508871 -0.033006646 -0.073121689 -0.054290611 0.995297134
1311867188.804516 0.070014805 -0.038438600 -0.121309407 -0.033310328 -0.071795844 -0.052494776 0.995479882
1311867188.831350 0.072362818 -0.040050123 -0.121040300 -0.031888083 -0.067549706 -0.050990481 0.995901704
1311867188.863544 0.074416578 -0.037949678 -0.121536508 -0.028634196 -0.063330755 -0.049716663 0.996342182
1311867188.901620 0.083590224 -0.036002032 -0.120092452 -0.027567610 -0.061891403 -0.048661403 0.996514738
1311867188.931465 0.080653980 -0.040620510 -0.121358722 -0.027685713 -0.059266523 -0.045555744 0.996817768
1311867188.963444 0.086950593 -0.040010475 -0.123059899 -0.024794344 -0.058578726 -0.043643158 0.997020185
1311867189.005216 0.091913253 -0.036687583 -0.126211166 -0.022736836 -0.058097176 -0.041757870 0.997178078
1311867189.031438 0.093785018 -0.038012214 -0.126359805 -0.022352699 -0.055724017 -0.040016748 0.997393608
1311867189.063539 0.093930796 -0.037257716 -0.127113461 -0.020433418 -0.052588422 -0.040340539 0.997591913
1311867189.102629 0.097216815 -0.036231142 -0.127382711 -0.019427892 -0.051924184 -0.040759217 0.997629762
1311867189.131312 0.099655561 -0.035642669 -0.126714677 -0.019279258 -0.050538365 -0.041625127 0.997668087
1311867189.163420 0.107077584 -0.037437242 -0.123755775 -0.019108500 -0.051001173 -0.042589590 0.997607112
1311867189.201890 0.110851295 -0.035211734 -0.120059833 -0.018097324 -0.050605491 -0.042431343 0.997652829
1311867189.231285 0.113755062 -0.038266245 -0.120725155 -0.019078771 -0.050682940 -0.041269116 0.997679412
1311867189.263345 0.112718247 -0.038307808 -0.119899340 -0.018346732 -0.050456889 -0.040726706 0.997726858
1311867189.304679 0.119863145 -0.038050711 -0.116937861 -0.017545195 -0.052243140 -0.040068984 0.997676015
1311867189.331405 0.118684381 -0.041578606 -0.117196620 -0.017577028 -0.052247703 -0.040329151 0.997664690
1311867189.363335 0.122500792 -0.041499004 -0.116682358 -0.015764866 -0.053097107 -0.040156364 0.997657120
1311867189.405684 0.125726402 -0.042679381 -0.116457157 -0.016472084 -0.053461626 -0.040432256 0.997615099
1311867189.431458 0.125899538 -0.045430031 -0.114852294 -0.017067244 -0.053161353 -0.040209427 0.997630119
1311867189.463454 0.134105071 -0.046054814 -0.112236060 -0.015517420 -0.054680165 -0.040452268 0.997563541
1311867189.505937 0.142229989 -0.046585847 -0.111230679 -0.015435843 -0.055620190 -0.040446084 0.997513056
1311867189.531417 0.147023022 -0.047946505 -0.109421611 -0.015726510 -0.056429956 -0.040209319 0.997472584
1311867189.563319 0.151496470 -0.054299936 -0.109791562 -0.015335034 -0.057326466 -0.040445149 0.997418046
1311867189.599369 0.159659073 -0.052144438 -0.109519370 -0.013883200 -0.058775224 -0.041284058 0.997320652
1311867189.631378 0.160942942 -0.050996982 -0.108786829 -0.013955770 -0.057641875 -0.043325923 0.997299135
1311867189.663469 0.170070767 -0.053035095 -0.106877916 -0.014814235 -0.058393221 -0.044250160 0.997202456
1311867189.699784 0.171340838 -0.055293404 -0.108190954 -0.015721716 -0.056811437 -0.044928744 0.997249603
1311867189.731458 0.175007179 -0.054267116 -0.108678803 -0.017487871 -0.056390133 -0.045040242 0.997239113
1311867189.763361 0.179658711 -0.056457747 -0.108507365 -0.020925805 -0.055711113 -0.045414876 0.997194052
1311867189.799486 0.184357762 -0.060385797 -0.110578895 -0.023744497 -0.054960724 -0.046296809 0.997132003
1311867189.831366 0.190655485 -0.055698328 -0.107095875 -0.023391945 -0.055374831 -0.048163898 0.997028947
1311867189.863410 0.188767001 -0.060113333 -0.104606904 -0.027005292 -0.053975523 -0.048266675 0.997009456
1311867189.899521 0.190547049 -0.060197040 -0.104286999 -0.027102580 -0.054354541 -0.048375987 0.996980846
1311867189.931364 0.191045210 -0.059956726 -0.107161753 -0.027173145 -0.054011881 -0.048773803 0.996978164
1311867189.963340 0.193565592 -0.060813673 -0.108073495 -0.028172476 -0.053884774 -0.048756920 0.996958137
1311867189.999434 0.196580887 -0.059422284 -0.103924274 -0.027632203 -0.053560469 -0.048275456 0.997014165
1311867190.031516 0.200534105 -0.063306749 -0.108294427 -0.028214479 -0.052457269 -0.048764728 0.997032702
1311867190.063454 0.198864192 -0.064832054 -0.108152390 -0.028505823 -0.050852198 -0.049631819 0.997064829
1311867190.099590 0.211800531 -0.067263231 -0.103741691 -0.027026463 -0.053693682 -0.048714653 0.997002244
1311867190.131422 0.220061198 -0.068768457 -0.105996557 -0.025392128 -0.054732185 -0.048502799 0.996999085
1311867190.163525 0.227897808 -0.074732788 -0.103577785 -0.026358977 -0.056948300 -0.049380079 0.996806800
1311867190.199492 0.228907406 -0.077800691 -0.102133609 -0.024035754 -0.056846011 -0.049406461 0.996870041
1311867190.231389 0.232529968 -0.074363656 -0.103729904 -0.021053826 -0.057050277 -0.049226206 0.996934772
1311867190.263381 0.236461952 -0.077431329 -0.102899961 -0.021096781 -0.057030521 -0.048805095 0.996955693
1311867190.299376 0.241510138 -0.078725740 -0.102341056 -0.020047942 -0.057757165 -0.047747448 0.996986687
1311867190.331359 0.244794741 -0.076140396 -0.100596279 -0.018266261 -0.058518894 -0.046947993 0.997014463
1311867190.363437 0.245153412 -0.072231054 -0.099421613 -0.017683869 -0.058212738 -0.046175689 0.997078955
1311867190.399467 0.252054393 -0.078402124 -0.100079261 -0.019622451 -0.058631662 -0.046321537 0.997011304
1311867190.431374 0.256348461 -0.070021346 -0.099048957 -0.018425249 -0.058754448 -0.045393012 0.997069657
1311867190.463341 0.255582243 -0.072131999 -0.099325009 -0.021089461 -0.057834741 -0.045465879 0.997067392
1311867190.499357 0.257783562 -0.072901234 -0.097866781 -0.020881711 -0.058059607 -0.044812616 0.997088253
1311867190.531809 0.262804687 -0.073245049 -0.099514432 -0.021983396 -0.058394633 -0.044864371 0.997042656
1311867190.563353 0.263954133 -0.072709136 -0.096604429 -0.023238508 -0.057366569 -0.045426797 0.997048378
1311867190.599451 0.269762576 -0.074622862 -0.096362099 -0.023576070 -0.057785694 -0.044871010 0.997041404
1311867190.631421 0.275602371 -0.074311301 -0.095080063 -0.024084227 -0.059163492 -0.044324506 0.996972919
1311867190.663424 0.278260738 -0.076210104 -0.093530789 -0.025082814 -0.059156325 -0.044625130 0.996935368
1311867190.699639 0.280102342 -0.073444091 -0.090876482 -0.024455797 -0.058383245 -0.044455968 0.997003973
1311867190.731381 0.283904135 -0.076071806 -0.090599209 -0.025960809 -0.059608769 -0.045039188 0.996867299
1311867190.763475 0.285192102 -0.075864360 -0.090901412 -0.026556943 -0.059602302 -0.045366216 0.996837139
1311867190.799433 0.287339658 -0.076020554 -0.089165255 -0.027699748 -0.059782229 -0.045209765 0.996802330
1311867190.831710 0.292350560 -0.077214763 -0.083943099 -0.028049318 -0.060556028 -0.046220578 0.996699452
1311867190.863426 0.292322308 -0.077049501 -0.082610719 -0.027029334 -0.059462100 -0.046568517 0.996777356
1311867190.899432 0.297600865 -0.080210805 -0.084562689 -0.027881326 -0.060642365 -0.046744641 0.996674538
1311867190.931647 0.301726192 -0.082165726 -0.084109470 -0.028057728 -0.061176550 -0.047089588 0.996620655
1311867190.963532 0.300075024 -0.082184754 -0.082284123 -0.026661729 -0.060552690 -0.047375601 0.996683598
1311867190.999440 0.304980367 -0.080179252 -0.081995264 -0.026404478 -0.061449014 -0.047859315 0.996612430
1311867191.031327 0.311972857 -0.084915079 -0.080926441 -0.029973855 -0.062269576 -0.048240330 0.996442139
1311867191.063627 0.311943680 -0.084421277 -0.077048421 -0.029149123 -0.061287608 -0.048363563 0.996521592
1311867191.099432 0.318981439 -0.084187187 -0.076412231 -0.028616026 -0.062615797 -0.048454251 0.996450007
1311867191.131303 0.322079211 -0.085483968 -0.072857507 -0.030039215 -0.062556930 -0.049480103 0.996361434
1311867191.163395 0.327453166 -0.088048376 -0.075020477 -0.030166103 -0.062582411 -0.050557464 0.996301889
1311867191.199389 0.329671115 -0.086086988 -0.074220143 -0.029232386 -0.061906215 -0.050771318 0.996361077
1311867191.231395 0.329982668 -0.085825965 -0.071552813 -0.030243982 -0.061359428 -0.051170159 0.996344328
1311867191.263468 0.335746557 -0.087096825 -0.070014700 -0.030631719 -0.061306197 -0.051134244 0.996337593
1311867191.299713 0.337023228 -0.085907288 -0.071890399 -0.030601138 -0.059847213 -0.051721901 0.996396899
1311867191.331660 0.341963977 -0.088095084 -0.069667339 -0.032971814 -0.059965365 -0.051841937 0.996307969
1311867191.363436 0.345169306 -0.091120876 -0.069083609 -0.033888739 -0.061075464 -0.051301248 0.996237695
1311867191.399571 0.348248810 -0.092107728 -0.067393802 -0.033124518 -0.062505476 -0.050799027 0.996200442
1311867191.431588 0.355749726 -0.090746857 -0.065751940 -0.033272795 -0.063513517 -0.051712990 0.996084690
1311867191.463414 0.354288310 -0.090696134 -0.064579740 -0.033456061 -0.061878428 -0.052706152 0.996129453
1311867191.499653 0.356800526 -0.090051614 -0.065084405 -0.033363938 -0.062656730 -0.052350800 0.996102631
1311867191.531446 0.356355995 -0.090415865 -0.063807204 -0.034113925 -0.062815540 -0.052475002 0.996060669
1311867191.563639 0.357512087 -0.090291373 -0.065852366 -0.033638455 -0.061818656 -0.052878410 0.996117890
1311867191.599847 0.362664372 -0.088977315 -0.061786972 -0.034363452 -0.063345432 -0.052744918 0.996004283
1311867191.631469 0.364021659 -0.090100251 -0.061375123 -0.036148585 -0.063684784 -0.052945167 0.995908856
1311867191.663620 0.364578038 -0.090039589 -0.057216141 -0.036267571 -0.063891403 -0.052579764 0.995910645
1311867191.699573 0.371180922 -0.090865761 -0.057174429 -0.037168145 -0.065594159 -0.052209087 0.995786250
1311867191.731487 0.372182220 -0.093418099 -0.055996701 -0.038619366 -0.064910613 -0.053131100 0.995727003
1311867191.763579 0.375134945 -0.093068033 -0.055356968 -0.037970118 -0.065199301 -0.053335465 0.995722175
1311867191.799771 0.374703526 -0.092251867 -0.054403536 -0.038757622 -0.065680474 -0.053315673 0.995661259
1311867191.831511 0.377352506 -0.092708334 -0.052500281 -0.039186936 -0.066199072 -0.053486183 0.995600998
1311867191.863471 0.377510399 -0.091662884 -0.050973125 -0.039352316 -0.066549323 -0.053292494 0.995581508
1311867191.899623 0.374770820 -0.092146665 -0.053328164 -0.040948164 -0.066292785 -0.053095426 0.995544791
1311867191.931630 0.376166880 -0.093968749 -0.048847578 -0.041714322 -0.066252865 -0.054031651 0.995465219
1311867191.963470 0.376958489 -0.093568973 -0.048892070 -0.041443869 -0.066380270 -0.054329693 0.995451868
1311867191.999526 0.378401101 -0.093925901 -0.047194924 -0.043486189 -0.066225752 -0.055217631 0.995326161
1311867192.031527 0.379794568 -0.095791303 -0.044651564 -0.043431763 -0.065991126 -0.054804273 0.995366991
1311867192.063495 0.383111119 -0.095716529 -0.044391803 -0.041950036 -0.067284599 -0.054832522 0.995342374
1311867192.099806 0.385343373 -0.097227022 -0.044891771 -0.043911610 -0.067055888 -0.055417139 0.995240808
1311867192.131666 0.387389392 -0.099036813 -0.039496955 -0.044290118 -0.067032628 -0.054673634 0.995266736
1311867192.163516 0.392210811 -0.096511185 -0.040540155 -0.042196289 -0.067520440 -0.054637946 0.995326757
1311867192.199653 0.392153203 -0.096675582 -0.038533863 -0.043551069 -0.066946708 -0.054694775 0.995303929
1311867192.231699 0.393496692 -0.099293202 -0.037071045 -0.043612208 -0.066730969 -0.054667305 0.995317280
1311867192.263542 0.397111177 -0.096867912 -0.037401162 -0.042438593 -0.067350574 -0.054176316 0.995353162
1311867192.299473 0.401483715 -0.098939218 -0.035431929 -0.043817155 -0.067421272 -0.054587737 0.995266140
1311867192.331519 0.401073664 -0.100825273 -0.034561045 -0.043373074 -0.065867670 -0.054196056 0.995410979
1311867192.363620 0.406481475 -0.099975497 -0.034313127 -0.042398840 -0.066741981 -0.053489033 0.995432973
1311867192.399491 0.406489938 -0.100155242 -0.033227615 -0.042977046 -0.065395162 -0.053487543 0.995497644
1311867192.431620 0.410762489 -0.104747251 -0.031343993 -0.043075640 -0.065358080 -0.053293318 0.995506227
1311867192.463542 0.413090885 -0.101238646 -0.029639231 -0.041154541 -0.064514175 -0.052648436 0.995676816
1311867192.499590 0.416018456 -0.101706892 -0.029529346 -0.041512314 -0.063825674 -0.052585956 0.995709658
1311867192.531620 0.417798281 -0.103565782 -0.027337668 -0.040641524 -0.063164622 -0.053077251 0.995761693
1311867192.563632 0.420198023 -0.102794439 -0.028198428 -0.039224107 -0.062439419 -0.052992392 0.995868802
1311867192.599632 0.422206074 -0.104668662 -0.028649045 -0.040443752 -0.061661616 -0.052803185 0.995878518
1311867192.631521 0.424414843 -0.106818773 -0.026193071 -0.040096510 -0.061425336 -0.053351812 0.995877922
1311867192.663625 0.427549630 -0.103961185 -0.025487734 -0.038536169 -0.061312493 -0.052781638 0.995976865
1311867192.699607 0.428755313 -0.104611702 -0.024764178 -0.039399840 -0.061003398 -0.052670054 0.995967984
1311867192.731618 0.431147993 -0.106395572 -0.022809966 -0.039297506 -0.060995102 -0.052201062 0.995997190
1311867192.763642 0.434975743 -0.105799273 -0.024961067 -0.038942456 -0.061683491 -0.052159421 0.995970905
1311867192.799500 0.436287135 -0.106631048 -0.022653809 -0.040249895 -0.061346184 -0.052924480 0.995899379
1311867192.831693 0.435815513 -0.106388055 -0.021705795 -0.039598111 -0.061007995 -0.052971806 0.995943785
1311867192.863604 0.438292801 -0.105320767 -0.023411848 -0.039574385 -0.061598759 -0.052913591 0.995911479
1311867192.899654 0.437166154 -0.102876000 -0.020065779 -0.040497705 -0.061121829 -0.052969512 0.995900750
1311867192.931656 0.439054042 -0.107512765 -0.020028181 -0.041607864 -0.061771013 -0.053298999 0.995797396
1311867192.963825 0.441083312 -0.102942288 -0.017308075 -0.040369753 -0.062114947 -0.053585637 0.995811522
1311867192.999714 0.442074955 -0.105389796 -0.019365290 -0.043017764 -0.061408602 -0.054120619 0.995715559
1311867193.031653 0.443463951 -0.110987306 -0.018441062 -0.044003133 -0.061997019 -0.054927144 0.995591879
1311867193.063616 0.445805609 -0.105220325 -0.018436827 -0.042027600 -0.062387921 -0.053956401 0.995705903
1311867193.099627 0.444089919 -0.107611917 -0.020078832 -0.044767465 -0.061431523 -0.054731656 0.995603621
1311867193.131636 0.445190966 -0.110001944 -0.019090731 -0.044956107 -0.061500762 -0.055131156 0.995568812
1311867193.163809 0.448920131 -0.105396569 -0.018639959 -0.044211764 -0.061755572 -0.054414928 0.995625794
1311867193.199592 0.446112782 -0.107354432 -0.017449873 -0.046808418 -0.061130084 -0.054302592 0.995551825
1311867193.231634 0.447912455 -0.108504474 -0.018957436 -0.046132073 -0.061175253 -0.054587658 0.995565057
1311867193.263554 0.451937675 -0.107004054 -0.018831812 -0.046693288 -0.061818864 -0.054332387 0.995513022
1311867193.299517 0.450570524 -0.107608654 -0.014558323 -0.046907507 -0.061404623 -0.054301277 0.995530367
1311867193.331430 0.454850554 -0.107669711 -0.014438268 -0.045931950 -0.062151339 -0.053555716 0.995569825
1311867193.363678 0.457644373 -0.107746042 -0.016776478 -0.046728499 -0.062588654 -0.053700782 0.995497584
1311867193.399557 0.460183322 -0.111405000 -0.016034545 -0.047823530 -0.062445845 -0.054036357 0.995436370
1311867193.431817 0.460283101 -0.108956531 -0.015356875 -0.046001289 -0.061752867 -0.053931113 0.995571136
1311867193.463559 0.461761385 -0.108367153 -0.015868427 -0.046774242 -0.061953548 -0.053820468 0.995528698
1311867193.499549 0.463294834 -0.109857909 -0.013499409 -0.047202397 -0.061476305 -0.054243483 0.995515108
1311867193.531619 0.468052775 -0.110175543 -0.013262257 -0.046322741 -0.061698675 -0.054142822 0.995548129
1311867193.563584 0.468227416 -0.108297072 -0.014245534 -0.046599302 -0.060822956 -0.054669000 0.995560408
1311867193.599533 0.468612224 -0.109455310 -0.010635167 -0.046928674 -0.060569242 -0.053737260 0.995611131
1311867193.631742 0.473679274 -0.111251116 -0.013056649 -0.046018284 -0.061424263 -0.054658853 0.995551050
1311867193.663591 0.474018842 -0.109481379 -0.013642672 -0.046546221 -0.060216065 -0.054212559 0.995624721
1311867193.699539 0.476016164 -0.110034086 -0.013425639 -0.046914525 -0.060238868 -0.053733669 0.995631993
1311867193.731568 0.477061272 -0.109982155 -0.012672641 -0.046110719 -0.060241811 -0.053666476 0.995673001
1311867193.763567 0.480255663 -0.108200200 -0.012550484 -0.046305332 -0.059985556 -0.053794257 0.995672524
1311867193.799691 0.479390830 -0.109801263 -0.011808444 -0.046881821 -0.058979969 -0.053600919 0.995716035
1311867193.831554 0.480434924 -0.108472019 -0.010630328 -0.045674067 -0.058797628 -0.053497344 0.995788515
1311867193.863523 0.484406739 -0.109049916 -0.010752356 -0.046351478 -0.058757547 -0.053835124 0.995741427
1311867193.899690 0.484259754 -0.112058066 -0.010766230 -0.046834309 -0.057702128 -0.054337323 0.995753229
1311867193.931567 0.487541527 -0.108377360 -0.009514069 -0.045344651 -0.057481371 -0.054338217 0.995834887
1311867193.963704 0.488984346 -0.108849019 -0.010421122 -0.046295211 -0.057147883 -0.053218186 0.995870829
1311867193.999703 0.493398666 -0.110940263 -0.009233799 -0.046517581 -0.056914855 -0.053468380 0.995860457
1311867194.031689 0.495261163 -0.110316090 -0.010558070 -0.045671929 -0.056066696 -0.053516623 0.995945096
1311867194.063653 0.495340228 -0.108090580 -0.008873141 -0.046012849 -0.054985795 -0.053599250 0.995985210
1311867194.099680 0.492740512 -0.108766139 -0.006991297 -0.046136267 -0.053807616 -0.054090898 0.996017277
1311867194.131720 0.494433701 -0.107982188 -0.007931207 -0.045480989 -0.053293992 -0.053940218 0.996083200
1311867194.163586 0.497023940 -0.106659479 -0.007070194 -0.046412989 -0.053676359 -0.053354640 0.996051252
1311867194.199685 0.501789749 -0.111290075 -0.008935853 -0.047235031 -0.054408822 -0.054179657 0.995928347
1311867194.231549 0.502298474 -0.108181283 -0.008503027 -0.046104502 -0.054497339 -0.053556349 0.996010125
1311867194.263619 0.501341224 -0.110714130 -0.010915026 -0.047809277 -0.054208998 -0.054639325 0.995886624
1311867194.299716 0.504593372 -0.111699410 -0.010377049 -0.047570795 -0.054947384 -0.054844301 0.995846331
1311867194.331761 0.505966365 -0.111997522 -0.010966953 -0.047558468 -0.055514801 -0.054956671 0.995809257
1311867194.363706 0.503810406 -0.111965030 -0.011677718 -0.048583519 -0.055338960 -0.055504017 0.995739222
1311867194.399611 0.505727351 -0.113096617 -0.009065126 -0.048439655 -0.055445753 -0.055671617 0.995730937
1311867194.431803 0.507403612 -0.112713322 -0.009734550 -0.047521185 -0.055666748 -0.056055795 0.995741367
1311867194.463875 0.506765962 -0.112773798 -0.009123121 -0.047824066 -0.055411343 -0.056196295 0.995733142
1311867194.499629 0.505389392 -0.113904081 -0.009083343 -0.047981791 -0.055118304 -0.056555506 0.995721519
1311867194.531606 0.507366657 -0.110639386 -0.007342655 -0.046586744 -0.055588480 -0.056429330 0.995768785
1311867194.563736 0.506655097 -0.111516058 -0.008280243 -0.047312412 -0.055709079 -0.057020403 0.995694160
1311867194.599622 0.506987035 -0.112632066 -0.007596060 -0.047555707 -0.055616222 -0.057171196 0.995679021
1311867194.631888 0.506804109 -0.108848803 -0.005471534 -0.046982329 -0.055898249 -0.056435242 0.995732486
1311867194.663614 0.506274939 -0.110698849 -0.006724914 -0.048436232 -0.056174405 -0.056881830 0.995621860
1311867194.699671 0.507328391 -0.112115115 -0.006563592 -0.049058903 -0.055884913 -0.057163838 0.995591521
1311867194.731755 0.509175658 -0.110963255 -0.006417213 -0.049082633 -0.055957213 -0.057210173 0.995583594
1311867194.763586 0.508963048 -0.109172262 -0.003764894 -0.048976738 -0.055666376 -0.057013836 0.995616376
1311867194.799726 0.508533418 -0.110803246 -0.006356451 -0.049686015 -0.055302691 -0.057148270 0.995593786
1311867194.831891 0.509652317 -0.111889422 -0.007428763 -0.050523125 -0.055186279 -0.057307206 0.995549023
1311867194.863668 0.508633912 -0.109665342 -0.005997728 -0.049998447 -0.054978076 -0.057358325 0.995584071
1311867194.899588 0.510944784 -0.109071106 -0.004067417 -0.050492961 -0.055152539 -0.057288863 0.995553493
1311867194.931823 0.506292522 -0.109393410 -0.003064292 -0.050929867 -0.054632049 -0.057733428 0.995534182
1311867194.963864 0.507461429 -0.109424308 -0.001987936 -0.050160959 -0.055834252 -0.057842344 0.995500267
1311867194.999857 0.507920384 -0.110699385 -0.004167311 -0.050363559 -0.056019928 -0.058054794 0.995467186
1311867195.031823 0.503075063 -0.112245917 -0.002596538 -0.050343402 -0.056053344 -0.057603128 0.995492637
1311867195.063659 0.503931046 -0.110274740 -0.003618713 -0.048384976 -0.057756383 -0.057642382 0.995490074
1311867195.099839 0.505717158 -0.110270493 -0.003971936 -0.049018249 -0.058399498 -0.057853278 0.995409310
1311867195.131755 0.501958907 -0.109457456 -0.002923382 -0.048572235 -0.057361737 -0.058235440 0.995469272
1311867195.163739 0.501109421 -0.108556926 -0.004694745 -0.048521839 -0.057711981 -0.057641927 0.995486021
1311867195.199682 0.498890251 -0.108424544 -0.004774936 -0.049333148 -0.058373626 -0.057282101 0.995428324
1311867195.231953 0.498448431 -0.110719591 -0.004735073 -0.049839113 -0.058899187 -0.057998300 0.995330751
1311867195.263959 0.497896045 -0.109329246 -0.004916060 -0.049361374 -0.058659222 -0.058446392 0.995342433
1311867195.299843 0.495821655 -0.108474918 -0.005074224 -0.049490772 -0.058208693 -0.058784578 0.995342553
1311867195.331663 0.494274288 -0.112694308 -0.006069601 -0.049872834 -0.058273375 -0.058620267 0.995329440
1311867195.363660 0.492643028 -0.108671993 -0.006150345 -0.047487326 -0.058314510 -0.058166325 0.995470285
1311867195.399819 0.493083864 -0.109003179 -0.007236026 -0.048214629 -0.058631960 -0.058213025 0.995413959
1311867195.431775 0.490828633 -0.109374583 -0.007747463 -0.047532894 -0.058595434 -0.057699453 0.995478809
1311867195.463774 0.488880515 -0.107536651 -0.006270004 -0.046876863 -0.058665633 -0.056871928 0.995553374
1311867195.499861 0.487870783 -0.109040663 -0.006433539 -0.048433959 -0.059051547 -0.057806589 0.995402217
1311867195.531827 0.482018262 -0.111175753 -0.006599578 -0.048716851 -0.057942729 -0.058393564 0.995419323
1311867195.563721 0.482246250 -0.108572192 -0.006259882 -0.047483668 -0.058658335 -0.057904705 0.995465577
1311867195.599756 0.479726344 -0.109902807 -0.007652774 -0.048427437 -0.058723792 -0.058258854 0.995395482
1311867195.631794 0.478384942 -0.110333592 -0.007729191 -0.048049718 -0.058459856 -0.058358874 0.995423555
1311867195.663755 0.476471007 -0.110214747 -0.010693481 -0.047706999 -0.058822956 -0.058214601 0.995427012
1311867195.699923 0.472991914 -0.109149709 -0.009084579 -0.047643073 -0.058836121 -0.058674879 0.995402277
1311867195.732032 0.472776204 -0.110669605 -0.008318774 -0.047485583 -0.059455376 -0.058606032 0.995377064
1311867195.767662 0.469636232 -0.110245995 -0.009560463 -0.047015406 -0.059210759 -0.059066173 0.995386839
1311867195.799635 0.467853397 -0.111196570 -0.010793974 -0.047824524 -0.059077125 -0.058990728 0.995360732
1311867195.831755 0.464100778 -0.111485690 -0.009821886 -0.047400285 -0.059116665 -0.058915641 0.995383084
1311867195.867630 0.463001549 -0.108173110 -0.011280263 -0.046522468 -0.059431661 -0.058255512 0.995444536
1311867195.899840 0.460251719 -0.108063996 -0.010761969 -0.047629364 -0.059273932 -0.057870802 0.995424092
1311867195.931915 0.457441181 -0.109532826 -0.010691349 -0.047760051 -0.058700785 -0.058136754 0.995436311
1311867195.967737 0.456156850 -0.106564879 -0.011379318 -0.047200382 -0.058883134 -0.057341438 0.995498359
1311867195.999658 0.451697052 -0.108056761 -0.011682614 -0.048688088 -0.058450323 -0.057015743 0.995470941
1311867196.031886 0.452025920 -0.109510355 -0.012084603 -0.048596285 -0.058775954 -0.056271620 0.995498538
1311867196.067754 0.449156851 -0.104340322 -0.011760124 -0.047563095 -0.058163084 -0.055499848 0.995627761
1311867196.099654 0.447175145 -0.107767016 -0.011686566 -0.049441408 -0.058073372 -0.055823106 0.995523453
1311867196.131796 0.443238795 -0.106440574 -0.011562161 -0.048528168 -0.057990324 -0.055112641 0.995612741
1311867196.167747 0.445742309 -0.106925413 -0.012022454 -0.048989486 -0.058941439 -0.055447187 0.995515764
1311867196.199711 0.442243248 -0.107757434 -0.012847263 -0.049574070 -0.058160558 -0.056078456 0.995497406
1311867196.231920 0.439731777 -0.107503459 -0.012324732 -0.048879113 -0.057760507 -0.056065083 0.995555818
1311867196.267924 0.437640488 -0.107311219 -0.014728663 -0.049037252 -0.057524379 -0.056032136 0.995563507
1311867196.299732 0.436588973 -0.109115459 -0.014394531 -0.049610715 -0.057493780 -0.056631636 0.995503008
1311867196.331833 0.435200900 -0.107101664 -0.015028436 -0.048546080 -0.057615787 -0.056021545 0.995582938
1311867196.368729 0.434513658 -0.104399458 -0.013791639 -0.048626248 -0.057515051 -0.055815160 0.995596468
1311867196.399739 0.430695087 -0.108922943 -0.016139841 -0.050441023 -0.056692760 -0.056875698 0.995493233
1311867196.432020 0.428783059 -0.108434506 -0.015231621 -0.049870066 -0.056985185 -0.056621030 0.995519817
1311867196.467800 0.429124743 -0.107553497 -0.016193865 -0.050448466 -0.057208143 -0.056304298 0.995495856
1311867196.499768 0.425170839 -0.108333975 -0.014770674 -0.050964467 -0.056738459 -0.056220051 0.995501280
1311867196.531926 0.424070954 -0.107039519 -0.015350865 -0.050393529 -0.057592086 -0.055906639 0.995499015
1311867196.567767 0.420961022 -0.106766708 -0.016386766 -0.051528394 -0.056759797 -0.055703633 0.995500028
1311867196.599713 0.421004802 -0.105450571 -0.016247004 -0.051415201 -0.057142191 -0.055258024 0.995508850
1311867196.631994 0.418390453 -0.106624089 -0.017790198 -0.051638126 -0.056923106 -0.055193357 0.995513439
1311867196.667737 0.415564090 -0.104225822 -0.017341794 -0.051998787 -0.056998387 -0.054697063 0.995517731
1311867196.699700 0.412780851 -0.105571181 -0.016267426 -0.053123374 -0.056769215 -0.054581746 0.995477855
1311867196.731760 0.409004122 -0.102902241 -0.016685238 -0.052507602 -0.056149274 -0.054402556 0.995555460
1311867196.767707 0.405513436 -0.103612371 -0.017529091 -0.053561635 -0.056062274 -0.053887710 0.995532215
1311867196.799736 0.404976845 -0.105508655 -0.016644929 -0.054129779 -0.056878399 -0.054636881 0.995414376
1311867196.831867 0.402039260 -0.105336741 -0.015472975 -0.053942930 -0.056277543 -0.055038575 0.995436549
1311867196.867749 0.399661005 -0.103096843 -0.016118290 -0.053776428 -0.056470480 -0.054841232 0.995445490
1311867196.899715 0.397458255 -0.104012534 -0.016622465 -0.053865749 -0.057211373 -0.054839958 0.995398402
1311867196.931975 0.393888682 -0.103813484 -0.018474976 -0.053441375 -0.057345841 -0.055010818 0.995404124
1311867196.967911 0.392249793 -0.105306908 -0.018532397 -0.053790119 -0.057543702 -0.055895481 0.995324671
1311867196.999866 0.388182491 -0.105322182 -0.018484028 -0.053641547 -0.056985386 -0.056878146 0.995309114
1311867197.031979 0.382768929 -0.105161369 -0.019097079 -0.053277131 -0.056831703 -0.056407448 0.995364189
1311867197.067817 0.382885754 -0.104082786 -0.017970443 -0.053166367 -0.057535216 -0.056148391 0.995344400
1311867197.099836 0.379073411 -0.106280342 -0.017797502 -0.053450100 -0.057198174 -0.057300102 0.995283008
1311867197.131870 0.375403672 -0.104563266 -0.019580077 -0.053310279 -0.056833740 -0.057728276 0.995286584
1311867197.167713 0.372447878 -0.105557263 -0.019948933 -0.053885799 -0.056619477 -0.058267567 0.995236397
1311867197.199776 0.370720834 -0.105401337 -0.020794371 -0.053657636 -0.056429036 -0.058967464 0.995218337
1311867197.231928 0.367493212 -0.103977494 -0.021471055 -0.053746231 -0.056413431 -0.059236947 0.995198429
1311867197.267919 0.366589367 -0.105097033 -0.023644837 -0.054511257 -0.056389354 -0.059573565 0.995138049
1311867197.299810 0.362691224 -0.105215520 -0.023351002 -0.054451328 -0.056149229 -0.059898756 0.995135486
1311867197.332018 0.360376269 -0.103018425 -0.021753842 -0.054602664 -0.056197893 -0.059505850 0.995147943
1311867197.367855 0.357048512 -0.104970440 -0.023773994 -0.055223480 -0.055737324 -0.059708275 0.995127499
1311867197.399882 0.356251895 -0.104768068 -0.023513449 -0.054602712 -0.056243893 -0.059629634 0.995137930
1311867197.431956 0.353482574 -0.104191065 -0.025157738 -0.054463647 -0.055934079 -0.059707709 0.995158374
1311867197.467991 0.350249916 -0.104635157 -0.025276123 -0.054447085 -0.055301394 -0.059452601 0.995209932
1311867197.499995 0.348066926 -0.104616307 -0.027384952 -0.053679317 -0.055581819 -0.059166703 0.995253026
1311867197.531882 0.347122043 -0.102731735 -0.028238341 -0.053574841 -0.055774484 -0.059010800 0.995257139
1311867197.567869 0.339137793 -0.106427364 -0.028761219 -0.055142190 -0.053623028 -0.060225565 0.995217025
1311867197.599910 0.338324666 -0.105077870 -0.031254284 -0.053613622 -0.053723551 -0.060708180 0.995265782
1311867197.631963 0.337826967 -0.103494227 -0.032384578 -0.054317560 -0.053369429 -0.061516952 0.995196998
1311867197.667929 0.332379729 -0.105686225 -0.033561200 -0.055432830 -0.052112907 -0.061889805 0.995178998
1311867197.699744 0.332283497 -0.104118183 -0.034447152 -0.054428905 -0.052408215 -0.062537536 0.995178401
1311867197.732004 0.331927866 -0.100405358 -0.033566985 -0.055024855 -0.052036822 -0.062406536 0.995173275
1311867197.767904 0.327014089 -0.103932880 -0.035367135 -0.055473696 -0.051060870 -0.063560955 0.995125890
1311867197.799835 0.322634727 -0.101119518 -0.035517961 -0.054489635 -0.050511587 -0.063460603 0.995214701
1311867197.831987 0.318524122 -0.102188446 -0.035514005 -0.055782821 -0.049939636 -0.064199112 0.995124519
1311867197.867941 0.319533467 -0.104162119 -0.038259678 -0.055203173 -0.050195355 -0.064949036 0.995095372
1311867197.899954 0.316858411 -0.099764563 -0.039625973 -0.054173555 -0.050320633 -0.065236986 0.995126724
1311867197.932046 0.314823449 -0.101335838 -0.040315725 -0.055489410 -0.050528873 -0.065832406 0.995004475
1311867197.967946 0.312189549 -0.101286240 -0.042054404 -0.055018220 -0.050659757 -0.066391736 0.994986832
1311867197.999775 0.310947388 -0.098579235 -0.042809281 -0.054944836 -0.051100716 -0.066502616 0.994960904
1311867198.031819 0.307188809 -0.100939423 -0.046006791 -0.056416672 -0.050895300 -0.067062385 0.994851470
1311867198.067816 0.305052042 -0.097023793 -0.046571992 -0.055037953 -0.051023461 -0.066214204 0.994978964
1311867198.099796 0.303266943 -0.095391810 -0.046305750 -0.055464599 -0.051171079 -0.066412225 0.994934499
1311867198.131829 0.298303366 -0.092507966 -0.045310613 -0.055261701 -0.050645560 -0.066057995 0.994996250
1311867198.167952 0.297440171 -0.094222151 -0.047735464 -0.055773407 -0.051205296 -0.066410594 0.994915605
1311867198.199814 0.298229247 -0.094187103 -0.048555091 -0.056162637 -0.051897850 -0.066609569 0.994844496
1311867198.232003 0.294625044 -0.094518177 -0.050419841 -0.056128714 -0.051577363 -0.066602759 0.994863570
1311867198.267962 0.292358845 -0.091083370 -0.050917167 -0.054732215 -0.051726531 -0.066307709 0.994953275
1311867198.299864 0.285933346 -0.092762165 -0.052305825 -0.055788387 -0.051191147 -0.067037307 0.994873464
1311867198.331863 0.282736689 -0.094144948 -0.055492900 -0.055808157 -0.051679607 -0.067082897 0.994844079
1311867198.367970 0.280506194 -0.089881554 -0.056959361 -0.053811770 -0.052461378 -0.066703685 0.994938612
1311867198.399906 0.278448015 -0.093572460 -0.060989685 -0.055327263 -0.052506823 -0.067000397 0.994833171
1311867198.431988 0.273159623 -0.093171537 -0.060663648 -0.054231353 -0.052379798 -0.066345878 0.994943976
1311867198.467921 0.271066219 -0.092110045 -0.062762432 -0.052041676 -0.052770540 -0.066485763 0.995030999
1311867198.500075 0.267837465 -0.090889491 -0.063191421 -0.051952962 -0.053351875 -0.066287830 0.995017827
1311867198.532125 0.265391380 -0.093462221 -0.064563751 -0.051336426 -0.054228667 -0.066045709 0.995018542
1311867198.567990 0.263066798 -0.086220808 -0.061486602 -0.047911346 -0.055339895 -0.063817561 0.995273530
1311867198.599951 0.261742115 -0.088109821 -0.065267891 -0.048821479 -0.056320719 -0.063780010 0.995176673
1311867198.631966 0.256349921 -0.087321088 -0.068256974 -0.048310138 -0.054828811 -0.064680755 0.995226800
1311867198.668073 0.252385080 -0.087483391 -0.071641013 -0.048295077 -0.054090369 -0.064952701 0.995250285
1311867198.699844 0.252625018 -0.084774680 -0.071292490 -0.048109591 -0.054680113 -0.064412020 0.995262146
1311867198.731874 0.249770135 -0.086203657 -0.072485633 -0.048836365 -0.054243747 -0.065037236 0.995209992
1311867198.767911 0.248172328 -0.085774921 -0.076271124 -0.049277011 -0.053679600 -0.064644724 0.995244443
1311867198.799839 0.246089697 -0.083846055 -0.074990451 -0.049308620 -0.052287076 -0.064347155 0.995336235
1311867198.831953 0.241885751 -0.083867408 -0.076673396 -0.049221020 -0.051368982 -0.063874461 0.995418847
1311867198.867891 0.241521597 -0.081458502 -0.075152598 -0.049174424 -0.051374838 -0.063108355 0.995469749
1311867198.899855 0.238568440 -0.080463640 -0.075632758 -0.049347457 -0.049681485 -0.062890336 0.995560825
1311867198.931881 0.236876786 -0.080589585 -0.078658089 -0.049463630 -0.048983671 -0.062202744 0.995632887
1311867198.968077 0.235853910 -0.079380587 -0.077316485 -0.049426571 -0.047957558 -0.060899366 0.995765269
1311867199.000050 0.232963204 -0.079296634 -0.081342891 -0.049323760 -0.046272196 -0.060007386 0.995904207
1311867199.031843 0.234199375 -0.078106806 -0.079182565 -0.049246263 -0.046175592 -0.058902334 0.995978534
1311867199.067992 0.234469727 -0.076598354 -0.082710363 -0.048987195 -0.045316938 -0.057194799 0.996130228
1311867199.099860 0.228230208 -0.076776914 -0.083629310 -0.049550720 -0.042880382 -0.056080867 0.996273518
1311867199.132002 0.226978555 -0.071918137 -0.085896581 -0.047255304 -0.041500695 -0.053793140 0.996569574
1311867199.167891 0.226356059 -0.070000276 -0.087119788 -0.046846841 -0.040110301 -0.052483547 0.996715605
1311867199.200126 0.225708783 -0.068744257 -0.087219536 -0.046636071 -0.038908977 -0.051248960 0.996837437
1311867199.234099 0.225089744 -0.068639249 -0.089017868 -0.045975301 -0.038476586 -0.050291374 0.996933639
1311867199.267942 0.223864898 -0.067433409 -0.090154290 -0.046095617 -0.037571162 -0.049339548 0.997010171
1311867199.300030 0.220682725 -0.069652610 -0.093705788 -0.046429802 -0.036869172 -0.048611440 0.997056663
1311867199.331880 0.218372658 -0.066890933 -0.094323099 -0.044673249 -0.036275823 -0.048295189 0.997174025
1311867199.368141 0.217414007 -0.065816656 -0.094313323 -0.043849729 -0.036065377 -0.047434259 0.997259498
1311867199.399920 0.210664615 -0.066022538 -0.096867733 -0.043221127 -0.034982577 -0.047417615 0.997326314
1311867199.432048 0.207010373 -0.065429732 -0.098941550 -0.042195134 -0.034712043 -0.047122024 0.997393727
1311867199.467972 0.208756283 -0.063761830 -0.100389965 -0.041438885 -0.035474565 -0.047419272 0.997384489
1311867199.500181 0.201936424 -0.064087085 -0.100309797 -0.040879309 -0.034299560 -0.048264775 0.997408152
1311867199.532253 0.196940809 -0.062490858 -0.102585413 -0.040209416 -0.032911219 -0.048751663 0.997458518
1311867199.568266 0.195634156 -0.060540248 -0.103993304 -0.039755680 -0.033554204 -0.048958369 0.997445107
1311867199.600399 0.195936993 -0.061905686 -0.106027827 -0.040105417 -0.034748532 -0.049043365 0.997386038
1311867199.632208 0.194113374 -0.060296968 -0.105850711 -0.039611842 -0.035338040 -0.049452424 0.997364879
1311867199.668054 0.188944682 -0.060934655 -0.107124098 -0.039738044 -0.035249177 -0.049947094 0.997338295
1311867199.699941 0.186433464 -0.058854714 -0.107496597 -0.038689170 -0.035273481 -0.050462447 0.997352719
1311867199.732005 0.184610412 -0.058734477 -0.108447149 -0.038906652 -0.036460690 -0.051057916 0.997271359
1311867199.768069 0.179444954 -0.057352129 -0.110249482 -0.038863108 -0.036391851 -0.051234901 0.997266412
1311867199.800056 0.176466271 -0.058659237 -0.110361107 -0.038474806 -0.037051462 -0.051920254 0.997221708
1311867199.832480 0.173606187 -0.059670713 -0.112979814 -0.038831614 -0.037701279 -0.052548680 0.997150660
1311867199.867939 0.170836642 -0.058518413 -0.112944752 -0.038867097 -0.037673980 -0.053459853 0.997101843
1311867199.899922 0.167323530 -0.059665959 -0.113311060 -0.038131539 -0.038417589 -0.053946882 0.997075677
1311867199.932206 0.166586965 -0.058952492 -0.114506416 -0.037845381 -0.039595209 -0.053724412 0.997052491
1311867199.967970 0.165651947 -0.061105948 -0.114413582 -0.038375460 -0.040044598 -0.054088507 0.996994615
1311867200.000052 0.164336458 -0.059580971 -0.111514360 -0.036998805 -0.041082818 -0.054206159 0.996998012
1311867200.032204 0.158846900 -0.054403510 -0.114434145 -0.036102809 -0.040462334 -0.054839350 0.997021616
1311867200.068006 0.157794356 -0.054714780 -0.113746561 -0.036902901 -0.041626319 -0.055331025 0.996917248
1311867200.100058 0.157224476 -0.054011203 -0.113266200 -0.036021627 -0.042608321 -0.055479776 0.996899724
1311867200.132173 0.154340521 -0.054416977 -0.114170104 -0.037122421 -0.042892817 -0.055623934 0.996839106
1311867200.168054 0.152152628 -0.055782661 -0.115055621 -0.037398368 -0.043474607 -0.056925204 0.996730149
1311867200.200062 0.153927475 -0.052746348 -0.112486005 -0.036098760 -0.045216359 -0.056418266 0.996729374
1311867200.232126 0.147534579 -0.054501358 -0.114171162 -0.037968654 -0.044887640 -0.056946311 0.996644735
1311867200.268192 0.146793112 -0.054636005 -0.115134664 -0.037654269 -0.046057172 -0.057514057 0.996570647
1311867200.300066 0.140133739 -0.051673226 -0.113997161 -0.037470099 -0.045999937 -0.057686370 0.996570289
1311867200.332117 0.136967570 -0.052782364 -0.109631777 -0.038140330 -0.046168569 -0.058608297 0.996483326
1311867200.368163 0.130118385 -0.051073879 -0.112393036 -0.037025128 -0.046146926 -0.058712237 0.996520221
1311867200.400065 0.122792520 -0.051146828 -0.111963183 -0.037950516 -0.046656098 -0.059348270 0.996424019
1311867200.432114 0.122006662 -0.054995693 -0.112030454 -0.038889013 -0.048184633 -0.060193524 0.996264338
1311867200.468132 0.121635497 -0.050676879 -0.112169147 -0.036809947 -0.047378074 -0.061585464 0.996297002
1311867200.500090 0.119280659 -0.051581085 -0.111941464 -0.037242543 -0.047975257 -0.062641837 0.996186495
1311867200.532161 0.114992432 -0.054970644 -0.115609750 -0.038007397 -0.049678423 -0.062928163 0.996056020
1311867200.568212 0.115351565 -0.053851433 -0.114083067 -0.038322981 -0.050818168 -0.063062638 0.995977938
1311867200.600091 0.111828253 -0.052239310 -0.111263283 -0.038303271 -0.051273406 -0.064410865 0.995869040
1311867200.632043 0.106662601 -0.051557459 -0.110007077 -0.038173046 -0.051663570 -0.064937182 0.995819747
1311867200.668204 0.098783888 -0.052790593 -0.108449489 -0.039284009 -0.052843191 -0.064874850 0.995718658
1311867200.700120 0.096132301 -0.057282992 -0.109753281 -0.041020315 -0.053646125 -0.065261021 0.995580494
1311867200.732170 0.095498763 -0.056539655 -0.109849371 -0.040897552 -0.054426480 -0.065449856 0.995530784
1311867200.768079 0.090045907 -0.056518726 -0.110941231 -0.041983563 -0.054203432 -0.065693289 0.995481670
1311867200.800076 0.086313240 -0.056835037 -0.110365510 -0.042410783 -0.055012837 -0.066583693 0.995360076
1311867200.832137 0.082914650 -0.057332072 -0.112519145 -0.042819578 -0.055705938 -0.066299841 0.995322943
1311867200.868158 0.079990268 -0.053177737 -0.109493278 -0.042556502 -0.055992089 -0.066986129 0.995272219
1311867200.899995 0.076288238 -0.055371609 -0.110358141 -0.043589983 -0.056013495 -0.066943131 0.995229185
1311867200.932029 0.075977147 -0.056161534 -0.108310908 -0.043471448 -0.056271844 -0.066549323 0.995246232
1311867200.968154 0.078084633 -0.054276381 -0.102514192 -0.042392902 -0.056446489 -0.066286385 0.995300353
1311867201.000062 0.076990478 -0.056666512 -0.102735795 -0.042155322 -0.056630276 -0.066666543 0.995274663
1311867201.032193 0.070354529 -0.054690156 -0.104840405 -0.040816303 -0.054525811 -0.066494614 0.995459437
1311867201.067956 0.070216887 -0.057099331 -0.104564846 -0.040866677 -0.054804679 -0.066142455 0.995465517
1311867201.100217 0.071358949 -0.056333337 -0.104082145 -0.039478417 -0.055923548 -0.065266266 0.995517135
1311867201.132242 0.068868645 -0.053483300 -0.105704762 -0.038206901 -0.054804318 -0.065517247 0.995612502
1311867201.168191 0.066449262 -0.055089850 -0.105433941 -0.038350239 -0.053314690 -0.065267205 0.995704353
1311867201.200147 0.058073513 -0.056910496 -0.110263892 -0.037545733 -0.050713498 -0.065768301 0.995837808
1311867201.232056 0.057636112 -0.055934414 -0.110873811 -0.036719374 -0.051192027 -0.065305009 0.995874703
1311867201.269490 0.056133553 -0.056617290 -0.111768052 -0.036749255 -0.050758764 -0.064978071 0.995917141
1311867201.299894 0.055284813 -0.057871912 -0.110762142 -0.036501847 -0.050536573 -0.064858422 0.995945334
1311867201.332276 0.050100271 -0.056279399 -0.111547679 -0.034732938 -0.049915113 -0.065096043 0.996024430
1311867201.368233 0.048060227 -0.053357724 -0.112796731 -0.034493793 -0.049973790 -0.064899050 0.996042669
1311867201.400227 0.045847688 -0.055236448 -0.111963004 -0.035625827 -0.051684383 -0.064893879 0.995915830
1311867201.432761 0.044999123 -0.051647026 -0.112630337 -0.033294406 -0.053229362 -0.065195002 0.995895445
1311867201.468080 0.042070672 -0.050054241 -0.111023575 -0.033975527 -0.054020394 -0.065724775 0.995795071
1311867201.500087 0.040454898 -0.052210175 -0.109756224 -0.036053360 -0.056195959 -0.066413589 0.995555878
1311867201.532195 0.035285592 -0.052621931 -0.110933043 -0.036744576 -0.057339117 -0.067432150 0.995396912
1311867201.568143 0.035387468 -0.052830812 -0.110089503 -0.037297715 -0.058860444 -0.067938097 0.995253086
1311867201.600103 0.025052726 -0.043397997 -0.113194361 -0.034725979 -0.056230448 -0.068099223 0.995487213
1311867201.632068 0.025918474 -0.043468621 -0.112138346 -0.035121046 -0.058333892 -0.068669051 0.995313168
1311867201.668050 0.020617040 -0.051194880 -0.113832250 -0.037672501 -0.059931859 -0.070570275 0.994991839
1311867201.700292 0.020519860 -0.046922449 -0.111503378 -0.036880508 -0.060719006 -0.071175434 0.994930744
1311867201.732200 0.016086863 -0.039440092 -0.112888977 -0.035047729 -0.059331551 -0.070819885 0.995105982
1311867201.768201 0.016855627 -0.047371965 -0.111770496 -0.037534010 -0.061935328 -0.072477423 0.994737267
1311867201.800210 0.015545804 -0.046275724 -0.114875667 -0.037719812 -0.062842332 -0.072331719 0.994684041
1311867201.832156 0.012934337 -0.044417169 -0.111506760 -0.038578305 -0.063255183 -0.072388008 0.994620800
1311867201.868219 0.016130835 -0.048263580 -0.111129977 -0.039253820 -0.065026589 -0.071702652 0.994529724
1311867201.900077 0.010950860 -0.045092739 -0.114655271 -0.038302079 -0.064601839 -0.072146736 0.994562447
1311867201.932262 0.011451923 -0.036998682 -0.115960747 -0.036026999 -0.064053744 -0.070997775 0.994765580
1311867201.968172 0.007786396 -0.036823526 -0.117932282 -0.035526719 -0.063206762 -0.071116701 0.994829178
1311867202.000190 0.009091720 -0.043632094 -0.117291816 -0.037541062 -0.065323681 -0.071719557 0.994575262
1311867202.032239 0.012325680 -0.042053599 -0.116642684 -0.036981478 -0.066218607 -0.072282307 0.994496286
1311867202.068152 0.008469626 -0.043637715 -0.118423462 -0.037438646 -0.065022610 -0.072659075 0.994530618
1311867202.100315 0.007016083 -0.041638434 -0.117473178 -0.036793094 -0.065352648 -0.073295504 0.994486332
1311867202.132409 0.010308939 -0.038834129 -0.115693636 -0.036324084 -0.067180857 -0.072889566 0.994411588
1311867202.168279 0.007616129 -0.038703401 -0.116257533 -0.037429884 -0.066577651 -0.072166786 0.994463921
1311867202.200125 0.007534793 -0.041764375 -0.117011718 -0.038526796 -0.067525938 -0.071763173 0.994387209
1311867202.232375 0.007578814 -0.039343253 -0.115306929 -0.037814774 -0.068805382 -0.071791142 0.994324923
1311867202.268101 0.004405852 -0.034713514 -0.116373777 -0.037450600 -0.067894489 -0.071173064 0.994445741
1311867202.300107 0.000333006 -0.038151648 -0.115881316 -0.039685015 -0.066794410 -0.072295904 0.994352579
1311867202.332365 -0.001513608 -0.038576428 -0.117121890 -0.038948227 -0.066780083 -0.072340816 0.994379401
1311867202.368310 -0.003426676 -0.034746621 -0.114546590 -0.038009532 -0.067609675 -0.072245069 0.994366586
1311867202.400292 -0.005970848 -0.037332069 -0.116743781 -0.039360661 -0.068037182 -0.072470814 0.994268417
1311867202.432186 -0.001292043 -0.037831292 -0.113702685 -0.038366806 -0.069038726 -0.073026046 0.994197607
1311867202.468118 -0.005002484 -0.034927189 -0.116176158 -0.036723942 -0.067762025 -0.072657086 0.994374514
1311867202.500244 -0.006576068 -0.035127360 -0.115365490 -0.036490396 -0.066884808 -0.073013067 0.994416475
1311867202.532280 -0.007764454 -0.036388937 -0.116508886 -0.036268964 -0.067458689 -0.073235631 0.994369388
1311867202.568183 -0.009039911 -0.036502153 -0.118145905 -0.035245217 -0.067442983 -0.074187182 0.994336784
1311867202.600241 -0.009665727 -0.038294129 -0.119314268 -0.034440443 -0.065463103 -0.074231215 0.994493961
1311867202.632409 -0.014400101 -0.037767746 -0.120319322 -0.032851968 -0.063631624 -0.073691987 0.994706690
1311867202.668254 -0.021646421 -0.036247443 -0.123930685 -0.031032549 -0.064665347 -0.073660448 0.994700730
1311867202.700291 -0.016656302 -0.039879814 -0.122737214 -0.031343050 -0.067935757 -0.073346846 0.994496167
1311867202.732284 -0.018695828 -0.040552396 -0.123731211 -0.028643049 -0.068168327 -0.073983714 0.994514525
1311867202.768106 -0.020719700 -0.038350310 -0.125012413 -0.025917469 -0.067190602 -0.073918715 0.994660676
1311867202.800215 -0.022619389 -0.038087234 -0.126133904 -0.024386019 -0.066635750 -0.073843345 0.994742334
1311867202.832371 -0.029711310 -0.038510524 -0.125869751 -0.022500509 -0.066604927 -0.073808551 0.994791389
1311867202.868186 -0.031029202 -0.032226499 -0.127022132 -0.018996555 -0.068012908 -0.073125377 0.994819641
1311867202.900343 -0.029903328 -0.030588929 -0.127396882 -0.019074192 -0.070088476 -0.073111214 0.994675100
1311867202.932160 -0.028052581 -0.031461623 -0.127045259 -0.020248272 -0.070275716 -0.075504690 0.994459927
1311867202.968198 -0.032726668 -0.030802103 -0.125636876 -0.020727301 -0.068651266 -0.076577283 0.994481444
1311867203.000234 -0.031496353 -0.027119167 -0.126238853 -0.021639261 -0.069279812 -0.076133944 0.994452477
1311867203.032284 -0.022466520 -0.038943380 -0.126317859 -0.027548002 -0.072303101 -0.076217055 0.994084656
1311867203.068187 -0.024752062 -0.040228538 -0.127274379 -0.028706681 -0.069952540 -0.076053306 0.994232595
1311867203.100350 -0.026595464 -0.042121377 -0.128794730 -0.030608991 -0.068144113 -0.075075679 0.994375765
1311867203.132443 -0.023745928 -0.043495327 -0.127886876 -0.031975694 -0.066434003 -0.074411087 0.994498432
1311867203.168210 -0.023074182 -0.044573162 -0.127977118 -0.031018525 -0.064450040 -0.074787430 0.994631052
1311867203.200286 -0.022994863 -0.043751970 -0.128784090 -0.030380111 -0.062927231 -0.074831963 0.994744897
1311867203.232211 -0.023390081 -0.044394221 -0.128570661 -0.031486101 -0.062043276 -0.074408218 0.994797826
1311867203.268183 -0.022870865 -0.045730077 -0.127433211 -0.031304900 -0.061863218 -0.073357157 0.994892836
1311867203.300206 -0.021514451 -0.047864214 -0.129399374 -0.031323612 -0.063563116 -0.072863631 0.994821370
1311867203.332226 -0.018792262 -0.046172749 -0.127716035 -0.031353250 -0.065056056 -0.072396562 0.994758010
1311867203.368129 -0.018575579 -0.047162186 -0.129638448 -0.033339202 -0.065635853 -0.071757048 0.994701684
1311867203.400200 -0.020789366 -0.053456414 -0.128864691 -0.035405979 -0.066832013 -0.071663976 0.994557321
1311867203.432255 -0.017082416 -0.051520091 -0.128124252 -0.033012800 -0.068433627 -0.071526371 0.994540632
1311867203.468205 -0.019277724 -0.052941225 -0.130366758 -0.033747628 -0.068606950 -0.072277777 0.994449675
1311867203.500494 -0.019052362 -0.060264211 -0.130683705 -0.035895374 -0.069417402 -0.072614841 0.994293690
1311867203.532247 -0.017782517 -0.058159806 -0.128431141 -0.033625327 -0.069821522 -0.074351668 0.994216383
1311867203.568287 -0.019004412 -0.057573766 -0.130962133 -0.032820284 -0.069847986 -0.075627722 0.994145155
1311867203.600247 -0.019960247 -0.057348117 -0.131511450 -0.033495378 -0.069515444 -0.076559782 0.994074583
1311867203.632381 -0.019421443 -0.061216060 -0.132280767 -0.033909380 -0.070095599 -0.076543510 0.994021118
1311867203.668366 -0.016070433 -0.067996085 -0.129449368 -0.035369758 -0.071760714 -0.076619484 0.993845522
1311867203.700467 -0.015102838 -0.073613726 -0.129454061 -0.036687773 -0.071954645 -0.077831604 0.993689477
1311867203.732263 -0.011662580 -0.073126182 -0.130771935 -0.036106542 -0.072333984 -0.077497102 0.993709385
1311867203.768142 -0.017828619 -0.068642825 -0.132867530 -0.034688368 -0.070315972 -0.077927098 0.993871093
1311867203.800188 -0.012412027 -0.074902557 -0.133423090 -0.036312338 -0.071830854 -0.078525752 0.993657649
1311867203.832438 -0.011885256 -0.080252312 -0.133539766 -0.037565790 -0.071317419 -0.079464234 0.993573368
1311867203.868154 -0.012883935 -0.080692902 -0.134329706 -0.036917031 -0.069753557 -0.080991760 0.993585408
1311867203.900206 -0.013964239 -0.079089791 -0.134759113 -0.034142051 -0.069706932 -0.082044184 0.993601561
1311867203.932460 -0.018514752 -0.073088147 -0.137530357 -0.031601582 -0.067912944 -0.082401671 0.993780255
1311867203.968287 -0.017435795 -0.074113421 -0.136706352 -0.030743623 -0.068613641 -0.083027184 0.993707001
1311867204.000337 -0.014661823 -0.077314064 -0.137235984 -0.030284431 -0.068998225 -0.083234906 0.993677080
1311867204.032369 -0.014760396 -0.078134693 -0.139706537 -0.029453520 -0.069248050 -0.082518287 0.993744373
1311867204.068206 -0.015859580 -0.080033056 -0.141064480 -0.028585300 -0.069286637 -0.083521761 0.993683338
1311867204.100343 -0.014480905 -0.084041677 -0.142515033 -0.027627092 -0.069383174 -0.084269539 0.993640482
1311867204.132295 -0.015160725 -0.085977279 -0.143129677 -0.025889656 -0.068747900 -0.084221557 0.993735492
1311867204.168262 -0.014745828 -0.089021988 -0.144347131 -0.024326794 -0.068156123 -0.084433526 0.993797839
1311867204.200305 -0.013745103 -0.093316272 -0.144211262 -0.022728974 -0.068292171 -0.084772617 0.993797421
1311867204.232436 -0.009491141 -0.089911833 -0.146251097 -0.019855039 -0.068936929 -0.083578229 0.993915617
1311867204.268181 -0.010047624 -0.092272595 -0.146687195 -0.018288068 -0.068227284 -0.083382770 0.994011045
1311867204.300302 -0.008746554 -0.092945129 -0.145500973 -0.015286883 -0.068165660 -0.083107583 0.994089007
1311867204.332519 -0.007064214 -0.093272403 -0.146196201 -0.013340559 -0.067847021 -0.083318390 0.994121194
1311867204.368375 -0.004295583 -0.098122850 -0.146117538 -0.012637837 -0.067730501 -0.083256081 0.994143546
1311867204.400282 -0.004749221 -0.100720368 -0.148739040 -0.011073604 -0.067458741 -0.083352096 0.994172633
1311867204.432434 -0.003937612 -0.100321658 -0.148995697 -0.009224321 -0.066793248 -0.083412737 0.994231343
1311867204.468296 -0.002111219 -0.101959251 -0.147763819 -0.008182722 -0.066579416 -0.084124677 0.994194865
1311867204.500277 -0.002389231 -0.104612187 -0.148059979 -0.006548359 -0.065870851 -0.084043652 0.994260907
1311867204.532479 -0.008888504 -0.109829433 -0.151432782 -0.005919890 -0.064242497 -0.085778385 0.994223297
1311867204.568211 -0.010528727 -0.112186715 -0.152644128 -0.005329626 -0.063454039 -0.085174359 0.994329214
1311867204.600264 -0.008924940 -0.112230942 -0.152155310 -0.003619883 -0.063728102 -0.083987162 0.994420350
1311867204.632418 -0.007265346 -0.113042280 -0.150603130 -0.002366870 -0.063628636 -0.083518237 0.994470000
1311867204.668452 -0.008379746 -0.114517197 -0.150990963 -0.000920529 -0.063166767 -0.082752161 0.994565904
1311867204.700261 -0.008232883 -0.116197340 -0.149691612 -0.000350409 -0.062586628 -0.081662409 0.994692922
1311867204.732293 -0.009074109 -0.117389269 -0.150984317 -0.000395399 -0.061364822 -0.079742864 0.994924843
1311867204.768312 -0.008172177 -0.119285218 -0.148294866 0.000162187 -0.061420120 -0.078798279 0.994996727
1311867204.800434 -0.010265454 -0.119021431 -0.148995325 0.000955471 -0.061898608 -0.078684419 0.994975626
1311867204.832496 -0.008115963 -0.121500678 -0.148446336 -0.000898019 -0.062790573 -0.077393584 0.995021045
1311867204.868246 -0.011339521 -0.125118688 -0.147779018 -0.001937455 -0.061319098 -0.076860599 0.995152652
1311867204.900224 -0.013423269 -0.131295517 -0.149325445 -0.002915510 -0.059648383 -0.074539676 0.995428264
1311867204.936363 -0.012002683 -0.132536352 -0.149453595 -0.003010544 -0.060187973 -0.073821954 0.995449066
1311867204.968219 -0.013155133 -0.134360626 -0.147990361 -0.003505804 -0.059676513 -0.073354036 0.995512784
1311867205.000335 -0.010299720 -0.137821630 -0.146197215 -0.002936507 -0.059649743 -0.070874467 0.995695829
1311867205.036326 -0.013230324 -0.137329429 -0.147286266 -0.001639892 -0.058763929 -0.070360959 0.995787859
1311867205.068637 -0.013268149 -0.139772490 -0.145105377 -0.002088294 -0.058758836 -0.068623699 0.995908618
1311867205.100765 -0.011609902 -0.142379120 -0.145045444 -0.001997919 -0.059201170 -0.067212172 0.995978832
1311867205.136301 -0.010535328 -0.143523753 -0.143954471 -0.001894020 -0.059586626 -0.065351591 0.996079803
1311867205.168290 -0.009917711 -0.145110756 -0.142115444 -0.001877700 -0.059767902 -0.062880315 0.996228039
1311867205.200371 -0.010044442 -0.149587050 -0.141176149 -0.001963476 -0.060014613 -0.061540861 0.996296704
1311867205.236444 -0.008649839 -0.145164400 -0.140797064 0.000481344 -0.059845954 -0.059632394 0.996424735
1311867205.268392 -0.009064583 -0.146083936 -0.140241519 0.001020831 -0.059438959 -0.058867186 0.996494234
1311867205.300458 -0.008320441 -0.148801371 -0.140921950 0.001474428 -0.059061497 -0.059146319 0.996499538
1311867205.336288 -0.009599532 -0.148136497 -0.139263570 0.002967147 -0.058373116 -0.059034288 0.996543467
1311867205.368439 -0.009754422 -0.149319336 -0.138268113 0.003726959 -0.057455149 -0.059875656 0.996544003
1311867205.400476 -0.011161734 -0.151708096 -0.139560670 0.003453658 -0.056869205 -0.059612647 0.996594369
1311867205.436290 -0.011999678 -0.151566952 -0.137862280 0.004912261 -0.057027753 -0.059984650 0.996556938
1311867205.468361 -0.010197010 -0.153972819 -0.138877407 0.004308153 -0.057326142 -0.059886821 0.996548414
1311867205.500259 -0.010141262 -0.153447419 -0.135582626 0.005262174 -0.056813031 -0.060281742 0.996549428
1311867205.536285 -0.011768464 -0.157640964 -0.134925157 0.004953473 -0.057032220 -0.059646677 0.996576726
1311867205.568369 -0.013812616 -0.158471093 -0.134998381 0.004719879 -0.057944626 -0.057339482 0.996660650
1311867205.600318 -0.013413996 -0.159599796 -0.135148108 0.004934014 -0.059419084 -0.058448251 0.996508360
1311867205.636378 -0.013060139 -0.168761402 -0.134978339 0.002950618 -0.060949296 -0.055900030 0.996569991
1311867205.668640 -0.025156645 -0.181357786 -0.132314056 0.000245682 -0.058231618 -0.057503086 0.996645570
1311867205.700293 -0.026453357 -0.183033079 -0.132003024 0.000637466 -0.057123814 -0.057624575 0.996702552
1311867205.736482 -0.026691176 -0.185346037 -0.130822748 0.001954728 -0.057233173 -0.058064047 0.996669054
1311867205.768331 -0.028861882 -0.186018839 -0.131373376 0.002810332 -0.057445630 -0.057582758 0.996682644
1311867205.800294 -0.026873671 -0.189525053 -0.131673932 0.002361340 -0.057947259 -0.057571720 0.996655464
1311867205.836370 -0.030436471 -0.188090578 -0.130670607 0.004363672 -0.056084551 -0.058206912 0.996718347
1311867205.868513 -0.030158989 -0.188680634 -0.131259471 0.004789265 -0.056151394 -0.058665507 0.996685803
1311867205.900317 -0.030948013 -0.192706212 -0.130388379 0.003561648 -0.056401353 -0.058703590 0.996674597
1311867205.936313 -0.031103799 -0.195769057 -0.130888954 0.002916163 -0.055717684 -0.058584515 0.996722102
1311867205.968515 -0.031304322 -0.199269056 -0.129686505 0.002617126 -0.055127773 -0.058880877 0.996738255
1311867206.000654 -0.031321634 -0.193115175 -0.130943403 0.004258484 -0.056000192 -0.056427855 0.996825814
1311867206.036736 -0.034100853 -0.198503941 -0.129733041 0.000540759 -0.056349859 -0.056232434 0.996826112
1311867206.068413 -0.030461470 -0.201116875 -0.130962953 0.000555125 -0.057766341 -0.055412862 0.996790946
1311867206.100418 -0.029102346 -0.200962365 -0.129474938 0.000813101 -0.057723556 -0.055022817 0.996814847
1311867206.136422 -0.033888537 -0.210038558 -0.129891291 -0.002028194 -0.055572700 -0.057554536 0.996792376
1311867206.168280 -0.035342373 -0.213571995 -0.130222097 -0.002522595 -0.055094250 -0.057243787 0.996835768
1311867206.200431 -0.033284295 -0.214430481 -0.130447790 -0.001722926 -0.056644578 -0.056936797 0.996768117
1311867206.236354 -0.032924965 -0.216594800 -0.130225003 -0.003041657 -0.057234898 -0.056804840 0.996738791
1311867206.268562 -0.033397257 -0.217470810 -0.131714284 -0.003229971 -0.057238769 -0.056860968 0.996734798
1311867206.300429 -0.034036711 -0.216418236 -0.130970612 -0.002829531 -0.057890449 -0.055531412 0.996773303
1311867206.336618 -0.035260927 -0.216746151 -0.130419359 -0.003673700 -0.058608562 -0.055462211 0.996732473
1311867206.368476 -0.032851610 -0.217370108 -0.128951356 -0.003603666 -0.060335886 -0.056314167 0.996581852
1311867206.400411 -0.033862568 -0.221828431 -0.130397379 -0.005629730 -0.060004551 -0.056509431 0.996581376
1311867206.436540 -0.037298586 -0.229008749 -0.130763084 -0.007994365 -0.059199978 -0.056775469 0.996598244
1311867206.468475 -0.038066596 -0.229896575 -0.130229175 -0.008251171 -0.059049562 -0.057493705 0.996563911
1311867206.500567 -0.037219416 -0.232655987 -0.129964978 -0.009048125 -0.059594680 -0.056602109 0.996575534
1311867206.536578 -0.039131939 -0.234361529 -0.130142435 -0.008667734 -0.060209677 -0.056349326 0.996556282
1311867206.568318 -0.039547373 -0.236827835 -0.131062374 -0.008603176 -0.060173828 -0.056003522 0.996578515
1311867206.600453 -0.040287718 -0.240156129 -0.132084638 -0.008684958 -0.060522772 -0.055924423 0.996561110
1311867206.636480 -0.040950928 -0.239844233 -0.131087095 -0.007661797 -0.061437797 -0.054983690 0.996565878
1311867206.668513 -0.042835359 -0.243846610 -0.132365897 -0.007690140 -0.062445592 -0.053434718 0.996587276
1311867206.700560 -0.044672370 -0.245588183 -0.130661875 -0.007857081 -0.062316403 -0.052628975 0.996636927
1311867206.736376 -0.042788677 -0.257423759 -0.134551480 -0.009423841 -0.062426690 -0.054297861 0.996526897
1311867206.768348 -0.042708699 -0.256529063 -0.135093614 -0.008357215 -0.062656313 -0.053772323 0.996550500
1311867206.800520 -0.046389170 -0.259220093 -0.134431362 -0.008864152 -0.063425608 -0.052865788 0.996545970
1311867206.836416 -0.046429072 -0.261419028 -0.135138854 -0.008290499 -0.064379387 -0.052886292 0.996488631
1311867206.868563 -0.043481726 -0.263424337 -0.137094930 -0.007438987 -0.064796858 -0.054177433 0.996398926
1311867206.900569 -0.043535255 -0.262509912 -0.137405559 -0.006841093 -0.064376213 -0.054697581 0.996402085
1311867206.936441 -0.044590771 -0.267784238 -0.138628229 -0.007591051 -0.064442165 -0.055171199 0.996366322
1311867206.968607 -0.047337011 -0.272790074 -0.139599845 -0.006517155 -0.063931793 -0.056181408 0.996350348
1311867207.000644 -0.042835936 -0.271856964 -0.141050503 -0.004843078 -0.065558694 -0.056269310 0.996249199
1311867207.036586 -0.042320881 -0.276591241 -0.139689803 -0.005343052 -0.065918557 -0.055526260 0.996264577
1311867207.068407 -0.043526851 -0.284138054 -0.141277254 -0.005734160 -0.066981822 -0.055539388 0.996190727
1311867207.100546 -0.042485610 -0.284138441 -0.141299993 -0.004605669 -0.068479888 -0.054809485 0.996135116
1311867207.136473 -0.040093012 -0.285807639 -0.141772866 -0.005252954 -0.069053993 -0.053881332 0.996142924
1311867207.168707 -0.040469646 -0.288248450 -0.142342806 -0.005641269 -0.068963245 -0.054082613 0.996136248
1311867207.200654 -0.040538579 -0.289874345 -0.140905008 -0.005825822 -0.069185816 -0.053581979 0.996146798
1311867207.236587 -0.038603369 -0.293006510 -0.141697466 -0.006849805 -0.069572203 -0.052832503 0.996153414
1311867207.268617 -0.041920833 -0.294272661 -0.142275661 -0.007396653 -0.069301017 -0.053270813 0.996145010
1311867207.300500 -0.040481508 -0.297248602 -0.141146973 -0.008351238 -0.070078634 -0.053315546 0.996080697
1311867207.336652 -0.039206292 -0.298699379 -0.140386865 -0.008511715 -0.070437074 -0.052899364 0.996076286
1311867207.368579 -0.042585365 -0.298029333 -0.141412839 -0.008913491 -0.069504067 -0.054576524 0.996047735
1311867207.400698 -0.045322053 -0.303274125 -0.141261965 -0.009879877 -0.068845890 -0.055810783 0.996015966
1311867207.436580 -0.046527553 -0.303480387 -0.141035929 -0.009498426 -0.069070660 -0.056758706 0.995950580
1311867207.468647 -0.044344883 -0.306546092 -0.141731784 -0.010592820 -0.069218867 -0.057576608 0.995882273
1311867207.500601 -0.044598725 -0.310271770 -0.141148284 -0.010843810 -0.069524713 -0.059034701 0.995772898
1311867207.536508 -0.048376262 -0.309726924 -0.140629202 -0.009724245 -0.068927743 -0.060111538 0.995761573
1311867207.568706 -0.048237737 -0.311382502 -0.141245380 -0.010032142 -0.067905553 -0.060859829 0.995783269
1311867207.600587 -0.048015315 -0.321000069 -0.139914185 -0.010965218 -0.067936383 -0.062296782 0.995682478
1311867207.636491 -0.051161043 -0.328568101 -0.139163792 -0.010981857 -0.067940034 -0.062591411 0.995663583
1311867207.668773 -0.047165982 -0.333855778 -0.145190865 -0.011337184 -0.068692468 -0.062765270 0.995597005
1311867207.700562 -0.047625322 -0.335755408 -0.145205185 -0.011478063 -0.069207907 -0.062868960 0.995553195
1311867207.736501 -0.047911562 -0.338413835 -0.147232383 -0.010292092 -0.069423884 -0.063995980 0.995479286
1311867207.768609 -0.048697159 -0.337747574 -0.146172166 -0.009123419 -0.069921844 -0.063686594 0.995475650
1311867207.800991 -0.049026743 -0.340769112 -0.146698684 -0.009224997 -0.070877150 -0.064309143 0.995367169
1311867207.836554 -0.049058240 -0.341042548 -0.144125313 -0.008036622 -0.071823388 -0.064679176 0.995285630
1311867207.868773 -0.048194218 -0.340621799 -0.143997282 -0.007069346 -0.072054669 -0.064507559 0.995287359
1311867207.900900 -0.049007710 -0.343164116 -0.145578533 -0.007755865 -0.071889840 -0.064395957 0.995301425
1311867207.936534 -0.051126007 -0.344936371 -0.143582687 -0.007747883 -0.072159007 -0.064493656 0.995275736
1311867207.968490 -0.050782032 -0.344374925 -0.143854558 -0.007671952 -0.072996385 -0.063794427 0.995260298
1311867208.000665 -0.050162278 -0.346948892 -0.142797127 -0.008544469 -0.073603496 -0.063773125 0.995209813
1311867208.036765 -0.051587097 -0.349552870 -0.142851785 -0.007582937 -0.073933013 -0.064221568 0.995164394
1311867208.069925 -0.050926667 -0.350903451 -0.143801734 -0.007478197 -0.074184641 -0.063215822 0.995210826
1311867208.101134 -0.051717862 -0.349894941 -0.143460423 -0.006805217 -0.073452748 -0.065543041 0.995119393
1311867208.136633 -0.050575323 -0.359086901 -0.145041674 -0.007740304 -0.074135289 -0.065512627 0.995063901
1311867208.168683 -0.050184913 -0.359613776 -0.145874262 -0.007215961 -0.074879169 -0.065656967 0.995002627
1311867208.200521 -0.049212024 -0.360970438 -0.146075651 -0.006678749 -0.074916847 -0.065864854 0.994989872
1311867208.236561 -0.049550802 -0.361798912 -0.144755244 -0.005754122 -0.075004399 -0.064907499 0.995051861
1311867208.268440 -0.048584878 -0.363672346 -0.145875677 -0.005070392 -0.075933054 -0.065215021 0.994965136
1311867208.300597 -0.049362909 -0.363349736 -0.146871924 -0.004144156 -0.075400136 -0.065604523 0.994984329
1311867208.336528 -0.048800133 -0.365547627 -0.148402840 -0.004047793 -0.075201459 -0.065840758 0.994984150
1311867208.368511 -0.049747631 -0.365387589 -0.146768659 -0.003993647 -0.074905701 -0.065704241 0.995015621
1311867208.400592 -0.052290186 -0.365755558 -0.146619678 -0.004212844 -0.074885376 -0.065729544 0.995014668
1311867208.436460 -0.052796293 -0.369351625 -0.144571155 -0.003728876 -0.075791210 -0.066891603 0.994870543
1311867208.468664 -0.051273447 -0.365554661 -0.144139484 -0.002866352 -0.075796880 -0.066315465 0.994911492
1311867208.500564 -0.049514215 -0.372793376 -0.145868421 -0.004013584 -0.075534083 -0.065669574 0.994970381
1311867208.536522 -0.051054794 -0.372693628 -0.143945903 -0.003643953 -0.075706787 -0.065656602 0.994959593
1311867208.568644 -0.050121792 -0.372053087 -0.143431559 -0.003599986 -0.076954529 -0.065864012 0.994850218
1311867208.600595 -0.049948111 -0.373192161 -0.143788218 -0.004322781 -0.077376090 -0.066441193 0.994776309
1311867208.636445 -0.051060893 -0.374190181 -0.142308950 -0.004749960 -0.077712134 -0.066559412 0.994740248
1311867208.668488 -0.050177716 -0.374008983 -0.142368838 -0.004659649 -0.078457102 -0.066830419 0.994664073
1311867208.700606 -0.050095834 -0.375281364 -0.142606959 -0.005599612 -0.078405306 -0.067209721 0.994637728
1311867208.736710 -0.052241735 -0.376874983 -0.142314643 -0.005785331 -0.078231342 -0.067973807 0.994598448
1311867208.768807 -0.051840268 -0.376778543 -0.141077980 -0.006329345 -0.079298519 -0.067488894 0.994543612
1311867208.800641 -0.051357996 -0.379161566 -0.141293600 -0.006854129 -0.079709373 -0.068321466 0.994450450
1311867208.836883 -0.052692689 -0.379199058 -0.141104043 -0.005422717 -0.078815714 -0.068414234 0.994524121
1311867208.868491 -0.052045714 -0.379299015 -0.141050011 -0.005108202 -0.078542314 -0.068224505 0.994560480
1311867208.900811 -0.053231459 -0.381157756 -0.142212167 -0.006155763 -0.078858763 -0.067560419 0.994574785
1311867208.936516 -0.053545877 -0.385748893 -0.142983973 -0.006356755 -0.079094850 -0.068163000 0.994513690
1311867208.968732 -0.054972269 -0.388042659 -0.143430397 -0.005021017 -0.079268344 -0.068569526 0.994479537
1311867209.000767 -0.053192101 -0.387954324 -0.141064584 -0.004078750 -0.079327941 -0.068511441 0.994483113
1311867209.036589 -0.056385357 -0.397975832 -0.144520998 -0.004700351 -0.077718392 -0.069355264 0.994548917
1311867209.068848 -0.055679649 -0.391916007 -0.144591615 -0.002187437 -0.077710010 -0.068661146 0.994606495
1311867209.100837 -0.060926724 -0.394297302 -0.142278656 -0.001701707 -0.076886423 -0.069091067 0.994641662
1311867209.145248 -0.061380982 -0.395191371 -0.141716957 -0.001200010 -0.077149242 -0.069436759 0.994597971
1311867209.168676 -0.060599267 -0.395802796 -0.142808765 -0.000628815 -0.077272363 -0.069444552 0.994588375
1311867209.200608 -0.061018828 -0.396565527 -0.143794656 -0.000752740 -0.077029280 -0.068814084 0.994651020
1311867209.236579 -0.060956702 -0.396515459 -0.142039418 -0.000160877 -0.077187099 -0.067893684 0.994702280
1311867209.268677 -0.061599620 -0.396598905 -0.142442659 0.000433693 -0.077891365 -0.067611091 0.994666576
1311867209.300548 -0.062698826 -0.396660179 -0.142574862 0.000361832 -0.078522772 -0.066833764 0.994669497
1311867209.336608 -0.061674144 -0.398640007 -0.143298149 0.000678377 -0.079475671 -0.066750981 0.994599223
1311867209.368685 -0.061921466 -0.399388492 -0.144238651 0.001419759 -0.079293311 -0.067694440 0.994549215
1311867209.400674 -0.061789993 -0.399231404 -0.144357249 0.001228548 -0.079555809 -0.067265511 0.994557559
1311867209.436604 -0.062309142 -0.401060522 -0.145100132 0.001649220 -0.079544179 -0.067790978 0.994522214
1311867209.468504 -0.061830420 -0.399731904 -0.145391136 0.002706375 -0.079905055 -0.067026094 0.994542837
1311867209.501113 -0.064296633 -0.401037276 -0.143288195 0.002287237 -0.079633869 -0.067463093 0.994536042
1311867209.536902 -0.066196203 -0.402092755 -0.144069880 0.001719133 -0.079490751 -0.067125484 0.994571507
1311867209.568689 -0.066756815 -0.404284298 -0.144735515 0.000924669 -0.080376677 -0.066487953 0.994544148
1311867209.600759 -0.068905830 -0.410878807 -0.144802555 0.000270192 -0.081936508 -0.065406352 0.994489014
1311867209.636594 -0.067999169 -0.419147104 -0.150114357 -0.000374651 -0.083729967 -0.065467939 0.994335532
1311867209.668570 -0.068121381 -0.420798481 -0.151337653 -0.000333471 -0.084061705 -0.065827288 0.994283855
1311867209.701272 -0.067596689 -0.420998037 -0.150393665 0.000672803 -0.083666526 -0.066193484 0.994292676
1311867209.736573 -0.069320105 -0.421427995 -0.150604665 0.001501462 -0.083049811 -0.066106372 0.994349301
1311867209.768624 -0.070559971 -0.422753602 -0.149802074 0.002196203 -0.083171107 -0.066311136 0.994324207
1311867209.801498 -0.070113994 -0.424702168 -0.151299343 0.003414798 -0.083874658 -0.066579826 0.994243681
1311867209.836574 -0.071617223 -0.423465461 -0.150801569 0.005121503 -0.083232425 -0.067279480 0.994243324
1311867209.868553 -0.070755482 -0.428306520 -0.153197512 0.003729981 -0.082872413 -0.067532390 0.994262457
1311867209.900669 -0.072548807 -0.432754993 -0.157029793 0.003732338 -0.081779160 -0.068267062 0.994302750
1311867209.936544 -0.074192174 -0.433273971 -0.158720359 0.004174254 -0.080923811 -0.068706013 0.994340718
1311867209.968938 -0.071758889 -0.433487028 -0.158524558 0.004217106 -0.080715835 -0.068651378 0.994361281
1311867210.000704 -0.073500030 -0.436785728 -0.158610776 0.004409533 -0.079513513 -0.069495097 0.994398654
1311867210.036683 -0.072764106 -0.431210160 -0.153765261 0.006386318 -0.079053394 -0.069003992 0.994458795
1311867210.068816 -0.076133303 -0.433810055 -0.153650716 0.005345822 -0.077862851 -0.068873100 0.994567931
1311867210.100607 -0.073129892 -0.432620883 -0.153171554 0.005890695 -0.077949166 -0.069317013 0.994527221
1311867210.136711 -0.072074108 -0.432629257 -0.155808210 0.006603760 -0.076919906 -0.069816165 0.994568050
1311867210.168673 -0.073605798 -0.431791991 -0.153352797 0.005842185 -0.076154210 -0.069892660 0.994626284
1311867210.200662 -0.073570475 -0.438483089 -0.156073526 0.004206143 -0.076110281 -0.069736689 0.994648933
1311867210.236614 -0.073891938 -0.443114609 -0.158775404 0.004841882 -0.075889356 -0.070169583 0.994632423
1311867210.268764 -0.073484115 -0.441620559 -0.157351524 0.005354102 -0.075668469 -0.070517279 0.994621992
1311867210.300692 -0.073810942 -0.437718511 -0.158279255 0.006453523 -0.074691758 -0.071632825 0.994609594
1311867210.336672 -0.071624398 -0.431947708 -0.154561371 0.008440011 -0.075166591 -0.071244553 0.994586885
1311867210.368993 -0.071763858 -0.435220271 -0.158066615 0.007017623 -0.074865162 -0.071207568 0.994623303
1311867210.400741 -0.074786529 -0.440775275 -0.158977076 0.005709506 -0.074088283 -0.071997359 0.994632959
1311867210.436672 -0.076249883 -0.442501158 -0.162075445 0.005893113 -0.074325457 -0.072538279 0.994574904
1311867210.469063 -0.074149467 -0.429789305 -0.153634772 0.008305043 -0.075183496 -0.071884386 0.994540691
1311867210.500649 -0.075522810 -0.435789824 -0.157264635 0.004636142 -0.075147279 -0.070969306 0.994633019
1311867210.536682 -0.075918049 -0.436925679 -0.155711293 0.004267721 -0.075323068 -0.071265370 0.994600236
1311867210.569047 -0.079182729 -0.440107793 -0.163375735 0.003012343 -0.075233839 -0.070900530 0.994637668
1311867210.600859 -0.076499037 -0.440901101 -0.165525973 0.000491890 -0.076326236 -0.070431098 0.994592130
1311867210.636787 -0.078961767 -0.451385349 -0.166274294 -0.001506661 -0.075584911 -0.072063789 0.994530797
1311867210.673847 -0.076850191 -0.446206838 -0.163757086 0.001304063 -0.074615188 -0.072349444 0.994583607
1311867210.700721 -0.074060977 -0.438230157 -0.161700368 0.002826595 -0.074776314 -0.072327524 0.994569898
1311867210.736657 -0.075945728 -0.439869106 -0.158227548 0.002736718 -0.075242460 -0.072336502 0.994534314
1311867210.769036 -0.073866583 -0.439132839 -0.162351936 0.003660317 -0.075356252 -0.072734468 0.994493723
1311867210.800700 -0.075446397 -0.433960259 -0.161559075 0.003196691 -0.074817523 -0.072019435 0.994588077
1311867210.836863 -0.078052007 -0.445088625 -0.166427612 -0.000273147 -0.075353853 -0.071382441 0.994598627
1311867210.868831 -0.076282084 -0.436744690 -0.160397276 0.001585543 -0.075503379 -0.071994081 0.994541883
1311867210.900724 -0.073872223 -0.438149989 -0.159263074 0.000703839 -0.075898081 -0.071727842 0.994532168
1311867210.936751 -0.069587633 -0.429231167 -0.158556461 0.002241264 -0.076183297 -0.071869723 0.994497776
1311867210.969224 -0.069881991 -0.426777333 -0.158446774 -0.000201298 -0.076291613 -0.071585201 0.994512558
1311867211.001198 -0.071768731 -0.430705309 -0.156295836 -0.002172411 -0.076361939 -0.072029755 0.994472682
1311867211.036754 -0.070053391 -0.427188754 -0.155527979 -0.000169285 -0.076600343 -0.072562873 0.994417965
1311867211.069171 -0.071320802 -0.426588893 -0.158211574 -0.002351516 -0.076980539 -0.071420819 0.994468510
1311867211.101339 -0.071671948 -0.430139214 -0.156002045 -0.003492177 -0.077429645 -0.072128765 0.994379222
1311867211.136879 -0.071406789 -0.432635218 -0.158570632 -0.001989018 -0.077385232 -0.071406774 0.994438887
1311867211.169535 -0.071003608 -0.429466009 -0.157879084 -0.001140940 -0.077244274 -0.072192766 0.994394481
1311867211.200759 -0.070717461 -0.432837397 -0.158331111 -0.002582173 -0.076938331 -0.072196387 0.994415164
1311867211.236938 -0.070337757 -0.431839079 -0.157904178 -0.001332248 -0.076993994 -0.072876476 0.994363725
1311867211.268944 -0.070698112 -0.427419573 -0.155707225 0.000771448 -0.077300534 -0.072950058 0.994335175
1311867211.301073 -0.070744634 -0.428758949 -0.156328484 -0.000009460 -0.077293336 -0.073717974 0.994279385
1311867211.336815 -0.071277291 -0.429610342 -0.157162011 -0.000400530 -0.076531664 -0.074066579 0.994312286
1311867211.368899 -0.070916146 -0.428434312 -0.156621873 0.000630738 -0.076621383 -0.073770985 0.994327307
1311867211.401155 -0.068956479 -0.425082684 -0.157853499 0.000942037 -0.077097997 -0.072753236 0.994365156
1311867211.436783 -0.069458432 -0.428175867 -0.159530759 -0.000962308 -0.076799013 -0.072996281 0.994370461
1311867211.468760 -0.070619941 -0.426201999 -0.157431021 -0.000327233 -0.076235585 -0.073611602 0.994368851
1311867211.500750 -0.070602939 -0.424517244 -0.157096162 -0.000042352 -0.075818434 -0.074328877 0.994347453
1311867211.536921 -0.070705891 -0.426968604 -0.157094926 -0.001083221 -0.075245053 -0.074115001 0.994406402
1311867211.569353 -0.070467070 -0.428827852 -0.159828544 -0.001573954 -0.074650124 -0.074243784 0.994440973
1311867211.600936 -0.070200823 -0.425237238 -0.157491833 0.000162311 -0.075048007 -0.073576331 0.994461834
1311867211.636776 -0.069609463 -0.425401956 -0.160344332 -0.000084104 -0.074626394 -0.074834377 0.994399726
1311867211.669417 -0.072326489 -0.424755603 -0.154656604 -0.000172568 -0.074156821 -0.075267032 0.994402170
1311867211.700795 -0.070869967 -0.425487101 -0.157805696 0.001261822 -0.074788116 -0.075000092 0.994374275
1311867211.736761 -0.071525969 -0.424243480 -0.157049894 0.001980606 -0.075721666 -0.074151471 0.994366109
1311867211.769891 -0.072981179 -0.428136975 -0.160840124 0.002510025 -0.076020256 -0.073147982 0.994416475
1311867211.801052 -0.070965245 -0.423857778 -0.158505425 0.004555314 -0.075902820 -0.072971433 0.994431078
1311867211.838297 -0.074646741 -0.432378858 -0.167252675 0.003892702 -0.075017519 -0.073672712 0.994449437
1311867211.868798 -0.078439146 -0.428489596 -0.167108908 0.005329092 -0.073365711 -0.074209303 0.994526088
1311867211.901152 -0.075327933 -0.428342760 -0.165418237 0.004940165 -0.073930576 -0.074008912 0.994501233
1311867211.937348 -0.077125095 -0.429480404 -0.166762099 0.005846333 -0.073645934 -0.075210497 0.994427204
1311867211.971087 -0.080934666 -0.431897283 -0.171142444 0.006075182 -0.072473966 -0.075434200 0.994495034
1311867212.001054 -0.078464366 -0.422355145 -0.167260438 0.008241943 -0.071706749 -0.074881300 0.994576871
1311867212.037396 -0.080796331 -0.430657417 -0.172611445 0.005929173 -0.071073577 -0.075557977 0.994587600
1311867212.068925 -0.077761702 -0.426362514 -0.169376493 0.007873970 -0.072106287 -0.075114451 0.994533360
1311867212.100836 -0.074550815 -0.420325071 -0.167298719 0.008069280 -0.072976939 -0.074970491 0.994479179
1311867212.137104 -0.071920313 -0.421988487 -0.170320868 0.006141261 -0.073006645 -0.074565396 0.994521201
1311867212.168899 -0.077182874 -0.422161102 -0.170147404 0.006140776 -0.071701005 -0.074588582 0.994614482
1311867212.201292 -0.072932102 -0.419964582 -0.170548484 0.006960373 -0.072372101 -0.074316807 0.994580805
1311867212.236828 -0.070226870 -0.417889863 -0.169907540 0.006764712 -0.072279297 -0.074139841 0.994602084
1311867212.269660 -0.072690144 -0.420563012 -0.171925321 0.006763066 -0.071867488 -0.074095845 0.994635165
1311867212.300798 -0.072105967 -0.419871122 -0.172773555 0.008448463 -0.072202809 -0.073868550 0.994614899
1311867212.336980 -0.071890160 -0.414765388 -0.172376081 0.009886956 -0.072498955 -0.073740155 0.994589686
1311867212.369121 -0.070334151 -0.416138619 -0.172780544 0.009063026 -0.072807215 -0.073544793 0.994589508
1311867212.400874 -0.071744971 -0.413821399 -0.173114732 0.009596651 -0.072910324 -0.072603181 0.994646132
1311867212.437295 -0.066831812 -0.414008975 -0.172903702 0.009536291 -0.073398083 -0.072473750 0.994620204
1311867212.468814 -0.066910632 -0.411997914 -0.173029423 0.009310608 -0.073294044 -0.071550570 0.994696856
1311867212.500920 -0.067184575 -0.412511915 -0.171870396 0.008894239 -0.073905356 -0.070844188 0.994706035
1311867212.536991 -0.066836834 -0.410990000 -0.173572809 0.010384987 -0.074120648 -0.070199743 0.994721234
1311867212.568780 -0.065343633 -0.408505350 -0.172673181 0.011371116 -0.074168719 -0.068701327 0.994811535
1311867212.600775 -0.065266363 -0.406783819 -0.172977120 0.012148673 -0.074160978 -0.068073638 0.994846046
1311867212.636951 -0.068927534 -0.406347662 -0.177539736 0.013643655 -0.073879525 -0.066445105 0.994957626
1311867212.668874 -0.064438663 -0.404662639 -0.176117048 0.014906748 -0.074970022 -0.065928660 0.994892359
1311867212.701018 -0.063556261 -0.404180616 -0.172972798 0.015201697 -0.074810520 -0.065772541 0.994910181
1311867212.736989 -0.065391153 -0.398509651 -0.174687430 0.016939633 -0.074094988 -0.065088883 0.994980633
1311867212.768959 -0.064516097 -0.389712811 -0.171777278 0.019492237 -0.074051447 -0.063718639 0.995025873
1311867212.800808 -0.062245879 -0.390094668 -0.175562277 0.019254114 -0.074332155 -0.063646376 0.995014131
1311867212.837870 -0.062348671 -0.390210450 -0.174214512 0.019221902 -0.074465103 -0.063579172 0.995009124
1311867212.869033 -0.062472608 -0.390084416 -0.175172850 0.020578537 -0.074139513 -0.063099600 0.995036840
1311867212.900811 -0.063260376 -0.388810545 -0.175367028 0.021826353 -0.073794745 -0.062422402 0.995078623
1311867212.936948 -0.062320326 -0.387820750 -0.174792349 0.022025328 -0.074095212 -0.061712097 0.995096207
1311867212.969087 -0.061834436 -0.388223588 -0.177271172 0.022187740 -0.073828287 -0.061251894 0.995140851
1311867213.001064 -0.061775651 -0.387478530 -0.176793009 0.022306683 -0.074244723 -0.060189970 0.995172024
1311867213.036927 -0.062408965 -0.385990292 -0.178884983 0.022566333 -0.074295662 -0.059157927 0.995224237
1311867213.069051 -0.063050464 -0.381599426 -0.178754151 0.024156848 -0.074457049 -0.058502689 0.995213628
1311867213.101068 -0.062049091 -0.382744372 -0.178912193 0.023970520 -0.075512305 -0.057561554 0.995193422
1311867213.137000 -0.061293509 -0.377801865 -0.183128223 0.025105825 -0.075106554 -0.057736874 0.995186031
1311867213.169165 -0.060626511 -0.378802329 -0.183316782 0.025289910 -0.074386388 -0.056732453 0.995293200
1311867213.201431 -0.057390697 -0.379808009 -0.179721013 0.026696328 -0.074585468 -0.056633160 0.995247245
1311867213.236857 -0.057270523 -0.373480469 -0.183478892 0.029277192 -0.073764823 -0.057074424 0.995210588
1311867213.269223 -0.057704970 -0.374858588 -0.184929356 0.028529245 -0.073168889 -0.057064060 0.995276928
1311867213.301416 -0.057178263 -0.373685122 -0.185630500 0.030214483 -0.072705097 -0.056925192 0.995269120
1311867213.336896 -0.058155604 -0.369952083 -0.188768089 0.030807272 -0.072105967 -0.056984231 0.995291173
1311867213.369001 -0.056316365 -0.370572865 -0.186836183 0.030475432 -0.072609037 -0.057432085 0.995239079
1311867213.401378 -0.056000873 -0.369813055 -0.187850326 0.031257287 -0.072649553 -0.057494074 0.995208323
1311867213.437193 -0.054763388 -0.366766781 -0.186997026 0.031849034 -0.072723702 -0.057362415 0.995191693
1311867213.469040 -0.055129062 -0.364872783 -0.184656933 0.032259226 -0.072807938 -0.056967106 0.995195031
1311867213.500997 -0.055007715 -0.361599624 -0.187725678 0.032211538 -0.072988555 -0.056872688 0.995188773
1311867213.536881 -0.050084632 -0.360936880 -0.187370166 0.031423260 -0.074632816 -0.057396412 0.995061934
1311867213.569042 -0.051639453 -0.358276606 -0.183925271 0.031192392 -0.074191071 -0.056900572 0.995130718
1311867213.601011 -0.052805144 -0.356096357 -0.185094491 0.030560590 -0.073755227 -0.057718087 0.995135665
1311867213.636923 -0.051288743 -0.354889005 -0.182235509 0.030335026 -0.072619505 -0.058059063 0.995206237
1311867213.668995 -0.052490376 -0.352384269 -0.181179583 0.029899383 -0.071317047 -0.057973117 0.995318532
1311867213.701300 -0.054401919 -0.349406570 -0.186287016 0.028330235 -0.070595481 -0.057849128 0.995423138
1311867213.737146 -0.048670359 -0.347541094 -0.185226649 0.027480980 -0.070766404 -0.058087010 0.995420992
1311867213.769090 -0.048256591 -0.344359815 -0.184881717 0.026564233 -0.070226818 -0.058109373 0.995482743
1311867213.801664 -0.044714078 -0.342136830 -0.182015851 0.026093675 -0.070367873 -0.058584213 0.995457351
1311867213.837348 -0.044136684 -0.341739684 -0.181827843 0.024257543 -0.069499850 -0.059037518 0.995538056
1311867213.868914 -0.043629412 -0.343033314 -0.181314170 0.023671838 -0.068568699 -0.059438244 0.995592892
1311867213.900969 -0.044651791 -0.340896398 -0.180515796 0.025120456 -0.066943511 -0.059502035 0.995664120
1311867213.937067 -0.045184955 -0.339888185 -0.180336326 0.024631852 -0.066456273 -0.058974065 0.995740414
1311867213.968920 -0.043817997 -0.340242684 -0.180374786 0.024679357 -0.066822268 -0.058406375 0.995748162
1311867214.005161 -0.043235458 -0.339036852 -0.182357222 0.025844896 -0.066997431 -0.058413111 0.995706439
1311867214.037101 -0.043653857 -0.337679833 -0.182900786 0.026410596 -0.066244230 -0.059686344 0.995666564
1311867214.068910 -0.040977743 -0.336755604 -0.183960333 0.025794636 -0.065660939 -0.058444783 0.995794892
1311867214.104861 -0.041845106 -0.336100459 -0.183049679 0.026030179 -0.064399146 -0.058835991 0.995848179
1311867214.138206 -0.042384643 -0.333370954 -0.182372928 0.026676239 -0.063089348 -0.059276965 0.995888770
1311867214.169647 -0.043197680 -0.331709087 -0.182754219 0.026022157 -0.062845305 -0.058964182 0.995940030
1311867214.205217 -0.039022848 -0.330338448 -0.184769422 0.025712369 -0.062810831 -0.059685364 0.995907307
1311867214.239878 -0.039708585 -0.332480222 -0.184127048 0.025543598 -0.062029261 -0.059885219 0.995948672
1311867214.270552 -0.038344912 -0.325441509 -0.184206098 0.026763478 -0.061861087 -0.059351489 0.995959044
1311867214.305762 -0.033078570 -0.316079527 -0.183502853 0.028114172 -0.062690668 -0.059770830 0.995844841
1311867214.337669 -0.033579364 -0.315679848 -0.183672905 0.028260982 -0.062665023 -0.059773400 0.995842159
1311867214.369049 -0.033719737 -0.314685851 -0.185184419 0.028348377 -0.062490869 -0.060371187 0.995814562
1311867214.405033 -0.034053888 -0.314323455 -0.184531525 0.028629556 -0.062309552 -0.060149759 0.995831251
1311867214.437364 -0.033433139 -0.313791305 -0.185116515 0.029582594 -0.062098414 -0.060372069 0.995803177
1311867214.469778 -0.033518139 -0.312527597 -0.185769036 0.030696005 -0.062232159 -0.060818017 0.995733976
1311867214.505939 -0.031077245 -0.311580807 -0.187434152 0.030937059 -0.061830863 -0.061367668 0.995717764
1311867214.537369 -0.032075983 -0.304615557 -0.186929047 0.031611238 -0.060558539 -0.061608996 0.995759904
1311867214.569142 -0.032111712 -0.306792706 -0.185351297 0.030650785 -0.060944755 -0.060691103 0.995822728
1311867214.604864 -0.031903125 -0.306528538 -0.185325578 0.029507099 -0.061447341 -0.060699023 0.995825887
1311867214.636989 -0.029654430 -0.298402309 -0.184740499 0.030434273 -0.061950233 -0.060717970 0.995765686
1311867214.669101 -0.030045291 -0.301838040 -0.184010550 0.029716339 -0.061303269 -0.060106333 0.995864511
1311867214.704890 -0.030079022 -0.298572659 -0.183601603 0.030178234 -0.060583469 -0.060139257 0.995892704
1311867214.736964 -0.030586783 -0.297625870 -0.184597418 0.030387420 -0.060287319 -0.059557505 0.995939255
1311867214.769506 -0.031067742 -0.296313912 -0.184860125 0.030355403 -0.060255211 -0.059150390 0.995966494
1311867214.804993 -0.030024979 -0.296591312 -0.185372278 0.030209439 -0.060411721 -0.059040476 0.995967925
1311867214.836918 -0.028110208 -0.295639753 -0.184355393 0.031668015 -0.061002940 -0.058719192 0.995905578
1311867214.869998 -0.029696371 -0.292407572 -0.187079504 0.032341246 -0.060650691 -0.059146512 0.995880127
1311867214.904984 -0.028683910 -0.291891575 -0.184923008 0.031624328 -0.060622793 -0.058913775 0.995918691
1311867214.937253 -0.027467728 -0.291256607 -0.185119033 0.032177959 -0.060918584 -0.059483241 0.995849013
1311867214.969304 -0.028066253 -0.278603077 -0.183255672 0.035111010 -0.060040910 -0.059891064 0.995778799
1311867215.005064 -0.027335139 -0.288160205 -0.186012343 0.031736441 -0.059967287 -0.060120765 0.995882690
1311867215.037107 -0.026492653 -0.287656963 -0.184804633 0.031444017 -0.060859967 -0.060453106 0.995817721
1311867215.069291 -0.026369851 -0.285950780 -0.185393751 0.031711701 -0.061226141 -0.060452051 0.995786786
1311867215.105004 -0.033362422 -0.263782084 -0.179441303 0.033416994 -0.059320528 -0.061082885 0.995807827
1311867215.136914 -0.037333701 -0.261665732 -0.178417832 0.031153949 -0.058626354 -0.061991151 0.995866239
1311867215.169446 -0.035962749 -0.260802895 -0.176608890 0.030778361 -0.058636378 -0.062770307 0.995828509
1311867215.204946 -0.035719179 -0.254542202 -0.178810313 0.030211814 -0.058731016 -0.063280389 0.995808005
1311867215.236951 -0.033411883 -0.253323019 -0.186695933 0.028696856 -0.058366675 -0.063500337 0.995860219
1311867215.269082 -0.034550354 -0.248801082 -0.182230338 0.030001448 -0.058297228 -0.063499846 0.995825887
1311867215.304957 -0.031141981 -0.245741799 -0.186893478 0.029657232 -0.059507776 -0.062604450 0.995821238
1311867215.336962 -0.031819925 -0.244486377 -0.186521977 0.029887985 -0.059144251 -0.063940033 0.995751143
1311867215.369184 -0.030295331 -0.240367725 -0.179561868 0.031938031 -0.060170125 -0.063223213 0.995671809
1311867215.404952 -0.030701715 -0.235819981 -0.179701552 0.032445274 -0.059165139 -0.062900782 0.995736063
1311867215.437035 -0.024419455 -0.240555152 -0.178914681 0.030765738 -0.059725769 -0.064238384 0.995670557
1311867215.469090 -0.025398884 -0.239491761 -0.179239988 0.030893765 -0.058930695 -0.064745992 0.995681107
1311867215.504980 -0.023781558 -0.237242952 -0.179064184 0.031434152 -0.058105942 -0.065275602 0.995678008
1311867215.537123 -0.025007423 -0.237195477 -0.180068880 0.030409353 -0.057249047 -0.065162219 0.995766878
1311867215.569034 -0.025582017 -0.236884534 -0.180959210 0.030641804 -0.057237376 -0.064582966 0.995798171
1311867215.605085 -0.022659853 -0.232677236 -0.179644033 0.031671111 -0.057210896 -0.065289862 0.995721400
1311867215.637055 -0.023661390 -0.220952466 -0.185302854 0.031558853 -0.055725824 -0.064207859 0.995879531
1311867215.668922 -0.023628619 -0.222634465 -0.186045155 0.030004404 -0.056130782 -0.064794727 0.995866835
1311867215.704951 -0.021499526 -0.217613235 -0.179825813 0.031889044 -0.057408631 -0.063177437 0.995839357
1311867215.738883 -0.019913899 -0.221444860 -0.180155247 0.029855082 -0.057367615 -0.063763350 0.995867431
1311867215.769199 -0.019359758 -0.217036843 -0.180315450 0.029591495 -0.057375364 -0.063237652 0.995908380
1311867215.804883 -0.023125090 -0.222360551 -0.177713633 0.029301565 -0.057020154 -0.065361969 0.995800197
1311867215.837335 -0.018011468 -0.214171216 -0.178783551 0.030957513 -0.058443390 -0.063425921 0.995792806
1311867215.869167 -0.018485900 -0.213727444 -0.180397466 0.030300340 -0.057732712 -0.064282946 0.995799422
1311867215.905276 -0.019979233 -0.215840548 -0.180092484 0.030783122 -0.057730962 -0.064703211 0.995757580
1311867215.937088 -0.017176505 -0.210646361 -0.180883393 0.032660559 -0.057616889 -0.064951561 0.995688140
1311867215.970287 -0.019076800 -0.208142579 -0.179687917 0.032490257 -0.056959961 -0.064764120 0.995743752
1311867216.005079 -0.018434202 -0.208220989 -0.179916486 0.032555263 -0.057226185 -0.065146305 0.995701432
1311867216.036968 -0.018276067 -0.208210632 -0.180694386 0.031936534 -0.057233501 -0.065087341 0.995724916
1311867216.069483 -0.016941328 -0.206473708 -0.183247879 0.031595636 -0.057297204 -0.064865395 0.995746613
1311867216.105043 -0.017732386 -0.206477255 -0.182597354 0.030738592 -0.056209929 -0.065584950 0.995788217
1311867216.139295 -0.015955713 -0.201054588 -0.181134075 0.030611834 -0.056873079 -0.065066598 0.995788515
1311867216.169209 -0.016702564 -0.203052267 -0.181485578 0.029889701 -0.057070576 -0.065046497 0.995800436
1311867216.204961 -0.016312426 -0.196047932 -0.176582083 0.029741775 -0.056747425 -0.065311797 0.995806038
1311867216.237023 -0.017206913 -0.198210046 -0.177236676 0.027793594 -0.055761579 -0.065597020 0.995899260
1311867216.270663 -0.012508429 -0.185849771 -0.176291972 0.029629074 -0.056882557 -0.064904720 0.995828271
1311867216.305048 -0.012185512 -0.184510857 -0.176030457 0.027759796 -0.057422742 -0.065115727 0.995837390
1311867216.339542 -0.010930968 -0.184478447 -0.177568585 0.025894858 -0.057230361 -0.065209262 0.995892525
1311867216.369469 -0.011808889 -0.182318836 -0.176304147 0.024955887 -0.057399698 -0.064713761 0.995939136
1311867216.405512 -0.010697868 -0.183816314 -0.175964132 0.022989174 -0.057728853 -0.064323939 0.995992720
1311867216.437341 -0.013130086 -0.179895848 -0.172775686 0.023717958 -0.057494868 -0.063821532 0.996021450
1311867216.469753 -0.011567248 -0.178901061 -0.173654139 0.022334538 -0.058699351 -0.062702447 0.996054232
1311867216.504980 -0.009544548 -0.178708106 -0.172898293 0.021392144 -0.058772795 -0.063686855 0.996008098
1311867216.537226 -0.010187746 -0.176492333 -0.170729801 0.021942977 -0.057893742 -0.062056016 0.996150553
1311867216.569333 -0.009633948 -0.175020531 -0.171172798 0.022394635 -0.058236882 -0.062052660 0.996120691
1311867216.605032 -0.005299515 -0.172030121 -0.174590483 0.022551656 -0.058412291 -0.062771596 0.996061862
1311867216.637314 -0.006200921 -0.172324389 -0.174862295 0.021707488 -0.057883289 -0.063166633 0.996086538
1311867216.669119 -0.006321846 -0.171114236 -0.173488021 0.022441570 -0.057708442 -0.063934498 0.996031404
1311867216.705236 -0.004961262 -0.167859748 -0.175126642 0.022747211 -0.057223137 -0.063643768 0.996071100
1311867216.737208 -0.006775254 -0.170357257 -0.174166918 0.020984516 -0.056667216 -0.064025246 0.996117115
1311867216.769195 -0.006945590 -0.170078173 -0.173784852 0.021430178 -0.056760278 -0.064650051 0.996061921
1311867216.805002 -0.004400789 -0.169129387 -0.174094290 0.021817701 -0.056889605 -0.064071499 0.996083558
1311867216.837963 -0.004784102 -0.168941259 -0.174749166 0.021439761 -0.056051161 -0.063721441 0.996161759
1311867216.870340 -0.005333959 -0.168433964 -0.173837736 0.021817207 -0.056372378 -0.063607164 0.996142745
1311867216.904959 -0.002678699 -0.167393267 -0.174174562 0.022281148 -0.057374913 -0.063591801 0.996076167
1311867216.937407 -0.002609403 -0.167387828 -0.173981607 0.022146421 -0.055989098 -0.064292766 0.996113122
1311867216.969173 -0.003655735 -0.165705860 -0.174498394 0.022484655 -0.055389814 -0.063413493 0.996195376
1311867217.005327 -0.003608224 -0.167721361 -0.174998045 0.020697782 -0.055334996 -0.063884556 0.996207058
1311867217.037311 -0.003924485 -0.166565806 -0.174376413 0.020722497 -0.054517981 -0.065042846 0.996176660
1311867217.069129 -0.000749728 -0.157956660 -0.174100652 0.022924112 -0.054303680 -0.065818951 0.996089101
1311867217.105258 -0.001881334 -0.156004041 -0.172913030 0.022693796 -0.053941868 -0.065712273 0.996121109
1311867217.137085 -0.001953927 -0.157502681 -0.172759250 0.022216279 -0.054021753 -0.065684602 0.996129334
1311867217.169189 -0.001370325 -0.156397268 -0.173589781 0.023131121 -0.054092541 -0.065302715 0.996129811
1311867217.205792 -0.001273117 -0.155165717 -0.172488794 0.022612270 -0.054090425 -0.065781593 0.996110320
1311867217.237168 -0.002039669 -0.155588940 -0.173251063 0.022556659 -0.054229379 -0.066072799 0.996084750
1311867217.269228 -0.002374640 -0.154676020 -0.174109086 0.022693323 -0.054060142 -0.066347271 0.996072590
1311867217.305164 -0.001908937 -0.152665958 -0.174036533 0.022650020 -0.054031186 -0.065709084 0.996117473
1311867217.337405 -0.003203983 -0.152113348 -0.173791453 0.021627652 -0.054065172 -0.064992376 0.996185362
1311867217.369597 -0.004056023 -0.151482090 -0.174300343 0.020688994 -0.055646650 -0.065825500 0.996063471
1311867217.412045 -0.002275528 -0.148038089 -0.172903165 0.020522550 -0.056389298 -0.067412600 0.995919049
1311867217.437282 -0.001540775 -0.147102624 -0.171992466 0.020163113 -0.055948853 -0.067657374 0.995934606
1311867217.469419 0.001864718 -0.139615551 -0.173342451 0.020754401 -0.055632781 -0.068013683 0.995915830
1311867217.505032 0.001958199 -0.138974234 -0.173651576 0.019602720 -0.056284383 -0.067132905 0.995962322
1311867217.537068 0.003043128 -0.137918696 -0.174256071 0.019548018 -0.056501288 -0.067524776 0.995924652
1311867217.569154 0.001946763 -0.137392968 -0.173178285 0.018284807 -0.056217238 -0.067368001 0.995975375
1311867217.605054 -0.000288281 -0.138253689 -0.174759731 0.016923906 -0.055992186 -0.067160197 0.996026099
1311867217.637099 0.000013089 -0.135379657 -0.174884170 0.015936226 -0.057844404 -0.065314166 0.996059299
1311867217.669100 0.001466913 -0.132823482 -0.173717022 0.014567079 -0.059281461 -0.064317219 0.996060669
1311867217.705063 -0.000420111 -0.132795230 -0.173434898 0.012755609 -0.058777515 -0.065509729 0.996037662
1311867217.737154 0.000244563 -0.132334247 -0.174224749 0.012066090 -0.058790188 -0.064604014 0.996104658
1311867217.769488 0.001431899 -0.129568055 -0.171039179 0.012672774 -0.059292547 -0.065004267 0.996041298
1311867217.805184 0.001287495 -0.126378626 -0.175941244 0.013261926 -0.058937699 -0.064755611 0.996070921
1311867217.837227 0.001981040 -0.125554189 -0.175993100 0.014114670 -0.058363836 -0.064670324 0.996098578
1311867217.869085 0.002236655 -0.124340899 -0.176994488 0.014191216 -0.058244515 -0.063453160 0.996182740
1311867217.905635 -0.000435099 -0.123165332 -0.175785527 0.013315533 -0.058415350 -0.063001342 0.996213436
1311867217.937258 0.000463231 -0.121802308 -0.176154897 0.013133528 -0.059142709 -0.062724479 0.996190429
1311867217.971093 0.001087678 -0.118436672 -0.175651550 0.013288169 -0.059004433 -0.062964179 0.996181428
1311867218.005224 -0.001193133 -0.118607879 -0.173842490 0.011843749 -0.057965543 -0.062875837 0.996266246
1311867218.037144 -0.000303387 -0.118903928 -0.174582690 0.011519854 -0.058004554 -0.061835334 0.996332943
1311867218.071085 0.000046693 -0.118023686 -0.174353167 0.011648617 -0.058366675 -0.062174942 0.996289074
1311867218.105098 0.000887061 -0.117025033 -0.173578277 0.010814991 -0.058913674 -0.062206674 0.996264279
1311867218.137118 0.003318637 -0.105996445 -0.174590573 0.013265928 -0.059555095 -0.063402921 0.996121109
1311867218.171201 0.003781955 -0.103415765 -0.174516365 0.013053748 -0.059014823 -0.063862607 0.996126771
1311867218.205035 0.002533615 -0.103747554 -0.175528988 0.011771754 -0.058383763 -0.064759716 0.996122003
1311867218.237244 0.002901585 -0.103375629 -0.174721867 0.011234516 -0.058408286 -0.065072834 0.996106327
1311867218.271553 0.004048067 -0.103474610 -0.175323531 0.010451577 -0.058054589 -0.066038318 0.996071994
1311867218.305133 0.003701974 -0.102379940 -0.174846485 0.010822426 -0.057337239 -0.068436041 0.995947719
1311867218.337365 0.002052944 -0.103208482 -0.175840840 0.011088007 -0.056243569 -0.070138112 0.995888770
1311867218.373471 0.001287848 -0.099745139 -0.176838905 0.011936945 -0.055664003 -0.071321383 0.995827436
1311867218.405269 0.002335983 -0.101594999 -0.175378248 0.010175301 -0.056398865 -0.072508119 0.995719969
1311867218.437232 0.002640716 -0.101901777 -0.176411480 0.011468573 -0.055864692 -0.073046707 0.995696664
1311867218.472952 0.002160322 -0.098618135 -0.175139382 0.014326410 -0.055280004 -0.073209450 0.995680332
1311867218.505117 0.001420414 -0.096177474 -0.175844058 0.014394224 -0.055871278 -0.072964251 0.995664358
1311867218.537273 0.001018790 -0.095753327 -0.176083684 0.013797946 -0.056415878 -0.073201962 0.995624602
1311867218.571458 -0.000481163 -0.095305666 -0.176595807 0.013182863 -0.055908822 -0.074344620 0.995576918
1311867218.605932 -0.000652264 -0.093147039 -0.176341370 0.012390547 -0.055414245 -0.074049935 0.995636702
1311867218.637202 -0.000857486 -0.094388634 -0.176553190 0.010448784 -0.055540562 -0.074002452 0.995655417
1311867218.671051 -0.002130248 -0.089743346 -0.174694851 0.011021603 -0.055621102 -0.074770577 0.995587349
1311867218.705900 -0.002351785 -0.090086669 -0.176853135 0.009095761 -0.055370502 -0.074699543 0.995626152
1311867218.737849 -0.003414676 -0.093755044 -0.177756593 0.006603270 -0.054063469 -0.076356672 0.995591938
1311867218.771585 -0.002415017 -0.093923695 -0.175306156 0.006909647 -0.054807734 -0.074255057 0.995708108
1311867218.805242 -0.002496254 -0.092303015 -0.174425617 0.006088081 -0.055070091 -0.074662507 0.995668471
1311867218.837996 -0.002382399 -0.080232441 -0.176169693 0.007264994 -0.054951388 -0.075272694 0.995621204
1311867218.872727 -0.001120873 -0.079871811 -0.176239967 0.007429500 -0.055263411 -0.075397231 0.995593369
1311867218.905486 -0.003691535 -0.076176710 -0.175657034 0.006999390 -0.055353351 -0.075644419 0.995572746
1311867218.937220 -0.001975011 -0.080099173 -0.174972817 0.004382914 -0.056472484 -0.075445965 0.995539844
1311867218.973161 -0.003838353 -0.078839444 -0.176825508 0.003898891 -0.055987597 -0.075163573 0.995590627
1311867219.005183 -0.002178719 -0.079619706 -0.175199360 0.001880619 -0.056876585 -0.074881636 0.995567322
1311867219.037124 -0.002282652 -0.081065863 -0.174707830 -0.000452668 -0.056909867 -0.073671721 0.995657384
1311867219.073837 -0.002884310 -0.078186877 -0.176089838 -0.000895677 -0.056686666 -0.073542409 0.995679379
1311867219.105080 -0.000473547 -0.078968145 -0.174329147 -0.002626103 -0.057460286 -0.073060207 0.995667458
1311867219.138326 -0.001366570 -0.075372323 -0.173205480 -0.001534125 -0.056483366 -0.074054115 0.995652199
1311867219.170841 -0.008657403 -0.066569395 -0.169170097 0.000638843 -0.054116704 -0.075146593 0.995702744
1311867219.205245 -0.011408798 -0.066233225 -0.168670505 -0.001089657 -0.053222112 -0.074828394 0.995774567
1311867219.239134 -0.010108951 -0.063578174 -0.168440595 -0.001563526 -0.054226439 -0.073802046 0.995796323
1311867219.270902 -0.011974199 -0.059565216 -0.166420534 -0.001809029 -0.054287467 -0.073622420 0.995805860
1311867219.305243 -0.011273634 -0.058627404 -0.166166246 -0.001854708 -0.053937290 -0.073823608 0.995809913
1311867219.340155 -0.008855772 -0.059998766 -0.167343289 -0.003347046 -0.053963479 -0.072408073 0.995908558
1311867219.371495 -0.011255912 -0.059234731 -0.165564939 -0.004515069 -0.053378761 -0.072509982 0.995928049
1311867219.405197 -0.011583719 -0.057853881 -0.165841356 -0.005133608 -0.053583890 -0.071796015 0.995965779
1311867219.439479 -0.010781739 -0.056360062 -0.166237682 -0.005306604 -0.053247321 -0.072467946 0.995934248
1311867219.471709 -0.003441278 -0.072974317 -0.173281342 -0.011946337 -0.054114267 -0.071556665 0.995895922
1311867219.505156 -0.009197386 -0.064803526 -0.166484132 -0.010832625 -0.052377589 -0.072433889 0.995938063
1311867219.539180 -0.005809538 -0.053455122 -0.168485716 -0.007683021 -0.052611440 -0.072168030 0.995974302
1311867219.574333 -0.005921528 -0.055421978 -0.170221552 -0.010197643 -0.052257080 -0.072710417 0.995930970
1311867219.608604 -0.004956065 -0.056010831 -0.171436414 -0.010950368 -0.051005378 -0.073636830 0.995919764
1311867219.642360 -0.004723306 -0.053171609 -0.170378909 -0.010662299 -0.050295923 -0.073063046 0.996001244
1311867219.671103 -0.003854747 -0.055503808 -0.170764476 -0.012248901 -0.050401136 -0.072758429 0.995999992
1311867219.705287 -0.005221581 -0.054674078 -0.169984534 -0.011550638 -0.049139418 -0.073571272 0.996011615
1311867219.739499 -0.003522357 -0.052224986 -0.170175120 -0.010886068 -0.048374750 -0.073250249 0.996080220
1311867219.773963 -0.005172412 -0.049320035 -0.170813426 -0.011086868 -0.047310393 -0.072815396 0.996161044
1311867219.805177 -0.003501998 -0.048388302 -0.170487896 -0.011047196 -0.047618289 -0.072399937 0.996177137
1311867219.839721 -0.002410836 -0.050217126 -0.169822782 -0.012048326 -0.047161050 -0.072737254 0.996162713
1311867219.875308 -0.003505030 -0.047452960 -0.170437172 -0.012640929 -0.045866299 -0.072540484 0.996230125
1311867219.910839 -0.005739936 -0.045743179 -0.171016127 -0.013294299 -0.045208547 -0.072137780 0.996280968
1311867219.941763 -0.003378921 -0.049651217 -0.169165015 -0.015560885 -0.046514969 -0.071417458 0.996239901
1311867219.973219 -0.001716287 -0.048248418 -0.169964209 -0.016256765 -0.046043508 -0.072469182 0.996174693
1311867220.006868 -0.003597436 -0.047053788 -0.167739555 -0.016138414 -0.044240389 -0.072608769 0.996248186
1311867220.042194 -0.006575202 -0.037662111 -0.168892846 -0.013668279 -0.043882616 -0.073853984 0.996209383
1311867220.074365 -0.004934758 -0.037162285 -0.168707877 -0.014836357 -0.044475596 -0.073564298 0.996187806
1311867220.105276 -0.003285331 -0.033990517 -0.166093633 -0.015055088 -0.044421412 -0.073977277 0.996156394
1311867220.142093 -0.003110240 -0.027707675 -0.166728407 -0.014570231 -0.043953884 -0.074203618 0.996167541
1311867220.171409 -0.004332337 -0.024328377 -0.166480660 -0.015314834 -0.044332728 -0.072913684 0.996234775
1311867220.206177 -0.005555778 -0.019952802 -0.165551141 -0.015063240 -0.044372171 -0.073412612 0.996200204
1311867220.242193 -0.003825024 -0.019634763 -0.166096449 -0.015715875 -0.044713914 -0.073613495 0.996160090
1311867220.274111 -0.005323299 -0.016776245 -0.167719185 -0.015791375 -0.043557648 -0.073894829 0.996189177
1311867220.306449 -0.007406302 -0.023782851 -0.166213602 -0.018723730 -0.043498181 -0.074241348 0.996115267
1311867220.342053 -0.003175589 -0.017229410 -0.166879997 -0.017524112 -0.045011640 -0.074128523 0.996078312
1311867220.371471 -0.002783866 -0.028861005 -0.167655602 -0.021627767 -0.043887522 -0.074787080 0.995998502
1311867220.406370 -0.003913798 -0.021704258 -0.166984230 -0.020693688 -0.043115705 -0.074124381 0.996101677
1311867220.440877 -0.006405791 -0.019285003 -0.166366503 -0.021393795 -0.043115892 -0.074529193 0.996056616
1311867220.472868 -0.005022071 -0.017086940 -0.165095493 -0.022258436 -0.043663770 -0.074245870 0.996034920
1311867220.509080 -0.004192093 -0.014038554 -0.165834203 -0.022318766 -0.043575618 -0.073992230 0.996056318
1311867220.541975 -0.004470793 -0.016477358 -0.165645212 -0.024068270 -0.044006009 -0.073482379 0.996034443
1311867220.571621 -0.004784502 -0.012965799 -0.165339664 -0.023322055 -0.043723773 -0.072823837 0.996113002
1311867220.610419 -0.001146244 -0.018974653 -0.164491862 -0.025079006 -0.044765435 -0.072761983 0.996028543
1311867220.639667 -0.001533170 -0.014064277 -0.165364563 -0.023639955 -0.044404060 -0.072785363 0.996078253
1311867220.671279 -0.001210241 -0.012465358 -0.165624112 -0.022736672 -0.044032320 -0.072031811 0.996170521
1311867220.707327 0.000918237 -0.009045083 -0.165441826 -0.021418810 -0.043817744 -0.072094366 0.996204615
1311867220.739338 0.001406127 -0.019228153 -0.166664526 -0.024368329 -0.043554064 -0.071749404 0.996173322
1311867220.771914 0.001613485 -0.014268694 -0.167463750 -0.022607887 -0.043205008 -0.071593098 0.996241271
1311867220.809727 -0.002397450 -0.013554781 -0.169337258 -0.021768853 -0.042007118 -0.071948446 0.996285617
1311867220.841417 0.000369282 -0.010464503 -0.169450924 -0.020616155 -0.042988099 -0.072149262 0.996253788
1311867220.871240 0.003718757 -0.006597827 -0.169111177 -0.020169966 -0.043362387 -0.072022110 0.996255875
1311867220.907590 0.002063724 -0.006266703 -0.169231787 -0.020074824 -0.043147027 -0.071916275 0.996274769
1311867220.939280 0.002589565 -0.004075461 -0.168241411 -0.019016746 -0.044389695 -0.071150266 0.996295989
1311867220.971313 0.005857868 -0.004903427 -0.167946860 -0.018923076 -0.045816414 -0.071010016 0.996243119
1311867221.008955 0.006563685 0.001858947 -0.168046445 -0.016857309 -0.046030063 -0.070972912 0.996273100
1311867221.039288 0.004596255 -0.002616400 -0.165900424 -0.017805727 -0.047059521 -0.071137339 0.996196687
1311867221.072099 0.004737824 -0.001390150 -0.169150338 -0.017105997 -0.048027217 -0.072571233 0.996059299
1311867221.107750 0.008170659 0.000509903 -0.167123482 -0.017503889 -0.049803384 -0.073327936 0.995909750
1311867221.139766 0.007304192 -0.005478208 -0.169309005 -0.019235235 -0.050072625 -0.075548261 0.995698392
1311867221.171684 0.006535995 -0.002307062 -0.168537259 -0.017980264 -0.050316494 -0.076267250 0.995654702
1311867221.208397 0.004752710 -0.001864286 -0.169076100 -0.019427655 -0.051108181 -0.076225601 0.995590389
1311867221.239750 0.003776610 -0.001375200 -0.170871481 -0.021369563 -0.050958816 -0.075215265 0.995635092
1311867221.271980 0.006406154 0.000680264 -0.169856504 -0.020214042 -0.052663073 -0.075405590 0.995556176
1311867221.307576 0.011985171 0.003789303 -0.169420630 -0.019725472 -0.054877531 -0.075635500 0.995428860
1311867221.339333 0.017005354 -0.005636624 -0.172549292 -0.022881849 -0.056854818 -0.076489091 0.995185137
1311867221.371416 0.016844627 -0.010317902 -0.176018670 -0.023428859 -0.057063397 -0.076081209 0.995191693
1311867221.407147 0.016098365 0.012556272 -0.168713585 -0.015699798 -0.056607991 -0.078111023 0.995212436
1311867221.440006 0.016390897 0.015073833 -0.168952018 -0.015843408 -0.054902937 -0.078728989 0.995257020
1311867221.471228 0.019485245 0.015473267 -0.169114888 -0.016820475 -0.054078273 -0.077282473 0.995399475
1311867221.508153 0.019058567 0.016714806 -0.169732884 -0.016744794 -0.052630160 -0.075608104 0.995606959
1311867221.539675 0.020698823 0.019720500 -0.168794647 -0.016377024 -0.051616177 -0.074782796 0.995728433
1311867221.571272 0.019440237 0.018281804 -0.170245633 -0.017613903 -0.050194614 -0.073896036 0.995846272
1311867221.607168 0.021338122 0.022519726 -0.170942858 -0.015727391 -0.049353249 -0.074170426 0.995899498
1311867221.640370 0.020577651 0.025512692 -0.172387078 -0.014850874 -0.047445655 -0.073900834 0.996025681
1311867221.669453 0.018301787 0.025110757 -0.174503386 -0.016231302 -0.046469513 -0.073503807 0.996079504
1311867221.707171 0.015424640 0.023041155 -0.180582181 -0.017538443 -0.045246460 -0.071733147 0.996242762
1311867221.742382 0.019238478 0.031657670 -0.177464098 -0.016361717 -0.045773305 -0.070577577 0.996321201
1311867221.769386 0.020785363 0.035862453 -0.178669810 -0.016866757 -0.044914834 -0.068970397 0.996464372
1311867221.807422 0.019346651 0.037196625 -0.179600313 -0.018795544 -0.044865496 -0.066911213 0.996572554
1311867221.839645 0.021707326 0.040325247 -0.181582093 -0.017686225 -0.044889115 -0.066809222 0.996598601
1311867221.869580 0.020160075 0.036773734 -0.183745623 -0.018304864 -0.043720938 -0.067439094 0.996596992
1311867221.907739 0.019781005 0.042965278 -0.185935929 -0.016730584 -0.042450320 -0.067779899 0.996656418
1311867221.942361 0.022127487 0.038834479 -0.187714607 -0.018312825 -0.043371499 -0.068683729 0.996527076
1311867221.969578 0.018850222 0.044408359 -0.187868789 -0.017108314 -0.042409968 -0.069813162 0.996511340
1311867222.009006 0.020072365 0.046412230 -0.188305214 -0.017850315 -0.042892240 -0.071792834 0.996337056
1311867222.042876 0.016920703 0.043019723 -0.187845156 -0.019432718 -0.041791704 -0.071347192 0.996386170
1311867222.069362 0.012186798 0.047975373 -0.193012387 -0.017913429 -0.041738696 -0.073365316 0.996270299
1311867222.111094 0.009204777 0.054171331 -0.193361104 -0.018128231 -0.041774064 -0.074173480 0.996205091
1311867222.140683 0.009393899 0.053385317 -0.193165317 -0.020664014 -0.042227764 -0.074721359 0.996095657
1311867222.169399 0.008108627 0.053811941 -0.192380503 -0.021437177 -0.043056231 -0.076227717 0.995929718
1311867222.208160 0.009360414 0.058997300 -0.194312364 -0.022416227 -0.044684615 -0.077373341 0.995748103
1311867222.240073 0.007659142 0.063861199 -0.191888884 -0.024328083 -0.044692717 -0.077595085 0.995685577
1311867222.269681 0.011981153 0.059699282 -0.190196157 -0.026634539 -0.046676658 -0.078084953 0.995497227
1311867222.307736 0.010929659 0.063516736 -0.189923018 -0.027650181 -0.048359867 -0.078098685 0.995388091
1311867222.339630 0.010025959 0.067568943 -0.190710321 -0.029325398 -0.048224002 -0.079660177 0.995222986
1311867222.369496 0.006995434 0.075918362 -0.189333379 -0.028254414 -0.047920574 -0.079988189 0.995242357
1311867222.410190 0.012164596 0.063121475 -0.187723562 -0.033968288 -0.051404539 -0.081430934 0.994772732
1311867222.443636 0.009953646 0.065501705 -0.187954649 -0.036280733 -0.051399041 -0.082402259 0.994611382
1311867222.469409 0.007633263 0.074480064 -0.188372254 -0.035629779 -0.050831605 -0.083044067 0.994610667
1311867222.508688 0.007581688 0.076808266 -0.187779039 -0.037705023 -0.051023010 -0.083011225 0.994527102
1311867222.540167 0.004564274 0.080089122 -0.187224016 -0.039701939 -0.051376205 -0.081618637 0.994546473
1311867222.569671 0.004775803 0.079514123 -0.184615046 -0.041158915 -0.052569769 -0.079431996 0.994601965
1311867222.608424 0.007355799 0.081850655 -0.181992784 -0.041276079 -0.053706042 -0.079110146 0.994562030
1311867222.643296 0.005453223 0.082391433 -0.183888257 -0.042117033 -0.052710231 -0.078972526 0.994590998
1311867222.669574 0.007015399 0.084872335 -0.180859923 -0.042201310 -0.053289048 -0.077584222 0.994665802
1311867222.708011 0.008697829 0.083799720 -0.178554967 -0.043045480 -0.054574993 -0.076186344 0.994667947
1311867222.739992 0.009801277 0.089444466 -0.176936880 -0.043100059 -0.055530000 -0.075287387 0.994681180
1311867222.769457 0.010583011 0.093218371 -0.177940086 -0.042313058 -0.056517132 -0.073367670 0.994802833
1311867222.809321 0.009796144 0.092696808 -0.175864309 -0.041738950 -0.056646977 -0.073443376 0.994814157
1311867222.840258 0.008120728 0.093100414 -0.175369278 -0.042266972 -0.056833312 -0.072320074 0.994863510
1311867222.869499 0.008566372 0.093080625 -0.175064832 -0.042416405 -0.057204850 -0.071062602 0.994926393
1311867222.908232 0.008804952 0.095097467 -0.175876886 -0.041630130 -0.058023162 -0.070683353 0.994939268
1311867222.937591 0.009106279 0.094060257 -0.173587203 -0.042555414 -0.058613278 -0.069911815 0.994920075
1311867222.969488 0.009089040 0.097323596 -0.171827137 -0.041851886 -0.058296178 -0.068799496 0.995046079
1311867223.007824 0.008907217 0.098282248 -0.173496187 -0.040845837 -0.058845840 -0.068808109 0.995054901
1311867223.037495 0.007546267 0.096083276 -0.174152479 -0.041644789 -0.058661055 -0.067844361 0.995098948
1311867223.069417 0.008733318 0.095412895 -0.170492038 -0.042466596 -0.058959931 -0.066547334 0.995134115
1311867223.109412 0.006219629 0.099822395 -0.172818109 -0.041048467 -0.058541901 -0.065195747 0.995307744
1311867223.138136 0.005321591 0.100396492 -0.174709618 -0.041495454 -0.058394764 -0.064895280 0.995317519
1311867223.175852 0.004036699 0.103333913 -0.171545401 -0.041733414 -0.057640146 -0.064507432 0.995376706
1311867223.208002 0.008619638 0.098654583 -0.168343827 -0.043799549 -0.060039774 -0.063279949 0.995224893
1311867223.237463 0.010314197 0.095680512 -0.167451262 -0.045369349 -0.061616592 -0.062852085 0.995085299
1311867223.277936 0.007195863 0.097734705 -0.166687936 -0.046509359 -0.060898811 -0.063325517 0.995046794
1311867223.308589 0.008177161 0.097514503 -0.164570853 -0.048016194 -0.059870392 -0.063630141 0.995018244
1311867223.337625 0.008499772 0.097128510 -0.163319886 -0.049784921 -0.059437405 -0.062557280 0.995025277
1311867223.375432 0.008298684 0.104819708 -0.168376982 -0.048848435 -0.060419496 -0.059627004 0.995192409
1311867223.407361 0.005642776 0.106972165 -0.167870536 -0.049640056 -0.059964303 -0.058787115 0.995230734
1311867223.437562 0.004567747 0.108734161 -0.168791875 -0.049326446 -0.059562284 -0.058895275 0.995264113
1311867223.475825 0.005626248 0.110113196 -0.168920308 -0.049375653 -0.059805915 -0.058187008 0.995288730
1311867223.507732 0.006410492 0.111307621 -0.167234033 -0.050188649 -0.060224384 -0.058225952 0.995220542
1311867223.537550 0.004180168 0.112512395 -0.167277962 -0.049937755 -0.059830893 -0.057583936 0.995294213
1311867223.575919 0.004881564 0.114088282 -0.169123307 -0.049745139 -0.060484212 -0.057177488 0.995287836
1311867223.607790 0.003118157 0.116567217 -0.170291632 -0.050028883 -0.060235023 -0.057918444 0.995245934
1311867223.637449 0.006545670 0.114733830 -0.166130513 -0.050495666 -0.061318748 -0.058557909 0.995118678
1311867223.675382 0.002201696 0.120230928 -0.169295162 -0.049008884 -0.059958179 -0.058107782 0.995302320
1311867223.708839 0.007175061 0.119176313 -0.168252960 -0.050443593 -0.061218038 -0.058666371 0.995121181
1311867223.737594 0.003950082 0.122085810 -0.170226470 -0.050659399 -0.059650771 -0.058809005 0.995196998
1311867223.776066 -0.000478726 0.124623775 -0.171207428 -0.051161312 -0.058390062 -0.059136745 0.995226622
1311867223.807750 0.000687355 0.125087172 -0.172360986 -0.052989453 -0.058217779 -0.058648743 0.995169938
1311867223.837481 0.003933680 0.124431014 -0.168863609 -0.054984432 -0.058680464 -0.058475621 0.995044708
1311867223.876077 0.006822750 0.124233231 -0.170171961 -0.055545866 -0.058552545 -0.059883341 0.994937360
1311867223.907813 0.008630182 0.123742133 -0.170916036 -0.057484310 -0.058600768 -0.059930794 0.994821548
1311867223.938926 0.005644015 0.127882406 -0.171158269 -0.057894904 -0.057545826 -0.059359383 0.994893610
1311867223.976047 0.001379617 0.130752206 -0.172628745 -0.057860926 -0.055610616 -0.059899341 0.994973242
1311867224.009213 0.007484076 0.127721846 -0.170067295 -0.059775103 -0.056192480 -0.059929691 0.994825542
1311867224.037596 0.004025848 0.130824208 -0.172890708 -0.059706476 -0.054609157 -0.060240984 0.994898975
1311867224.076133 0.006574783 0.133885607 -0.173081547 -0.059275702 -0.054047335 -0.059989341 0.994970679
1311867224.108128 0.006460467 0.135746136 -0.175185367 -0.057895966 -0.053783309 -0.059272382 0.995109200
1311867224.137526 0.005961157 0.144397110 -0.176172853 -0.056074161 -0.052281536 -0.059300516 0.995291829
1311867224.176888 0.013828076 0.139329582 -0.173716083 -0.057786636 -0.053077213 -0.058651309 0.995190263
1311867224.205512 0.009361857 0.147657409 -0.177160144 -0.055406671 -0.051254183 -0.056640223 0.995537519
1311867224.237792 0.012832196 0.148792088 -0.178038955 -0.055155061 -0.051358603 -0.057121832 0.995518625
1311867224.276855 0.008753888 0.150238276 -0.179406211 -0.055863105 -0.049318742 -0.057719205 0.995547831
1311867224.305465 0.010718051 0.150606215 -0.179736599 -0.055328615 -0.049647599 -0.057903551 0.995550692
1311867224.337546 0.010591309 0.156365976 -0.179783762 -0.052700687 -0.048406925 -0.057803527 0.995760083
1311867224.376913 0.010554271 0.155148074 -0.182034135 -0.052563991 -0.048531514 -0.058546171 0.995717883
1311867224.405603 0.012270952 0.160062283 -0.180791214 -0.049651589 -0.047827113 -0.059109710 0.995868146
1311867224.437516 0.006604307 0.156165436 -0.180418253 -0.048761550 -0.046064969 -0.059979901 0.995943189
1311867224.477686 -0.000435486 0.163179666 -0.187172383 -0.045308482 -0.043081779 -0.059019599 0.996297061
1311867224.505660 -0.000579792 0.163912922 -0.188071579 -0.042954117 -0.043093350 -0.058520272 0.996430337
1311867224.537809 -0.001771779 0.163777128 -0.190535977 -0.039493453 -0.042142436 -0.058604866 0.996609151
1311867224.585912 0.000509446 0.163997039 -0.191381976 -0.038924668 -0.042225201 -0.057451792 0.996695161
1311867224.605597 0.002202408 0.165821269 -0.192097157 -0.039087206 -0.042911675 -0.058163323 0.996618211
1311867224.637806 0.000137411 0.167368919 -0.192292437 -0.038055651 -0.042410530 -0.058707386 0.996647716
1311867224.678501 0.002239782 0.167287901 -0.192865998 -0.037357643 -0.042675894 -0.059895415 0.996592104
1311867224.705493 0.001498278 0.167747319 -0.192992419 -0.038803428 -0.042427339 -0.060126834 0.996533513
1311867224.737612 -0.003618465 0.171342328 -0.193332434 -0.038025688 -0.041479386 -0.061055813 0.996546924
1311867224.786626 -0.001107175 0.173485920 -0.192882046 -0.037109829 -0.042199049 -0.061398044 0.996530235
1311867224.805654 -0.001419433 0.171726108 -0.192783341 -0.038533997 -0.041764818 -0.061733667 0.996473730
1311867224.837824 -0.000284551 0.172396287 -0.190967321 -0.039755758 -0.041873448 -0.061656684 0.996425927
1311867224.877943 0.002605903 0.173440486 -0.191226855 -0.040075455 -0.042621460 -0.061283335 0.996404409
1311867224.905651 0.001899526 0.175379679 -0.191673592 -0.040578004 -0.041973926 -0.061477918 0.996399641
1311867224.937570 0.000824679 0.178536117 -0.189941660 -0.040871680 -0.041592084 -0.060423784 0.996468127
1311867224.979735 -0.000143228 0.181386888 -0.189528987 -0.038989164 -0.040916275 -0.059726223 0.996613562
1311867225.006618 0.000529873 0.179917485 -0.188839212 -0.039394844 -0.040958975 -0.058060952 0.996694267
1311867225.037681 -0.000262643 0.182848349 -0.188521355 -0.040396757 -0.040591214 -0.058264833 0.996657252
1311867225.079869 0.000045610 0.185927972 -0.187091634 -0.040187042 -0.039911468 -0.058216613 0.996696055
1311867225.105549 0.000948903 0.187304959 -0.187281564 -0.040800635 -0.040549457 -0.057832573 0.996667743
1311867225.137763 -0.000938107 0.186168432 -0.185639098 -0.042712670 -0.039500572 -0.057976700 0.996621311
1311867225.180820 0.004177863 0.189976126 -0.184468448 -0.042678479 -0.040885720 -0.057431124 0.996598482
1311867225.205557 -0.000212205 0.195679769 -0.185452119 -0.041540585 -0.039361924 -0.057347946 0.996712744
1311867225.237668 0.000117098 0.195299730 -0.184173837 -0.041633647 -0.038602065 -0.056542579 0.996784627
1311867225.279255 -0.002107976 0.202689946 -0.187911332 -0.039383531 -0.037457254 -0.056128092 0.996943116
1311867225.305777 -0.001294781 0.203774348 -0.186421216 -0.038899500 -0.037425190 -0.055462286 0.997000635
1311867225.337676 0.000186609 0.203275755 -0.185314953 -0.037961327 -0.037933618 -0.055093024 0.997038066
1311867225.373693 -0.001913094 0.205522552 -0.185438275 -0.037226245 -0.037853479 -0.054197855 0.997117817
1311867225.405582 -0.002454133 0.207555667 -0.185119331 -0.036055274 -0.038203325 -0.053821128 0.997167885
1311867225.437602 -0.003523185 0.207053423 -0.186383307 -0.035270337 -0.038083538 -0.053733435 0.997205317
1311867225.473714 -0.004286272 0.209463134 -0.186686173 -0.033943091 -0.038118362 -0.053358972 0.997270167
1311867225.505610 -0.004497771 0.210484609 -0.187208191 -0.031826574 -0.037407968 -0.053495016 0.997359574
1311867225.537795 -0.001585292 0.212241486 -0.188449621 -0.030246083 -0.038075313 -0.052901190 0.997415185
1311867225.573788 -0.002116026 0.211576432 -0.187926397 -0.030034751 -0.038898222 -0.052411303 0.997415662
1311867225.605520 -0.001231224 0.217431277 -0.188344255 -0.026581332 -0.040334903 -0.054647766 0.997336566
1311867225.637625 -0.006845525 0.218761206 -0.191883385 -0.022864122 -0.039504822 -0.057076667 0.997325897
1311867225.673806 -0.003947902 0.216387272 -0.194847956 -0.022079647 -0.039525840 -0.058901437 0.997236609
1311867225.705642 -0.004249586 0.220455006 -0.193425819 -0.019135719 -0.038954273 -0.060033008 0.997252524
1311867225.737747 -0.004914613 0.217503995 -0.196538955 -0.016754139 -0.039469760 -0.061741114 0.997170806
1311867225.773659 -0.004172823 0.218187973 -0.199472010 -0.016625794 -0.040811613 -0.061724942 0.997119904
1311867225.805618 -0.004540847 0.218878195 -0.198091879 -0.016807849 -0.042591538 -0.061607152 0.997049630
1311867225.837804 -0.006904787 0.216955915 -0.199533761 -0.017197536 -0.042826049 -0.062506981 0.996977031
1311867225.873778 -0.003462079 0.219081193 -0.199603230 -0.017911663 -0.044112206 -0.061854538 0.996949077
1311867225.905632 -0.003437762 0.222019896 -0.200038031 -0.018087488 -0.045616649 -0.060289137 0.996974051
1311867225.937904 -0.004752782 0.223059461 -0.199987203 -0.017718447 -0.047354117 -0.060040221 0.996914685
1311867225.973591 -0.006948728 0.225470498 -0.200801164 -0.017414268 -0.047729466 -0.059724517 0.996921122
1311867226.005870 -0.012157364 0.219992325 -0.202259049 -0.019159321 -0.047045160 -0.059220113 0.996951699
1311867226.037807 -0.004947786 0.226458222 -0.202917218 -0.016670071 -0.049542878 -0.058901075 0.996894300
1311867226.073737 -0.009200317 0.225986555 -0.202525213 -0.019080082 -0.049755931 -0.058912255 0.996839881
1311867226.105587 -0.006646702 0.231470272 -0.200530797 -0.018052634 -0.051265337 -0.058904637 0.996782959
1311867226.137702 -0.004532018 0.230370104 -0.203183234 -0.017112201 -0.052238986 -0.058859263 0.996751666
1311867226.173782 -0.006990144 0.230720818 -0.201394469 -0.018358400 -0.052255705 -0.058113962 0.996772349
1311867226.205652 -0.005168257 0.235234484 -0.202538639 -0.017236711 -0.052951153 -0.057579525 0.996786714
1311867226.237839 -0.012744855 0.242748618 -0.204970196 -0.014580494 -0.050405037 -0.057605151 0.996959627
1311867226.273639 -0.015497803 0.245865732 -0.208287805 -0.013378650 -0.048732892 -0.058076236 0.997032225
1311867226.305637 -0.011551570 0.246519491 -0.208597943 -0.012616864 -0.048471361 -0.056360252 0.997153401
1311867226.337609 -0.015053474 0.247192189 -0.209136143 -0.013522762 -0.048061192 -0.055118665 0.997230768
1311867226.373734 -0.011936205 0.249801323 -0.208395466 -0.014277546 -0.048702754 -0.054128543 0.997243404
1311867226.405602 -0.014488933 0.252954930 -0.208816022 -0.014369898 -0.048377719 -0.052564923 0.997341514
1311867226.437644 -0.017982746 0.253809869 -0.210398048 -0.015452184 -0.048262961 -0.052312382 0.997344196
1311867226.473717 -0.014206209 0.255739450 -0.212698907 -0.016547864 -0.048457127 -0.052849084 0.997288942
1311867226.505750 -0.010664216 0.251330614 -0.206311136 -0.018852346 -0.049614612 -0.053297210 0.997167170
1311867226.537741 -0.009756297 0.255257040 -0.208086714 -0.018086707 -0.049708985 -0.053389356 0.997171819
1311867226.573767 -0.006455421 0.256141603 -0.210871547 -0.018968837 -0.050298672 -0.053232662 0.997134209
1311867226.605613 -0.007763898 0.257712096 -0.209723517 -0.020042991 -0.050396953 -0.052977487 0.997121751
1311867226.637797 -0.007407916 0.260175109 -0.209011480 -0.019818891 -0.051035374 -0.053288512 0.997077286
1311867226.673676 -0.009807448 0.259772450 -0.210961282 -0.020052202 -0.050129119 -0.053822551 0.997089863
1311867226.705658 -0.010616721 0.260740906 -0.210252032 -0.021095661 -0.050384883 -0.053609643 0.997066975
1311867226.737728 -0.008393698 0.264302582 -0.208548024 -0.019234844 -0.051523283 -0.054297917 0.997009158
1311867226.773860 -0.011348458 0.259243518 -0.209675819 -0.020426905 -0.051304691 -0.054405387 0.996990800
1311867226.805637 -0.024686806 0.271904469 -0.213721812 -0.019958386 -0.049268745 -0.053346485 0.997160196
1311867226.837753 -0.021318542 0.270824552 -0.213223606 -0.020771747 -0.051317178 -0.052812312 0.997068763
1311867226.873821 -0.025494464 0.270286769 -0.217532977 -0.020448959 -0.050909366 -0.054132350 0.997025490
1311867226.905774 -0.028081758 0.270165682 -0.219121203 -0.021793310 -0.050409786 -0.054556563 0.996999323
1311867226.937813 -0.027905360 0.273069143 -0.218112066 -0.021270204 -0.050350074 -0.054809235 0.996999741
1311867226.973631 -0.030181689 0.275151640 -0.219688088 -0.021239407 -0.049752768 -0.054669566 0.997038007
1311867227.005676 -0.023064449 0.274140924 -0.218307674 -0.022879547 -0.050566256 -0.055088084 0.996937811
1311867227.037802 -0.025146503 0.277781874 -0.216774330 -0.022413114 -0.050198242 -0.054484572 0.997000158
1311867227.073659 -0.016428592 0.269711912 -0.217068627 -0.025140190 -0.051434744 -0.055659164 0.996807218
1311867227.105662 -0.017493678 0.267162085 -0.214989677 -0.027755942 -0.049816612 -0.055686105 0.996818483
1311867227.137793 -0.009704690 0.278278351 -0.214955807 -0.025202436 -0.050900947 -0.055394936 0.996847749
1311867227.173840 -0.009375501 0.275815725 -0.216645211 -0.026780609 -0.050584771 -0.055501841 0.996816754
1311867227.205749 -0.008094204 0.285727203 -0.216949195 -0.025585214 -0.050326440 -0.054819275 0.996899009
1311867227.237947 -0.005627600 0.283406883 -0.212879628 -0.026022485 -0.051578242 -0.055163935 0.996804655
1311867227.273709 -0.004883440 0.284028858 -0.215178981 -0.025537711 -0.051850967 -0.055770088 0.996769309
1311867227.305822 -0.006969361 0.286692768 -0.215798393 -0.025808536 -0.050952043 -0.055253211 0.996837437
1311867227.337747 -0.007727792 0.284933358 -0.213511959 -0.026966989 -0.051143534 -0.054263148 0.996851385
1311867227.373776 -0.007615540 0.287281722 -0.213603750 -0.026576102 -0.051492091 -0.056070831 0.996743858
1311867227.405700 -0.006879538 0.286260664 -0.214814842 -0.026632855 -0.051086139 -0.055875704 0.996774256
1311867227.437755 -0.007192695 0.286222368 -0.213977665 -0.027584273 -0.051354833 -0.055894967 0.996733487
1311867227.473739 -0.007121651 0.290398121 -0.211638093 -0.026598196 -0.051511560 -0.056173291 0.996736526
1311867227.505780 -0.009793221 0.289287269 -0.214686871 -0.026284194 -0.050936360 -0.056743436 0.996742129
1311867227.537934 -0.009559145 0.290357143 -0.214637220 -0.025692144 -0.051116675 -0.056482233 0.996763229
1311867227.573742 -0.010462050 0.293068290 -0.214947879 -0.024811728 -0.051021267 -0.056253593 0.996803284
1311867227.605850 -0.009826639 0.287520289 -0.213056788 -0.026310854 -0.051487040 -0.056108944 0.996749103
1311867227.637919 -0.011877531 0.291125655 -0.213920102 -0.025339851 -0.051011961 -0.055975877 0.996806145
1311867227.673930 -0.012458177 0.292595148 -0.212798536 -0.024687937 -0.050989989 -0.055534646 0.996848285
1311867227.705960 -0.013028762 0.289989561 -0.212146446 -0.025285520 -0.051460799 -0.056017801 0.996782064
1311867227.737825 -0.011438412 0.288635939 -0.214077070 -0.026701713 -0.051364474 -0.056409407 0.996728003
1311867227.773732 -0.007015389 0.291512311 -0.211590126 -0.026326852 -0.052820101 -0.056535978 0.996654749
1311867227.805861 -0.008200605 0.285716146 -0.211162761 -0.028326871 -0.053031966 -0.056444917 0.996593773
1311867227.837774 -0.006940265 0.289309800 -0.211779952 -0.029365899 -0.052731793 -0.056946635 0.996551156
1311867227.873834 -0.007481033 0.297826916 -0.209423587 -0.028629104 -0.052018676 -0.056649588 0.996626973
1311867227.905791 -0.010165281 0.299253702 -0.209233195 -0.028378256 -0.051161136 -0.056884907 0.996665120
1311867227.937974 -0.022173030 0.302023977 -0.212467730 -0.027859269 -0.047332510 -0.056928847 0.996866405
1311867227.973753 -0.021841602 0.304677963 -0.215085253 -0.028190004 -0.046401657 -0.056814935 0.996907413
1311867228.005723 -0.021596368 0.305282503 -0.212922171 -0.029051179 -0.045954030 -0.056189243 0.996938884
1311867228.037953 -0.019466257 0.305868894 -0.213090062 -0.031046899 -0.046124905 -0.056071490 0.996877432
1311867228.073892 -0.020635022 0.309851348 -0.212147877 -0.031922024 -0.045536291 -0.054100249 0.996985793
1311867228.105804 -0.020645995 0.309854060 -0.211006343 -0.032821838 -0.045843333 -0.054219402 0.996936023
1311867228.137844 -0.020184759 0.311286986 -0.212385774 -0.033262696 -0.045734473 -0.054195527 0.996927738
1311867228.173814 -0.027882192 0.315897822 -0.213511318 -0.033215880 -0.043947618 -0.054262247 0.997006059
1311867228.205739 -0.018045563 0.311619937 -0.209679380 -0.034465168 -0.045848187 -0.054278463 0.996877074
1311867228.237933 -0.022628684 0.313103020 -0.210886329 -0.033739615 -0.044662707 -0.055056054 0.996913135
1311867228.273761 -0.021560764 0.314797521 -0.211930528 -0.033285581 -0.044615362 -0.054609939 0.996954978
1311867228.305921 -0.016183157 0.315568507 -0.211008281 -0.032725494 -0.045806590 -0.055570658 0.996866465
1311867228.337798 -0.017752780 0.314282000 -0.210807115 -0.032943793 -0.045318734 -0.055657387 0.996876717
1311867228.373868 -0.022438629 0.315776795 -0.213232219 -0.033685569 -0.044303961 -0.054820873 0.996943951
1311867228.405817 -0.017245311 0.315239966 -0.210664153 -0.034050897 -0.045385972 -0.055010900 0.996872425
1311867228.437784 -0.017796466 0.317980677 -0.211133048 -0.033888306 -0.044914190 -0.054430764 0.996931136
1311867228.473891 -0.027967637 0.324599117 -0.213758692 -0.032943536 -0.043058738 -0.054671735 0.997031450
1311867228.505808 -0.029094534 0.323357522 -0.215031311 -0.032811821 -0.042859826 -0.054303877 0.997064471
1311867228.537902 -0.019471159 0.322614133 -0.213331401 -0.031678252 -0.044736188 -0.054805305 0.996991217
1311867228.573967 -0.018189184 0.319273740 -0.212905958 -0.031917438 -0.044676382 -0.055120636 0.996968985
1311867228.605785 -0.016626781 0.317938775 -0.212140292 -0.030660512 -0.045438930 -0.055417810 0.996957481
1311867228.638238 -0.016110227 0.314649612 -0.212996379 -0.030008342 -0.045340251 -0.055625256 0.996970236
1311867228.674148 -0.019834906 0.315116733 -0.213935047 -0.027576236 -0.044802047 -0.055882186 0.997050464
1311867228.705963 -0.017908635 0.311421067 -0.214825600 -0.026709374 -0.045479119 -0.056210112 0.997024953
1311867228.738100 -0.019349042 0.313018739 -0.216810420 -0.025823746 -0.045250423 -0.056403734 0.997047722
1311867228.773802 -0.016314417 0.314951986 -0.216077879 -0.024694543 -0.046298839 -0.056376219 0.997029781
1311867228.805984 -0.018322907 0.307513446 -0.216526836 -0.024790579 -0.045809377 -0.056732036 0.997029781
1311867228.838559 -0.022771835 0.306495249 -0.219773278 -0.025504319 -0.045151893 -0.056625314 0.997047842
1311867228.873961 -0.021781731 0.308171660 -0.218034655 -0.025337763 -0.045228910 -0.056768600 0.997040510
1311867228.906015 -0.018778261 0.306294501 -0.217232719 -0.023233756 -0.045873404 -0.056869522 0.997056544
1311867228.937917 -0.018612400 0.301829249 -0.220798388 -0.024101673 -0.045821305 -0.058065161 0.996969402
1311867228.974031 -0.018659621 0.305381000 -0.220787525 -0.023253089 -0.045103982 -0.057203703 0.997072041
1311867229.006218 -0.016059881 0.302242070 -0.219778270 -0.020999596 -0.046511129 -0.056339417 0.997106671
1311867229.037895 -0.020763783 0.298188120 -0.221548915 -0.021030903 -0.046213545 -0.056140788 0.997131050
1311867229.073863 -0.020425310 0.297203928 -0.222557247 -0.021719873 -0.046438009 -0.055042740 0.997166991
1311867229.106048 -0.019088738 0.295862466 -0.218699172 -0.020560030 -0.046802394 -0.053094409 0.997280240
1311867229.138415 -0.022902925 0.297236949 -0.222324058 -0.018623140 -0.046583250 -0.052323837 0.997369230
1311867229.173882 -0.023566546 0.289719641 -0.222562760 -0.020389197 -0.046288416 -0.051841304 0.997373641
1311867229.205881 -0.033939343 0.297027260 -0.225102678 -0.017671572 -0.045611754 -0.050716460 0.997514486
1311867229.237989 -0.029497335 0.295628339 -0.224220470 -0.015644377 -0.047338698 -0.049131505 0.997547209
1311867229.273846 -0.026605602 0.290901691 -0.226710185 -0.015675619 -0.047844369 -0.049156923 0.997521400
1311867229.305876 -0.028007643 0.292301595 -0.227496833 -0.014806834 -0.047691952 -0.049289033 0.997535408
1311867229.338430 -0.013617835 0.284905016 -0.222965285 -0.014775288 -0.050472829 -0.047842402 0.997469544
1311867229.373891 -0.017939493 0.278707027 -0.224760696 -0.014842555 -0.049928039 -0.045904104 0.997587025
1311867229.405824 -0.019910177 0.277142018 -0.227262378 -0.015444133 -0.049380075 -0.044540815 0.997666955
1311867229.438754 -0.019620985 0.278982520 -0.224993244 -0.014409892 -0.049757250 -0.043339405 0.997716606
1311867229.473780 -0.016227830 0.274823457 -0.225475043 -0.013690861 -0.051277481 -0.043735839 0.997632444
1311867229.505914 -0.020388894 0.271550238 -0.226600587 -0.013321025 -0.051520772 -0.043970745 0.997614622
1311867229.538044 -0.020761132 0.268341660 -0.224925801 -0.011061142 -0.051897183 -0.045013662 0.997576118
1311867229.573925 -0.022382420 0.266842782 -0.229194716 -0.010149801 -0.052066922 -0.045430284 0.997558117
1311867229.605773 -0.021820249 0.267421931 -0.228286460 -0.009523761 -0.052469466 -0.045708921 0.997530520
1311867229.637979 -0.021395247 0.264747858 -0.228634089 -0.008383496 -0.052849125 -0.046093933 0.997502983
1311867229.673818 -0.017622171 0.263275832 -0.231428787 -0.007430808 -0.054354776 -0.046756834 0.997398674
1311867229.705799 -0.019529784 0.260058433 -0.231682196 -0.008581189 -0.054439515 -0.046876062 0.997379303
1311867229.737926 -0.023008708 0.261868179 -0.230230674 -0.007164767 -0.054347087 -0.047898486 0.997346878
1311867229.773985 -0.022207053 0.256714195 -0.231779292 -0.006930106 -0.054310668 -0.047246143 0.997381628
1311867229.805829 -0.019862104 0.256804556 -0.231504232 -0.006536174 -0.054926679 -0.048402291 0.997295141
1311867229.837864 -0.020350808 0.257443398 -0.231197178 -0.004755162 -0.055080526 -0.048869632 0.997273982
1311867229.874033 -0.015272226 0.253949821 -0.231373087 -0.003619172 -0.057111569 -0.048527956 0.997181177
1311867229.905852 -0.017370682 0.249434292 -0.234193504 -0.003685764 -0.056463450 -0.050122023 0.997138977
1311867229.938195 -0.015207717 0.254515618 -0.234031886 -0.001997575 -0.057018563 -0.050750997 0.997080386
1311867229.973952 -0.021654565 0.252358675 -0.234380960 0.000342699 -0.055855092 -0.050599881 0.997155845
1311867230.005885 -0.022056140 0.246166945 -0.236229911 0.000963079 -0.055642162 -0.051053379 0.997144282
1311867230.037850 -0.026116636 0.247106925 -0.237799346 0.002173088 -0.054782361 -0.051011648 0.997192144
1311867230.074069 -0.019059783 0.251295745 -0.237258121 0.005749927 -0.056477375 -0.050481312 0.997110307
1311867230.105927 -0.022131315 0.240618199 -0.236663893 0.005142398 -0.056839924 -0.050302137 0.997102082
1311867230.138081 -0.026089067 0.235293716 -0.237694174 0.004104561 -0.055731699 -0.050600745 0.997154295
1311867230.173877 -0.024991965 0.233912006 -0.236923739 0.004524791 -0.055075798 -0.050314710 0.997203410
1311867230.206050 -0.029496036 0.232893854 -0.240852371 0.005421412 -0.054631103 -0.050383348 0.997219980
1311867230.238178 -0.027358230 0.231351390 -0.239215761 0.005724456 -0.054526985 -0.051613767 0.997161031
1311867230.274102 -0.027226705 0.232092291 -0.240860522 0.005912461 -0.054742988 -0.050654840 0.997197270
1311867230.305950 -0.026008509 0.227094993 -0.241419658 0.005351323 -0.055801183 -0.050861511 0.997131288
1311867230.337872 -0.025051357 0.227887616 -0.245308816 0.006036074 -0.056213994 -0.049507733 0.997172296
1311867230.374067 -0.027485361 0.225680724 -0.242888257 0.005919227 -0.055580445 -0.049691521 0.997199416
1311867230.406184 -0.028381154 0.221585721 -0.243594348 0.006056353 -0.055972058 -0.048730742 0.997224033
1311867230.437986 -0.029906150 0.218527228 -0.242880926 0.005934785 -0.055980042 -0.048765570 0.997222662
1311867230.474028 -0.031487539 0.217590272 -0.242016509 0.006450325 -0.055918794 -0.048287138 0.997246206
1311867230.506080 -0.032979392 0.218610659 -0.243145674 0.008278186 -0.055700962 -0.047834858 0.997266650
1311867230.537901 -0.029455625 0.212754205 -0.243965656 0.006992098 -0.057383619 -0.047510792 0.997196555
1311867230.574088 -0.031800482 0.216482803 -0.244476095 0.008090668 -0.056948889 -0.047062397 0.997234464
1311867230.605959 -0.030944642 0.212556973 -0.244892538 0.008019507 -0.057013378 -0.047737867 0.997199237
1311867230.638052 -0.025114926 0.215142697 -0.244014934 0.009832591 -0.058311570 -0.047459546 0.997121215
1311867230.674058 -0.028560437 0.214280874 -0.243966013 0.010297472 -0.057773635 -0.047187001 0.997160792
1311867230.705904 -0.022175249 0.209573969 -0.245521769 0.010002413 -0.059605461 -0.046216693 0.997101426
1311867230.737957 -0.023447007 0.209722832 -0.246863812 0.009931841 -0.059958082 -0.044887282 0.997141719
1311867230.774137 -0.023689948 0.207071915 -0.246342629 0.009231426 -0.060735881 -0.044129215 0.997135162
1311867230.805901 -0.024241686 0.206591114 -0.246835202 0.009523515 -0.061130989 -0.044023424 0.997112989
1311867230.838169 -0.024475444 0.207557157 -0.247752547 0.009650779 -0.061097208 -0.044028431 0.997113645
1311867230.874133 -0.025233688 0.206323728 -0.246625006 0.008726285 -0.061121732 -0.042838834 0.997172475
1311867230.905947 -0.024176933 0.205976352 -0.246753260 0.008301257 -0.061542731 -0.043091822 0.997139275
1311867230.938299 -0.026511500 0.205518663 -0.247398734 0.007405175 -0.060973432 -0.042670470 0.997199416
1311867230.973924 -0.026291836 0.204460323 -0.246034220 0.006688338 -0.060937986 -0.042688612 0.997205853
1311867231.006219 -0.025793310 0.205896989 -0.247118637 0.006784647 -0.060628284 -0.043157283 0.997203887
1311867231.038122 -0.026622372 0.203750476 -0.245541587 0.006596974 -0.060101852 -0.043844093 0.997207105
1311867231.074099 -0.025966290 0.202411726 -0.246301711 0.006109359 -0.060490917 -0.043861374 0.997185886
1311867231.105954 -0.025544437 0.202713579 -0.246169969 0.005653847 -0.060392972 -0.044235662 0.997177958
1311867231.138242 -0.025757847 0.205649614 -0.246977314 0.008412625 -0.060162842 -0.044444345 0.997163177
1311867231.174250 -0.026717959 0.204028696 -0.249528632 0.009124945 -0.059782021 -0.045833517 0.997116983
1311867231.205918 -0.027362701 0.201642051 -0.248753324 0.009221245 -0.059422657 -0.045723263 0.997142613
1311867231.238184 -0.032207999 0.200888753 -0.248822793 0.011110429 -0.058226984 -0.045802090 0.997190237
1311867231.274090 -0.029759863 0.198481768 -0.251119971 0.012220203 -0.059276920 -0.045934170 0.997109354
1311867231.306019 -0.031000858 0.201239839 -0.253314972 0.014675226 -0.059282895 -0.045935854 0.997075856
1311867231.338149 -0.033414483 0.198817343 -0.252140343 0.015726097 -0.059028305 -0.045009289 0.997117102
1311867231.374183 -0.028029213 0.198217764 -0.249748528 0.016527457 -0.060500644 -0.045966689 0.996972203
1311867231.405990 -0.036042869 0.195570767 -0.252537578 0.016335743 -0.059126869 -0.045084786 0.997098088
1311867231.438072 -0.031717598 0.196775943 -0.251260817 0.017169895 -0.060434416 -0.044724841 0.997021914
1311867231.474140 -0.030623775 0.195452154 -0.251688451 0.017079201 -0.061200097 -0.044135500 0.997002959
1311867231.505980 -0.031663679 0.193620890 -0.251638651 0.015312812 -0.062122878 -0.042259119 0.997055948
1311867231.538096 -0.034218490 0.194574594 -0.251837015 0.014854549 -0.061625078 -0.042228285 0.997094989
1311867231.574153 -0.030106314 0.196495026 -0.253027081 0.016282219 -0.062800288 -0.042091321 0.997005284
1311867231.605955 -0.033691380 0.193494633 -0.250802815 0.014759838 -0.061795201 -0.042622693 0.997069180
1311867231.638125 -0.032048769 0.193988174 -0.250321001 0.014461611 -0.061921559 -0.042356815 0.997076988
1311867231.674142 -0.034590371 0.191697717 -0.250801563 0.014422128 -0.061936434 -0.042260129 0.997080803
1311867231.705921 -0.035522815 0.182512239 -0.251944244 0.010975536 -0.062142767 -0.041048422 0.997162461
1311867231.738011 -0.029695528 0.194446281 -0.252284497 0.014180267 -0.062899619 -0.041286595 0.997064650
1311867231.774173 -0.033344597 0.190245301 -0.251223832 0.014114656 -0.061718073 -0.041923650 0.997112870
1311867231.805931 -0.032370545 0.184015676 -0.254645377 0.013024041 -0.061875116 -0.040796340 0.997164726
1311867231.838039 -0.031562760 0.183202431 -0.255422771 0.012438793 -0.062160585 -0.039922480 0.997189879
1311867231.873920 -0.033283260 0.186017141 -0.256020516 0.014593888 -0.061658412 -0.039956048 0.997190475
1311867231.905983 -0.030735863 0.186195508 -0.255930126 0.015982570 -0.061542325 -0.040857680 0.997139812
1311867231.938028 -0.030852277 0.186477304 -0.256298184 0.016618870 -0.061416809 -0.040970474 0.997132540
1311867231.974086 -0.031043634 0.183835655 -0.255458921 0.016576963 -0.062121976 -0.040764134 0.997098029
1311867232.006124 -0.032484226 0.180702478 -0.256762922 0.017105151 -0.061881147 -0.041727077 0.997064233
1311867232.038052 -0.030526550 0.182465807 -0.257036716 0.018008670 -0.062823668 -0.041530035 0.996997595
1311867232.074075 -0.032298602 0.179157659 -0.256380558 0.017409250 -0.062391639 -0.042018112 0.997014940
1311867232.106162 -0.031957310 0.175106257 -0.259867430 0.017543327 -0.062949434 -0.041242730 0.997009933
1311867232.138161 -0.030651411 0.178733706 -0.259579003 0.018189948 -0.063853331 -0.041738797 0.996920168
1311867232.173947 -0.029940894 0.179227769 -0.259902447 0.018021984 -0.063767798 -0.042316590 0.996904314
1311867232.206061 -0.033563215 0.173304051 -0.259394109 0.017798910 -0.063507363 -0.042447895 0.996919394
1311867232.241970 -0.033566948 0.167424396 -0.259850472 0.016657772 -0.064552367 -0.042069618 0.996888041
1311867232.273986 -0.032106876 0.170731574 -0.260338634 0.018257415 -0.065347545 -0.041367620 0.996837556
1311867232.305979 -0.031976812 0.164924324 -0.260280818 0.018503392 -0.065655142 -0.041853331 0.996792495
1311867232.342085 -0.034295276 0.163324147 -0.263616413 0.018057469 -0.065889403 -0.041776329 0.996788502
1311867232.374074 -0.028571967 0.170293674 -0.261809647 0.020561153 -0.066934660 -0.041414432 0.996685445
1311867232.405964 -0.031810910 0.162721738 -0.262600780 0.019409958 -0.066604011 -0.041340388 0.996733785
1311867232.442125 -0.031531222 0.162153736 -0.263497531 0.019028515 -0.067323171 -0.041686751 0.996678352
1311867232.473958 -0.032040201 0.159069985 -0.262178540 0.018036939 -0.066584319 -0.042374507 0.996717453
1311867232.505952 -0.031938389 0.155698240 -0.263696074 0.017723486 -0.067068331 -0.041631404 0.996721983
1311867232.542122 -0.032151282 0.156373963 -0.263366789 0.016839283 -0.067585692 -0.041793324 0.996695518
1311867232.573937 -0.030762389 0.164970264 -0.264136642 0.019150352 -0.067431830 -0.042220339 0.996646225
1311867232.606133 -0.031409372 0.172143593 -0.265960485 0.023079459 -0.066661298 -0.041125726 0.996660590
1311867232.642128 -0.029783221 0.171490848 -0.267440408 0.022616772 -0.067335181 -0.040834766 0.996637881
1311867232.674004 -0.030594829 0.171131656 -0.266151071 0.021962499 -0.067108996 -0.040672485 0.996674359
1311867232.706009 -0.032859314 0.169144765 -0.266071349 0.022430113 -0.066971786 -0.040706214 0.996671855
1311867232.742111 -0.030875308 0.169309124 -0.267929465 0.023250168 -0.067981064 -0.040628817 0.996587873
1311867232.774049 -0.030654866 0.168659076 -0.266714752 0.022575572 -0.068504855 -0.040485237 0.996573389
1311867232.805985 -0.028768916 0.159883559 -0.262405366 0.021383364 -0.069737077 -0.040271241 0.996522844
1311867232.842129 -0.029072756 0.162236884 -0.264938325 0.024210336 -0.070376605 -0.040883128 0.996388316
1311867232.874052 -0.028114492 0.161754042 -0.264951050 0.024695439 -0.070453212 -0.041045614 0.996364295
1311867232.906135 -0.028466804 0.154679447 -0.264918923 0.024886802 -0.071071826 -0.041194815 0.996309400
1311867232.942097 -0.030890709 0.152913317 -0.265746802 0.026185483 -0.070949689 -0.042073622 0.996248126
1311867232.974275 -0.031120179 0.154779524 -0.266123652 0.027511097 -0.071106248 -0.042295303 0.996191859
1311867233.006058 -0.030603763 0.149378732 -0.267710149 0.026635172 -0.071447775 -0.042065170 0.996200979
1311867233.042232 -0.031462796 0.158867806 -0.267981291 0.030694610 -0.070628896 -0.042055942 0.996142924
1311867233.074204 -0.032288358 0.159775853 -0.268295646 0.030310182 -0.071040861 -0.041906036 0.996131718
1311867233.108859 -0.033153374 0.157043800 -0.266394377 0.028968804 -0.070866726 -0.042439215 0.996161461
1311867233.142135 -0.032604024 0.156569004 -0.266460121 0.029978378 -0.071452953 -0.042261865 0.996097267
1311867233.174057 -0.033085603 0.155907854 -0.268383682 0.030017925 -0.071312837 -0.042569801 0.996093035
1311867233.206774 -0.032415077 0.155098677 -0.267361939 0.029560247 -0.071035050 -0.042793732 0.996116936
1311867233.242253 -0.029007604 0.150951371 -0.264695913 0.029502794 -0.072494641 -0.042267617 0.996035993
1311867233.274216 -0.030837497 0.147545323 -0.266357630 0.029553231 -0.072343178 -0.042877901 0.996019363
1311867233.306062 -0.030172134 0.146519154 -0.266962171 0.029023482 -0.072111838 -0.043686122 0.996016622
1311867233.342453 -0.030515319 0.140424252 -0.267042369 0.028156597 -0.071835652 -0.043438520 0.996072352
1311867233.374066 -0.034345869 0.137826115 -0.266276926 0.029619206 -0.071421877 -0.044075344 0.996031642
1311867233.406026 -0.031765405 0.137441844 -0.268361121 0.029785451 -0.072506756 -0.043430723 0.995976627
1311867233.442194 -0.033521455 0.136610553 -0.269116819 0.030834021 -0.071826488 -0.044699654 0.995937824
1311867233.474076 -0.032016039 0.132468909 -0.267678857 0.031354755 -0.072613820 -0.044781603 0.995860815
1311867233.506601 -0.031201443 0.130319491 -0.269767791 0.031605102 -0.073241957 -0.044178382 0.995833874
1311867233.542082 -0.030093655 0.122265726 -0.268920898 0.030327858 -0.073381796 -0.043314647 0.995901227
1311867233.574217 -0.034071337 0.123362720 -0.270127982 0.032231860 -0.072933532 -0.043067150 0.995885074
1311867233.606173 -0.033476077 0.119284831 -0.269263297 0.031498861 -0.073120154 -0.043585170 0.995872319
1311867233.642267 -0.031662680 0.117587857 -0.271383971 0.031516381 -0.073644549 -0.042034466 0.995899796
1311867233.674202 -0.032167677 0.113528475 -0.272840947 0.031190425 -0.074350320 -0.041618925 0.995875061
1311867233.706461 -0.028299209 0.120679714 -0.270839632 0.033446215 -0.075709619 -0.041566443 0.995701671
1311867233.742420 -0.030216824 0.119037353 -0.269507766 0.033179782 -0.075099230 -0.042089261 0.995734811
1311867233.774073 -0.033697456 0.112144478 -0.272055298 0.031847619 -0.074773788 -0.042147916 0.995800316
1311867233.806227 -0.033308648 0.108087771 -0.271838665 0.030919680 -0.074635573 -0.043981239 0.995760620
1311867233.842183 -0.036675639 0.101644762 -0.273931593 0.029094325 -0.073378026 -0.045663796 0.995833337
1311867233.874229 -0.035657428 0.102288261 -0.274516612 0.031024471 -0.073573425 -0.045364145 0.995774329
1311867233.906084 -0.035661578 0.103814580 -0.272375524 0.031904437 -0.073837057 -0.045955118 0.995700002
1311867233.942192 -0.036213368 0.101780370 -0.273023963 0.031427909 -0.073915511 -0.046349391 0.995691001
1311867233.974249 -0.040023193 0.099095784 -0.274475724 0.031714384 -0.073384970 -0.046894003 0.995695710
1311867234.006205 -0.037969820 0.099905603 -0.273355156 0.032100808 -0.073884696 -0.047925822 0.995597184
1311867234.042205 -0.037701234 0.099380232 -0.273754150 0.031769585 -0.073725559 -0.048119783 0.995610237
1311867234.074349 -0.041432809 0.096259721 -0.273950785 0.032159679 -0.073425069 -0.048610859 0.995596051
1311867234.106175 -0.039524246 0.094998486 -0.273026288 0.032983731 -0.074164063 -0.048673205 0.995511293
1311867234.142473 -0.040297180 0.090847790 -0.274841487 0.032593340 -0.073501289 -0.049335431 0.995540738
1311867234.174383 -0.043273848 0.088867642 -0.275528759 0.033789601 -0.072670177 -0.049811989 0.995538116
1311867234.206312 -0.040943038 0.088071689 -0.274346739 0.035522081 -0.073798381 -0.049795177 0.995395601
1311867234.242292 -0.040110644 0.087079152 -0.276042819 0.036076125 -0.073586643 -0.051005442 0.995330095
1311867234.274294 -0.042686667 0.082259618 -0.277007550 0.035698026 -0.073667288 -0.051412430 0.995316863
1311867234.306469 -0.044358317 0.075300768 -0.276825637 0.034839727 -0.074132949 -0.052340616 0.995264292
1311867234.342355 -0.044737779 0.074540883 -0.276388317 0.034444690 -0.073891386 -0.053432483 0.995238006
1311867234.374159 -0.048779696 0.072756290 -0.278747529 0.033707164 -0.073698685 -0.052973766 0.995302081
1311867234.406260 -0.045644950 0.073986858 -0.276939213 0.034646370 -0.074963383 -0.053883955 0.995126486
1311867234.442238 -0.045997418 0.073007070 -0.276613533 0.034511480 -0.074975930 -0.053723741 0.995138884
1311867234.474248 -0.047263183 0.070718974 -0.276245475 0.033596855 -0.074851960 -0.054080248 0.995160162
1311867234.506308 -0.051219996 0.069659621 -0.277243495 0.033763558 -0.074867137 -0.053607978 0.995178938
1311867234.542293 -0.049021456 0.062416553 -0.278876275 0.032209385 -0.076235399 -0.052631471 0.995178699
1311867234.574192 -0.050212555 0.067028798 -0.276212215 0.033329934 -0.076229744 -0.051990896 0.995175958
1311867234.606098 -0.051309932 0.065297119 -0.273507982 0.033330005 -0.076613285 -0.051805761 0.995156169
1311867234.642267 -0.051610809 0.064585268 -0.275994092 0.033386640 -0.077467658 -0.050078139 0.995176554
1311867234.674096 -0.050317176 0.066637844 -0.273911655 0.033214618 -0.077919923 -0.049311198 0.995185316
1311867234.706095 -0.049868096 0.064311549 -0.272479832 0.031989381 -0.078529939 -0.047580235 0.995261729
1311867234.742287 -0.049166251 0.064700231 -0.272417933 0.032186285 -0.079040691 -0.046307899 0.995274901
1311867234.774140 -0.049040988 0.066352092 -0.271097213 0.032081228 -0.079073444 -0.044875015 0.995341420
1311867234.806072 -0.049160607 0.063213371 -0.270891815 0.030719021 -0.079217300 -0.043186780 0.995447576
1311867234.842326 -0.049283680 0.066001460 -0.269071490 0.031589776 -0.079592347 -0.042142536 0.995435178
1311867234.874157 -0.048563723 0.066012502 -0.269905627 0.030514132 -0.078942850 -0.040995698 0.995568335
1311867234.906187 -0.047779992 0.064509086 -0.268447489 0.029573753 -0.078762054 -0.040078864 0.995648324
1311867234.942270 -0.049497884 0.060971349 -0.268977106 0.028874723 -0.078677081 -0.040223815 0.995669723
1311867234.974155 -0.049145263 0.060728766 -0.269215316 0.029145651 -0.077948816 -0.040180575 0.995720923
1311867235.006175 -0.050717741 0.060330223 -0.267126292 0.029626753 -0.076934204 -0.040303089 0.995780706
1311867235.042326 -0.047767643 0.057120178 -0.267174661 0.030274013 -0.076979198 -0.040553745 0.995747507
1311867235.074182 -0.048018917 0.060128570 -0.267908931 0.032450359 -0.076403394 -0.040837489 0.995711744
1311867235.106252 -0.052187726 0.055787947 -0.265909761 0.032358218 -0.075440332 -0.041033171 0.995780170
1311867235.142245 -0.052543446 0.055241443 -0.266585469 0.032937367 -0.075352907 -0.041506894 0.995748162
1311867235.174301 -0.054677512 0.058575064 -0.268241704 0.032911938 -0.074975275 -0.041010324 0.995797992
1311867235.206197 -0.054688353 0.053200845 -0.266372085 0.032297201 -0.075546086 -0.042090029 0.995729983
1311867235.242257 -0.054008283 0.054432098 -0.266539723 0.032772943 -0.075583711 -0.043730251 0.995640874
1311867235.274183 -0.054890107 0.051764272 -0.266303957 0.031782206 -0.074933611 -0.043769814 0.995720446
1311867235.306202 -0.055699185 0.050806165 -0.267402470 0.031837307 -0.074823305 -0.043901917 0.995721102
1311867235.342289 -0.054940451 0.049397476 -0.267058581 0.031857278 -0.074943140 -0.044497114 0.995685101
1311867235.374391 -0.055704691 0.050300565 -0.268233150 0.032371800 -0.074187346 -0.044161111 0.995740056
1311867235.406214 -0.057604648 0.048683405 -0.263985038 0.032580432 -0.073847786 -0.044475604 0.995744467
1311867235.442222 -0.059007060 0.050637756 -0.266753316 0.032857403 -0.073438950 -0.044787839 0.995751619
1311867235.474167 -0.056937288 0.053698193 -0.265571505 0.032675385 -0.073821925 -0.044485386 0.995742857
1311867235.506159 -0.056274939 0.052037492 -0.265565217 0.031798933 -0.073591448 -0.043931596 0.995812833
1311867235.542321 -0.057636611 0.052619595 -0.263410360 0.032158617 -0.073179014 -0.043937329 0.995831370
1311867235.574193 -0.057751950 0.051022936 -0.263805091 0.031147277 -0.072861016 -0.043550942 0.995903909
1311867235.606195 -0.059036888 0.049285632 -0.262123376 0.031195626 -0.072435401 -0.043226399 0.995947540
1311867235.642444 -0.059454195 0.050735604 -0.262846977 0.033055596 -0.071971156 -0.043062892 0.995928288
1311867235.674238 -0.057901792 0.049438041 -0.262329727 0.032553073 -0.071731150 -0.043504130 0.995943010
1311867235.706367 -0.059414208 0.047413729 -0.260720372 0.033151165 -0.071094207 -0.043295700 0.995977998
1311867235.742311 -0.058847945 0.051909566 -0.260955691 0.034628481 -0.071022019 -0.041570649 0.996006370
1311867235.774339 -0.058822654 0.047475543 -0.261528581 0.032995157 -0.069963686 -0.042924818 0.996079266
1311867235.806313 -0.059468962 0.043993752 -0.260049492 0.033053629 -0.068677410 -0.043466903 0.996143341
1311867235.842280 -0.058420010 0.050389536 -0.261343330 0.034831353 -0.068102218 -0.043573380 0.996117651
1311867235.874209 -0.060667209 0.047495011 -0.258160412 0.033107914 -0.067774840 -0.044280563 0.996167541
1311867235.906374 -0.061673716 0.045924351 -0.260608822 0.032885935 -0.067524359 -0.043636695 0.996220291
1311867235.942343 -0.060506914 0.047699805 -0.259831756 0.033289030 -0.067494430 -0.043670468 0.996207476
1311867235.974196 -0.060393460 0.047821868 -0.257437557 0.032731928 -0.066966951 -0.043803241 0.996255636
1311867236.006374 -0.062196244 0.046404723 -0.259321988 0.033054635 -0.066747516 -0.043917608 0.996254742
1311867236.042378 -0.061376218 0.048062198 -0.259735882 0.033533741 -0.067059204 -0.043330014 0.996243477
1311867236.074226 -0.062240411 0.048278276 -0.258683294 0.033018347 -0.066883102 -0.043822367 0.996251047
1311867236.106358 -0.066335976 0.048202470 -0.255871058 0.033657953 -0.066959895 -0.043864306 0.996222615
1311867236.142358 -0.061893675 0.047599327 -0.256623358 0.033279214 -0.067854226 -0.043873217 0.996174395
1311867236.174242 -0.068789266 0.047421973 -0.255489409 0.032989722 -0.065805264 -0.045617651 0.996243119
1311867236.206222 -0.067340635 0.049406547 -0.250977665 0.033949580 -0.066803873 -0.046540253 0.996101737
1311867236.242343 -0.068699688 0.047445178 -0.249995798 0.033363149 -0.067245319 -0.046466541 0.996095359
1311867236.274266 -0.067317322 0.048528131 -0.249992236 0.033378191 -0.067698993 -0.046484176 0.996063292
1311867236.306429 -0.068916224 0.048086602 -0.248226553 0.032765251 -0.068205670 -0.047097389 0.996020257
1311867236.342291 -0.069109760 0.048522577 -0.248285219 0.032583632 -0.067872196 -0.047684193 0.996021032
1311867236.374298 -0.074343421 0.044438064 -0.246939525 0.031877678 -0.066707529 -0.048809815 0.996068060
1311867236.406251 -0.076269671 0.045397602 -0.243125394 0.032418590 -0.067003220 -0.048511915 0.996045351
1311867236.442391 -0.073875070 0.046979748 -0.241675556 0.032337409 -0.066791393 -0.049279269 0.996024489
1311867236.474385 -0.073184326 0.045940090 -0.238113225 0.031876281 -0.066222087 -0.049743570 0.996054351
1311867236.506314 -0.072916083 0.048335619 -0.235255852 0.032163452 -0.066031404 -0.049860746 0.996051908
1311867236.542354 -0.068395063 0.048033129 -0.231457844 0.031075599 -0.067108676 -0.049967520 0.996009111
1311867236.574217 -0.070087202 0.053522717 -0.232505307 0.031885948 -0.065907240 -0.050140936 0.996054947
1311867236.606288 -0.071168125 0.048602425 -0.231287673 0.030528167 -0.065102398 -0.050115559 0.996151745
1311867236.642388 -0.066844821 0.048551064 -0.227621272 0.030698216 -0.065936856 -0.049352687 0.996129632
1311867236.674478 -0.067066416 0.046673547 -0.224138737 0.028838370 -0.065226607 -0.049277481 0.996235728
1311867236.706587 -0.071018249 0.047264922 -0.220616221 0.028262785 -0.064228050 -0.049195252 0.996321142
1311867236.742471 -0.065973125 0.047996514 -0.222838119 0.027453318 -0.065552726 -0.049376622 0.996248543
1311867236.774407 -0.070795350 0.048499394 -0.220026866 0.027196746 -0.063406289 -0.049326926 0.996397018
1311867236.806389 -0.071696557 0.047046125 -0.219078645 0.026538944 -0.062898159 -0.048659492 0.996479690
1311867236.842397 -0.069281794 0.049126860 -0.216009840 0.026617803 -0.064010978 -0.048898581 0.996395051
1311867236.874475 -0.074966110 0.048701711 -0.212695599 0.025940185 -0.062133834 -0.049515452 0.996501327
1311867236.906286 -0.078569718 0.048398711 -0.211318895 0.026062010 -0.061130434 -0.050870441 0.996491909
1311867236.942486 -0.074628189 0.047245044 -0.211989358 0.025840670 -0.061826166 -0.050873123 0.996454597
1311867236.974310 -0.075550646 0.049969200 -0.207049668 0.026490595 -0.061954211 -0.050847113 0.996430874
1311867237.006457 -0.075220078 0.050110765 -0.203197986 0.025176428 -0.062684216 -0.050244428 0.996449888
1311867237.042352 -0.076397583 0.046804294 -0.199935690 0.024116587 -0.063427866 -0.049160633 0.996483147
1311867237.074287 -0.078303382 0.055519942 -0.196249977 0.024841236 -0.062849373 -0.048728433 0.996523201
1311867237.106376 -0.077391498 0.052305233 -0.193300441 0.022042817 -0.063912600 -0.047968283 0.996558309
1311867237.142401 -0.079615638 0.048807204 -0.193969667 0.020667799 -0.064602591 -0.047206871 0.996579647
1311867237.174337 -0.081949055 0.054049619 -0.192412868 0.021619592 -0.064344764 -0.048534781 0.996512353
1311867237.206351 -0.080738589 0.052049290 -0.188947439 0.020460045 -0.065091573 -0.048631385 0.996483624
1311867237.242389 -0.083169080 0.052416038 -0.187707454 0.021617638 -0.064690404 -0.049076401 0.996463418
1311867237.274485 -0.080021396 0.052170727 -0.186789691 0.022220589 -0.065391362 -0.050238434 0.996346533
1311867237.306833 -0.077408664 0.053079467 -0.180794492 0.021793766 -0.066158429 -0.050724961 0.996280611
1311867237.342478 -0.085605398 0.053473148 -0.182566211 0.022079276 -0.064040780 -0.051530059 0.996371388
1311867237.374428 -0.082952134 0.056162626 -0.179955110 0.022807777 -0.065193549 -0.052006233 0.996255517
1311867237.406529 -0.083412491 0.052394230 -0.178463191 0.020110227 -0.065273061 -0.052156109 0.996300578
1311867237.442502 -0.083928101 0.050939400 -0.174652234 0.020023460 -0.065127052 -0.052684501 0.996284068
1311867237.474434 -0.084863536 0.056915317 -0.174879506 0.021268284 -0.063816823 -0.052533805 0.996351004
1311867237.506364 -0.083932891 0.056388959 -0.172139347 0.019682096 -0.064721674 -0.052323807 0.996336281
1311867237.542505 -0.081074342 0.052389111 -0.167651266 0.019045541 -0.066039272 -0.052102480 0.996273756
1311867237.574303 -0.078291781 0.054950278 -0.166014418 0.019778550 -0.066023320 -0.052643385 0.996232152
1311867237.606410 -0.080244370 0.054607984 -0.164201289 0.018580878 -0.065018900 -0.052732017 0.996316552
1311867237.642379 -0.080125846 0.052331161 -0.161464244 0.018297976 -0.065205544 -0.052954413 0.996297777
1311867237.674412 -0.082275286 0.052809276 -0.160378680 0.018534506 -0.064545214 -0.053764194 0.996293068
1311867237.706366 -0.083370142 0.054088403 -0.158127427 0.018637525 -0.063518852 -0.054139961 0.996336758
1311867237.742584 -0.083027594 0.051193848 -0.156961516 0.017808374 -0.063159525 -0.053886171 0.996388555
1311867237.774590 -0.083754867 0.051580917 -0.153644592 0.018073073 -0.063426703 -0.054491702 0.996333838
1311867237.806458 -0.083899669 0.053813599 -0.152989030 0.017416080 -0.063435100 -0.055157360 0.996308386
1311867237.842501 -0.087745972 0.051758222 -0.150393754 0.015750356 -0.063187651 -0.055167306 0.996351302
1311867237.874551 -0.088910796 0.053018555 -0.148285434 0.015409087 -0.062973842 -0.055623353 0.996344805
1311867237.906433 -0.087568432 0.055642232 -0.143916354 0.014430608 -0.063661322 -0.055208869 0.996338844
1311867237.942660 -0.089242719 0.053932734 -0.140852898 0.013372695 -0.063680038 -0.055508349 0.996335745
1311867237.974431 -0.089536436 0.052209977 -0.138411760 0.013319170 -0.063913152 -0.055776317 0.996306598
1311867238.006500 -0.089294769 0.056641165 -0.137401104 0.014138969 -0.063818991 -0.055834368 0.996298015
1311867238.042572 -0.088743187 0.054078467 -0.133365571 0.011981840 -0.063615553 -0.055852979 0.996338308
1311867238.074515 -0.089371733 0.046829268 -0.132258594 0.010542526 -0.063197479 -0.055816416 0.996383190
1311867238.106429 -0.086819336 0.050052799 -0.128969654 0.013372402 -0.063880235 -0.056032334 0.996293604
1311867238.142402 -0.086018980 0.052291822 -0.128699079 0.013304772 -0.063157544 -0.056302000 0.996325374
1311867238.174577 -0.087754607 0.049915656 -0.124552645 0.011936137 -0.062774733 -0.055120528 0.996432960
1311867238.206467 -0.086018920 0.052219208 -0.123095863 0.012728700 -0.064149320 -0.054340411 0.996378481
1311867238.242454 -0.080696598 0.053465433 -0.118300900 0.011489770 -0.065680049 -0.052677840 0.996383071
1311867238.274552 -0.083113112 0.046819117 -0.115536347 0.008765836 -0.062927671 -0.053301275 0.996555269
1311867238.306377 -0.085867830 0.048892517 -0.111817293 0.010859301 -0.060448155 -0.052915506 0.996708632
1311867238.342532 -0.081966743 0.050112791 -0.112870850 0.011123913 -0.061324932 -0.052551441 0.996671438
1311867238.374439 -0.082125992 0.047860846 -0.108073078 0.010483903 -0.061100490 -0.052580945 0.996690571
1311867238.406474 -0.079598010 0.048914712 -0.104217604 0.012032188 -0.061683595 -0.052915018 0.996619523
1311867238.442421 -0.078483939 0.048618827 -0.102022797 0.012525300 -0.060731467 -0.053377327 0.996647179
1311867238.474426 -0.076518506 0.043813344 -0.101329677 0.010403963 -0.060732245 -0.054105178 0.996632338
1311867238.506473 -0.076641358 0.042580254 -0.096967056 0.010770309 -0.061885055 -0.053949453 0.996565998
1311867238.542703 -0.072791710 0.043781497 -0.094020605 0.011455243 -0.062188208 -0.054626618 0.996502638
1311867238.574615 -0.076551817 0.042205222 -0.091393948 0.010596042 -0.060380090 -0.054453623 0.996632755
1311867238.606413 -0.078229330 0.040036317 -0.088376991 0.010021073 -0.060854815 -0.053609699 0.996655583
1311867238.642378 -0.076053798 0.040830746 -0.085590065 0.010023642 -0.062736727 -0.053446390 0.996547639
1311867238.674405 -0.075701684 0.041880134 -0.081455201 0.009749454 -0.062495850 -0.053744931 0.996549487
1311867238.706486 -0.076344155 0.038371310 -0.079622738 0.008191970 -0.061615225 -0.053755753 0.996617675
1311867238.742522 -0.077848934 0.041929569 -0.077160463 0.009114327 -0.061548833 -0.053400848 0.996632874
1311867238.774397 -0.076492526 0.040551342 -0.071985684 0.007373882 -0.063258536 -0.053089026 0.996556878
1311867238.806422 -0.071985103 0.039889745 -0.068277419 0.006386576 -0.064805210 -0.053330019 0.996451437
1311867238.842541 -0.075535886 0.039235778 -0.064969026 0.005986491 -0.063143507 -0.053962126 0.996526599
1311867238.874418 -0.077049866 0.038244538 -0.063781455 0.004562245 -0.062856361 -0.054031879 0.996548533
1311867238.906451 -0.076236233 0.037008587 -0.060582887 0.002673897 -0.063476823 -0.053908188 0.996522725
1311867238.942510 -0.075372152 0.032286435 -0.055261519 0.001760184 -0.064952970 -0.053359870 0.996459126
1311867238.974527 -0.072410345 0.031769134 -0.052015312 0.003344618 -0.065841913 -0.053995792 0.996362448
1311867239.006405 -0.074828319 0.034058798 -0.049100708 0.003901070 -0.064715780 -0.053975403 0.996435344
1311867239.042587 -0.077058896 0.030858655 -0.045444492 0.003164410 -0.064584695 -0.053846456 0.996453404
1311867239.074592 -0.077994548 0.032638717 -0.042057227 0.004953440 -0.065352686 -0.052821737 0.996450901
1311867239.106416 -0.077670842 0.033334490 -0.039610710 0.004902335 -0.065725572 -0.052469186 0.996445298
1311867239.143039 -0.075464986 0.031240275 -0.033997014 0.004094346 -0.066314615 -0.052670870 0.996399224
1311867239.174559 -0.075383164 0.029638221 -0.031234637 0.004065400 -0.065736219 -0.052981567 0.996421218
1311867239.206507 -0.077454470 0.030714864 -0.026794700 0.004186882 -0.064552523 -0.052858535 0.996504605
1311867239.242615 -0.077056006 0.028771594 -0.022032686 0.003288970 -0.065001898 -0.052224789 0.996512175
1311867239.274466 -0.072657548 0.026316984 -0.020243313 0.003851591 -0.066268601 -0.052430119 0.996415913
1311867239.306409 -0.070106015 0.029130504 -0.014313817 0.005823718 -0.066128865 -0.051816322 0.996447802
1311867239.342486 -0.071078002 0.028101444 -0.010220167 0.005522849 -0.065245353 -0.052447956 0.996474743
1311867239.374562 -0.068675756 0.023778133 -0.006167269 0.005264026 -0.065177716 -0.052409086 0.996482551
1311867239.406592 -0.066635497 0.020251947 -0.004385642 0.005546242 -0.065398693 -0.051600315 0.996508777
1311867239.442634 -0.068291657 0.019332837 0.003137744 0.005696766 -0.064733937 -0.052212775 0.996519446
1311867239.474517 -0.062269080 0.016835740 0.005027247 0.005748877 -0.066222087 -0.052029509 0.996430933
1311867239.506556 -0.062977649 0.015936777 0.009709354 0.006589668 -0.065659210 -0.051302586 0.996500671
1311867239.542637 -0.063397586 0.014689206 0.011798875 0.006560852 -0.064331524 -0.051164810 0.996594548
1311867239.574603 -0.061661992 0.013725851 0.014500082 0.005510477 -0.064780883 -0.050632518 0.996598959
1311867239.606412 -0.059363134 0.010452636 0.018229377 0.005374845 -0.065276824 -0.050629992 0.996567488
1311867239.642581 -0.057702467 0.010485665 0.021347381 0.006915825 -0.064378515 -0.050291847 0.996633470
1311867239.674585 -0.058610074 0.011544322 0.023331022 0.006591284 -0.062937409 -0.050116152 0.996736586
1311867239.706420 -0.058415797 0.010661726 0.026716823 0.005186323 -0.063202560 -0.049788557 0.996744514
1311867239.742532 -0.057427075 0.007446917 0.029441159 0.004088123 -0.063914649 -0.049140692 0.996736407
1311867239.774489 -0.058229178 0.010966875 0.032906264 0.004635204 -0.063290045 -0.049962532 0.996733010
1311867239.806512 -0.057043843 0.011128184 0.034886695 0.002456859 -0.064048566 -0.049716935 0.996704638
1311867239.842582 -0.059025712 0.010192350 0.038134906 0.001112465 -0.065259136 -0.050070852 0.996610761
1311867239.874576 -0.056875374 0.010010797 0.041397784 0.000410079 -0.066445120 -0.050613053 0.996505499
1311867239.906569 -0.056837596 0.009553426 0.043608263 -0.000883233 -0.065755978 -0.051262461 0.996517777
1311867239.942408 -0.058354858 0.008082964 0.046843499 -0.001739609 -0.066283144 -0.051514097 0.996468723
1311867239.976213 -0.059182137 0.010338036 0.051897060 -0.001603710 -0.066525392 -0.050617542 0.996498704
1311867240.006746 -0.058069196 0.008831630 0.055623770 -0.002815475 -0.067393035 -0.050371531 0.996450245
1311867240.042506 -0.056782708 0.008794293 0.058056206 -0.002684907 -0.067497775 -0.050505586 0.996436656
1311867240.074598 -0.059375092 0.009419375 0.062157046 -0.003357508 -0.067053162 -0.050726976 0.996453404
1311867240.106559 -0.058171261 0.008340662 0.064292043 -0.003710717 -0.066986896 -0.050567813 0.996464729
1311867240.142844 -0.059074618 0.010373130 0.068166845 -0.003700553 -0.065683663 -0.050199118 0.996570170
1311867240.174466 -0.058607832 0.009068951 0.071415551 -0.004766003 -0.066348709 -0.048969910 0.996582687
1311867240.206552 -0.057070427 0.008444523 0.074708477 -0.004771726 -0.067155510 -0.049344823 0.996510208
1311867240.242433 -0.056359071 0.008285582 0.075517155 -0.005008298 -0.066279307 -0.049296729 0.996570051
1311867240.274677 -0.057798639 0.007868686 0.078098133 -0.005724172 -0.065332092 -0.049971834 0.996595144
1311867240.306544 -0.056858666 0.006039170 0.081178315 -0.006345823 -0.066214174 -0.050286666 0.996517301
1311867240.342481 -0.055746127 0.003157674 0.083349802 -0.006586857 -0.067212038 -0.051394943 0.996392369
1311867240.374466 -0.057575177 0.003262804 0.083562016 -0.006806615 -0.067091778 -0.051612638 0.996387720
1311867240.406662 -0.057429824 0.001186901 0.088467009 -0.007326055 -0.068047926 -0.052589394 0.996268153
1311867240.442598 -0.056702547 -0.000823990 0.091188081 -0.006865081 -0.068975456 -0.053088803 0.996181130
1311867240.474536 -0.055673670 -0.000654211 0.095279209 -0.006083727 -0.070559822 -0.053889267 0.996032238
1311867240.506469 -0.057079718 -0.000447011 0.096078187 -0.005644418 -0.071147002 -0.055230334 0.995919645
1311867240.542590 -0.055907115 -0.003534347 0.098953508 -0.005890659 -0.072450809 -0.056379594 0.995759785
1311867240.574511 -0.056466620 -0.001817834 0.101731732 -0.005848129 -0.073214963 -0.057621386 0.995633125
1311867240.606557 -0.054710835 -0.006037479 0.103907764 -0.006968088 -0.074981034 -0.058033388 0.995470464
1311867240.642795 -0.053300831 -0.006819417 0.106060207 -0.006486716 -0.075712189 -0.058946908 0.995364726
1311867240.674613 -0.053564183 -0.005924396 0.108167179 -0.005326163 -0.076601401 -0.059137072 0.995292246
1311867240.706562 -0.053361908 -0.008498447 0.108123690 -0.006301507 -0.077735171 -0.060053553 0.995143771
1311867240.742631 -0.054578304 -0.004794045 0.110212676 -0.005660052 -0.078109175 -0.060174234 0.995111108
1311867240.774678 -0.056683403 -0.004814074 0.112076558 -0.006420447 -0.078668937 -0.060167223 0.995062768
1311867240.806605 -0.058619283 -0.002366986 0.111185528 -0.006893467 -0.079271033 -0.059837747 0.995031714
1311867240.842940 -0.058480777 -0.004186610 0.116530061 -0.008806776 -0.080613025 -0.058823060 0.994969249
1311867240.874843 -0.062194362 -0.004222828 0.112143204 -0.009991660 -0.079896390 -0.058964562 0.995007515
1311867240.906548 -0.064008273 -0.002368201 0.114075691 -0.010594911 -0.079530030 -0.059596062 0.994993031
1311867240.942559 -0.065520130 -0.001214777 0.117396876 -0.011917997 -0.079829849 -0.059961013 0.994932055
1311867240.974622 -0.065048143 -0.002273158 0.118382014 -0.013481055 -0.079625845 -0.060676631 0.994885147
1311867241.006716 -0.066373937 -0.001173140 0.121923707 -0.013388277 -0.079205595 -0.061157651 0.994890511
1311867241.042623 -0.068296179 0.001617053 0.124426879 -0.013886238 -0.079024091 -0.061512418 0.994876266
1311867241.074792 -0.069643319 0.001577214 0.128653914 -0.016215386 -0.078972280 -0.061548427 0.994842887
1311867241.106779 -0.072055452 -0.000762623 0.131827801 -0.017008759 -0.078085229 -0.062300224 0.994852841
1311867241.142854 -0.072650336 0.002222742 0.131289065 -0.015230025 -0.077850968 -0.062665857 0.994877040
1311867241.174730 -0.070484996 -0.000159590 0.134574562 -0.015506564 -0.077443205 -0.062437035 0.994919002
1311867241.206721 -0.071941413 0.001832722 0.139260858 -0.013340336 -0.075408317 -0.061877001 0.995141685
1311867241.242631 -0.074090809 0.002657407 0.141803801 -0.013478256 -0.074254021 -0.060813490 0.995292127
1311867241.275069 -0.076493427 -0.001462225 0.143769979 -0.014811428 -0.073062323 -0.060227826 0.995397031
1311867241.310769 -0.079260409 0.000068416 0.145462111 -0.013584143 -0.071765922 -0.060244795 0.995507777
1311867241.342582 -0.081128940 -0.000113818 0.148030147 -0.013732532 -0.071875483 -0.061071873 0.995447397
1311867241.374677 -0.080637448 -0.001128997 0.148321852 -0.013337422 -0.072231188 -0.062842831 0.995316803
1311867241.410635 -0.082432568 -0.001200608 0.151196063 -0.011835324 -0.071860977 -0.064291522 0.995270133
1311867241.442620 -0.083434679 -0.000428576 0.152866706 -0.011676029 -0.072357126 -0.064699180 0.995209634
1311867241.474896 -0.084905297 -0.001525476 0.155535474 -0.012852215 -0.073110603 -0.064725138 0.995138407
1311867241.510751 -0.087810516 -0.000175466 0.157613501 -0.012208405 -0.072912529 -0.064081326 0.995202720
1311867241.542602 -0.087647438 0.000276692 0.158595234 -0.012684434 -0.074051037 -0.063651964 0.995140254
1311867241.574823 -0.089503974 0.000596379 0.162187681 -0.012982375 -0.074806243 -0.063160002 0.995111227
1311867241.610604 -0.089934565 0.000238994 0.164400548 -0.012413751 -0.075454742 -0.062698036 0.995098770
1311867241.642627 -0.091987498 0.002286307 0.164176241 -0.012551551 -0.074887767 -0.062745310 0.995136797
1311867241.674668 -0.093225852 0.001463194 0.166266605 -0.014493150 -0.074680783 -0.062118851 0.995165348
1311867241.710757 -0.094412245 0.001611684 0.168300942 -0.014949107 -0.074788973 -0.061710857 0.995175898
1311867241.742749 -0.095680080 0.003265973 0.167438805 -0.015568560 -0.074478090 -0.061526395 0.995201051
1311867241.774620 -0.095962122 0.002279401 0.168840453 -0.016574003 -0.074571483 -0.061601758 0.995173156
1311867241.810714 -0.096466772 0.002175023 0.169861346 -0.016312005 -0.074523509 -0.062212545 0.995143116
1311867241.842840 -0.097045206 0.001776365 0.171758175 -0.016324775 -0.074783675 -0.062497195 0.995105565
1311867241.874966 -0.098293573 0.002122732 0.172747299 -0.016429665 -0.074045181 -0.063110650 0.995120347
1311867241.910597 -0.099958397 0.002619738 0.175561652 -0.016329961 -0.073652096 -0.063461885 0.995128870
1311867241.942934 -0.100646228 0.003151135 0.176644772 -0.017213203 -0.073161736 -0.063857228 0.995124817
1311867241.974655 -0.102495059 0.003458981 0.180037469 -0.018464940 -0.073504820 -0.063337691 0.995110273
1311867242.010806 -0.102296770 0.003427159 0.181700990 -0.018498374 -0.073476247 -0.063694984 0.995088935
1311867242.042670 -0.102943204 0.005233967 0.182953075 -0.018807421 -0.072771862 -0.064137146 0.995106578
1311867242.074787 -0.107057475 0.006813216 0.187122732 -0.020179141 -0.072471194 -0.064535886 0.995075881
1311867242.110732 -0.106678762 0.004713126 0.188409075 -0.021474870 -0.073338270 -0.063718759 0.995037913
1311867242.142880 -0.105351120 0.005568782 0.190061063 -0.022672376 -0.073705822 -0.063132010 0.995021522
1311867242.174884 -0.106511742 0.005304627 0.193054721 -0.022948522 -0.073244385 -0.062636353 0.995080590
1311867242.210643 -0.107243195 0.006083436 0.193755656 -0.022517201 -0.072957791 -0.062991537 0.995089114
1311867242.242719 -0.107676938 0.007793513 0.196847111 -0.023025203 -0.073120438 -0.062023919 0.995126367
1311867242.275028 -0.110130101 0.007258540 0.199796319 -0.023067534 -0.071963072 -0.062423855 0.995184660
1311867242.310756 -0.115066946 0.010660298 0.204487786 -0.022132812 -0.070457645 -0.062209647 0.995326996
1311867242.342625 -0.115643948 0.008745533 0.205926552 -0.023342084 -0.069575243 -0.061782669 0.995388031
1311867242.374628 -0.119477443 0.011065120 0.212113276 -0.022716895 -0.069359079 -0.060300130 0.995508492
1311867242.410601 -0.119581640 0.009338184 0.213554770 -0.023378177 -0.068656854 -0.060729645 0.995515764
1311867242.442670 -0.120417535 0.009814089 0.215502560 -0.023344338 -0.067922167 -0.060668021 0.995570719
1311867242.474794 -0.120079391 0.008650157 0.217699170 -0.022833327 -0.067449570 -0.060256425 0.995639682
1311867242.510745 -0.120252296 0.010665482 0.219709501 -0.021771397 -0.066778466 -0.059732676 0.995740294
1311867242.542677 -0.121095143 0.008188936 0.220865667 -0.021787776 -0.065586440 -0.060406022 0.995778501
1311867242.574755 -0.120153129 0.005928018 0.223838419 -0.021501971 -0.064951956 -0.060190536 0.995839417
1311867242.610840 -0.118978381 0.006346520 0.223197162 -0.020683929 -0.063944735 -0.061091740 0.995867014
1311867242.642862 -0.121344931 0.005172111 0.227393225 -0.020275116 -0.060919795 -0.062736422 0.995962858
1311867242.674755 -0.120923154 0.004438556 0.230987653 -0.019812059 -0.060183205 -0.062468871 0.996033728
1311867242.710770 -0.119386822 0.005783959 0.232495651 -0.020282496 -0.059893105 -0.061852779 0.996080220
1311867242.742836 -0.120569743 0.004129051 0.235546872 -0.021567250 -0.058570396 -0.061703727 0.996141136
1311867242.774742 -0.131321311 -0.000690742 0.237645566 -0.021921642 -0.055120539 -0.062820792 0.996260345
1311867242.810922 -0.129953146 0.001119914 0.240668610 -0.022403840 -0.055022288 -0.061321422 0.996348500
1311867242.842725 -0.128781363 0.000245604 0.243221864 -0.023283556 -0.054878134 -0.061069295 0.996351779
1311867242.874716 -0.130797803 0.000860879 0.246075436 -0.023108693 -0.052804999 -0.061070193 0.996467829
1311867242.910777 -0.131504864 0.000830759 0.248811066 -0.024032312 -0.051955406 -0.060179323 0.996544838
1311867242.942636 -0.131373167 0.000512100 0.251346707 -0.024782745 -0.051643357 -0.059191544 0.996601820
1311867242.974656 -0.131806090 0.001241509 0.254782617 -0.025086066 -0.051979955 -0.058285110 0.996630132
1311867243.010665 -0.129867360 0.000632423 0.257920295 -0.025619617 -0.052302234 -0.057821456 0.996626794
1311867243.042682 -0.132055730 0.000822279 0.259052873 -0.026077250 -0.050990939 -0.058604062 0.996637106
1311867243.074944 -0.134068549 0.002138561 0.260565013 -0.026333913 -0.050292850 -0.058216810 0.996688545
1311867243.110760 -0.135545567 -0.000835855 0.265700132 -0.028369578 -0.049846590 -0.057178687 0.996715188
1311867243.142942 -0.137630045 -0.002928597 0.265343696 -0.029125445 -0.049165551 -0.057271652 0.996721864
1311867243.174792 -0.138835117 -0.002831602 0.270747811 -0.029709214 -0.048812084 -0.057411019 0.996713996
1311867243.210671 -0.139298171 -0.003815289 0.273223072 -0.030822530 -0.049085718 -0.057138335 0.996682405
1311867243.242923 -0.138838798 -0.007249991 0.275520176 -0.031764243 -0.049261723 -0.056778274 0.996664762
1311867243.274872 -0.138674185 -0.005016200 0.277780205 -0.030654304 -0.048914663 -0.057112470 0.996697485
1311867243.310909 -0.140031785 -0.006838374 0.281950444 -0.031138008 -0.048377544 -0.056514744 0.996742785
1311867243.342681 -0.143018216 -0.006895885 0.286852926 -0.031178456 -0.047523405 -0.056239434 0.996798158
1311867243.375787 -0.143267363 -0.003917090 0.288163841 -0.030577373 -0.047649097 -0.056162026 0.996815145
1311867243.412082 -0.141905248 -0.007606574 0.290598780 -0.031644303 -0.047771204 -0.055576615 0.996808827
1311867243.442886 -0.142322391 -0.005510161 0.294368237 -0.031240318 -0.047576413 -0.054602325 0.996884763
1311867243.474884 -0.144629329 -0.004087354 0.297403127 -0.032322012 -0.047084961 -0.053713776 0.996921837
1311867243.510986 -0.145681590 -0.007968952 0.302134633 -0.034021012 -0.047044385 -0.053258166 0.996891677
1311867243.543026 -0.149773851 -0.007199380 0.307085365 -0.034055516 -0.045969810 -0.052745089 0.996967912
1311867243.574697 -0.148745507 -0.008858706 0.310783923 -0.035087772 -0.046025194 -0.052597921 0.996937335
1311867243.610776 -0.150474712 -0.008760323 0.311953723 -0.034712974 -0.045375049 -0.052049160 0.997009039
1311867243.642685 -0.150034592 -0.008749747 0.313671201 -0.035371676 -0.044680178 -0.052285366 0.997004926
1311867243.674867 -0.149204955 -0.008048653 0.318219930 -0.035441976 -0.044770923 -0.051772930 0.997025132
1311867243.710902 -0.149158150 -0.009079772 0.319305450 -0.035533201 -0.044516683 -0.051570095 0.997043788
1311867243.742761 -0.146266118 -0.008562604 0.321441621 -0.036051959 -0.044503212 -0.051021624 0.997053921
1311867243.774837 -0.146727562 -0.008454231 0.325419068 -0.036544845 -0.043240745 -0.050246350 0.997130990
1311867243.810755 -0.146399483 -0.008874739 0.326853603 -0.036984980 -0.043156262 -0.049738765 0.997143805
1311867243.842825 -0.146484241 -0.009813136 0.332133144 -0.038160574 -0.042285763 -0.050261788 0.997110546
1311867243.874795 -0.147809729 -0.009817451 0.333428651 -0.038504340 -0.041596007 -0.049809024 0.997149110
1311867243.911010 -0.148089647 -0.010529187 0.336222619 -0.038919087 -0.040595129 -0.050547574 0.997137070
1311867243.942765 -0.148920193 -0.013525851 0.335615516 -0.040408190 -0.039581489 -0.050118577 0.997140229
1311867243.974939 -0.149870738 -0.015486101 0.337580472 -0.040787775 -0.039287694 -0.050316598 0.997126400
1311867244.010938 -0.150106460 -0.014949232 0.341998339 -0.040732905 -0.038739469 -0.049917713 0.997170210
1311867244.042874 -0.150903448 -0.015102846 0.342801064 -0.041179802 -0.038417045 -0.049972363 0.997161567
1311867244.074729 -0.149791166 -0.017077357 0.346016169 -0.041833464 -0.038677506 -0.050321836 0.997106731
1311867244.110737 -0.150028855 -0.016517773 0.348320484 -0.041944906 -0.038004816 -0.050046533 0.997141778
1311867244.142752 -0.147913992 -0.019703764 0.352054924 -0.043272998 -0.038971581 -0.049701642 0.997064948
1311867244.174960 -0.148862258 -0.017753288 0.354175091 -0.042406797 -0.038514033 -0.050102428 0.997099876
1311867244.210998 -0.148441792 -0.018172048 0.358449042 -0.043316711 -0.038836021 -0.050811827 0.997012377
1311867244.242837 -0.146938935 -0.020496810 0.361410171 -0.044556577 -0.039391514 -0.050915144 0.996930659
1311867244.274849 -0.148125395 -0.020962724 0.363940477 -0.044264223 -0.039157338 -0.051544365 0.996920586
1311867244.311019 -0.145628467 -0.017406708 0.366762757 -0.044267993 -0.040282879 -0.050998904 0.996903598
1311867244.342945 -0.145002753 -0.019391403 0.372786075 -0.045731850 -0.040344961 -0.051867612 0.996790171
1311867244.374807 -0.142643929 -0.017741153 0.375239998 -0.045183059 -0.041585863 -0.051938336 0.996760607
1311867244.410917 -0.141549304 -0.017589102 0.379476547 -0.045994915 -0.042641476 -0.050914880 0.996731579
1311867244.442939 -0.141602039 -0.018191561 0.382506073 -0.046120238 -0.043393712 -0.050382707 0.996720374
1311867244.474845 -0.140469193 -0.016545577 0.386326075 -0.045194812 -0.043991819 -0.050129518 0.996749341
1311867244.510909 -0.136696756 -0.016187211 0.389008760 -0.045608588 -0.043864261 -0.049652223 0.996760011
1311867244.543087 -0.136225894 -0.015943881 0.395974308 -0.045938984 -0.042992357 -0.049405575 0.996795118
1311867244.574880 -0.136436731 -0.014948360 0.397376865 -0.045814753 -0.042374782 -0.049004205 0.996847034
1311867244.610794 -0.135614574 -0.012400713 0.401064485 -0.046746232 -0.041747294 -0.048661891 0.996847034
1311867244.642828 -0.135850281 -0.015132710 0.402970582 -0.048286866 -0.040643509 -0.048633784 0.996820569
1311867244.674838 -0.133845851 -0.014613356 0.409396559 -0.048441608 -0.040320210 -0.047741037 0.996869385
1311867244.710970 -0.133680895 -0.016193474 0.411910921 -0.049051668 -0.039979424 -0.047177222 0.996880114
1311867244.742796 -0.133270234 -0.013274734 0.415352941 -0.048232932 -0.039478078 -0.047491144 0.996925116
1311867244.774974 -0.129588708 -0.012993995 0.420529097 -0.048979249 -0.039725643 -0.047531314 0.996876955
1311867244.810910 -0.130692855 -0.013732624 0.427390724 -0.049718995 -0.038655046 -0.047116172 0.996902168
1311867244.842820 -0.128721967 -0.011773118 0.430462241 -0.049118880 -0.038338162 -0.047263701 0.996937156
1311867244.874902 -0.128200367 -0.011535816 0.435087055 -0.049879644 -0.037951443 -0.047698941 0.996893525
1311867244.910805 -0.129333809 -0.012502294 0.437137574 -0.050738566 -0.036927082 -0.048328806 0.996858239
1311867244.942839 -0.130758017 -0.010098460 0.441243380 -0.050574806 -0.036018211 -0.047763035 0.996927083
1311867244.974988 -0.129217789 -0.012444310 0.445940197 -0.052851286 -0.036265742 -0.047195975 0.996827066
1311867245.010872 -0.129070297 -0.012332817 0.450526059 -0.052745540 -0.035319645 -0.047258034 0.996863663
1311867245.042993 -0.129940718 -0.010083426 0.452496409 -0.052711222 -0.034464438 -0.046856236 0.996914387
1311867245.074920 -0.132356808 -0.009423619 0.455101877 -0.053646144 -0.033248562 -0.047114208 0.996893644
1311867245.111116 -0.133063853 -0.011590786 0.459777325 -0.054262515 -0.033039849 -0.046890840 0.996877730
1311867245.142920 -0.132116571 -0.010139415 0.463040829 -0.053849466 -0.032758571 -0.047210556 0.996894300
1311867245.174913 -0.132005706 -0.012294948 0.468077987 -0.055567998 -0.032140788 -0.046839353 0.996837616
1311867245.210898 -0.136634991 -0.010208939 0.470192254 -0.054353874 -0.031316090 -0.047041986 0.996921301
1311867245.242901 -0.136579111 -0.011076080 0.470587641 -0.054823838 -0.031111702 -0.046614777 0.996922016
1311867245.275567 -0.133195966 -0.010707272 0.476963669 -0.055282071 -0.031595942 -0.045720298 0.996922910
1311867245.312009 -0.134061232 -0.012541956 0.479886949 -0.055581100 -0.031758290 -0.045929603 0.996891558
1311867245.343010 -0.134455472 -0.014576767 0.484029591 -0.055576086 -0.032029193 -0.046987373 0.996833801
1311867245.374937 -0.135592699 -0.009665255 0.489592195 -0.054150306 -0.032091767 -0.046699557 0.996923804
1311867245.412235 -0.136678964 -0.013382491 0.493129015 -0.055680726 -0.031715576 -0.047187220 0.996828556
1311867245.442883 -0.139954001 -0.010444541 0.496354491 -0.054906137 -0.030776257 -0.047873810 0.996868253
1311867245.475145 -0.141036481 -0.006786344 0.501040637 -0.055188246 -0.030532386 -0.048319492 0.996838629
1311867245.510882 -0.143862709 -0.009029628 0.503859639 -0.056923430 -0.030347070 -0.048164062 0.996754229
1311867245.542961 -0.141837507 -0.009420873 0.509373128 -0.057972886 -0.031037988 -0.047095131 0.996723652
1311867245.574941 -0.143291458 -0.011530232 0.515494525 -0.060809404 -0.029739328 -0.047713276 0.996564746
1311867245.610913 -0.142879739 -0.015837776 0.520284295 -0.061533254 -0.030633844 -0.047790699 0.996489525
1311867245.642819 -0.143827632 -0.010891282 0.523190081 -0.059695065 -0.029525584 -0.048777036 0.996587038
1311867245.675175 -0.147144988 -0.012966591 0.525461137 -0.061095100 -0.028384650 -0.049756173 0.996486843
1311867245.710917 -0.146528065 -0.013521139 0.529711902 -0.060788151 -0.028863113 -0.049390174 0.996510148
1311867245.742982 -0.147679880 -0.013202618 0.533176959 -0.061061289 -0.029213767 -0.049336966 0.996485829
1311867245.775252 -0.150541261 -0.013102189 0.534433365 -0.061539259 -0.028688617 -0.049620133 0.996457577
1311867245.811035 -0.149775699 -0.014589315 0.537571788 -0.061337158 -0.028531715 -0.050020788 0.996454597
1311867245.842823 -0.151370704 -0.014000222 0.540828168 -0.061232634 -0.028617838 -0.049923960 0.996463358
1311867245.875777 -0.154146269 -0.014791961 0.543243587 -0.061757527 -0.028513242 -0.050993688 0.996379852
1311867245.911075 -0.155389175 -0.015018953 0.545312524 -0.061533291 -0.028306911 -0.050817575 0.996408582
1311867245.942887 -0.155652076 -0.012650189 0.549482942 -0.061263688 -0.028321818 -0.051445544 0.996392548
1311867245.975135 -0.157915354 -0.012908231 0.552358329 -0.061856274 -0.028506296 -0.052411992 0.996300280
1311867246.011242 -0.158860996 -0.012013549 0.556403458 -0.062447332 -0.028569106 -0.053686310 0.996193767
1311867246.042923 -0.162376672 -0.012451950 0.558869004 -0.063819438 -0.028091900 -0.054407444 0.996081233
1311867246.075233 -0.164583594 -0.010123815 0.567004025 -0.064422153 -0.027852114 -0.055756673 0.995974541
1311867246.110925 -0.166169062 -0.012667809 0.573603213 -0.067394093 -0.027784426 -0.056712735 0.995725691
1311867246.143089 -0.168113440 -0.010219307 0.571772814 -0.067384392 -0.027834516 -0.057048824 0.995705843
1311867246.174981 -0.167892337 -0.008019364 0.574790895 -0.068437412 -0.027621144 -0.057768084 0.995598435
1311867246.210964 -0.165774599 -0.006256965 0.580757380 -0.069672242 -0.027796503 -0.058429714 0.995469332
1311867246.242940 -0.168772146 -0.005207192 0.584303617 -0.071167946 -0.026585301 -0.059361264 0.995341480
1311867246.275065 -0.169036403 -0.002792182 0.586877227 -0.072273426 -0.026357636 -0.059138764 0.995281100
1311867246.310872 -0.169016123 -0.000873974 0.591054797 -0.073654681 -0.026160788 -0.059472978 0.995165110
1311867246.342932 -0.171113372 -0.000097538 0.597187102 -0.074475817 -0.025411580 -0.059731659 0.995107949
1311867246.375297 -0.168483093 -0.000659144 0.598125696 -0.075628646 -0.026021797 -0.059886441 0.994995952
1311867246.410931 -0.172295421 0.003302554 0.602586627 -0.075296350 -0.024276612 -0.060262587 0.995042503
1311867246.443077 -0.174066931 0.000332206 0.609017193 -0.077561706 -0.023819719 -0.060296874 0.994877458
1311867246.475133 -0.174678236 0.002006332 0.606546164 -0.077357553 -0.023809407 -0.060058061 0.994908035
1311867246.510968 -0.175100282 0.003388521 0.610808134 -0.078585647 -0.023570392 -0.059411924 0.994856298
1311867246.543113 -0.177068353 0.003962062 0.613033116 -0.079170145 -0.023030125 -0.059640646 0.994808972
1311867246.575204 -0.176711246 0.002818905 0.615383923 -0.079280995 -0.023541998 -0.059211865 0.994813740
1311867246.611125 -0.175514787 0.002009338 0.615955651 -0.079492941 -0.023418026 -0.059333142 0.994792521
1311867246.643187 -0.178847075 0.004085384 0.618931949 -0.079075709 -0.022302806 -0.058906030 0.994876802
1311867246.675169 -0.177888617 0.003487675 0.619514346 -0.078695320 -0.023005050 -0.058273360 0.994928181
1311867246.711056 -0.178486109 0.003972575 0.621521533 -0.078302629 -0.022838684 -0.058098238 0.994973242
1311867246.743305 -0.179140836 0.002126809 0.623087108 -0.078345366 -0.022741687 -0.058484446 0.994949460
1311867246.774986 -0.180449009 0.001582089 0.624074042 -0.078168064 -0.022546096 -0.058389112 0.994973481
1311867246.811193 -0.180100277 0.000537570 0.630390048 -0.078589842 -0.022783620 -0.058351785 0.994937003
1311867246.843092 -0.180910870 -0.000962892 0.631957114 -0.078345545 -0.022038836 -0.058347519 0.994973361
1311867246.875078 -0.181555241 -0.000171885 0.632288754 -0.077753209 -0.022095326 -0.058635700 0.995001614
1311867246.911155 -0.180143014 -0.001686220 0.633395731 -0.078108601 -0.022280807 -0.059060019 0.994944513
1311867246.943061 -0.181084424 -0.002024570 0.634143353 -0.077345416 -0.021522541 -0.059351902 0.995003402
1311867246.975124 -0.180247381 -0.002681609 0.634615898 -0.077432178 -0.021597527 -0.059799634 0.994968295
1311867247.010909 -0.179994836 -0.001976188 0.634924352 -0.076816134 -0.020972541 -0.060069840 0.995013177
1311867247.044073 -0.181556255 -0.002530291 0.636622846 -0.076895058 -0.020477373 -0.060449664 0.994994342
1311867247.075192 -0.181930706 -0.001316653 0.637728989 -0.076977648 -0.019867316 -0.060998060 0.994966865
1311867247.111215 -0.180428818 -0.002639693 0.638153255 -0.077550590 -0.020083040 -0.060932431 0.994921982
1311867247.143044 -0.180615500 -0.002638805 0.640168667 -0.078060910 -0.019843616 -0.059358321 0.994982123
1311867247.175163 -0.181563333 -0.001696494 0.641395628 -0.078269072 -0.019221395 -0.057791721 0.995070219
1311867247.211319 -0.186542526 -0.004746793 0.642523229 -0.078576341 -0.018922349 -0.056508813 0.995125353
1311867247.243728 -0.183860958 -0.005683726 0.641194761 -0.077080585 -0.020558281 -0.056672320 0.995200634
1311867247.277719 -0.184716195 -0.004214303 0.639403343 -0.076299481 -0.020156223 -0.057431769 0.995225489
1311867247.310969 -0.188916087 -0.008288241 0.638952017 -0.076710232 -0.020707428 -0.058764488 0.995104790
1311867247.343205 -0.188218743 -0.005807695 0.636816621 -0.075005524 -0.022337671 -0.058396555 0.995221198
1311867247.375307 -0.188315183 -0.008582320 0.635101259 -0.076184191 -0.023987519 -0.058204770 0.995104432
1311867247.411675 -0.188549310 -0.009740531 0.632426918 -0.074935682 -0.024888502 -0.059147079 0.995121539
1311867247.444093 -0.188269034 -0.011808885 0.629874706 -0.074661285 -0.025380388 -0.059093386 0.995132923
1311867247.475103 -0.185766876 -0.010522671 0.625113666 -0.073436633 -0.026588939 -0.059775863 0.995151758
1311867247.511045 -0.186821103 -0.013585165 0.623448789 -0.072170377 -0.026034649 -0.060274966 0.995228887
1311867247.543085 -0.184363648 -0.013576540 0.618600249 -0.070999213 -0.026800642 -0.060199969 0.995297372
1311867247.575121 -0.185442269 -0.017579572 0.615048826 -0.071259245 -0.026343970 -0.060838632 0.995252132
1311867247.611460 -0.183764338 -0.018485095 0.611804068 -0.069553584 -0.026384670 -0.061438713 0.995334923
1311867247.643111 -0.182146475 -0.019819221 0.607639909 -0.069000997 -0.026897429 -0.061185662 0.995375216
1311867247.675076 -0.181244820 -0.022280632 0.603002071 -0.067808889 -0.027057551 -0.061298806 0.995445848
1311867247.711237 -0.177679837 -0.025748931 0.595425129 -0.066052154 -0.027809687 -0.061106671 0.995554984
1311867247.743122 -0.174553886 -0.025865063 0.588850021 -0.064385682 -0.026916252 -0.061600782 0.995658278
1311867247.775041 -0.171314627 -0.027444793 0.584843278 -0.063945755 -0.025726076 -0.061792288 0.995706260
1311867247.811163 -0.170353889 -0.026800718 0.577379167 -0.062732220 -0.024490276 -0.061889090 0.995808542
1311867247.843889 -0.170477569 -0.025868310 0.572905302 -0.062222250 -0.023207786 -0.062024020 0.995862901
1311867247.875244 -0.168368399 -0.027171144 0.569703102 -0.062871277 -0.023856716 -0.062446855 0.995780349
1311867247.911329 -0.166521296 -0.028912388 0.567181587 -0.062357560 -0.024182647 -0.062572829 0.995796919
1311867247.943062 -0.163073063 -0.026783267 0.563290894 -0.061172724 -0.024338976 -0.062972754 0.995841384
1311867247.976983 -0.164747775 -0.028103516 0.560797513 -0.061756808 -0.023574360 -0.064059757 0.995754361
1311867248.010991 -0.165126294 -0.031182772 0.556820750 -0.060518984 -0.023415603 -0.064465508 0.995807886
1311867248.043197 -0.163541406 -0.030834651 0.552342892 -0.059465785 -0.023878109 -0.064208165 0.995877028
1311867248.075142 -0.161839277 -0.031944517 0.548861384 -0.059494242 -0.024495900 -0.064563751 0.995837271
1311867248.112183 -0.163019046 -0.033336069 0.542946517 -0.058292493 -0.024126450 -0.063338757 0.995996058
1311867248.143172 -0.160598516 -0.032190122 0.538824737 -0.057027001 -0.024889188 -0.063188493 0.996060073
1311867248.175750 -0.162926942 -0.039506599 0.535914719 -0.058233235 -0.024280589 -0.063708097 0.995972276
1311867248.211186 -0.162551045 -0.040313210 0.531613708 -0.057632785 -0.024414027 -0.063520558 0.996015906
1311867248.243143 -0.160746381 -0.039668962 0.527112544 -0.056824356 -0.024567643 -0.063596733 0.996053696
1311867248.275529 -0.160665616 -0.038010951 0.523815334 -0.055900097 -0.024559200 -0.063778147 0.996094644
1311867248.311223 -0.159345374 -0.041577630 0.518050432 -0.056012828 -0.024815744 -0.063578196 0.996094704
1311867248.343459 -0.158081099 -0.038335718 0.513726830 -0.054910060 -0.024578290 -0.063011676 0.996197939
1311867248.375222 -0.156542048 -0.037052110 0.511183143 -0.055705018 -0.024852848 -0.062438667 0.996183157
1311867248.411556 -0.156718254 -0.035711762 0.505830348 -0.055987872 -0.024495130 -0.062067721 0.996199250
1311867248.443137 -0.156033501 -0.030781429 0.500349224 -0.054935433 -0.024593890 -0.061913427 0.996264994
1311867248.475923 -0.154554397 -0.032221399 0.496379107 -0.055815373 -0.023957377 -0.062092256 0.996220529
1311867248.511151 -0.153470606 -0.031750765 0.492305756 -0.056416161 -0.023856841 -0.061824501 0.996205747
1311867248.543189 -0.152318716 -0.031863522 0.490688801 -0.056584094 -0.024430959 -0.061217733 0.996219754
1311867248.575187 -0.150947005 -0.030284993 0.484137803 -0.055998888 -0.024655908 -0.060736980 0.996276677
1311867248.611439 -0.151102588 -0.031716201 0.480616570 -0.057158411 -0.024282018 -0.061021458 0.996202707
1311867248.643245 -0.150909945 -0.031491410 0.474415183 -0.056803178 -0.024951080 -0.061266862 0.996191382
1311867248.675309 -0.149089888 -0.028105520 0.469994724 -0.055542670 -0.025806217 -0.061240755 0.996242285
1311867248.711283 -0.149463817 -0.029016823 0.463977307 -0.056931574 -0.026362609 -0.060704846 0.996182084
1311867248.743299 -0.148412704 -0.030209577 0.462793648 -0.057419699 -0.026416769 -0.060762811 0.996149123
1311867248.776222 -0.149032772 -0.028009927 0.458018184 -0.056779437 -0.026160231 -0.060219884 0.996225536
1311867248.811190 -0.149981767 -0.025637057 0.454936177 -0.056922045 -0.026231794 -0.059750922 0.996243775
1311867248.843319 -0.148252755 -0.029457981 0.449576616 -0.057571307 -0.027521735 -0.059430677 0.996190846
1311867248.875531 -0.143489897 -0.024870651 0.441980004 -0.054934245 -0.027937844 -0.058783397 0.996366560
1311867248.911170 -0.144402355 -0.024808979 0.437401116 -0.055459771 -0.026994122 -0.058731437 0.996366560
1311867248.943097 -0.142005086 -0.026328271 0.434715807 -0.055431947 -0.027399477 -0.058829140 0.996351242
1311867248.976589 -0.141882315 -0.024914503 0.426547915 -0.053243756 -0.027369810 -0.059418019 0.996436477
1311867249.011260 -0.136716545 -0.022625262 0.419331729 -0.052524690 -0.027366472 -0.059785035 0.996452749
1311867249.043231 -0.134388298 -0.025585089 0.415340304 -0.053666677 -0.026154222 -0.060165118 0.996401608
1311867249.079906 -0.130550027 -0.025440024 0.410721093 -0.052849546 -0.026718162 -0.058994927 0.996500254
1311867249.112055 -0.129673973 -0.021977693 0.404415399 -0.052604988 -0.026437949 -0.058621924 0.996542633
1311867249.143598 -0.125547558 -0.022885839 0.402081311 -0.053518068 -0.025961513 -0.058166262 0.996533275
1311867249.178513 -0.125535443 -0.022578105 0.396414846 -0.051791590 -0.024348116 -0.058571670 0.996641457
1311867249.211358 -0.121884316 -0.023441866 0.389207721 -0.051587973 -0.023815928 -0.058476351 0.996670485
1311867249.243278 -0.120913438 -0.029690901 0.381609499 -0.053911746 -0.022431329 -0.059248984 0.996533990
1311867249.277340 -0.118949920 -0.024181794 0.380964607 -0.050191946 -0.022247745 -0.059855308 0.996696115
1311867249.311292 -0.115182146 -0.021052569 0.375576377 -0.048642859 -0.022342661 -0.059800912 0.996774077
1311867249.343725 -0.116573349 -0.022473160 0.371026129 -0.049976207 -0.022081705 -0.059544116 0.996729374
1311867249.376845 -0.112005115 -0.024812816 0.367439151 -0.049380977 -0.023070039 -0.059429042 0.996743500
1311867249.411217 -0.110727668 -0.021086272 0.362315893 -0.047304302 -0.022161342 -0.060024574 0.996829093
1311867249.443221 -0.109281220 -0.022167023 0.357422501 -0.048120730 -0.021829806 -0.060526140 0.996767044
1311867249.476410 -0.105269298 -0.023329075 0.355643272 -0.047753148 -0.022871880 -0.060148414 0.996784151
1311867249.511134 -0.109583214 -0.022599410 0.350656956 -0.046179377 -0.021733010 -0.060724169 0.996848881
1311867249.543230 -0.103831075 -0.021217944 0.343952298 -0.046286624 -0.022686653 -0.060425539 0.996840894
1311867249.575910 -0.104788207 -0.023708276 0.339192659 -0.047281727 -0.021393474 -0.060726240 0.996804476
1311867249.611223 -0.106047034 -0.020965816 0.337474942 -0.045244902 -0.022252401 -0.060244571 0.996909440
1311867249.643378 -0.100645490 -0.023661537 0.331246644 -0.047188871 -0.023976101 -0.059514970 0.996823192
1311867249.675103 -0.099511504 -0.023020804 0.328158379 -0.047477353 -0.024833005 -0.060054161 0.996756077
1311867249.711139 -0.098712400 -0.022336133 0.323493928 -0.046096269 -0.024840366 -0.060353857 0.996802688
1311867249.743247 -0.097985499 -0.017271062 0.320064008 -0.045227189 -0.024959754 -0.060200054 0.996848822
1311867249.775158 -0.099563718 -0.018055271 0.316185027 -0.046978638 -0.025096036 -0.060795516 0.996728241
1311867249.811149 -0.097602338 -0.018453704 0.311220825 -0.047279418 -0.026152920 -0.060972288 0.996676028
1311867249.843325 -0.097138815 -0.015356330 0.305571318 -0.047414888 -0.025931785 -0.060955599 0.996676385
1311867249.878395 -0.096417971 -0.012271548 0.301218063 -0.047900859 -0.026105998 -0.061027780 0.996644199
1311867249.911240 -0.094609596 -0.013196186 0.295705676 -0.048496626 -0.026394896 -0.060777351 0.996623039
1311867249.943277 -0.097236834 -0.011355750 0.291211963 -0.047491897 -0.026011238 -0.060683448 0.996687293
1311867249.975170 -0.093391173 -0.010020670 0.286539972 -0.047113482 -0.027161973 -0.060230792 0.996701956
1311867250.011711 -0.090996645 -0.010239730 0.285469741 -0.047244903 -0.027963357 -0.059997346 0.996687651
1311867250.043427 -0.090743512 -0.010915831 0.277793378 -0.047415126 -0.028490411 -0.059270784 0.996708155
1311867250.076673 -0.089781731 -0.009691089 0.273344070 -0.045747053 -0.028940609 -0.059533633 0.996757448
1311867250.111610 -0.085065283 -0.013188513 0.264796466 -0.046712071 -0.029277455 -0.058949023 0.996737599
1311867250.143222 -0.089895234 -0.009181010 0.263802111 -0.045615654 -0.027800847 -0.059540868 0.996795475
1311867250.175891 -0.087822743 -0.010710424 0.257703930 -0.044915721 -0.027875815 -0.059290182 0.996840119
1311867250.213337 -0.088156611 -0.005752332 0.255510330 -0.043163426 -0.027489152 -0.059925824 0.996890247
1311867250.245669 -0.088925608 -0.007162889 0.250206232 -0.043850806 -0.027292013 -0.059786744 0.996874034
1311867250.275168 -0.088286974 -0.007480335 0.246368483 -0.044423439 -0.027392671 -0.059705522 0.996850789
1311867250.311441 -0.085687585 -0.007131275 0.243361026 -0.044524629 -0.027176175 -0.060840212 0.996783614
1311867250.343197 -0.083154611 -0.006802037 0.235769048 -0.045097459 -0.027813317 -0.060886752 0.996737421
1311867250.378064 -0.089450024 -0.005901629 0.238100395 -0.045114588 -0.026508173 -0.060610402 0.996789098
1311867250.411649 -0.084235415 -0.005468548 0.233458400 -0.044431020 -0.028532151 -0.060103066 0.996794581
1311867250.444170 -0.083912343 -0.003959585 0.228972197 -0.043772183 -0.027915167 -0.059456959 0.996879935
1311867250.479325 -0.079412155 -0.001060023 0.221351445 -0.044149399 -0.028165506 -0.059103545 0.996877313
1311867250.511322 -0.080123141 -0.008838180 0.216960132 -0.046169519 -0.027482437 -0.059210286 0.996798515
1311867250.544330 -0.073588178 -0.002089996 0.210424840 -0.043307312 -0.028431173 -0.058499422 0.996942341
1311867250.579349 -0.077218734 0.002459531 0.210267097 -0.042983357 -0.027622571 -0.058728166 0.996965647
1311867250.611488 -0.078719653 -0.001658132 0.205290899 -0.044239391 -0.027054079 -0.059181601 0.996899426
1311867250.643376 -0.074694492 0.000634150 0.202254966 -0.042053968 -0.027290195 -0.059182029 0.996987641
1311867250.679554 -0.077690080 0.001057426 0.199167743 -0.042188030 -0.025882443 -0.059295349 0.997012734
1311867250.711292 -0.076914594 -0.000192309 0.195791632 -0.042739946 -0.026825136 -0.058160182 0.997031152
1311867250.744545 -0.071397565 -0.005658432 0.189206734 -0.042921636 -0.027618660 -0.058463972 0.996983945
1311867250.779283 -0.075093508 0.000464889 0.187605560 -0.040384699 -0.025971374 -0.058892403 0.997108996
1311867250.814558 -0.074084140 -0.002579648 0.183855280 -0.041969392 -0.026263131 -0.058184840 0.997077405
1311867250.843347 -0.074103534 -0.003736531 0.182134986 -0.041158430 -0.026730431 -0.058227990 0.997096300
1311867250.879276 -0.071186967 -0.002761573 0.179422453 -0.039520845 -0.027747862 -0.058745820 0.997104406
1311867250.911636 -0.065765597 -0.004383785 0.174514681 -0.039458998 -0.028754655 -0.058411021 0.997097969
1311867250.943372 -0.064795054 -0.001614471 0.167150080 -0.037812807 -0.029134719 -0.058022816 0.997173429
1311867250.979305 -0.065885514 0.001428212 0.164676994 -0.036756806 -0.029327668 -0.057718173 0.997224927
1311867251.011246 -0.072166294 0.002358892 0.168388858 -0.036995061 -0.027914554 -0.058113568 0.997233689
1311867251.043774 -0.072002247 -0.002754852 0.163089246 -0.037885536 -0.028036160 -0.058506891 0.997173846
1311867251.079316 -0.074518889 -0.000301560 0.158307090 -0.036664087 -0.027255788 -0.058440428 0.997245073
1311867251.111584 -0.072564803 0.000610838 0.157969683 -0.037023246 -0.028188298 -0.058428757 0.997206509
1311867251.143281 -0.073585913 -0.002832908 0.153869599 -0.038440417 -0.028155738 -0.058917519 0.997125030
1311867251.179425 -0.071932986 -0.001655655 0.149654865 -0.037019085 -0.028182665 -0.059145976 0.997164547
1311867251.211383 -0.071987756 0.001510279 0.150401488 -0.037092011 -0.028131150 -0.058714494 0.997188747
1311867251.247232 -0.074471489 -0.000366721 0.151473120 -0.038546905 -0.027501689 -0.059184797 0.997123420
1311867251.279370 -0.077077352 0.000505944 0.146387309 -0.037011065 -0.027362242 -0.059370637 0.997174382
1311867251.313387 -0.078532547 -0.001473659 0.141630396 -0.037534777 -0.028224969 -0.058695368 0.997170687
1311867251.343242 -0.074586704 -0.002065984 0.140523940 -0.037684172 -0.029493870 -0.058947224 0.997113526
1311867251.380182 -0.075287424 -0.004847049 0.136387646 -0.037352923 -0.029524937 -0.058514886 0.997150540
1311867251.411345 -0.078659914 -0.005886056 0.132944658 -0.037814453 -0.028678922 -0.058308329 0.997169912
1311867251.443379 -0.076065384 -0.002341264 0.130358264 -0.036237311 -0.029518967 -0.057656948 0.997241795
1311867251.479338 -0.077874765 -0.006369060 0.128154561 -0.037290327 -0.029043382 -0.058176521 0.997186780
1311867251.513641 -0.078057468 -0.003734990 0.125364482 -0.035761651 -0.028779808 -0.058091309 0.997255385
1311867251.543175 -0.074619785 -0.006182622 0.121125318 -0.036476020 -0.029733570 -0.058046371 0.997204125
1311867251.579534 -0.074747905 -0.004463744 0.122289464 -0.035767999 -0.029499415 -0.058461569 0.997212470
1311867251.611953 -0.073922150 -0.004809073 0.120252661 -0.035924282 -0.028899817 -0.058801748 0.997204423
1311867251.643296 -0.076204740 -0.005996669 0.116287045 -0.036250047 -0.028645743 -0.059139512 0.997179985
1311867251.679728 -0.075901166 -0.005027051 0.113657698 -0.035283871 -0.028797794 -0.059168968 0.997208536
1311867251.712294 -0.074566014 -0.004178184 0.110075399 -0.035155859 -0.028895875 -0.059438445 0.997194171
1311867251.743499 -0.075493768 -0.004361826 0.107001834 -0.036904752 -0.029128753 -0.059912566 0.997095883
1311867251.779744 -0.075943030 -0.008431007 0.103931688 -0.037255920 -0.029473437 -0.060327623 0.997047603
1311867251.811253 -0.072953381 -0.007097123 0.102384694 -0.036019612 -0.030622000 -0.059633028 0.997100234
1311867251.843328 -0.078118846 -0.005187902 0.098481409 -0.036433820 -0.029931948 -0.059999034 0.997084200
1311867251.880542 -0.074832417 -0.007649320 0.097895764 -0.037047703 -0.032179009 -0.059507761 0.997021019
1311867251.911249 -0.072128586 -0.003263337 0.095764577 -0.035337884 -0.033463370 -0.058891200 0.997077405
1311867251.943218 -0.073739581 -0.002584081 0.091050245 -0.036347874 -0.032878552 -0.058545422 0.997080863
1311867251.980011 -0.071507849 -0.008276860 0.083805658 -0.038801197 -0.032989889 -0.058815628 0.996968865
1311867252.011886 -0.068607517 -0.004464007 0.084483497 -0.038034476 -0.033974826 -0.058202472 0.997001350
1311867252.044103 -0.073474728 -0.007128425 0.081578709 -0.039166387 -0.033293515 -0.058338333 0.996972561
1311867252.079454 -0.067232877 -0.001722655 0.079936840 -0.037386760 -0.034844473 -0.058795806 0.996960938
1311867252.112225 -0.066612445 -0.004126446 0.075256214 -0.038230397 -0.034566972 -0.059313420 0.996908009
1311867252.143295 -0.066343613 -0.004894027 0.071916416 -0.037455335 -0.034569435 -0.060032904 0.996894240
1311867252.179436 -0.064046569 -0.006349175 0.065578111 -0.037253909 -0.035160705 -0.059693195 0.996901572
1311867252.211346 -0.064324506 -0.008318505 0.063478954 -0.038042918 -0.035054319 -0.060565911 0.996822834
1311867252.243281 -0.068037681 -0.010343770 0.059708420 -0.037991766 -0.034098677 -0.061441537 0.996804357
1311867252.279411 -0.068432741 -0.010066524 0.056995735 -0.035891842 -0.034226030 -0.062385280 0.996819198
1311867252.311267 -0.066169076 -0.011158331 0.050073441 -0.035724122 -0.035393927 -0.061649870 0.996830225
1311867252.345029 -0.066540927 -0.014960536 0.050371081 -0.037096195 -0.036251172 -0.061173692 0.996778548
1311867252.379459 -0.066424228 -0.015440704 0.046870079 -0.034722723 -0.038384646 -0.060192961 0.996843934
1311867252.411197 -0.064245299 -0.023124631 0.039719868 -0.034346912 -0.040516809 -0.059894443 0.996790528
1311867252.445597 -0.061875116 -0.012816324 0.054069187 -0.031410418 -0.043188613 -0.058115721 0.996880472
1311867252.479290 -0.062295571 -0.017182369 0.051554866 -0.032242931 -0.043675728 -0.058302864 0.996821821
1311867252.511225 -0.059673689 -0.018156292 0.047545847 -0.030773314 -0.044554982 -0.058863152 0.996796370
1311867252.543282 -0.058906179 -0.015894599 0.045339767 -0.029696813 -0.045164686 -0.059528444 0.996762097
1311867252.579180 -0.057276562 -0.018692950 0.043065134 -0.030832784 -0.045255821 -0.060750023 0.996649742
1311867252.611280 -0.059002258 -0.019608250 0.040674232 -0.029664898 -0.046012782 -0.060344219 0.996675193
1311867252.643277 -0.057318754 -0.017482264 0.036793604 -0.028020302 -0.048022516 -0.059826944 0.996659160
1311867252.679249 -0.056099925 -0.018594958 0.033900660 -0.028388189 -0.049357984 -0.058292273 0.996674478
1311867252.711249 -0.057167139 -0.020172548 0.029944781 -0.027932849 -0.049785268 -0.058146786 0.996674597
1311867252.743241 -0.060830303 -0.022909680 0.027715217 -0.027459474 -0.050176930 -0.057700250 0.996694028
1311867252.779273 -0.056557335 -0.025763478 0.024821458 -0.027940046 -0.051876545 -0.056494694 0.996662736
1311867252.811278 -0.059136048 -0.020265892 0.022333916 -0.026772056 -0.051889110 -0.056284733 0.996706009
1311867252.843319 -0.058144797 -0.019872518 0.014893959 -0.025775589 -0.053043865 -0.055593811 0.996710241
1311867252.879266 -0.058432385 -0.017243585 0.013723796 -0.025282487 -0.053493764 -0.055781927 0.996688366
1311867252.911219 -0.057004422 -0.016641568 0.012098799 -0.026440039 -0.054180376 -0.055497292 0.996637046
1311867252.944692 -0.054169089 -0.018774830 0.014639431 -0.027007338 -0.056292947 -0.055608407 0.996498585
1311867252.980602 -0.052788459 -0.018219937 0.011667270 -0.026575405 -0.058090385 -0.055634826 0.996405542
1311867253.011381 -0.053586103 -0.012376981 0.007518673 -0.026306212 -0.058758244 -0.056433566 0.996328652
1311867253.043431 -0.047236685 -0.018893085 0.010915754 -0.028844465 -0.061594754 -0.055409852 0.996144593
1311867253.079921 -0.044762086 -0.016278960 0.019188074 -0.026667733 -0.063218117 -0.054180551 0.996171057
1311867253.111303 -0.041467868 -0.014473836 0.026927456 -0.027270982 -0.064817742 -0.054314431 0.996044695
1311867253.144056 -0.043711334 -0.013774330 0.025449164 -0.027831770 -0.064577691 -0.054312617 0.996044874
1311867253.179405 -0.043399323 -0.015143733 0.024138404 -0.027215289 -0.065941103 -0.055223733 0.995922446
1311867253.211216 -0.041784950 -0.012954406 0.020002022 -0.026013525 -0.067405015 -0.054924227 0.995873094
1311867253.245841 -0.041701969 -0.012524569 0.017513126 -0.026506655 -0.067268707 -0.055705927 0.995825887
1311867253.279395 -0.037950750 -0.016799165 0.017347526 -0.028438827 -0.069291949 -0.055445801 0.995648324
1311867253.311408 -0.040809177 -0.014108755 0.013237351 -0.027606530 -0.068254992 -0.055841986 0.995721281
1311867253.344521 -0.040688798 -0.016803343 0.009053657 -0.029018445 -0.068503082 -0.054622639 0.995731771
1311867253.379408 -0.042515714 -0.028160160 -0.021760847 -0.032440715 -0.065323658 -0.054572411 0.995842576
1311867253.412926 -0.041613881 -0.026506146 -0.021976219 -0.031761322 -0.065792330 -0.054099519 0.995859385
1311867253.444491 -0.040513419 -0.028873034 -0.029585365 -0.032772183 -0.065305509 -0.054337017 0.995845735
1311867253.480478 -0.036246892 -0.025398118 -0.028176568 -0.033124402 -0.066022068 -0.055313505 0.995733142
1311867253.511374 -0.036184780 -0.028981896 -0.031711861 -0.034684230 -0.064502940 -0.055687193 0.995758653
1311867253.544163 -0.035825953 -0.030891007 -0.035713762 -0.034957245 -0.063551068 -0.056437928 0.995768070
1311867253.579407 -0.033092197 -0.030978013 -0.036877744 -0.035318993 -0.063501783 -0.056848790 0.995735109
1311867253.611802 -0.034581624 -0.036778852 -0.044361852 -0.036733896 -0.062255692 -0.057687014 0.995714366
1311867253.644463 -0.031764388 -0.036731537 -0.044253875 -0.036766563 -0.062238399 -0.058059871 0.995692611
1311867253.679979 -0.040253378 -0.030278513 -0.050577752 -0.035372552 -0.059364889 -0.059162661 0.995853662
1311867253.711529 -0.034297794 -0.038833946 -0.049500123 -0.038796909 -0.061683800 -0.058369424 0.995631933
1311867253.743537 -0.027599607 -0.039083108 -0.047685467 -0.037656002 -0.064959213 -0.056444526 0.995578408
1311867253.780402 -0.030309077 -0.039438680 -0.052542321 -0.036529340 -0.064919032 -0.056623619 0.995612860
1311867253.811301 -0.028809145 -0.040970888 -0.052899275 -0.036681384 -0.066767678 -0.055674125 0.995538533
1311867253.846601 -0.028323092 -0.042739093 -0.057180960 -0.036509451 -0.068854801 -0.055551641 0.995409489
1311867253.879206 -0.026333850 -0.044483796 -0.060097225 -0.035179097 -0.070852384 -0.054630972 0.995368242
1311867253.911446 -0.026899064 -0.045187686 -0.063497961 -0.033655643 -0.072162382 -0.054528423 0.995332360
1311867253.946104 -0.027439905 -0.043643359 -0.067357540 -0.032716252 -0.073072903 -0.054001339 0.995326042
1311867253.979415 -0.028383626 -0.047056269 -0.072134413 -0.033733979 -0.073787309 -0.053252175 0.995279670
1311867254.011966 -0.035857134 -0.046945449 -0.076329574 -0.032351367 -0.073507398 -0.054273155 0.995291173
1311867254.045767 -0.035059094 -0.048109587 -0.081231050 -0.031540148 -0.074893907 -0.054597091 0.995196164
1311867254.079374 -0.031868070 -0.051910937 -0.080535561 -0.031532507 -0.076089963 -0.054358844 0.995118678
1311867254.111352 -0.033820830 -0.049119189 -0.087056451 -0.027891435 -0.075896047 -0.054657932 0.995225847
1311867254.147685 -0.032957904 -0.047238819 -0.089749582 -0.025173986 -0.075301841 -0.054597072 0.995346725
1311867254.179513 -0.031373486 -0.048012175 -0.092780471 -0.024344545 -0.075974159 -0.054918297 0.995298564
1311867254.211494 -0.030933619 -0.048020355 -0.093831062 -0.022549652 -0.074460082 -0.055411544 0.995427966
1311867254.246904 -0.041807231 -0.047474574 -0.098821372 -0.019974612 -0.068821035 -0.058605921 0.995705843
1311867254.279857 -0.039549097 -0.049271736 -0.110874929 -0.020938007 -0.066111989 -0.057619136 0.995927155
1311867254.311463 -0.041854560 -0.049254198 -0.114097342 -0.023702724 -0.063052781 -0.057449471 0.996073365
1311867254.347540 -0.040293328 -0.051865451 -0.115661487 -0.024228182 -0.063093901 -0.058250323 0.996011615
1311867254.379449 -0.041758314 -0.052848827 -0.122593597 -0.022128547 -0.061102621 -0.059535861 0.996108651
1311867254.411535 -0.046150725 -0.048779804 -0.128959492 -0.019680919 -0.058657799 -0.061152082 0.996209025
1311867254.448323 -0.047035381 -0.045930561 -0.121975429 -0.019242024 -0.059878085 -0.061901558 0.996098697
1311867254.479448 -0.049008965 -0.049290344 -0.128651679 -0.019295866 -0.061618514 -0.061331656 0.996026754
1311867254.511443 -0.049352903 -0.044527274 -0.135144591 -0.016809793 -0.062811188 -0.061108816 0.996011078
1311867254.550046 -0.047349405 -0.048485391 -0.145827398 -0.018401733 -0.064814731 -0.059472788 0.995953560
1311867254.579487 -0.046469398 -0.044909243 -0.145306796 -0.016432384 -0.066716760 -0.059241526 0.995876133
1311867254.611481 -0.044086978 -0.042002879 -0.149811134 -0.015376672 -0.067280672 -0.059094772 0.995863795
1311867254.645227 -0.046565022 -0.039653894 -0.153619781 -0.016001474 -0.067172468 -0.058941703 0.995870352
1311867254.679490 -0.049038980 -0.042343389 -0.157661274 -0.017028293 -0.067288257 -0.058785666 0.995854735
1311867254.711323 -0.046567120 -0.041885316 -0.163938448 -0.015663093 -0.068079181 -0.059468504 0.995782852
1311867254.745273 -0.043165036 -0.037320856 -0.165097475 -0.013793434 -0.067761004 -0.059414752 0.995835423
1311867254.779465 -0.046273012 -0.037650306 -0.168636620 -0.013777656 -0.066956863 -0.059003118 0.995914519
1311867254.811574 -0.044182807 -0.040349308 -0.174341217 -0.013883115 -0.067702562 -0.058607876 0.995885909
1311867254.848265 -0.045610767 -0.037347659 -0.176159099 -0.012394818 -0.067159623 -0.058362998 0.995956719
1311867254.879491 -0.044319887 -0.035455655 -0.179712027 -0.011892443 -0.067384623 -0.058048643 0.995966017
1311867254.913881 -0.042278204 -0.037938770 -0.183491930 -0.012493979 -0.067317329 -0.057725981 0.995981932
1311867254.949070 -0.042218585 -0.034515079 -0.185708880 -0.010114101 -0.067122482 -0.057624288 0.996027946
1311867254.981925 -0.041929938 -0.033384733 -0.188519657 -0.009755324 -0.067007408 -0.058261238 0.996002257
1311867255.015430 -0.038574092 -0.033301517 -0.190148845 -0.009044179 -0.067506351 -0.058699746 0.995949566
1311867255.049418 -0.040131979 -0.035250776 -0.193730861 -0.008505538 -0.067023285 -0.058763556 0.995983183
1311867255.082194 -0.039576083 -0.030683614 -0.196703508 -0.006836162 -0.066589825 -0.058971014 0.996012807
1311867255.117684 -0.040670563 -0.028756380 -0.200500607 -0.005991736 -0.066311017 -0.059801374 0.995987356
1311867255.151015 -0.041788578 -0.026381312 -0.204637304 -0.004063905 -0.065565020 -0.059833132 0.996044576
1311867255.183783 -0.040978327 -0.029888198 -0.205294579 -0.004358470 -0.065249607 -0.059362628 0.996092200
1311867255.216913 -0.040524866 -0.025969891 -0.207323357 -0.002535351 -0.064716555 -0.059429958 0.996129215
1311867255.245906 -0.041663684 -0.026096890 -0.208628535 -0.002395046 -0.065058663 -0.059132580 0.996125042
1311867255.279366 -0.040869236 -0.025265476 -0.212221459 -0.001245103 -0.066075653 -0.058975689 0.996069491
1311867255.313847 -0.039184708 -0.026303617 -0.216030762 -0.000896120 -0.066332854 -0.058975507 0.996052742
1311867255.346831 -0.035345141 -0.026870031 -0.218161300 -0.000327288 -0.065865815 -0.059170283 0.996072590
1311867255.379475 -0.039082713 -0.026073152 -0.221453980 0.001503027 -0.063471429 -0.059946518 0.996180534
1311867255.413757 -0.038134065 -0.025921753 -0.223501816 0.002349416 -0.063951991 -0.058677137 0.996223748
1311867255.445540 -0.035723049 -0.025243895 -0.227323905 0.003310232 -0.063676029 -0.059155460 0.996210396
1311867255.479482 -0.035966728 -0.028466063 -0.230563834 0.003177130 -0.062565267 -0.059088957 0.996285141
1311867255.515585 -0.033536404 -0.026698614 -0.232939199 0.003583784 -0.062093731 -0.057712540 0.996393919
1311867255.545730 -0.032661200 -0.025890497 -0.234767407 0.003628250 -0.060884386 -0.057473823 0.996482193
1311867255.579442 -0.033965617 -0.027361341 -0.239503071 0.004243982 -0.059495538 -0.057860501 0.996541262
1311867255.615323 -0.033469796 -0.027951257 -0.243002236 0.005177687 -0.058767505 -0.058579586 0.996538043
1311867255.645642 -0.032804593 -0.025005654 -0.244046763 0.005213001 -0.057933889 -0.058503810 0.996591091
1311867255.680081 -0.030074606 -0.026341543 -0.246149540 0.003639592 -0.057608604 -0.058087159 0.996641338
1311867255.718269 -0.029678592 -0.029191742 -0.251130849 0.004122908 -0.057498690 -0.057795830 0.996662736
1311867255.745767 -0.022565592 -0.025327366 -0.252648562 0.005742558 -0.059213258 -0.058657166 0.996504009
1311867255.780996 -0.015767405 -0.029785041 -0.259324223 0.001932665 -0.059991688 -0.058308642 0.996492565
1311867255.817593 -0.016125388 -0.031046458 -0.261253864 0.000365508 -0.059610203 -0.057906508 0.996540666
1311867255.845687 -0.018094957 -0.030998003 -0.263143480 0.000176129 -0.059237998 -0.057098165 0.996609569
1311867255.879379 -0.016756218 -0.029528448 -0.267199546 -0.001161806 -0.060347266 -0.056739576 0.996562839
1311867255.914024 -0.018451709 -0.033406977 -0.270791978 -0.004439453 -0.059760146 -0.056907278 0.996579528
1311867255.945901 -0.015873916 -0.035634402 -0.273154110 -0.005172064 -0.061299756 -0.056995809 0.996477425
1311867255.979486 -0.015950805 -0.033793323 -0.274379969 -0.003745953 -0.061410777 -0.056761850 0.996490240
1311867256.017783 -0.013472503 -0.032492634 -0.278773516 -0.003077293 -0.062848352 -0.057521004 0.996359408
1311867256.046004 -0.014615363 -0.032488015 -0.280423343 -0.003395893 -0.063822269 -0.058282375 0.996252239
1311867256.079590 -0.013691947 -0.033682026 -0.281859517 -0.002983673 -0.065666258 -0.058409993 0.996126235
1311867256.116730 -0.011485306 -0.032755349 -0.286824614 -0.002881269 -0.066033468 -0.058637142 0.996088803
1311867256.145219 -0.013793988 -0.032656867 -0.289320618 -0.003461650 -0.066131361 -0.060525849 0.995967507
1311867256.179506 -0.019893713 -0.032548226 -0.290385246 -0.003363266 -0.066895984 -0.061241657 0.995873034
1311867256.217737 -0.015658030 -0.031070825 -0.292055160 -0.001563423 -0.070259325 -0.062364660 0.995576143
1311867256.245462 -0.015100307 -0.047630522 -0.296889365 -0.004576989 -0.071494557 -0.062660299 0.995460331
1311867256.284698 -0.016603926 -0.049660176 -0.300649792 -0.005040531 -0.073051043 -0.062853202 0.995332956
1311867256.314334 -0.015647016 -0.032160979 -0.302057385 0.000288163 -0.076599307 -0.063841909 0.995015919
1311867256.347169 -0.014532765 -0.049592234 -0.304544508 -0.002197421 -0.077746019 -0.062595829 0.995003819
1311867256.384803 -0.017311690 -0.051690258 -0.306151271 -0.002400879 -0.076747410 -0.062198628 0.995105743
1311867256.415853 -0.014658951 -0.051736027 -0.308956742 -0.000800657 -0.078393459 -0.064072065 0.994861126
1311867256.445283 -0.014551613 -0.052549526 -0.313806593 -0.000288218 -0.079119422 -0.064041056 0.994805932
1311867256.484375 -0.019559829 -0.049495608 -0.316705734 -0.000593536 -0.079804681 -0.063856930 0.994762897
1311867256.513577 -0.017048141 -0.052435182 -0.324670494 -0.002163393 -0.083314583 -0.062844120 0.994537413
1311867256.547861 -0.017705109 -0.079980172 -0.302655101 -0.004774550 -0.085757390 -0.061830670 0.994384170
1311867256.583591 -0.017990908 -0.079451181 -0.305932879 -0.004843092 -0.084884785 -0.062491629 0.994417429
1311867256.616028 -0.016991854 -0.080386803 -0.307633132 -0.005797773 -0.084177442 -0.062029980 0.994501352
1311867256.645225 -0.016874578 -0.082465068 -0.309112012 -0.005260394 -0.083850078 -0.060521722 0.994624913
1311867256.683263 -0.016359223 -0.082192719 -0.312166572 -0.003856535 -0.084773697 -0.058330711 0.994683981
1311867256.714018 -0.017205512 -0.080754273 -0.314295709 -0.003339365 -0.085655101 -0.058343321 0.994609535
1311867256.746329 -0.017626898 -0.081647262 -0.318374664 -0.003872799 -0.086913094 -0.057747167 0.994533300
1311867256.782735 -0.017013799 -0.082249947 -0.319704324 -0.004368784 -0.087169915 -0.057192698 0.994540811
1311867256.814038 -0.016409231 -0.081973255 -0.321414858 -0.005541858 -0.086561650 -0.054622132 0.994732618
1311867256.847722 -0.017100986 -0.085584827 -0.323534459 -0.005286410 -0.087485597 -0.053117562 0.994734585
1311867256.883890 -0.013898491 -0.084534511 -0.325592637 -0.002121830 -0.090894543 -0.051324978 0.994534791
1311867256.914798 -0.011821692 -0.083812438 -0.328810096 -0.000610173 -0.091634557 -0.051501278 0.994459867
1311867256.946531 -0.012469644 -0.082166202 -0.329647541 0.000857363 -0.091039605 -0.052917618 0.994439960
1311867256.981447 -0.011672674 -0.086542882 -0.331315637 0.001082752 -0.091642611 -0.053341143 0.994361758
1311867257.012988 -0.010870590 -0.083646558 -0.333750874 0.004698083 -0.090884559 -0.055505317 0.994302332
1311867257.045185 -0.012634804 -0.082050346 -0.336796373 0.006315973 -0.089355238 -0.056443784 0.994379163
1311867257.084110 -0.009880565 -0.079647742 -0.339300841 0.005703206 -0.088992290 -0.057658695 0.994345784
1311867257.113385 -0.010467467 -0.082146697 -0.342015952 0.003584074 -0.088523373 -0.057770390 0.994390965
1311867257.147422 -0.009321518 -0.083895162 -0.346439093 0.002847062 -0.088857763 -0.059205927 0.994279146
1311867257.182069 -0.008800878 -0.080840491 -0.347990215 0.002599135 -0.089023672 -0.059557527 0.994243979
1311867257.214758 -0.009186966 -0.084005862 -0.352618277 0.000367531 -0.088205472 -0.059742928 0.994309127
1311867257.245697 -0.010266358 -0.083808973 -0.354959369 0.001374956 -0.087305844 -0.060793657 0.994323850
1311867257.282412 -0.008404056 -0.082043350 -0.355984658 0.002386070 -0.086890601 -0.060962752 0.994347990
1311867257.313334 -0.006880082 -0.085256845 -0.359138966 0.000025145 -0.084876396 -0.059625417 0.994605899
1311867257.345279 -0.007127070 -0.083165526 -0.357357353 0.001122141 -0.081850320 -0.060421661 0.994810760
1311867257.383951 -0.008325967 -0.082662925 -0.359643549 0.002005413 -0.079757273 -0.059988331 0.995005608
1311867257.416062 -0.003134533 -0.081253827 -0.362237096 0.002478832 -0.078494079 -0.060009401 0.995103717
1311867257.445852 -0.004550130 -0.081891119 -0.366599292 0.002090121 -0.075477190 -0.059310619 0.995379865
1311867257.485117 -0.003324339 -0.081934147 -0.368013263 0.002632896 -0.073693037 -0.060059693 0.995467365
1311867257.516611 -0.004041357 -0.078726754 -0.368508339 0.003070156 -0.071709789 -0.059543159 0.995641947
1311867257.543702 -0.001153979 -0.080070511 -0.368913382 0.001617050 -0.070092842 -0.059431534 0.995767236
1311867257.583609 -0.003514807 -0.081693016 -0.375296503 0.001718727 -0.066192433 -0.059603427 0.996023655
1311867257.615413 -0.007354111 -0.079320140 -0.377051145 0.002563302 -0.064322181 -0.058935195 0.996184111
1311867257.643749 -0.003453516 -0.075761318 -0.375201732 0.001974381 -0.065609001 -0.057160303 0.996204972
1311867257.684241 -0.000005079 -0.076591708 -0.373409778 0.000147774 -0.064890794 -0.057756711 0.996219516
1311867257.718778 -0.000048882 -0.076737791 -0.375892252 -0.000823106 -0.064534180 -0.056877125 0.996292949
1311867257.743747 0.004347922 -0.078205176 -0.377535313 -0.001063056 -0.064138368 -0.056609552 0.996333539
1311867257.783800 0.003189749 -0.078212507 -0.380681932 -0.000921608 -0.061146066 -0.055553816 0.996581197
1311867257.818099 0.001061445 -0.077003404 -0.378575146 -0.000238951 -0.059765730 -0.054430690 0.996727347
1311867257.843575 0.004431150 -0.076242015 -0.381932825 0.000020002 -0.060958430 -0.053426590 0.996709466
1311867257.885458 0.004010184 -0.077524222 -0.385489672 0.000004835 -0.059762135 -0.053959057 0.996753216
1311867257.915235 0.006520410 -0.077469625 -0.388829738 0.000323748 -0.059137605 -0.052843444 0.996850193
1311867257.943765 0.004353791 -0.078216620 -0.386648148 0.000447599 -0.057647388 -0.052879553 0.996935487
1311867257.985062 0.004052977 -0.077041790 -0.390554368 0.001037748 -0.058189075 -0.052079543 0.996945679
1311867258.013561 0.002654805 -0.080585010 -0.391417235 0.000133740 -0.057687942 -0.052252706 0.996966362
1311867258.043623 0.002450026 -0.080502421 -0.391073078 0.001275631 -0.058140729 -0.051037494 0.997002125
1311867258.083652 0.005185840 -0.081087440 -0.388328373 0.002734417 -0.058981106 -0.050921567 0.996955752
1311867258.113782 0.003883124 -0.081425749 -0.395169884 0.004144534 -0.058314227 -0.050459884 0.997013569
1311867258.143714 0.003868025 -0.079138935 -0.391105056 0.005360495 -0.058445342 -0.050306216 0.997007906
1311867258.184833 0.005063302 -0.081961468 -0.395234585 0.004321964 -0.058445446 -0.050139662 0.997021317
1311867258.216268 0.004936643 -0.081572615 -0.394353122 0.004789874 -0.058266703 -0.050710764 0.997000813
1311867258.243624 0.006126786 -0.082574047 -0.397146195 0.004670105 -0.058492515 -0.049443543 0.997051716
1311867258.285010 0.006313741 -0.087239034 -0.402485162 0.003818886 -0.058663044 -0.049226191 0.997056127
1311867258.313274 0.006045260 -0.086763315 -0.403277427 0.004757640 -0.057584062 -0.050323993 0.997060180
1311867258.343642 0.007796357 -0.088086702 -0.403040111 0.004933148 -0.057489969 -0.050965548 0.997032225
1311867258.381205 0.007683560 -0.086995274 -0.403468549 0.005146821 -0.058267538 -0.050514299 0.997008920
1311867258.414263 0.007065693 -0.087026700 -0.404186219 0.004429387 -0.058681861 -0.050467946 0.996990383
1311867258.443907 0.008045055 -0.088523209 -0.405671060 0.003220465 -0.059903644 -0.050429851 0.996924281
1311867258.482546 0.008540408 -0.086641103 -0.401536584 0.003094481 -0.061243583 -0.049686957 0.996880591
1311867258.513980 0.007952182 -0.088082299 -0.402497619 0.002254945 -0.061524142 -0.048911069 0.996903956
1311867258.543595 0.010729439 -0.090628348 -0.405411631 0.002364389 -0.062452622 -0.049295031 0.996827066
1311867258.583598 0.006984408 -0.091564193 -0.406563997 0.002467909 -0.062247705 -0.049848754 0.996812046
1311867258.614160 0.007809053 -0.092509925 -0.409868896 0.002721506 -0.063134462 -0.050699845 0.996712744
1311867258.643778 0.010503398 -0.094077200 -0.412233233 0.002594756 -0.064484902 -0.050573878 0.996632993
1311867258.685220 0.011539457 -0.093169652 -0.408391386 0.003553585 -0.065377973 -0.050220050 0.996589780
1311867258.713406 0.010780778 -0.096399672 -0.414134502 0.005013981 -0.065253779 -0.050738804 0.996565342
1311867258.743665 0.016278490 -0.090827264 -0.407217264 0.009171434 -0.067981258 -0.051481627 0.996315241
1311867258.784349 0.015723161 -0.089588694 -0.408894658 0.009472474 -0.067561492 -0.052501746 0.996287823
1311867258.811690 0.015402199 -0.092070334 -0.411728591 0.008362570 -0.067365855 -0.052895628 0.996290088
1311867258.843893 0.015985480 -0.091824323 -0.413639605 0.009147774 -0.068829045 -0.054328386 0.996106088
1311867258.884560 0.017819613 -0.093227208 -0.413000107 0.008360545 -0.068833329 -0.055870648 0.996027410
1311867258.911750 0.019378049 -0.093238935 -0.414133608 0.008306488 -0.068609543 -0.055847950 0.996044576
1311867258.944000 0.018320139 -0.094897389 -0.414405286 0.008809265 -0.068059780 -0.057670079 0.995974123
1311867258.984155 0.018439475 -0.092205897 -0.416859329 0.009862707 -0.069044471 -0.058881484 0.995825589
1311867259.011907 0.020560563 -0.094876520 -0.419409692 0.008578161 -0.069904633 -0.060650580 0.995671332
1311867259.043970 0.021487737 -0.097088248 -0.418252975 0.009103007 -0.069764867 -0.061045438 0.995652318
1311867259.084547 0.019651068 -0.095257334 -0.423451692 0.010554348 -0.068307325 -0.061760727 0.995694876
1311867259.111734 0.022806603 -0.095599093 -0.425003976 0.009970921 -0.069019496 -0.062087923 0.995631516
1311867259.143877 0.025946714 -0.097978428 -0.424165845 0.009035336 -0.069354810 -0.061779134 0.995636284
1311867259.183764 0.026544124 -0.097697921 -0.425502509 0.010003938 -0.069300994 -0.061562017 0.995644212
1311867259.211951 0.026233692 -0.094756901 -0.420278758 0.010660012 -0.070951149 -0.060164869 0.995606661
1311867259.243853 0.028007878 -0.099009953 -0.427262753 0.011138299 -0.070027828 -0.060062923 0.995672882
1311867259.281587 0.026842089 -0.098923653 -0.430050552 0.013399295 -0.069642320 -0.058783781 0.995748460
1311867259.311928 0.028497437 -0.097869679 -0.432228476 0.015629755 -0.070365667 -0.057459209 0.995742381
1311867259.343762 0.027575707 -0.099097364 -0.437176377 0.015966270 -0.070665739 -0.055947881 0.995801866
1311867259.383911 0.029848548 -0.100961663 -0.439356029 0.017480047 -0.072324336 -0.054898631 0.995715737
1311867259.411722 0.032904495 -0.099774696 -0.441929132 0.020547038 -0.072514147 -0.053702500 0.995708585
1311867259.443793 0.035053782 -0.100224882 -0.444661707 0.022177100 -0.071903311 -0.054592814 0.995669484
1311867259.481615 0.035574958 -0.096466921 -0.446095169 0.023910549 -0.071261533 -0.052982468 0.995762527
1311867259.511730 0.034949213 -0.098771617 -0.449476719 0.025114531 -0.071279280 -0.052155800 0.995775282
1311867259.550578 0.035105556 -0.100109786 -0.450795680 0.026819218 -0.071996614 -0.051166676 0.995730519
1311867259.582216 0.039647389 -0.100549549 -0.454014838 0.028968988 -0.072084300 -0.052115392 0.995614707
1311867259.611739 0.040611923 -0.099595308 -0.455382079 0.030798664 -0.070654489 -0.051453035 0.995696783
1311867259.649471 0.039015446 -0.098280907 -0.456922889 0.032025047 -0.070779912 -0.050997503 0.995672643
1311867259.682849 0.039270394 -0.097141713 -0.460939050 0.031367283 -0.071790479 -0.050948404 0.995623708
1311867259.711827 0.043651175 -0.098226190 -0.461912811 0.029322281 -0.072614186 -0.051294532 0.995608509
1311867259.752007 0.044116750 -0.099497445 -0.464895338 0.027917754 -0.071322531 -0.051513713 0.995730937
1311867259.781780 0.044596855 -0.100319058 -0.467830062 0.026972286 -0.071249478 -0.052473016 0.995712161
1311867259.811817 0.042950511 -0.097933993 -0.467748284 0.026159590 -0.071536191 -0.052825388 0.995694637
1311867259.850399 0.045355346 -0.099159397 -0.471159637 0.023597399 -0.071153179 -0.053314693 0.995760024
1311867259.881835 0.043237962 -0.100391813 -0.472596884 0.022131044 -0.069452174 -0.053773109 0.995889068
1311867259.912113 0.044509761 -0.100094631 -0.471088380 0.022070248 -0.070206866 -0.053996775 0.995825410
1311867259.952003 0.051647756 -0.100080773 -0.473369271 0.020367298 -0.071901150 -0.053182669 0.995784640
1311867259.979767 0.045247022 -0.101931490 -0.481031537 0.019534040 -0.068803780 -0.054920245 0.995925844
1311867260.012691 0.045391932 -0.098157816 -0.479254812 0.021384683 -0.068429843 -0.054723345 0.995924413
1311867260.049315 0.047274034 -0.096029453 -0.483034253 0.021464502 -0.068123922 -0.053527895 0.996008635
1311867260.079913 0.051583577 -0.098045036 -0.485601217 0.019835664 -0.067951798 -0.052618328 0.996102631
1311867260.111941 0.049596928 -0.098750770 -0.487403154 0.019945402 -0.066427492 -0.051885586 0.996241689
1311867260.151371 0.048983254 -0.097017206 -0.488874286 0.020991404 -0.064863645 -0.051632714 0.996336401
1311867260.179934 0.050633874 -0.097712621 -0.490080565 0.021113543 -0.064224809 -0.050642397 0.996425986
1311867260.211913 0.050333023 -0.096674599 -0.491203725 0.021855831 -0.063353367 -0.050063521 0.996495008
1311867260.249637 0.049550869 -0.096629649 -0.490165919 0.023122769 -0.062854655 -0.049391348 0.996531606
1311867260.279865 0.051018301 -0.095469043 -0.491365492 0.024877077 -0.062803507 -0.048798103 0.996521771
1311867260.312068 0.052175861 -0.094632946 -0.498218060 0.023856897 -0.061789643 -0.048703577 0.996614695
1311867260.350508 0.054616313 -0.094455801 -0.501418710 0.023806639 -0.060477566 -0.048994143 0.996682167
1311867260.380002 0.053656314 -0.093106106 -0.499230921 0.024932049 -0.059466988 -0.049456064 0.996692657
1311867260.412000 0.056062948 -0.088160001 -0.502593577 0.024944289 -0.059704907 -0.050443914 0.996628582
1311867260.452169 0.057851348 -0.088806897 -0.505883276 0.022964638 -0.059532143 -0.049738403 0.996721983
1311867260.479772 0.056906674 -0.088755779 -0.507440567 0.022196043 -0.058930896 -0.049778923 0.996773124
1311867260.512102 0.056843102 -0.086836986 -0.508563876 0.021990394 -0.058387816 -0.050102841 0.996793389
1311867260.552766 0.059566535 -0.086930670 -0.513243973 0.019893207 -0.057364836 -0.050133459 0.996895313
1311867260.579905 0.057948612 -0.088199109 -0.514036775 0.018335504 -0.056083117 -0.049270876 0.997041106
1311867260.612014 0.059499193 -0.087747976 -0.511683583 0.018329602 -0.057097901 -0.049479719 0.996973276
1311867260.649334 0.062452458 -0.088843934 -0.516505718 0.017766925 -0.057614304 -0.050015375 0.996927023
1311867260.679860 0.062011279 -0.090465233 -0.518824100 0.017715640 -0.056252442 -0.050161202 0.996998370
1311867260.711867 0.060025070 -0.092514046 -0.520762324 0.018528169 -0.055096369 -0.050584603 0.997026742
1311867260.749329 0.060331244 -0.090747371 -0.520147800 0.019547297 -0.055644434 -0.050461631 0.996983111
1311867260.780035 0.061960261 -0.090189435 -0.520097673 0.019099677 -0.057241626 -0.050915774 0.996878207
1311867260.812146 0.061750475 -0.093363933 -0.525640130 0.018862817 -0.057916407 -0.051316720 0.996823192
1311867260.851416 0.062806047 -0.095060125 -0.524708092 0.019693205 -0.058556873 -0.051988810 0.996734858
1311867260.879809 0.064104974 -0.094581686 -0.526092172 0.022177882 -0.058555778 -0.051408246 0.996712923
1311867260.912017 0.062629297 -0.093107589 -0.529432714 0.023708398 -0.057903852 -0.051787555 0.996696115
1311867260.949439 0.063058078 -0.093851015 -0.530707657 0.023859961 -0.058350086 -0.051202424 0.996696711
1311867260.979950 0.066861495 -0.098123252 -0.534804404 0.023898451 -0.059031449 -0.051345479 0.996648312
1311867261.011875 0.067276761 -0.098398603 -0.534820676 0.025761789 -0.059229441 -0.051225424 0.996596336
1311867261.051950 0.066095620 -0.099344820 -0.537947357 0.027802931 -0.060188334 -0.050525449 0.996519744
1311867261.079805 0.066447690 -0.101932004 -0.540136278 0.029406689 -0.060818423 -0.049866706 0.996468663
1311867261.111871 0.065685533 -0.103107668 -0.540889323 0.032104924 -0.060948800 -0.049878825 0.996376812
1311867261.153079 0.064971507 -0.103572294 -0.545150280 0.035317436 -0.061041966 -0.050413523 0.996235490
1311867261.179986 0.065670274 -0.104266055 -0.545232534 0.036879826 -0.061675381 -0.049774282 0.996172011
1311867261.211987 0.063998207 -0.104423210 -0.544747710 0.040140774 -0.062195681 -0.049688287 0.996017873
1311867261.247791 0.063978180 -0.103631198 -0.548412323 0.043064781 -0.062892191 -0.049076751 0.995882273
1311867261.280012 0.065105736 -0.103455029 -0.549518943 0.045093179 -0.062036950 -0.049784292 0.995810986
1311867261.312072 0.066132143 -0.104068004 -0.552083492 0.045936916 -0.060669269 -0.049593125 0.995866299
1311867261.347781 0.067937300 -0.104326710 -0.551346719 0.046456151 -0.060126558 -0.049408257 0.995884299
1311867261.379963 0.068474583 -0.104263395 -0.558986604 0.046030328 -0.060876194 -0.048970494 0.995880127
1311867261.412118 0.067046285 -0.103700303 -0.558246911 0.043794226 -0.059727658 -0.050864704 0.995955586
1311867261.448088 0.064335562 -0.103138186 -0.559455037 0.042834673 -0.058637794 -0.051184025 0.996045709
1311867261.479857 0.064809337 -0.103378169 -0.561897874 0.043161206 -0.059672382 -0.051529013 0.995952368
1311867261.512250 0.061419908 -0.107990704 -0.560133874 0.041175235 -0.058486436 -0.052476954 0.996057272
1311867261.547863 0.062410995 -0.107109338 -0.561791182 0.040118709 -0.057752907 -0.052301116 0.996152461
1311867261.579903 0.060991473 -0.109244548 -0.562907219 0.039400041 -0.056241617 -0.052071255 0.996279716
1311867261.612131 0.060295805 -0.108333118 -0.567838311 0.039726820 -0.055681638 -0.052320361 0.996285081
1311867261.648078 0.061810981 -0.109044671 -0.569104016 0.038824681 -0.056330219 -0.051743258 0.996314287
1311867261.680301 0.061088894 -0.110540926 -0.568988681 0.039349779 -0.055356566 -0.052000884 0.996334910
1311867261.712383 0.060685046 -0.109450728 -0.569422662 0.040870413 -0.054236759 -0.051430352 0.996364832
1311867261.748085 0.060269423 -0.109380104 -0.572285056 0.041835859 -0.053735759 -0.051203612 0.996363580
1311867261.779918 0.057979904 -0.104152754 -0.574466765 0.043247610 -0.053116795 -0.050085995 0.996393323
1311867261.811956 0.060054448 -0.106166631 -0.576896429 0.041621678 -0.052577697 -0.049933173 0.996498823
1311867261.848006 0.057794560 -0.104679763 -0.575584352 0.041934602 -0.052302092 -0.048995800 0.996546745
1311867261.880073 0.060399957 -0.099533908 -0.577104568 0.042207513 -0.053867806 -0.048723865 0.996465147
1311867261.912163 0.066640243 -0.102611691 -0.581193924 0.039200414 -0.054301120 -0.049156021 0.996543288
1311867261.948000 0.064053424 -0.101855397 -0.581759095 0.038690832 -0.053043079 -0.049424518 0.996617615
1311867261.980242 0.063145041 -0.098448507 -0.579989910 0.038727731 -0.052586570 -0.049296748 0.996646762
1311867262.011962 0.061735056 -0.098528564 -0.580159783 0.037135772 -0.051798455 -0.049408682 0.996743023
1311867262.047907 0.063387379 -0.099503532 -0.582279801 0.036212087 -0.052493542 -0.049334820 0.996744335
1311867262.080301 0.060836263 -0.099599607 -0.580977142 0.035944272 -0.052178636 -0.050236773 0.996725500
1311867262.117955 0.063206747 -0.095980398 -0.581712723 0.036576323 -0.052443739 -0.049167942 0.996741891
1311867262.147860 0.062358081 -0.097014353 -0.591048956 0.035164759 -0.052082866 -0.048558474 0.996841490
1311867262.180119 0.063673332 -0.097451232 -0.592044652 0.034699701 -0.052394256 -0.048045285 0.996866286
1311867262.212167 0.064295650 -0.097326562 -0.593068480 0.035334781 -0.052050002 -0.048030075 0.996862829
1311867262.247855 0.064099684 -0.097906426 -0.596129775 0.036086187 -0.051469188 -0.047992636 0.996867836
1311867262.279909 0.062099785 -0.094157316 -0.595063388 0.037727989 -0.049743287 -0.047231603 0.996931016
1311867262.312207 0.063495740 -0.095080562 -0.599840641 0.037427768 -0.049153648 -0.047468651 0.996960282
1311867262.347903 0.062923633 -0.094304278 -0.602366626 0.038363367 -0.049026046 -0.046923142 0.996956825
1311867262.379904 0.061936717 -0.092442349 -0.603652060 0.039014585 -0.047893982 -0.047236539 0.996971846
1311867262.411961 0.063517146 -0.093341254 -0.605261028 0.039229505 -0.047951397 -0.046787441 0.996981800
1311867262.448089 0.064628780 -0.092792034 -0.607336164 0.040824246 -0.048275921 -0.047067434 0.996888995
1311867262.479872 0.064530261 -0.090984114 -0.609059811 0.042034898 -0.047636259 -0.047041848 0.996870637
1311867262.512133 0.066265725 -0.093514919 -0.615087390 0.041936524 -0.046153210 -0.046806995 0.996955574
1311867262.547912 0.062419653 -0.091381028 -0.616866827 0.044054128 -0.043765105 -0.046518490 0.996985435
1311867262.579872 0.064359069 -0.089779496 -0.621202707 0.045596614 -0.044121590 -0.046219800 0.996914268
1311867262.612224 0.065057933 -0.088131458 -0.621934295 0.045255844 -0.044278245 -0.046596501 0.996905267
1311867262.647862 0.066114739 -0.089579463 -0.624086499 0.044360302 -0.043778952 -0.046426624 0.996975541
1311867262.680238 0.062451839 -0.086293072 -0.619805574 0.045307044 -0.043061811 -0.044324316 0.997059882
1311867262.712055 0.061811365 -0.081890874 -0.629512310 0.045021981 -0.044990011 -0.042644504 0.997060895
1311867262.748013 0.063729882 -0.082248732 -0.631657422 0.044864863 -0.045814581 -0.042223740 0.997048318
1311867262.780047 0.065534994 -0.083118625 -0.634632707 0.045142766 -0.045526881 -0.041818678 0.997066081
1311867262.812118 0.066145241 -0.084798113 -0.637874424 0.045882925 -0.044161208 -0.041201949 0.997119367
1311867262.847972 0.066105098 -0.083499700 -0.638515949 0.047337964 -0.042245880 -0.041052550 0.997140527
1311867262.880083 0.067234054 -0.084569320 -0.641071379 0.047995117 -0.041975081 -0.040103346 0.997159183
1311867262.912008 0.068010613 -0.084401369 -0.642280042 0.048792787 -0.041045416 -0.039003171 0.997202814
1311867262.947979 0.069098920 -0.084733933 -0.643510997 0.049953289 -0.039284974 -0.039296735 0.997204721
1311867262.979967 0.066316620 -0.085320704 -0.645421684 0.050917763 -0.038193632 -0.039682485 0.997183025
1311867263.012291 0.068824224 -0.087480754 -0.647238672 0.051830582 -0.038397215 -0.040279776 0.997104287
1311867263.048000 0.067991689 -0.085967742 -0.648806930 0.054545235 -0.038007926 -0.041018505 0.996944189
1311867263.079930 0.066537641 -0.084937289 -0.650633335 0.056885831 -0.038253311 -0.041519254 0.996783257
1311867263.111968 0.066791125 -0.084386013 -0.650539041 0.059467353 -0.039056845 -0.041888434 0.996585965
1311867263.148043 0.067424998 -0.083876163 -0.653598547 0.061382797 -0.039577506 -0.042505100 0.996423185
1311867263.180026 0.064549349 -0.081033401 -0.653508008 0.063814841 -0.039398748 -0.042678118 0.996270120
1311867263.212088 0.062180676 -0.078724436 -0.653499484 0.064859323 -0.040254507 -0.044174295 0.996103227
1311867263.248034 0.064507939 -0.080154501 -0.657451034 0.064481251 -0.042360157 -0.045253891 0.995991886
1311867263.280002 0.063498601 -0.080549091 -0.654490054 0.064872861 -0.042518172 -0.046289790 0.995912135
1311867263.312094 0.064319111 -0.082890302 -0.660443783 0.064331874 -0.044011705 -0.047870610 0.995807588
1311867263.348120 0.069872282 -0.082355708 -0.661031425 0.064351812 -0.045890097 -0.049637925 0.995635033
1311867263.380039 0.068048708 -0.083715677 -0.661071897 0.064660907 -0.045416899 -0.050620034 0.995587230
1311867263.412375 0.070016898 -0.085399203 -0.664482772 0.065592803 -0.046891827 -0.052742634 0.995347679
1311867263.448153 0.070193380 -0.083141103 -0.665334940 0.066537924 -0.046807472 -0.054042868 0.995219231
1311867263.480018 0.068537049 -0.084590800 -0.665354073 0.066600278 -0.046174753 -0.054221738 0.995234847
1311867263.511993 0.069024965 -0.082841948 -0.665114641 0.068233289 -0.046735905 -0.055547059 0.995024860
1311867263.547977 0.071869999 -0.082498245 -0.668954909 0.068193756 -0.047452770 -0.055906922 0.994973540
1311867263.580059 0.074102961 -0.082917526 -0.671287358 0.068079323 -0.047129866 -0.055917263 0.994996130
1311867263.612205 0.072222896 -0.081822179 -0.669656038 0.068973728 -0.046488881 -0.055800237 0.994971275
1311867263.648021 0.073211446 -0.081988961 -0.672736585 0.068604112 -0.047120925 -0.055831850 0.994965315
1311867263.679956 0.078084543 -0.084767975 -0.675555229 0.067737766 -0.047770042 -0.055647828 0.995003998
1311867263.712221 0.077189490 -0.083740324 -0.675462186 0.068330087 -0.047675814 -0.055620622 0.994969547
1311867263.748100 0.078971587 -0.083384097 -0.676599979 0.068190545 -0.048311580 -0.055378638 0.994961977
1311867263.780318 0.081408210 -0.083528332 -0.677260220 0.067749396 -0.049836982 -0.055144452 0.994929910
1311867263.812318 0.082047805 -0.084153943 -0.679695070 0.067325093 -0.050719362 -0.055489693 0.994894922
1311867263.848119 0.083022267 -0.083399639 -0.681538999 0.067293152 -0.050907560 -0.055923585 0.994863153
1311867263.880150 0.083338171 -0.083970763 -0.683377683 0.067665674 -0.050567549 -0.056299713 0.994834006
1311867263.912334 0.082745373 -0.084306657 -0.684132397 0.068655893 -0.050389476 -0.056786932 0.994747460
1311867263.948206 0.084703729 -0.082377069 -0.687461734 0.068678327 -0.050351795 -0.057257690 0.994720876
1311867263.979999 0.086294256 -0.083775327 -0.688474715 0.067422390 -0.050017122 -0.057948425 0.994783640
1311867264.012231 0.085752726 -0.083617769 -0.688337326 0.067593426 -0.049636927 -0.058393829 0.994765043
1311867264.048127 0.086197324 -0.082041577 -0.689907908 0.067674920 -0.049863480 -0.058955982 0.994715035
1311867264.080210 0.088392034 -0.081375390 -0.689326167 0.066489048 -0.049657751 -0.059344377 0.994782209
1311867264.112282 0.089135766 -0.082829848 -0.690213501 0.065769672 -0.049278997 -0.060223430 0.994796038
1311867264.147983 0.086859748 -0.080763504 -0.691489160 0.065898657 -0.049068082 -0.060192350 0.994799793
1311867264.180145 0.089193828 -0.080439836 -0.693637013 0.064613983 -0.050189435 -0.060175810 0.994829118
1311867264.212109 0.090311967 -0.082680836 -0.695637047 0.063432656 -0.050394639 -0.060320910 0.994885981
1311867264.248024 0.088988669 -0.083961591 -0.695535958 0.063901648 -0.050811339 -0.060945820 0.994796693
1311867264.280169 0.090065107 -0.081804141 -0.696714640 0.064909518 -0.051979177 -0.060654104 0.994688928
1311867264.312006 0.089838825 -0.082503259 -0.699382842 0.064826243 -0.052781194 -0.061442081 0.994603753
1311867264.348192 0.089807406 -0.083135001 -0.699105501 0.066265032 -0.053773623 -0.061478958 0.994453549
1311867264.380241 0.091279611 -0.081019327 -0.701687157 0.067558035 -0.055083387 -0.061537202 0.994291186
1311867264.412214 0.089187548 -0.079679728 -0.700589418 0.068183929 -0.056069415 -0.061905574 0.994170487
1311867264.448004 0.090025015 -0.080578312 -0.701671302 0.069282539 -0.058218312 -0.062969252 0.993904173
1311867264.480074 0.091440834 -0.075280100 -0.707816362 0.070044093 -0.059788670 -0.063289598 0.993737221
1311867264.512227 0.090460792 -0.076537944 -0.710687160 0.069923624 -0.061173003 -0.063887514 0.993623197
1311867264.548155 0.091299534 -0.076164916 -0.711671770 0.071021527 -0.062945895 -0.064917311 0.993367791
1311867264.580092 0.091890410 -0.075714670 -0.713956058 0.071563371 -0.064472303 -0.065394171 0.993199766
1311867264.612330 0.092551149 -0.075951979 -0.714025974 0.072194211 -0.065882720 -0.066239938 0.993005455
1311867264.648092 0.090518668 -0.075302519 -0.716676652 0.073164873 -0.066676110 -0.066983134 0.992831588
1311867264.680199 0.092005536 -0.075917080 -0.718123496 0.073495112 -0.068275943 -0.067697749 0.992649972
1311867264.712454 0.093174413 -0.076276988 -0.718886912 0.073693305 -0.069424205 -0.068079263 0.992529571
1311867264.747965 0.093896478 -0.077121720 -0.720004857 0.074510500 -0.069972254 -0.069001280 0.992366374
1311867264.780125 0.092200726 -0.074854791 -0.719652057 0.075527675 -0.071004495 -0.069537185 0.992178738
1311867264.812115 0.092446283 -0.073863097 -0.719820857 0.075076729 -0.071595967 -0.070305198 0.992116272
1311867264.848189 0.094423361 -0.074678421 -0.721725643 0.074275360 -0.071617059 -0.070452511 0.992164612
1311867264.880141 0.093900107 -0.077002496 -0.722959101 0.073363364 -0.071638249 -0.070468925 0.992229819
1311867264.912230 0.095502116 -0.076512247 -0.721584558 0.073495597 -0.072257861 -0.070343308 0.992184043
1311867264.948186 0.095844083 -0.076622777 -0.724458396 0.073322281 -0.072190352 -0.070019148 0.992224634
1311867264.980433 0.096465513 -0.076707557 -0.723256111 0.073902458 -0.071547277 -0.069862053 0.992239237
1311867265.012192 0.096308254 -0.074907325 -0.724386752 0.074312486 -0.071413107 -0.069446392 0.992247522
1311867265.048128 0.096748911 -0.076696746 -0.721847594 0.074016787 -0.071131043 -0.068234451 0.992373943
1311867265.080210 0.094625078 -0.075348735 -0.723015010 0.074513838 -0.069981858 -0.068198018 0.992420912
1311867265.112164 0.095682785 -0.076514900 -0.723919094 0.074640289 -0.070241868 -0.067167588 0.992463410
1311867265.148104 0.095067069 -0.076757513 -0.725131929 0.075210638 -0.069827892 -0.066739678 0.992478311
1311867265.180303 0.096771546 -0.077144265 -0.725607574 0.075862534 -0.069235578 -0.065973848 0.992521465
1311867265.212300 0.094440207 -0.076362550 -0.726099133 0.076649852 -0.067645654 -0.064872459 0.992643237
1311867265.248214 0.094578713 -0.077592090 -0.726126552 0.077638470 -0.066597201 -0.064671628 0.992650390
1311867265.280318 0.095275581 -0.078055017 -0.726917744 0.078723222 -0.065941244 -0.064689428 0.992607594
1311867265.312310 0.096467502 -0.077494115 -0.725724220 0.080202714 -0.065364160 -0.064027496 0.992570221
1311867265.348200 0.093302093 -0.079081155 -0.728637695 0.081386723 -0.063164838 -0.063929036 0.992622554
1311867265.380133 0.094747007 -0.077067807 -0.727691233 0.083299562 -0.062979296 -0.063028924 0.992533267
1311867265.412207 0.094917357 -0.076535828 -0.727620602 0.083932221 -0.062478833 -0.062851109 0.992522836
1311867265.448180 0.096032813 -0.078103125 -0.726748824 0.084993310 -0.062877864 -0.062843181 0.992407858
1311867265.480231 0.099303186 -0.077013016 -0.727149069 0.085950330 -0.063502632 -0.062354013 0.992316484
1311867265.512277 0.097909473 -0.075195208 -0.729176223 0.086006925 -0.062738732 -0.061406627 0.992419243
1311867265.548378 0.098508775 -0.076597914 -0.729963124 0.086112760 -0.062858857 -0.059624508 0.992511153
1311867265.580223 0.097250417 -0.077054210 -0.731487393 0.086764440 -0.062504031 -0.058701593 0.992531776
1311867265.612065 0.094641224 -0.075971983 -0.734382689 0.088048413 -0.061304990 -0.058143813 0.992526293
1311867265.648285 0.096708558 -0.076653674 -0.734043956 0.088957019 -0.061536297 -0.057208795 0.992485344
1311867265.680305 0.098004103 -0.077191390 -0.737512231 0.088473096 -0.061427079 -0.056340113 0.992585063
1311867265.712166 0.096109621 -0.075737372 -0.734919071 0.089476302 -0.060035877 -0.055642277 0.992619634
1311867265.748225 0.094787128 -0.073941171 -0.737130523 0.089967243 -0.060051892 -0.055024076 0.992608726
1311867265.780694 0.097704999 -0.073186629 -0.737030864 0.088694640 -0.060490906 -0.054262683 0.992738485
1311867265.812278 0.095644057 -0.072975196 -0.737965047 0.087638840 -0.059362359 -0.052997779 0.992968738
1311867265.848187 0.095693618 -0.071401931 -0.740611672 0.087567180 -0.058965474 -0.052242845 0.993038714
1311867265.880193 0.095953345 -0.070950761 -0.739112496 0.086433716 -0.059286170 -0.051330954 0.993166447
1311867265.912326 0.097628966 -0.071531758 -0.741608858 0.085668601 -0.059330780 -0.051301990 0.993231595
1311867265.948259 0.096171670 -0.073607109 -0.740790486 0.085887037 -0.058475245 -0.050836377 0.993287325
1311867265.980599 0.094907939 -0.071050957 -0.741668522 0.087037496 -0.058416955 -0.050597087 0.993202865
1311867266.012180 0.097021200 -0.071859978 -0.739731789 0.086607583 -0.059295513 -0.050546199 0.993190944
1311867266.048362 0.095588073 -0.071454771 -0.740692198 0.087034822 -0.058824528 -0.050199974 0.993199229
1311867266.080451 0.095923983 -0.074698567 -0.742045939 0.086599834 -0.059548374 -0.049655307 0.993221462
1311867266.112239 0.094650388 -0.071207449 -0.740505934 0.088420056 -0.059988894 -0.049793195 0.993027627
1311867266.148464 0.095688485 -0.071426764 -0.743389249 0.088855579 -0.060234915 -0.049443796 0.992991388
1311867266.180282 0.096752316 -0.073013894 -0.742930651 0.088988975 -0.060131576 -0.049258903 0.992994845
1311867266.212181 0.096526265 -0.071715459 -0.740263820 0.089936420 -0.060606211 -0.049300425 0.992878556
1311867266.248205 0.095249459 -0.069475412 -0.743154764 0.090789020 -0.060556538 -0.049497664 0.992794216
1311867266.280227 0.095399559 -0.071319371 -0.742254794 0.091258369 -0.060534634 -0.049647894 0.992744982
1311867266.312311 0.092346460 -0.070313469 -0.745526135 0.092467070 -0.059929684 -0.049334321 0.992685437
1311867266.348175 0.093992397 -0.070938312 -0.742315233 0.093432434 -0.060769126 -0.049996398 0.992510974
1311867266.380379 0.093014032 -0.069317110 -0.743390620 0.094866745 -0.060601991 -0.050128609 0.992378414
1311867266.412323 0.092605770 -0.071276464 -0.744708717 0.095973939 -0.060969129 -0.050307233 0.992240369
1311867266.448402 0.095437892 -0.071885817 -0.749503672 0.097065739 -0.062848695 -0.049974628 0.992033720
1311867266.480472 0.095352925 -0.071282715 -0.752649546 0.098037519 -0.063656412 -0.049790494 0.991895914
1311867266.512523 0.092657357 -0.073700637 -0.751342893 0.099222869 -0.063300431 -0.050343033 0.991772890
1311867266.548233 0.086843140 -0.071311884 -0.755390346 0.101246819 -0.062890157 -0.050143607 0.991604507
1311867266.580375 0.087103426 -0.071426459 -0.756549060 0.102414250 -0.062888250 -0.050275162 0.991478086
1311867266.612250 0.086501911 -0.072674647 -0.755432904 0.103402369 -0.062522098 -0.050826989 0.991370618
1311867266.648261 0.086424768 -0.069816306 -0.755716801 0.105606548 -0.062526375 -0.051210973 0.991118133
1311867266.680311 0.088677235 -0.069638751 -0.756464005 0.105604082 -0.062620252 -0.051328301 0.991106451
1311867266.712145 0.085988328 -0.071881860 -0.756524205 0.105311200 -0.061632704 -0.051160283 0.991208196
1311867266.748428 0.084432766 -0.071363091 -0.757023513 0.106678478 -0.061105177 -0.051844586 0.991059065
1311867266.780320 0.087361991 -0.070377231 -0.758247137 0.106887341 -0.061441444 -0.051454592 0.991036057
1311867266.812282 0.085813776 -0.070609987 -0.757161915 0.106933966 -0.060536869 -0.051827140 0.991067290
1311867266.848160 0.085084103 -0.070811264 -0.756278157 0.107178912 -0.060142677 -0.052229300 0.991043746
1311867266.880318 0.088867120 -0.069239289 -0.756492078 0.107119106 -0.060437340 -0.052209307 0.991033316
1311867266.912179 0.085523486 -0.070110120 -0.758490264 0.105489187 -0.059064522 -0.052366242 0.991282642
1311867266.948171 0.085339598 -0.068842791 -0.755538583 0.104788944 -0.058701333 -0.052733179 0.991358995
1311867266.980363 0.086337090 -0.066614419 -0.752341926 0.102883004 -0.058668464 -0.052867390 0.991553426
1311867267.012371 0.084027715 -0.067609899 -0.753524661 0.099674970 -0.057971023 -0.053895783 0.991866708
1311867267.048343 0.085477524 -0.067756243 -0.752802670 0.096892580 -0.058218494 -0.054052170 0.992119372
1311867267.080246 0.085151531 -0.068490334 -0.751218081 0.094913185 -0.057404865 -0.053974211 0.992362320
1311867267.112351 0.083442777 -0.069327638 -0.749603391 0.094364420 -0.057728760 -0.053945988 0.992397368
1311867267.148264 0.084654517 -0.069258742 -0.748259604 0.093274578 -0.058500759 -0.054419756 0.992429376
1311867267.180231 0.083512500 -0.071008526 -0.749094367 0.092245154 -0.058176830 -0.055133384 0.992505252
1311867267.212337 0.082624808 -0.070338272 -0.747739017 0.092801549 -0.058193333 -0.055594854 0.992426693
1311867267.248213 0.083029449 -0.069300324 -0.750643492 0.091635063 -0.058281891 -0.055689964 0.992524505
1311867267.280459 0.085026324 -0.070869476 -0.748075128 0.090048254 -0.057974666 -0.056112714 0.992663920
1311867267.312219 0.084083542 -0.072618127 -0.748646975 0.089701436 -0.057313640 -0.056879204 0.992690086
1311867267.348391 0.084344402 -0.071684733 -0.748228312 0.089533061 -0.056969680 -0.056863479 0.992725968
1311867267.380442 0.085205361 -0.071239978 -0.746061683 0.088552020 -0.056599606 -0.057041679 0.992824972
1311867267.412292 0.084592089 -0.073245004 -0.746701777 0.087044887 -0.055237707 -0.056989908 0.993037879
1311867267.448184 0.083100498 -0.072078854 -0.746666968 0.087250121 -0.053853471 -0.057178691 0.993085086
1311867267.480293 0.082736067 -0.073110379 -0.746207058 0.086955652 -0.053347252 -0.056655720 0.993168175
1311867267.512328 0.082909554 -0.071288489 -0.744220197 0.086468674 -0.053121187 -0.056403402 0.993237197
1311867267.548255 0.082019299 -0.072580040 -0.747455299 0.084592760 -0.051676702 -0.056164935 0.993488371
1311867267.580291 0.081734374 -0.074490219 -0.748264253 0.083706528 -0.050539926 -0.056234412 0.993618011
1311867267.612361 0.079344355 -0.071860470 -0.745884597 0.083246455 -0.050152708 -0.055645045 0.993709445
1311867267.648438 0.079905689 -0.073741801 -0.747044146 0.081056364 -0.050143048 -0.055897880 0.993876755
1311867267.680321 0.079600662 -0.074408524 -0.744142175 0.081307247 -0.049377106 -0.056588955 0.993855476
1311867267.712540 0.078918666 -0.073110960 -0.743416905 0.081219122 -0.049155116 -0.055964462 0.993909061
1311867267.748385 0.079752877 -0.075640187 -0.745480895 0.079473019 -0.049796574 -0.055714399 0.994032383
1311867267.780391 0.080275148 -0.074966915 -0.742602885 0.080686450 -0.049891472 -0.055944849 0.993916869
1311867267.812725 0.078796998 -0.073520012 -0.741546810 0.081415102 -0.049795840 -0.056103107 0.993853331
1311867267.848368 0.078082271 -0.071659125 -0.739650130 0.080601886 -0.049635958 -0.056017708 0.993932426
1311867267.883594 0.077361546 -0.075359099 -0.739204645 0.079031661 -0.049531367 -0.056249641 0.994050622
1311867267.912736 0.077930838 -0.076809630 -0.739760399 0.079110190 -0.050430398 -0.055761877 0.994026721
1311867267.948451 0.077196017 -0.074409015 -0.739836276 0.079559736 -0.050814945 -0.055648535 0.993977547
1311867267.980316 0.078219093 -0.075084269 -0.738103867 0.078658283 -0.051430807 -0.055699609 0.994014800
1311867268.012300 0.076782241 -0.076659665 -0.737170517 0.078720063 -0.050931532 -0.055947386 0.994021654
1311867268.048405 0.075906016 -0.076029338 -0.735414624 0.079425797 -0.050696451 -0.055603713 0.993996859
1311867268.080313 0.076269880 -0.075674415 -0.734952211 0.078827441 -0.050954707 -0.055410866 0.994041979
1311867268.112446 0.076807410 -0.077616528 -0.735051334 0.078203455 -0.050520364 -0.055714879 0.994096518
1311867268.148507 0.075022347 -0.075951718 -0.733810008 0.078691132 -0.048980057 -0.055856451 0.994127154
1311867268.180509 0.077040531 -0.074556075 -0.731460333 0.078281485 -0.049302250 -0.055572752 0.994159460
1311867268.212453 0.089196473 -0.080992319 -0.733886480 0.075360686 -0.051343836 -0.055826593 0.994267642
1311867268.248305 0.076590009 -0.077811979 -0.729619324 0.075873479 -0.047918200 -0.055723574 0.994405329
1311867268.280500 0.076167852 -0.076399893 -0.728336811 0.075854197 -0.047436908 -0.055489518 0.994442999
1311867268.312510 0.075214557 -0.077182911 -0.726597726 0.074953206 -0.047096785 -0.055735271 0.994513750
1311867268.348270 0.074486613 -0.080127575 -0.727013052 0.074577317 -0.047070350 -0.056046717 0.994525731
1311867268.380493 0.075646281 -0.077918820 -0.725650191 0.074982449 -0.047205772 -0.055701125 0.994508266
1311867268.412369 0.075739011 -0.077960745 -0.720972538 0.074282534 -0.047137376 -0.055490948 0.994575739
1311867268.448606 0.085457690 -0.082523346 -0.723336339 0.072989903 -0.049379911 -0.056099076 0.994528592
1311867268.480858 0.085666329 -0.082867824 -0.722269177 0.072115466 -0.049613129 -0.056418560 0.994562685
1311867268.512523 0.073443219 -0.080065347 -0.718561351 0.072094090 -0.046706486 -0.055965900 0.994730532
1311867268.548506 0.082159601 -0.083580360 -0.717942476 0.071410000 -0.047886476 -0.056700747 0.994682193
1311867268.580494 0.073900372 -0.079064779 -0.715718567 0.072043963 -0.046195056 -0.056299921 0.994739175
1311867268.616531 0.081845768 -0.085184067 -0.713107824 0.070376270 -0.047438834 -0.056568068 0.994784832
1311867268.648346 0.080880135 -0.085420519 -0.712599397 0.070170201 -0.046928134 -0.056561146 0.994823992
1311867268.680446 0.081125356 -0.083338797 -0.713187277 0.069979712 -0.047297370 -0.056999013 0.994794905
1311867268.716434 0.080253802 -0.086114138 -0.708022416 0.069774382 -0.046855189 -0.056621172 0.994851887
1311867268.748466 0.077801995 -0.085927248 -0.705228209 0.070293546 -0.045968376 -0.056666560 0.994854152
1311867268.780581 0.077122599 -0.086171895 -0.707078815 0.070039049 -0.045373529 -0.056788232 0.994892418
1311867268.816596 0.076503381 -0.086049281 -0.706016004 0.069755629 -0.045162622 -0.056256838 0.994952142
1311867268.848629 0.075703524 -0.086796977 -0.703085184 0.069628552 -0.044858582 -0.056574680 0.994956732
1311867268.880642 0.075935438 -0.085371159 -0.702467918 0.069762811 -0.044777714 -0.056533430 0.994953394
1311867268.916457 0.076101854 -0.084691845 -0.701043010 0.068439417 -0.044562526 -0.056527182 0.995055258
1311867268.948366 0.075212702 -0.086181231 -0.698608398 0.067380339 -0.044391468 -0.056516934 0.995135784
1311867268.980529 0.073609419 -0.085772075 -0.698581755 0.066607580 -0.044138335 -0.055973835 0.995229781
1311867269.016581 0.072477475 -0.087110065 -0.696071446 0.065384798 -0.043987442 -0.055926148 0.995320201
1311867269.048325 0.071456015 -0.087963447 -0.695354402 0.065053485 -0.043792516 -0.055478860 0.995375514
1311867269.082135 0.070781969 -0.087326191 -0.693446040 0.064904049 -0.043346792 -0.055162676 0.995422363
1311867269.116536 0.070008270 -0.088584371 -0.693151832 0.064584799 -0.043117091 -0.055188254 0.995451689
1311867269.148627 0.068305761 -0.087091185 -0.690295696 0.064445823 -0.042654816 -0.055111174 0.995484889
1311867269.180463 0.067890130 -0.087932266 -0.686505377 0.063691467 -0.042413495 -0.055232193 0.995536983
1311867269.216287 0.067113943 -0.088358402 -0.686996996 0.062814735 -0.042136092 -0.054975349 0.995618701
1311867269.248318 0.065601557 -0.087957971 -0.682502329 0.062193409 -0.041628718 -0.055094536 0.995672524
1311867269.280464 0.062941767 -0.088467352 -0.681624770 0.061457928 -0.040863588 -0.055399150 0.995732963
1311867269.316373 0.063749813 -0.087558463 -0.681780398 0.060765978 -0.040804189 -0.055318095 0.995782375
1311867269.348345 0.064954981 -0.087266766 -0.681406081 0.059754752 -0.040432498 -0.055432726 0.995852351
1311867269.380431 0.059747063 -0.085784659 -0.674904823 0.058526099 -0.038887408 -0.054886308 0.996017098
1311867269.416552 0.056063537 -0.087442398 -0.679242432 0.056298580 -0.038904447 -0.055016726 0.996137619
1311867269.448314 0.057031564 -0.087899663 -0.677414179 0.054343082 -0.039213601 -0.055056494 0.996231914
1311867269.480591 0.056215730 -0.087283008 -0.676846325 0.052784290 -0.039027303 -0.054078769 0.996376574
1311867269.516521 0.054560039 -0.087948784 -0.675573945 0.049960643 -0.038505372 -0.053575266 0.996569633
1311867269.548348 0.054887813 -0.086709738 -0.672340810 0.048397601 -0.038625810 -0.053661838 0.996637464
1311867269.580494 0.055270992 -0.087963022 -0.671766579 0.045820396 -0.038268145 -0.053696908 0.996771216
1311867269.616429 0.053542864 -0.088537306 -0.670483470 0.044490442 -0.037325721 -0.053377308 0.996884346
1311867269.648449 0.051336225 -0.087646313 -0.667286456 0.044194359 -0.036854330 -0.053644814 0.996900618
1311867269.680483 0.051645290 -0.085815027 -0.666480422 0.042979050 -0.037344165 -0.054264314 0.996902049
1311867269.716488 0.050376698 -0.088357389 -0.665989578 0.039987709 -0.036908232 -0.054751936 0.997016072
1311867269.748333 0.049016792 -0.087900199 -0.664463103 0.039477505 -0.037003189 -0.054711007 0.997035146
1311867269.780366 0.046579950 -0.087585181 -0.661974192 0.038961280 -0.036791284 -0.055386487 0.997026026
1311867269.816455 0.046921492 -0.085953966 -0.658335984 0.038400594 -0.036919076 -0.054992035 0.997064829
1311867269.848489 0.046134893 -0.088449359 -0.659492433 0.036557857 -0.036973927 -0.056062929 0.997072458
1311867269.880365 0.047161441 -0.088415451 -0.657966793 0.036651839 -0.036713500 -0.057341594 0.997005880
1311867269.916502 0.046615712 -0.088228203 -0.658599198 0.035988279 -0.036390170 -0.056797765 0.997073054
1311867269.948447 0.045425165 -0.089004084 -0.655585766 0.035274182 -0.035172511 -0.057061229 0.997127235
1311867269.980791 0.044317368 -0.088722356 -0.655103922 0.035183609 -0.034923833 -0.057074446 0.997138441
1311867270.016606 0.045115847 -0.089697517 -0.655027628 0.034483656 -0.034535170 -0.057279859 0.997164667
1311867270.048449 0.044216495 -0.089693367 -0.654038608 0.034287430 -0.033327680 -0.056971960 0.997230113
1311867270.080609 0.044917215 -0.089894988 -0.652408779 0.033985432 -0.032496445 -0.057854082 0.997217119
1311867270.116645 0.045038681 -0.090231992 -0.652609527 0.032819666 -0.031509742 -0.058087546 0.997274280
1311867270.148642 0.044234239 -0.090832993 -0.650667310 0.031659473 -0.030283814 -0.058033448 0.997352839
1311867270.180528 0.046004415 -0.088443920 -0.648279011 0.031280346 -0.030626040 -0.057062395 0.997410417
1311867270.216437 0.045788623 -0.089008160 -0.647858381 0.029752918 -0.030242115 -0.056924433 0.997476697
1311867270.248393 0.045235164 -0.089518972 -0.645286560 0.028576000 -0.029964034 -0.056652393 0.997535050
1311867270.280555 0.046534985 -0.090587772 -0.642910540 0.028171794 -0.030511966 -0.056834184 0.997519612
1311867270.316658 0.045273945 -0.089981012 -0.639934182 0.027941011 -0.030570583 -0.056908272 0.997520089
1311867270.348361 0.045523208 -0.090617135 -0.638258576 0.026525838 -0.029495098 -0.056718670 0.997601867
1311867270.380591 0.044857536 -0.092430569 -0.637324393 0.026416559 -0.029012101 -0.057147264 0.997594476
1311867270.416411 0.043672763 -0.089874953 -0.635477364 0.026654378 -0.029006111 -0.057108007 0.997590601
1311867270.448370 0.043744896 -0.090343684 -0.633668244 0.024910916 -0.029359305 -0.057287548 0.997614980
1311867270.480611 0.040926505 -0.092999510 -0.632957578 0.023707736 -0.028431842 -0.058061361 0.997626424
1311867270.516588 0.042043582 -0.094083831 -0.632398307 0.023215948 -0.029004635 -0.057847906 0.997633934
1311867270.548435 0.043442119 -0.093137331 -0.631374300 0.022369917 -0.029817412 -0.057482939 0.997650385
1311867270.580811 0.042620838 -0.095332049 -0.629016757 0.021853050 -0.029996447 -0.057824321 0.997636735
1311867270.616443 0.042651609 -0.095203534 -0.626443624 0.022386624 -0.030371174 -0.057850290 0.997612119
1311867270.648558 0.044917449 -0.096281908 -0.628117681 0.021647248 -0.030683300 -0.058064457 0.997606456
1311867270.680625 0.044004127 -0.095803633 -0.626086593 0.021648165 -0.029657641 -0.057913776 0.997646153
1311867270.716482 0.042289343 -0.096167371 -0.625547290 0.021199388 -0.029408455 -0.058010630 0.997657537
1311867270.748564 0.043982919 -0.096225254 -0.624143124 0.020850426 -0.029649002 -0.058492813 0.997629642
1311867270.780573 0.045472421 -0.097421259 -0.620171964 0.019921727 -0.029798245 -0.058978513 0.997615576
1311867270.816524 0.042163558 -0.097667001 -0.617966533 0.020021277 -0.028879318 -0.058669470 0.997658849
1311867270.848467 0.042069368 -0.096321508 -0.616780460 0.019548250 -0.029243467 -0.058208674 0.997684538
1311867270.880574 0.042081676 -0.097358502 -0.615306914 0.018246574 -0.029143013 -0.058037933 0.997722089
1311867270.916494 0.042574000 -0.098500758 -0.615087867 0.018401802 -0.028959729 -0.058998156 0.997668266
1311867270.948425 0.042561542 -0.096497081 -0.614262879 0.017620275 -0.029046640 -0.059516702 0.997649014
1311867270.980570 0.042422898 -0.097981200 -0.611701488 0.014460327 -0.029075125 -0.058534220 0.997757196
1311867271.016615 0.042245820 -0.099906929 -0.611649513 0.014177068 -0.029715741 -0.058197103 0.997762024
1311867271.048583 0.043107688 -0.098336674 -0.610033989 0.014483985 -0.030725881 -0.058152471 0.997729659
1311867271.080591 0.044147570 -0.101156950 -0.609423757 0.013167117 -0.030592347 -0.058733206 0.997717977
1311867271.116562 0.043738585 -0.101689458 -0.609378517 0.013685077 -0.029813025 -0.058725335 0.997735083
1311867271.152897 0.043988734 -0.101505116 -0.606676877 0.014552835 -0.029334392 -0.058251634 0.997764766
1311867271.180582 0.045287054 -0.102881320 -0.606702805 0.013570326 -0.029660819 -0.058568884 0.997750342
1311867271.216570 0.045758028 -0.102824979 -0.604750991 0.014583685 -0.029112125 -0.058174778 0.997775316
1311867271.248477 0.044729609 -0.102609970 -0.604519725 0.014997920 -0.028493609 -0.058908902 0.997743964
1311867271.280629 0.045681570 -0.102491081 -0.602092624 0.014488006 -0.028579004 -0.057837900 0.997811675
1311867271.316655 0.043778151 -0.104098015 -0.598572373 0.014612987 -0.028669044 -0.056930788 0.997859478
1311867271.348780 0.043838635 -0.105929449 -0.600170791 0.014484758 -0.030206991 -0.056921303 0.997816503
1311867271.380667 0.045752898 -0.106237337 -0.598550379 0.014057881 -0.031316180 -0.056777909 0.997796595
1311867271.416663 0.044200011 -0.109752476 -0.596410811 0.014056765 -0.031949852 -0.056201581 0.997809112
1311867271.448701 0.043612149 -0.110965550 -0.592835605 0.014652711 -0.032997970 -0.056266874 0.997762799
1311867271.480623 0.051308960 -0.114000969 -0.593070805 0.015592382 -0.035691954 -0.056127526 0.997663617
1311867271.516531 0.051763892 -0.113581456 -0.590326488 0.016293982 -0.036088221 -0.055422969 0.997677565
1311867271.548770 0.051594488 -0.115489475 -0.588334501 0.016634040 -0.036261760 -0.055460338 0.997663558
1311867271.580572 0.051166236 -0.114146590 -0.585866749 0.018206544 -0.036923338 -0.054964960 0.997639298
1311867271.616650 0.050112806 -0.115155064 -0.584408641 0.017628282 -0.037656013 -0.054882072 0.997626841
1311867271.648669 0.050534099 -0.116788425 -0.581108451 0.017064806 -0.038391676 -0.054641210 0.997621834
1311867271.680718 0.051296622 -0.116515115 -0.579072177 0.016586244 -0.038416613 -0.055297118 0.997592807
1311867271.716588 0.050171927 -0.116480842 -0.575379908 0.015454603 -0.038253129 -0.055641565 0.997598052
1311867271.749245 0.047817685 -0.116613418 -0.572862804 0.015220460 -0.038935687 -0.055714414 0.997571170
1311867271.780613 0.047569364 -0.118391022 -0.571649075 0.014444123 -0.040255222 -0.056783590 0.997470081
1311867271.816503 0.046810042 -0.119429328 -0.569883883 0.013428619 -0.041406196 -0.057070266 0.997420788
1311867271.848511 0.044761453 -0.122460298 -0.569334567 0.012277868 -0.042548928 -0.057361972 0.997370780
1311867271.880653 0.046203665 -0.124706574 -0.567006528 0.012921355 -0.044828899 -0.057735473 0.997241259
1311867271.916677 0.047171477 -0.122421689 -0.562127948 0.014115039 -0.045868248 -0.057223637 0.997207284
1311867271.948723 0.048222121 -0.124058649 -0.559835672 0.012677740 -0.045216817 -0.057153326 0.997260392
1311867271.980726 0.044572990 -0.125286847 -0.556701303 0.011755082 -0.045205012 -0.057630543 0.997244775
1311867272.016678 0.043918390 -0.123735838 -0.553983212 0.010566072 -0.045951188 -0.057762470 0.997216344
1311867272.048486 0.046495900 -0.127689749 -0.552165806 0.007465861 -0.047308795 -0.057607111 0.997189879
1311867272.080587 0.047568254 -0.128019273 -0.548397303 0.006900406 -0.047241349 -0.058032528 0.997172475
1311867272.116570 0.043999143 -0.126272961 -0.543743551 0.007703655 -0.045993615 -0.057607245 0.997249544
1311867272.148719 0.044118460 -0.127695307 -0.541162133 0.007213943 -0.045729786 -0.057700992 0.997259974
1311867272.180820 0.043751329 -0.128123075 -0.538982153 0.007392569 -0.045786537 -0.057838142 0.997248054
1311867272.216614 0.043357033 -0.130610615 -0.537789166 0.007477389 -0.045427769 -0.057879414 0.997261465
1311867272.248840 0.043610759 -0.130626798 -0.534217954 0.008430505 -0.045078054 -0.058384046 0.997240365
1311867272.280675 0.044143032 -0.131716847 -0.531174004 0.007830812 -0.045513343 -0.058014024 0.997247100
1311867272.316580 0.043267138 -0.132151917 -0.529679000 0.007664383 -0.045938879 -0.058701243 0.997188628
1311867272.348617 0.043906555 -0.131067619 -0.528502166 0.008194707 -0.045638140 -0.059510607 0.997150242
1311867272.380604 0.041829035 -0.132368565 -0.525888324 0.007594072 -0.045699306 -0.059588451 0.997147501
1311867272.416575 0.042261727 -0.133319214 -0.523278832 0.007325563 -0.047273442 -0.060905259 0.996996641
1311867272.448579 0.043036100 -0.134698451 -0.523298681 0.006888868 -0.048699237 -0.060925197 0.996929884
1311867272.481087 0.043574233 -0.133893237 -0.521223605 0.006850679 -0.049326442 -0.061736654 0.996849358
1311867272.516777 0.041953005 -0.134776950 -0.516723394 0.007156825 -0.049765315 -0.062219743 0.996795356
1311867272.548588 0.044309691 -0.136135116 -0.516911268 0.006840141 -0.051442314 -0.062637530 0.996686220
1311867272.580582 0.045445804 -0.137594059 -0.517447412 0.005972500 -0.052168429 -0.062408183 0.996668458
1311867272.616652 0.044228971 -0.137940153 -0.514575541 0.005356797 -0.052132372 -0.062616110 0.996660829
1311867272.648589 0.044584915 -0.138071939 -0.512657762 0.005181395 -0.052609678 -0.063699067 0.996568024
1311867272.680692 0.045920905 -0.136105999 -0.510878861 0.004984587 -0.053290442 -0.064775303 0.996463478
1311867272.716489 0.046209488 -0.138118818 -0.506320298 0.004125529 -0.054023340 -0.066131920 0.996338844
1311867272.748655 0.047659852 -0.137987852 -0.504847586 0.004756226 -0.054981403 -0.066616975 0.996251345
1311867272.780656 0.052000262 -0.146043539 -0.503306568 0.004898416 -0.055777315 -0.066358402 0.996223629
1311867272.816623 0.051812723 -0.145531580 -0.501401901 0.005255846 -0.055642590 -0.066402674 0.996226430
1311867272.848505 0.049964264 -0.145714909 -0.499752194 0.005304946 -0.055976246 -0.066193342 0.996221304
1311867272.880537 0.051383298 -0.144008577 -0.497871280 0.005915382 -0.057069853 -0.065722302 0.996187031
1311867272.916603 0.052950535 -0.145294502 -0.495911598 0.005401177 -0.057739444 -0.065327264 0.996177435
1311867272.948743 0.053568784 -0.145469159 -0.494038075 0.006415924 -0.057713903 -0.065490551 0.996162117
1311867272.980676 0.054368980 -0.145000458 -0.493448526 0.006950477 -0.058315650 -0.064915098 0.996161163
1311867273.016608 0.054835141 -0.144441068 -0.490864694 0.007820721 -0.059079561 -0.064064689 0.996164739
1311867273.048578 0.056411859 -0.147283882 -0.492121428 0.007832684 -0.060144316 -0.064390659 0.996079922
1311867273.080754 0.056858569 -0.148019999 -0.489340067 0.008826076 -0.059991147 -0.064870588 0.996049702
1311867273.116731 0.058448143 -0.144295767 -0.487263501 0.009322487 -0.060328417 -0.063913725 0.996086657
1311867273.148641 0.057968311 -0.145253420 -0.486760616 0.008448336 -0.061656468 -0.063735858 0.996024609
1311867273.180697 0.056156367 -0.145503998 -0.485873461 0.007698923 -0.062796161 -0.064551845 0.995906889
1311867273.216838 0.058937877 -0.146099657 -0.485793322 0.007211366 -0.064530075 -0.065231971 0.995755374
1311867273.248544 0.058636084 -0.146415666 -0.483547091 0.007616295 -0.064910404 -0.065291636 0.995723724
1311867273.280714 0.058498777 -0.145258605 -0.483528137 0.008556456 -0.066266194 -0.066614412 0.995539188
1311867273.316838 0.060686857 -0.144250065 -0.481493950 0.008292737 -0.067871988 -0.067404822 0.995379925
1311867273.348732 0.062238187 -0.145294532 -0.479803801 0.007447816 -0.068002522 -0.066964187 0.995407462
1311867273.380697 0.064487807 -0.146336064 -0.480601847 0.007228811 -0.068416856 -0.066195175 0.995432138
1311867273.416830 0.067486070 -0.150175139 -0.480067909 0.004810842 -0.068881117 -0.066279106 0.995409131
1311867273.448644 0.067573071 -0.147986159 -0.478216767 0.003645482 -0.067922018 -0.065410785 0.995537460
1311867273.480769 0.071387254 -0.144600764 -0.479429156 0.004060343 -0.066786781 -0.064571440 0.995667398
1311867273.516690 0.070467137 -0.142610878 -0.476231247 0.003021067 -0.064782791 -0.064672001 0.995796978
1311867273.548807 0.071363039 -0.142996803 -0.475367904 0.000563025 -0.063095540 -0.062999487 0.996016920
1311867273.580631 0.069643617 -0.145581961 -0.474256724 -0.002062932 -0.060730949 -0.061660707 0.996245682
1311867273.616742 0.068829179 -0.145058796 -0.467454791 -0.001445130 -0.058122240 -0.061177611 0.996432185
1311867273.648674 0.069378182 -0.142208636 -0.462331355 -0.000797769 -0.056625020 -0.059010759 0.996649802
1311867273.680974 0.070655391 -0.144955382 -0.460367918 -0.002032090 -0.055570718 -0.057602029 0.996789753
1311867273.716707 0.072838902 -0.143943161 -0.459627807 -0.002409739 -0.055880681 -0.056340165 0.996843696
1311867273.748711 0.073730357 -0.144336566 -0.463756740 -0.005229881 -0.055044804 -0.056914520 0.996846795
1311867273.780735 0.077118158 -0.143108547 -0.451830178 -0.006672879 -0.054723404 -0.054925524 0.996967435
1311867273.816639 0.078819200 -0.142398059 -0.447312534 -0.007907024 -0.053300403 -0.054119963 0.997079551
1311867273.849123 0.081444234 -0.143848687 -0.441977471 -0.008784128 -0.052561067 -0.053927295 0.997121871
1311867273.880737 0.082330838 -0.143602699 -0.440647572 -0.008788146 -0.051863685 -0.054348454 0.997135520
1311867273.916618 0.080598116 -0.143711001 -0.439033628 -0.008657025 -0.050703708 -0.054999363 0.997160614
1311867273.949213 0.079174854 -0.143496215 -0.439389020 -0.009264684 -0.049959056 -0.056865841 0.997088075
1311867273.980666 0.075949065 -0.144212052 -0.434761673 -0.010093912 -0.049344420 -0.057603858 0.997068226
1311867274.016822 0.077806383 -0.144797564 -0.431690425 -0.010079628 -0.051424321 -0.058651473 0.996902168
1311867274.048756 0.073586516 -0.144760549 -0.434561610 -0.011768785 -0.051500827 -0.060176574 0.996788800
1311867274.080678 0.072743058 -0.146716207 -0.432321429 -0.013335435 -0.052800048 -0.061337970 0.996630311
1311867274.116619 0.070607647 -0.148309886 -0.433215529 -0.014802588 -0.054187629 -0.063027270 0.996429682
1311867274.149224 0.068506189 -0.144679725 -0.426719844 -0.014019770 -0.054405678 -0.063620694 0.996391475
1311867274.180919 0.069813050 -0.148800269 -0.423502505 -0.015707335 -0.055819426 -0.063817121 0.996275485
1311867274.216954 0.065866150 -0.150294825 -0.420226008 -0.015128795 -0.055373572 -0.065193675 0.996220231
1311867274.248965 0.066576280 -0.147951886 -0.417917430 -0.012611415 -0.056205701 -0.066162243 0.996144772
1311867274.280784 0.063269019 -0.149527475 -0.416037589 -0.013347942 -0.055775840 -0.066554815 0.996133268
1311867274.317121 0.060320221 -0.152030841 -0.413371950 -0.013502906 -0.055383734 -0.066563539 0.996152401
1311867274.348830 0.059905093 -0.151499063 -0.410123676 -0.011835480 -0.056352898 -0.066226572 0.996141732
1311867274.380862 0.056280885 -0.150316507 -0.403906196 -0.010975367 -0.055239208 -0.067306742 0.996141553
1311867274.416837 0.050799873 -0.152737036 -0.402886808 -0.010744398 -0.054388814 -0.065597393 0.996304929
1311867274.448780 0.054825209 -0.155658960 -0.406538635 -0.011435510 -0.055190787 -0.066711999 0.996179104
1311867274.480661 0.053068407 -0.158721685 -0.407558322 -0.011587273 -0.054571372 -0.066003464 0.996258676
1311867274.516798 0.049400434 -0.154046908 -0.395873994 -0.007854310 -0.053805277 -0.063362822 0.996508181
1311867274.548944 0.048880495 -0.155723453 -0.392029226 -0.006023921 -0.054311924 -0.062840231 0.996526539
1311867274.580883 0.049228135 -0.156502917 -0.389979154 -0.004542680 -0.054375291 -0.062301598 0.996564746
1311867274.616863 0.050303079 -0.158583269 -0.387308210 -0.003889129 -0.054664370 -0.062564388 0.996535242
1311867274.649010 0.049168162 -0.158417687 -0.385666281 -0.001860622 -0.053925645 -0.062122501 0.996608973
1311867274.680804 0.048711274 -0.157081813 -0.383129001 -0.000167619 -0.053396150 -0.061588563 0.996672392
1311867274.716711 0.044732563 -0.160165966 -0.381483465 0.000261832 -0.052075006 -0.060943283 0.996781826
1311867274.748763 0.045711204 -0.157135680 -0.378201872 0.002191328 -0.051986985 -0.060017385 0.996840239
1311867274.780646 0.045943610 -0.164480552 -0.376831859 0.002144489 -0.052450031 -0.060262151 0.996801376
1311867274.816702 0.048483528 -0.166172266 -0.372681350 0.002523795 -0.052936248 -0.060151719 0.996781468
1311867274.848794 0.044941295 -0.164547980 -0.367039531 0.004558709 -0.051858936 -0.060171336 0.996829629
1311867274.880821 0.046741851 -0.166391701 -0.366420597 0.004659230 -0.052231438 -0.060223304 0.996806562
1311867274.916628 0.045672894 -0.166751117 -0.364844710 0.005104492 -0.052678239 -0.060995765 0.996733904
1311867274.948646 0.044659059 -0.165847495 -0.361944556 0.004960252 -0.052605309 -0.061007872 0.996737719
1311867274.980903 0.044576604 -0.166743428 -0.355461478 0.005924189 -0.052112926 -0.061502412 0.996727943
1311867275.016675 0.039863076 -0.162925780 -0.356359363 0.007645263 -0.050357796 -0.060461082 0.996870220
1311867275.048721 0.042129189 -0.165502459 -0.349764258 0.007223598 -0.052692112 -0.060451936 0.996753216
1311867275.080754 0.039788384 -0.164489225 -0.354816765 0.006309670 -0.051947195 -0.061965287 0.996705592
1311867275.116833 0.036952991 -0.166723236 -0.348852158 0.007734025 -0.050067041 -0.061043035 0.996848643
1311867275.148689 0.038135335 -0.166992009 -0.347560704 0.008757807 -0.050834518 -0.059972979 0.996866345
1311867275.180701 0.038634345 -0.167020038 -0.343839914 0.008826208 -0.051575422 -0.059701204 0.996843994
1311867275.216737 0.036581926 -0.167168021 -0.341704696 0.009269102 -0.050795577 -0.060370691 0.996839702
1311867275.248735 0.036475345 -0.165898010 -0.338547796 0.010016706 -0.050014000 -0.060249340 0.996879339
1311867275.280811 0.038009264 -0.165826723 -0.338051587 0.008680761 -0.049461141 -0.060479861 0.996905446
1311867275.316666 0.035961352 -0.166709945 -0.332991600 0.007323476 -0.047816347 -0.060474165 0.996996939
1311867275.348709 0.034275167 -0.167404965 -0.332746863 0.006025317 -0.048058305 -0.061054520 0.996958613
1311867275.381040 0.031996593 -0.166595921 -0.331525326 0.004977307 -0.047260050 -0.062124170 0.996936560
1311867275.416695 0.032927569 -0.168588266 -0.328105807 0.002247792 -0.046990477 -0.061140008 0.997020006
1311867275.448851 0.032703117 -0.170169652 -0.320346385 0.001109825 -0.047082357 -0.061423331 0.997000158
1311867275.480860 0.032304268 -0.169231489 -0.315178961 0.000635034 -0.047459170 -0.060724486 0.997025490
1311867275.516817 0.025318084 -0.167867675 -0.315768749 -0.000959417 -0.045828469 -0.062955596 0.996963143
1311867275.548814 0.027514637 -0.172154576 -0.314596325 -0.003216107 -0.046216290 -0.061357144 0.997040212
1311867275.580874 0.026158536 -0.171668828 -0.311889946 -0.003353327 -0.045847550 -0.062015682 0.997015953
1311867275.616794 0.024972085 -0.167631671 -0.314381033 -0.004326700 -0.046364982 -0.062114932 0.996982098
1311867275.648733 0.020026125 -0.173119470 -0.306828767 -0.004729902 -0.045021489 -0.063650265 0.996945024
1311867275.680883 0.019140093 -0.173126087 -0.305270851 -0.004424527 -0.045021206 -0.062771820 0.997002184
1311867275.716827 0.019803395 -0.171655267 -0.301813662 -0.003675786 -0.046110708 -0.062378526 0.996980071
1311867275.749216 0.018779537 -0.173536614 -0.299540699 -0.003958449 -0.045868348 -0.062802240 0.996963561
1311867275.780810 0.016021535 -0.175003856 -0.293995231 -0.003338439 -0.045366082 -0.064206138 0.996899366
1311867275.816772 0.016184533 -0.174383715 -0.291034818 -0.003384880 -0.045875117 -0.063803814 0.996901810
1311867275.848840 0.012939135 -0.172369167 -0.289432496 -0.004165066 -0.045535471 -0.063038215 0.996963084
1311867275.880760 0.008517331 -0.176166505 -0.286464423 -0.006211275 -0.045685850 -0.062154911 0.997000992
1311867275.917061 0.008594789 -0.178176671 -0.283773810 -0.006572147 -0.046293996 -0.062365405 0.996957541
1311867275.948821 0.007254048 -0.176729590 -0.281474710 -0.006362949 -0.045517799 -0.062382348 0.996993542
1311867275.980896 0.007092858 -0.176267177 -0.277177423 -0.007688933 -0.045846879 -0.060093045 0.997109771
1311867276.016817 0.005439552 -0.178026527 -0.274593651 -0.008894871 -0.046188541 -0.061615087 0.996991038
1311867276.048985 0.003313312 -0.176029295 -0.274281055 -0.008040966 -0.045327839 -0.061060365 0.997071922
1311867276.081061 0.004018879 -0.175560027 -0.270906776 -0.009400083 -0.045264442 -0.060819495 0.997077644
1311867276.117046 0.004576373 -0.177587330 -0.268568128 -0.010495492 -0.045292560 -0.061261207 0.997038364
1311867276.148911 0.002661307 -0.177364260 -0.267828047 -0.009596305 -0.044294752 -0.062616870 0.997008085
1311867276.180826 0.001213030 -0.178386226 -0.265750140 -0.009738886 -0.043474715 -0.060923111 0.997147739
1311867276.216827 0.003042304 -0.176359549 -0.261918753 -0.009998357 -0.043852814 -0.059758790 0.997199059
1311867276.248954 -0.001109156 -0.174540475 -0.261666417 -0.011000924 -0.043197833 -0.059546262 0.997229755
1311867276.281034 0.001688408 -0.179241717 -0.258092701 -0.013469323 -0.042563576 -0.057609264 0.997340560
1311867276.316847 0.003533204 -0.172731370 -0.265336812 -0.014407253 -0.042299692 -0.057982627 0.997317016
1311867276.348823 -0.002639994 -0.179095209 -0.253832191 -0.015167890 -0.040464956 -0.055846799 0.997503698
1311867276.380997 -0.003088145 -0.180246681 -0.251969486 -0.015585603 -0.039454862 -0.055516008 0.997556269
1311867276.416760 -0.006831085 -0.179985672 -0.250650197 -0.014889810 -0.036913943 -0.055978242 0.997638285
1311867276.449013 -0.005791438 -0.180569991 -0.249512374 -0.014837375 -0.036526687 -0.055769570 0.997664988
1311867276.481045 -0.005775402 -0.179610074 -0.248207986 -0.014082600 -0.036022820 -0.054648679 0.997756302
1311867276.516812 -0.006303986 -0.178687617 -0.247239918 -0.014403224 -0.034862041 -0.054116640 0.997821927
1311867276.548975 -0.008263134 -0.180217639 -0.244930834 -0.015237493 -0.033424214 -0.054076321 0.997860909
1311867276.581007 -0.008147458 -0.179167762 -0.245600581 -0.016227476 -0.032714318 -0.053423900 0.997904003
1311867276.616955 -0.010814733 -0.178022876 -0.243926406 -0.017997375 -0.031948354 -0.051885627 0.997979641
1311867276.648797 -0.011489409 -0.178324953 -0.242200047 -0.018388771 -0.031917531 -0.051394492 0.997998893
1311867276.680881 -0.011008042 -0.176499590 -0.238500923 -0.017963426 -0.032098811 -0.051548868 0.997992814
1311867276.716834 -0.010989597 -0.178514063 -0.238771245 -0.021722682 -0.032921772 -0.051790632 0.997878790
1311867276.749007 -0.012963803 -0.184315830 -0.232576177 -0.021191353 -0.032555185 -0.049857944 0.998000681
1311867276.781174 -0.016383899 -0.183743879 -0.231344670 -0.020124124 -0.031752370 -0.050807536 0.998000741
1311867276.816885 -0.015765108 -0.178952485 -0.234534055 -0.020092892 -0.032306701 -0.050885025 0.997979641
1311867276.849154 -0.015963007 -0.183880210 -0.228902295 -0.020445909 -0.032072119 -0.050998710 0.997974217
1311867276.880864 -0.016862590 -0.181925371 -0.227782905 -0.018633241 -0.032602344 -0.051316906 0.997976243
1311867276.916961 -0.016734961 -0.179823756 -0.231394380 -0.019705312 -0.032951169 -0.052409831 0.997887373
1311867276.948866 -0.020073006 -0.180842683 -0.228070140 -0.019679157 -0.032074172 -0.053258155 0.997871518
1311867276.980866 -0.020665592 -0.180973530 -0.226872250 -0.019544303 -0.032998487 -0.053508144 0.997830629
1311867277.016880 -0.021135572 -0.180225417 -0.224371582 -0.019944359 -0.033849999 -0.054136500 0.997760355
1311867277.049009 -0.021524774 -0.178593606 -0.222805560 -0.021366766 -0.033860382 -0.054245383 0.997724593
1311867277.081265 -0.022696365 -0.177894488 -0.220427617 -0.022316873 -0.034024913 -0.054197636 0.997700870
1311867277.116824 -0.020683778 -0.179284111 -0.218689620 -0.023328112 -0.035332877 -0.054015677 0.997642159
1311867277.148834 -0.022853220 -0.177452371 -0.216701701 -0.024768380 -0.034503143 -0.054767255 0.997595429
1311867277.180831 -0.025259404 -0.177388564 -0.212676346 -0.027058559 -0.034569655 -0.054605752 0.997542500
1311867277.216967 -0.027347961 -0.182390690 -0.207288310 -0.029308880 -0.034280866 -0.054665472 0.997485638
1311867277.248926 -0.028404858 -0.181593463 -0.202552944 -0.028789269 -0.035237674 -0.054911848 0.997453928
1311867277.280849 -0.029721012 -0.182240292 -0.201827556 -0.029264854 -0.035098065 -0.054924577 0.997444272
1311867277.316929 -0.029054716 -0.178356886 -0.199437231 -0.028843299 -0.034413259 -0.054015432 0.997530043
1311867277.349051 -0.030706696 -0.178574458 -0.195790350 -0.029800609 -0.033159491 -0.053662602 0.997563422
1311867277.384209 -0.029680591 -0.180447578 -0.192536533 -0.030435985 -0.032585587 -0.054573126 0.997513711
1311867277.416922 -0.029256156 -0.181281790 -0.191028953 -0.029245883 -0.031736277 -0.053782970 0.997619629
1311867277.450161 -0.032114863 -0.179136828 -0.188325584 -0.027951263 -0.032150920 -0.053209446 0.997674227
1311867277.480901 -0.030152027 -0.180728048 -0.187668279 -0.029405331 -0.033171907 -0.052776497 0.997622013
1311867277.517078 -0.034871142 -0.178623721 -0.187088072 -0.028538981 -0.033686358 -0.052334625 0.997653186
1311867277.548828 -0.031137792 -0.182321131 -0.181841612 -0.027435534 -0.036293514 -0.051102184 0.997656643
1311867277.580920 -0.030761929 -0.181693405 -0.180263460 -0.027454825 -0.036642067 -0.050250202 0.997686565
1311867277.616897 -0.027020035 -0.183619872 -0.188467517 -0.029626526 -0.037088655 -0.050579891 0.997591317
1311867277.649076 -0.034706660 -0.186775818 -0.162837222 -0.025521787 -0.036790457 -0.051691826 0.997658849
1311867277.681057 -0.033143617 -0.185299203 -0.162371963 -0.023725092 -0.036971491 -0.050691877 0.997747779
1311867277.717139 -0.035190228 -0.183778435 -0.162609935 -0.024605012 -0.035737872 -0.050985627 0.997756481
1311867277.748909 -0.036118560 -0.183980346 -0.159024343 -0.025714157 -0.035648640 -0.050667990 0.997747898
1311867277.784818 -0.035659723 -0.184260920 -0.158220351 -0.026451081 -0.035683963 -0.050871134 0.997716963
1311867277.816868 -0.034153413 -0.182110652 -0.157517135 -0.027497752 -0.035303518 -0.050906505 0.997700453
1311867277.848906 -0.036086015 -0.184371248 -0.156190678 -0.029404785 -0.034008436 -0.050843086 0.997694314
1311867277.884896 -0.030041080 -0.178304330 -0.155338898 -0.027395466 -0.035309993 -0.049558613 0.997770846
1311867277.916858 -0.033887159 -0.183673158 -0.149864823 -0.027111588 -0.034002151 -0.050016176 0.997801185
1311867277.948933 -0.026952935 -0.177913368 -0.159745932 -0.027777290 -0.033630066 -0.048423700 0.997874081
1311867277.985092 -0.029377967 -0.181750372 -0.152240798 -0.028359124 -0.033422459 -0.046509363 0.997955739
1311867278.016848 -0.028598849 -0.179060578 -0.136904314 -0.024361765 -0.033655126 -0.044238929 0.998156667
1311867278.049001 -0.027728092 -0.179291755 -0.132507682 -0.021773916 -0.033083383 -0.042488802 0.998311639
1311867278.084826 -0.030073637 -0.176646531 -0.131417200 -0.019909361 -0.031904213 -0.042744674 0.998378098
1311867278.116862 -0.028225277 -0.179136932 -0.126544803 -0.019111367 -0.032802999 -0.042209975 0.998387277
1311867278.149018 -0.028828340 -0.178157195 -0.121363632 -0.016360508 -0.032688674 -0.042442061 0.998430073
1311867278.184865 -0.030071704 -0.178746298 -0.119321935 -0.015434322 -0.032968927 -0.043265946 0.998400211
1311867278.216940 -0.029532563 -0.178570151 -0.115533866 -0.014470221 -0.033716142 -0.044021744 0.998356640
1311867278.248940 -0.029662197 -0.180864275 -0.112223834 -0.013110663 -0.034233361 -0.044625185 0.998331010
1311867278.284908 -0.027112471 -0.177977294 -0.112937503 -0.010659863 -0.035731819 -0.044409331 0.998317301
1311867278.317404 -0.026858088 -0.177573860 -0.109186180 -0.010583184 -0.035974130 -0.043675441 0.998341858
1311867278.349011 -0.028966682 -0.177742466 -0.101277031 -0.008703628 -0.036063630 -0.042827163 0.998393536
1311867278.384931 -0.024212198 -0.176298842 -0.105812006 -0.006295295 -0.037884999 -0.042939328 0.998339295
1311867278.416856 -0.024646014 -0.175092265 -0.101423942 -0.004593380 -0.039157093 -0.041780282 0.998348713
1311867278.448914 -0.025049536 -0.175569221 -0.100493304 -0.005204604 -0.039670229 -0.041584294 0.998333633
1311867278.485032 -0.027939288 -0.176778138 -0.093740508 -0.000645665 -0.041693263 -0.040740520 0.998299360
1311867278.516899 -0.035001937 -0.179258361 -0.091911323 0.003222094 -0.041955519 -0.040562637 0.998290598
1311867278.549265 -0.031262383 -0.175036922 -0.088296957 0.007144041 -0.044541825 -0.040666040 0.998153925
1311867278.584923 -0.033506654 -0.176636532 -0.089890748 0.007107632 -0.044396177 -0.042204753 0.998096883
1311867278.616874 -0.036236238 -0.175960258 -0.085466221 0.008845800 -0.045081805 -0.042634957 0.998033941
1311867278.649080 -0.034698982 -0.176614434 -0.078753963 0.011151455 -0.047551662 -0.042930588 0.997883499
1311867278.684905 -0.035357155 -0.173893213 -0.082532600 0.010697196 -0.047275707 -0.044315983 0.997841001
1311867278.717052 -0.037438348 -0.175099552 -0.078930393 0.009531703 -0.047070548 -0.045009557 0.997831464
1311867278.749117 -0.035050571 -0.178676829 -0.074652344 0.010711518 -0.048463643 -0.045145735 0.997746706
1311867278.785013 -0.030014368 -0.175649524 -0.074037448 0.013267509 -0.049993284 -0.046009608 0.997601032
1311867278.816933 -0.028651513 -0.174519241 -0.070430100 0.012023997 -0.049896047 -0.046903066 0.997580111
1311867278.848909 -0.037092589 -0.178878680 -0.066912070 0.010985800 -0.047756702 -0.047948115 0.997647107
1311867278.884953 -0.032443248 -0.176188886 -0.065318570 0.014455551 -0.049302492 -0.048190910 0.997515917
1311867278.916959 -0.030253068 -0.172334239 -0.065782435 0.013836316 -0.049041647 -0.047737241 0.997559309
1311867278.949082 -0.033170436 -0.174151257 -0.059137017 0.010423470 -0.047912568 -0.048172858 0.997634768
1311867278.985050 -0.033450026 -0.177267060 -0.055619344 0.010052222 -0.049109448 -0.047962394 0.997590601
1311867279.016951 -0.023367625 -0.174228013 -0.058078442 0.010915987 -0.051798709 -0.046958756 0.997493207
1311867279.049207 -0.031043651 -0.177152991 -0.050504483 0.009978167 -0.048852757 -0.048236318 0.997590661
1311867279.085000 -0.033489507 -0.181300670 -0.045707818 0.007709611 -0.049417146 -0.049119238 0.997539878
1311867279.117024 -0.033649303 -0.180445269 -0.041840207 0.008174902 -0.050111253 -0.048842493 0.997515142
1311867279.149152 -0.032778725 -0.175898805 -0.040186722 0.008596755 -0.050898932 -0.048654914 0.997480869
1311867279.185056 -0.031258885 -0.177510649 -0.037629936 0.006050485 -0.051176332 -0.048904922 0.997473180
1311867279.216910 -0.037065189 -0.179905847 -0.035208181 0.004533409 -0.051284242 -0.049609248 0.997440875
1311867279.249252 -0.036105607 -0.179996759 -0.034198102 0.005051949 -0.051779166 -0.051339451 0.997325242
1311867279.284982 -0.033127673 -0.175861701 -0.029821239 0.004741382 -0.051745500 -0.051488247 0.997320890
1311867279.317001 -0.034316108 -0.172582537 -0.028553560 0.003497388 -0.051162787 -0.052022260 0.997328341
1311867279.349109 -0.034177888 -0.172721431 -0.025007784 0.003360641 -0.051523864 -0.054429427 0.997181773
1311867279.385350 -0.030091619 -0.169599146 -0.021902913 0.002904758 -0.052308209 -0.055022184 0.997109830
1311867279.417132 -0.030820638 -0.169203684 -0.019168455 0.000413900 -0.051848032 -0.055846725 0.997092128
1311867279.448972 -0.032461662 -0.170551613 -0.016383130 -0.001043389 -0.052537877 -0.056927167 0.996994495
1311867279.485178 -0.034399938 -0.170844927 -0.013815206 -0.001069641 -0.051597893 -0.058010075 0.996981144
1311867279.517352 -0.036236092 -0.166884556 -0.009876182 -0.001652717 -0.051385090 -0.058598533 0.996956944
1311867279.549112 -0.037322164 -0.169260249 -0.005819160 -0.003906815 -0.051691134 -0.057905287 0.996975362
1311867279.585000 -0.041723453 -0.170309693 -0.005348392 -0.003685510 -0.051501390 -0.058215920 0.996967912
1311867279.617658 -0.035055608 -0.164425001 -0.003360097 -0.002772220 -0.053507764 -0.057064254 0.996931732
1311867279.649149 -0.035078380 -0.167330191 -0.001291549 -0.005249553 -0.053819247 -0.057843048 0.996860147
1311867279.685122 -0.037559409 -0.169212535 0.000993353 -0.006268743 -0.053767160 -0.057650048 0.996868253
1311867279.717608 -0.034561828 -0.164288625 0.005495827 -0.005725802 -0.054553159 -0.056559004 0.996891320
1311867279.749168 -0.033205971 -0.163322419 0.009595558 -0.006701519 -0.054804552 -0.056322809 0.996884823
1311867279.785184 -0.036581133 -0.167519286 0.010519552 -0.008835038 -0.053897750 -0.056002833 0.996935666
1311867279.817277 -0.033370353 -0.164008781 0.014768273 -0.007957840 -0.053993650 -0.055345733 0.996974587
1311867279.849225 -0.036601063 -0.162534744 0.016553700 -0.009424035 -0.053007260 -0.054416146 0.997065902
1311867279.885430 -0.029871037 -0.163434029 0.022387980 -0.010941507 -0.054144986 -0.054449152 0.996987462
1311867279.917304 -0.033286478 -0.166706219 0.024000181 -0.011299276 -0.051773589 -0.053518735 0.997159779
1311867279.952401 -0.033265136 -0.160526127 0.028041916 -0.009829472 -0.051122051 -0.053982709 0.997183979
1311867279.985229 -0.036017757 -0.162350506 0.030010041 -0.012795180 -0.049217120 -0.053744383 0.997259021
1311867280.018481 -0.033832099 -0.162911683 0.038063280 -0.013440119 -0.049140543 -0.053513017 0.997266710
1311867280.049281 -0.030425049 -0.157746926 0.042167295 -0.013531958 -0.048966557 -0.053141195 0.997294009
1311867280.085300 -0.030452933 -0.161180332 0.042008124 -0.017683459 -0.047704600 -0.051284820 0.997387290
1311867280.117762 -0.026759686 -0.161173657 0.043357790 -0.018599685 -0.047009360 -0.050512265 0.997443080
1311867280.149143 -0.027654428 -0.157048136 0.045551170 -0.017779905 -0.045858711 -0.050387494 0.997517943
1311867280.185202 -0.029643511 -0.158211231 0.053589571 -0.020335803 -0.044912785 -0.051487442 0.997456014
1311867280.218467 -0.032754228 -0.163580418 0.051395416 -0.023748031 -0.044218607 -0.050545745 0.997459769
1311867280.249139 -0.034159232 -0.154945761 0.057265341 -0.021795670 -0.043011382 -0.049380876 0.997615457
1311867280.285235 -0.041147418 -0.156111330 0.060698856 -0.026345525 -0.040925592 -0.049163073 0.997604132
1311867280.317120 -0.030063462 -0.159244925 0.065387681 -0.027789215 -0.042510387 -0.049561776 0.997478962
1311867280.349364 -0.032844312 -0.151785329 0.068573959 -0.027516218 -0.040687446 -0.050188247 0.997531235
1311867280.384986 -0.034233890 -0.156118497 0.071216390 -0.031992942 -0.039017025 -0.050202087 0.997463763
1311867280.417089 -0.034100711 -0.154625565 0.076023839 -0.032436915 -0.038617652 -0.050408479 0.997454584
1311867280.449359 -0.030537525 -0.153391704 0.079485662 -0.034533259 -0.038246494 -0.049726188 0.997432709
1311867280.485243 -0.029585913 -0.152248293 0.083919421 -0.036787923 -0.037168369 -0.049757965 0.997391284
1311867280.517164 -0.030577924 -0.152812481 0.085406221 -0.038380135 -0.036179490 -0.049275726 0.997391582
1311867280.549209 -0.032227017 -0.150411576 0.088739902 -0.039485209 -0.034832358 -0.048692521 0.997425020
1311867280.585098 -0.031672545 -0.152100161 0.089522161 -0.042495247 -0.035163991 -0.048054226 0.997320652
1311867280.619113 -0.031612422 -0.154919356 0.090305850 -0.044305064 -0.035385031 -0.048893012 0.997193336
1311867280.649186 -0.030858174 -0.153034702 0.092677616 -0.044097230 -0.034716260 -0.049150757 0.997213364
1311867280.685076 -0.029391084 -0.153889775 0.095702156 -0.045880090 -0.034435924 -0.049221799 0.997139156
1311867280.717291 -0.031558674 -0.154632896 0.098705292 -0.046338711 -0.032916296 -0.050518487 0.997104406
1311867280.749156 -0.033868022 -0.154231861 0.101436526 -0.046741534 -0.031810410 -0.051317435 0.997080743
1311867280.785051 -0.032428827 -0.153326169 0.103120685 -0.047254574 -0.031112488 -0.053007845 0.996990144
1311867280.817244 -0.031234555 -0.151689202 0.107767344 -0.047902647 -0.031191360 -0.053405132 0.996935487
1311867280.849336 -0.031585537 -0.151284039 0.109591007 -0.049102284 -0.030556599 -0.053975232 0.996866047
1311867280.885032 -0.030477395 -0.149575859 0.113124490 -0.049517341 -0.030366529 -0.054778174 0.996807516
1311867280.917146 -0.034552380 -0.150671721 0.115647376 -0.051538449 -0.029506901 -0.054305948 0.996756792
1311867280.949429 -0.031396974 -0.148667336 0.121958531 -0.052134007 -0.029684823 -0.055039927 0.996680200
1311867280.985057 -0.030189134 -0.148963198 0.124929167 -0.054183602 -0.029686673 -0.054974530 0.996574461
1311867281.017255 -0.032431398 -0.150570691 0.124977812 -0.055506591 -0.029766895 -0.055017199 0.996496916
1311867281.049159 -0.032771338 -0.150098547 0.127995968 -0.056292005 -0.029890081 -0.055475526 0.996423781
1311867281.085147 -0.032289818 -0.150086045 0.129893005 -0.057682250 -0.029119663 -0.056444876 0.996312618
1311867281.117112 -0.034770757 -0.149036571 0.133607075 -0.060005829 -0.027663724 -0.056303926 0.996224880
1311867281.149430 -0.034654517 -0.149733886 0.136900038 -0.061217483 -0.028121894 -0.056871686 0.996106088
1311867281.185052 -0.033625018 -0.149058104 0.136941701 -0.062834799 -0.027864544 -0.056325864 0.996043563
1311867281.217252 -0.031788968 -0.149732381 0.142297775 -0.065573841 -0.026917361 -0.056755446 0.995868683
1311867281.250106 -0.032206323 -0.149372920 0.145834252 -0.066108063 -0.026527645 -0.056507092 0.995857894
1311867281.285102 -0.032247115 -0.147596404 0.146390557 -0.066383451 -0.025714913 -0.057359841 0.995812178
1311867281.317215 -0.032918394 -0.146306008 0.150682166 -0.068708181 -0.025000744 -0.056962915 0.995695472
1311867281.349217 -0.033197507 -0.150265127 0.152656212 -0.070620224 -0.025484754 -0.056898259 0.995553136
1311867281.385101 -0.031253994 -0.148481861 0.155090436 -0.070282869 -0.025969550 -0.056541957 0.995584726
1311867281.417074 -0.029566724 -0.147656396 0.155642495 -0.071569756 -0.026294678 -0.055940855 0.995518506
1311867281.449183 -0.029695606 -0.149529859 0.160090849 -0.072653890 -0.026087495 -0.056437943 0.995417297
1311867281.485107 -0.029676309 -0.147772104 0.163747638 -0.071757056 -0.026932908 -0.056003708 0.995484412
1311867281.517167 -0.030183429 -0.143923104 0.167186052 -0.071916983 -0.026976103 -0.055448227 0.995502770
1311867281.549207 -0.030156398 -0.146185637 0.170068666 -0.072986923 -0.027886715 -0.056264460 0.995353997
1311867281.585193 -0.030739648 -0.146774799 0.172854647 -0.072615817 -0.028350113 -0.055971142 0.995384634
1311867281.617286 -0.030005267 -0.146088228 0.175410777 -0.073245540 -0.028519075 -0.055528987 0.995358407
1311867281.649274 -0.031552143 -0.147889584 0.178008139 -0.073979937 -0.029015351 -0.055774324 0.995276034
1311867281.685142 -0.030900473 -0.148320839 0.179935336 -0.073017381 -0.029983496 -0.056203499 0.995294273
1311867281.717170 -0.029753795 -0.146688119 0.180958092 -0.072727993 -0.030324567 -0.055153079 0.995363891
1311867281.749309 -0.029454248 -0.148815781 0.183823198 -0.073975652 -0.030537235 -0.054422598 0.995305657
1311867281.785115 -0.031256400 -0.149915978 0.185766920 -0.073446333 -0.031288449 -0.053361133 0.995378971
1311867281.817105 -0.029402675 -0.148291200 0.187201947 -0.072488599 -0.031835079 -0.052730296 0.995465517
1311867281.849170 -0.030114148 -0.148362070 0.187198251 -0.072287105 -0.031362515 -0.052001506 0.995533466
1311867281.885079 -0.027776277 -0.147214428 0.189885333 -0.071159959 -0.032186896 -0.051206023 0.995629609
1311867281.917153 -0.028344901 -0.147624910 0.189462245 -0.071964383 -0.032030188 -0.050417151 0.995617092
1311867281.949198 -0.028773464 -0.147974819 0.193778902 -0.073792376 -0.032647505 -0.047927320 0.995586157
1311867281.985074 -0.025161238 -0.149063930 0.195378318 -0.073382616 -0.033579879 -0.046992663 0.995630026
1311867282.017320 -0.024265315 -0.144612521 0.196922645 -0.071866632 -0.032869954 -0.047133464 0.995757580
1311867282.049154 -0.023330927 -0.145145267 0.201101109 -0.073776647 -0.033169363 -0.045574483 0.995680571
1311867282.085212 -0.026156602 -0.145664454 0.200462654 -0.073252514 -0.032905459 -0.046016689 0.995707691
1311867282.117596 -0.025422633 -0.145126551 0.201931179 -0.073037505 -0.033185977 -0.045197967 0.995751679
1311867282.154864 -0.023476748 -0.144187793 0.205874950 -0.074439958 -0.033205666 -0.044134650 0.995694876
1311867282.188493 -0.023100274 -0.143209681 0.209461033 -0.074441090 -0.033934616 -0.044036809 0.995674551
1311867282.219908 -0.021916611 -0.143065080 0.211270213 -0.074256495 -0.035011910 -0.043917567 0.995656312
1311867282.253156 -0.020901771 -0.140716717 0.214096084 -0.074296251 -0.035150900 -0.043709897 0.995657563
1311867282.288070 -0.020252308 -0.142721191 0.215497956 -0.075208299 -0.035146195 -0.043794811 0.995585501
1311867282.322429 -0.019206816 -0.142294645 0.217190683 -0.074591175 -0.035475709 -0.044061009 0.995608449
1311867282.350083 -0.020147182 -0.141997337 0.218607605 -0.074652933 -0.034746751 -0.044600144 0.995605588
1311867282.390746 -0.020415382 -0.141087174 0.222302139 -0.074917905 -0.034545310 -0.045148809 0.995567977
1311867282.417372 -0.019499006 -0.142450526 0.224619687 -0.075078599 -0.035012051 -0.045541827 0.995521724
1311867282.449215 -0.017984498 -0.140028983 0.227038726 -0.074547388 -0.034543756 -0.045635037 0.995573699
1311867282.485251 -0.018110726 -0.141902894 0.229737565 -0.075819977 -0.034857143 -0.045597468 0.995468318
1311867282.517375 -0.019420693 -0.145465642 0.233226657 -0.075987853 -0.034621473 -0.045881651 0.995450735
1311867282.549242 -0.019590996 -0.143761739 0.234392539 -0.074888438 -0.033247210 -0.046663698 0.995544493
1311867282.585190 -0.020913299 -0.145510346 0.235229239 -0.075788990 -0.033300947 -0.045823593 0.995513558
1311867282.617188 -0.018846352 -0.147902593 0.237134248 -0.075605430 -0.034584552 -0.045362625 0.995504916
1311867282.649230 -0.016673531 -0.145052403 0.239908457 -0.074546874 -0.035040900 -0.045642443 0.995555997
1311867282.685172 -0.018265562 -0.145375445 0.240817010 -0.075342007 -0.034900565 -0.045867503 0.995490730
1311867282.717391 -0.017465582 -0.147516876 0.241504818 -0.075080365 -0.035789844 -0.045772664 0.995483279
1311867282.749855 -0.017475637 -0.145130008 0.241303071 -0.073541343 -0.036032807 -0.046641570 0.995549083
1311867282.785198 -0.016531119 -0.148222014 0.242025539 -0.074310422 -0.036157191 -0.047765423 0.995434165
1311867282.817434 -0.017392157 -0.149443164 0.243338287 -0.073658526 -0.036082961 -0.048904795 0.995429933
1311867282.849193 -0.018413804 -0.145167664 0.245417386 -0.073365390 -0.036832348 -0.048784897 0.995430052
1311867282.885734 -0.017348096 -0.144816250 0.247106880 -0.074825242 -0.038110849 -0.049211577 0.995252252
1311867282.917314 -0.019230455 -0.146354750 0.248394415 -0.075723350 -0.038107526 -0.049273573 0.995181322
1311867282.950235 -0.021033607 -0.145189375 0.249306023 -0.076139830 -0.038054120 -0.049760491 0.995127439
1311867282.985476 -0.022973008 -0.145780027 0.251033187 -0.077785432 -0.038709614 -0.050544489 0.994935334
1311867283.017555 -0.021104520 -0.147737876 0.253491789 -0.078917623 -0.039442569 -0.051060595 0.994790971
1311867283.049392 -0.021518791 -0.146928310 0.253513813 -0.078127213 -0.039349634 -0.051477183 0.994835615
1311867283.085258 -0.023570336 -0.145239472 0.255973011 -0.078781992 -0.039034873 -0.052559584 0.994739830
1311867283.117441 -0.023890076 -0.148764819 0.258203536 -0.080318727 -0.038961180 -0.052919172 0.994600713
1311867283.149532 -0.024534177 -0.148169473 0.258570105 -0.078607656 -0.039025765 -0.052808572 0.994740784
1311867283.185409 -0.023484461 -0.146112859 0.258463770 -0.078503825 -0.039631393 -0.052001305 0.994767547
1311867283.217286 -0.025435314 -0.148247778 0.261160403 -0.079680301 -0.038977180 -0.051780201 0.994711339
1311867283.249357 -0.027833184 -0.150033385 0.261729389 -0.078398146 -0.038922202 -0.051018432 0.994854748
1311867283.285375 -0.026876738 -0.148919821 0.262712270 -0.077637136 -0.038796257 -0.051404070 0.994899511
1311867283.317623 -0.025656130 -0.149251163 0.264075041 -0.077787332 -0.038763013 -0.051180352 0.994900644
1311867283.349796 -0.026151050 -0.150132865 0.266266584 -0.077083059 -0.037922431 -0.051574927 0.994967461
1311867283.385222 -0.022639463 -0.149206147 0.267140776 -0.076187260 -0.038788091 -0.050899826 0.995037794
1311867283.417308 -0.025950029 -0.150654137 0.266093731 -0.076577798 -0.038362384 -0.051378805 0.994999766
1311867283.449265 -0.024855429 -0.151974350 0.267553091 -0.076821752 -0.038543634 -0.051563658 0.994964361
1311867283.485337 -0.024748608 -0.151903480 0.268875301 -0.074940071 -0.037952974 -0.052754454 0.995068133
1311867283.517216 -0.023530558 -0.149337307 0.268141210 -0.073236585 -0.037412871 -0.053236119 0.995189786
1311867283.549561 -0.027770754 -0.151153311 0.271620989 -0.074127160 -0.036329042 -0.052515104 0.995202243
1311867283.585388 -0.029695287 -0.150555149 0.271805316 -0.072587401 -0.035722826 -0.052077752 0.995360732
1311867283.617318 -0.025181113 -0.147954881 0.272226274 -0.072032981 -0.036456514 -0.051044390 0.995427907
1311867283.649382 -0.021014014 -0.147174299 0.275524288 -0.072603405 -0.037069399 -0.050656006 0.995383620
1311867283.685288 -0.023223812 -0.148392618 0.274735510 -0.073149294 -0.036356974 -0.051052604 0.995349705
1311867283.717915 -0.026319636 -0.146869659 0.274185061 -0.073673420 -0.035192367 -0.051050954 0.995353043
1311867283.749208 -0.025872316 -0.147408739 0.277270168 -0.075136073 -0.034558952 -0.050245389 0.995306849
1311867283.785317 -0.029229602 -0.148431063 0.277584016 -0.075327002 -0.034333955 -0.050747242 0.995274723
1311867283.817413 -0.028611761 -0.146554381 0.277147472 -0.074462511 -0.034222320 -0.050206546 0.995371103
1311867283.849452 -0.028205318 -0.144887879 0.279197127 -0.074665330 -0.033823594 -0.050107818 0.995374501
1311867283.885346 -0.029791860 -0.145930335 0.281347454 -0.074915022 -0.033865310 -0.049896501 0.995364904
1311867283.917540 -0.031456340 -0.143553272 0.281553715 -0.073508866 -0.034234148 -0.049444024 0.995479703
1311867283.949890 -0.032346971 -0.144225165 0.280963778 -0.073691308 -0.034197964 -0.049242489 0.995477498
1311867283.985663 -0.031316858 -0.146146372 0.281048298 -0.073758550 -0.034431946 -0.049394950 0.995456874
1311867284.017300 -0.034026340 -0.147337750 0.281993568 -0.072423913 -0.034601051 -0.049636882 0.995536923
1311867284.049779 -0.032319091 -0.142952532 0.281616569 -0.071119793 -0.034957167 -0.048948269 0.995652556
1311867284.085373 -0.034172680 -0.142398179 0.282747567 -0.072050087 -0.035276182 -0.049052671 0.995569289
1311867284.117504 -0.033328157 -0.143090621 0.283646077 -0.071858197 -0.035467904 -0.049644034 0.995547056
1311867284.149411 -0.035617914 -0.144567907 0.281949431 -0.073896855 -0.035130624 -0.049732987 0.995405316
1311867284.187489 -0.034068581 -0.145824537 0.283784330 -0.076000586 -0.035186745 -0.049905758 0.995236278
1311867284.217337 -0.035380982 -0.143543988 0.283950895 -0.074980736 -0.034947332 -0.050309218 0.995301843
1311867284.249431 -0.033275418 -0.142221332 0.284594744 -0.075962909 -0.035181794 -0.050445497 0.995212138
1311867284.285316 -0.036009736 -0.144319683 0.284874260 -0.077352591 -0.034431323 -0.051182788 0.995093703
1311867284.317835 -0.034123089 -0.143149689 0.285504580 -0.077224247 -0.034732088 -0.050755929 0.995115101
1311867284.349424 -0.034279477 -0.142410129 0.284558535 -0.078868844 -0.034418449 -0.050338175 0.995018184
1311867284.385433 -0.031785194 -0.141496882 0.286777198 -0.079547681 -0.034732755 -0.051239748 0.994907260
1311867284.417580 -0.028611125 -0.142259777 0.287181646 -0.080179714 -0.034848921 -0.050417494 0.994894445
1311867284.449514 -0.032719273 -0.142111465 0.287762940 -0.081300050 -0.033567213 -0.050418388 0.994847536
1311867284.485419 -0.031359293 -0.141713321 0.289122790 -0.081049569 -0.034210380 -0.050404232 0.994846761
1311867284.517730 -0.030983746 -0.141022295 0.289125711 -0.080303542 -0.033896089 -0.050187267 0.994929016
1311867284.549454 -0.029141901 -0.141138121 0.289808095 -0.080857091 -0.034313411 -0.049227294 0.994917870
1311867284.585418 -0.028874557 -0.141456425 0.290914088 -0.081672721 -0.034659620 -0.048419841 0.994878829
1311867284.617494 -0.029694406 -0.141199082 0.291365504 -0.081013218 -0.034354225 -0.048044682 0.994961500
1311867284.649523 -0.028267220 -0.140326202 0.292354256 -0.081611678 -0.035511374 -0.046320569 0.994953752
1311867284.685378 -0.027536675 -0.142072171 0.293053061 -0.083046980 -0.035606977 -0.046329524 0.994831145
1311867284.717486 -0.025974641 -0.142888099 0.293116659 -0.081962600 -0.035647631 -0.047269151 0.994875371
1311867284.749751 -0.028868875 -0.138151094 0.293085933 -0.080813214 -0.035084177 -0.047319062 0.994987071
1311867284.785409 -0.026884630 -0.139691934 0.295024455 -0.082721606 -0.035986267 -0.046846826 0.994820416
1311867284.818692 -0.028884765 -0.140352875 0.293166816 -0.081934817 -0.035697665 -0.047509570 0.994864464
1311867284.849277 -0.030012298 -0.136082351 0.293179542 -0.081402302 -0.034900066 -0.047632616 0.994930625
1311867284.885385 -0.028336894 -0.141296029 0.295063257 -0.084386855 -0.035269894 -0.047739197 0.994663715
1311867284.917461 -0.026144836 -0.137319833 0.296844393 -0.082398690 -0.036415420 -0.047858510 0.994783342
1311867284.949247 -0.026548455 -0.138304591 0.295174062 -0.083208650 -0.036374483 -0.048362501 0.994693100
1311867284.985258 -0.028216029 -0.140400097 0.295114964 -0.084185630 -0.036188103 -0.048897136 0.994591594
1311867285.017539 -0.030666867 -0.141292647 0.293139964 -0.082849629 -0.035819590 -0.049868997 0.994668782
1311867285.049368 -0.028181165 -0.139943555 0.292248785 -0.082131900 -0.037096430 -0.049583163 0.994695783
1311867285.085326 -0.028941909 -0.142086670 0.293082774 -0.083069451 -0.037767928 -0.049376830 0.994602919
1311867285.117712 -0.031300273 -0.145935044 0.290544212 -0.082593061 -0.038198199 -0.050283562 0.994580746
1311867285.150212 -0.030739574 -0.142263070 0.289835334 -0.080402307 -0.038731847 -0.049791917 0.994764388
1311867285.185580 -0.029174501 -0.146127746 0.287915498 -0.081643790 -0.039252996 -0.050045006 0.994630158
1311867285.218761 -0.032265622 -0.145935789 0.287183434 -0.080025733 -0.039023336 -0.050840084 0.994730294
1311867285.249366 -0.029791038 -0.145199701 0.287266761 -0.078458607 -0.040007181 -0.050446127 0.994836152
1311867285.285362 -0.029501710 -0.145062804 0.286505908 -0.078262836 -0.039849449 -0.050518520 0.994854212
1311867285.317503 -0.031648904 -0.147413149 0.285786837 -0.078222409 -0.039250717 -0.050976131 0.994857848
1311867285.349345 -0.033200309 -0.145385101 0.283254236 -0.076305062 -0.038696095 -0.050964985 0.995029032
1311867285.385541 -0.030064423 -0.143706173 0.284587502 -0.076594390 -0.039181232 -0.050828796 0.994994760
1311867285.417581 -0.034436509 -0.147470489 0.283941418 -0.077726506 -0.038826514 -0.051328361 0.994895220
1311867285.449284 -0.032797638 -0.144859418 0.283557504 -0.076327801 -0.038843017 -0.051598199 0.994988918
1311867285.485380 -0.033752304 -0.143970698 0.283693403 -0.077365302 -0.038540769 -0.051403526 0.994930625
1311867285.517648 -0.033411745 -0.146739319 0.285076529 -0.078687072 -0.038794875 -0.051711649 0.994801164
1311867285.549451 -0.034306690 -0.144096971 0.283841431 -0.077035166 -0.038572133 -0.051526751 0.994948685
1311867285.585574 -0.030545203 -0.144166842 0.286630899 -0.078844801 -0.038712583 -0.051535204 0.994800985
1311867285.617551 -0.034914855 -0.146646500 0.287577659 -0.079647288 -0.037674475 -0.051646866 0.994771123
1311867285.649403 -0.032997832 -0.141900122 0.287722141 -0.077616185 -0.038422845 -0.051065445 0.994933069
1311867285.685653 -0.026899731 -0.139927030 0.292126656 -0.078743488 -0.039747436 -0.051000282 0.994795799
1311867285.717719 -0.034298535 -0.143591359 0.290894032 -0.079345033 -0.037980948 -0.052143294 0.994757771
1311867285.749708 -0.034014225 -0.144373596 0.289643139 -0.079249084 -0.038070388 -0.051385857 0.994801402
1311867285.785478 -0.033354171 -0.144428253 0.290314317 -0.079414941 -0.037953109 -0.051767565 0.994772851
1311867285.817971 -0.036442824 -0.146103784 0.288966268 -0.079038568 -0.037323009 -0.052225724 0.994802713
1311867285.849628 -0.034012999 -0.144999847 0.290497273 -0.078202695 -0.038203154 -0.051894818 0.994852662
1311867285.885286 -0.037308857 -0.148298353 0.289618015 -0.079510383 -0.037636634 -0.052214362 0.994753897
1311867285.918737 -0.036717918 -0.150145948 0.290080607 -0.078029871 -0.037702296 -0.052816633 0.994836867
1311867285.949513 -0.035330914 -0.145810857 0.290533006 -0.075409018 -0.037602451 -0.053283148 0.995017886
1311867285.985836 -0.036927000 -0.146017462 0.289934456 -0.075837545 -0.037387971 -0.052921031 0.995012701
1311867286.018456 -0.038396250 -0.147116303 0.289820462 -0.075601377 -0.037733842 -0.053441469 0.994989753
1311867286.049422 -0.034577470 -0.144481957 0.290689528 -0.074600831 -0.038339827 -0.053479783 0.995040059
1311867286.085402 -0.032831606 -0.143951103 0.291906506 -0.075661004 -0.038537327 -0.053762548 0.994937181
1311867286.124098 -0.037897501 -0.146274745 0.291290045 -0.076247260 -0.037881177 -0.054188833 0.994894505
1311867286.150632 -0.033330392 -0.142105922 0.292592525 -0.075196877 -0.039208334 -0.054540206 0.994903743
1311867286.185759 -0.036020841 -0.144813195 0.291963637 -0.077246033 -0.038674966 -0.054678001 0.994760096
1311867286.217983 -0.033239435 -0.143259034 0.294647396 -0.076674432 -0.039790079 -0.054668691 0.994760871
1311867286.252521 -0.037093941 -0.143503740 0.294988334 -0.076825060 -0.039280202 -0.054972120 0.994752765
1311867286.286163 -0.037554849 -0.142406628 0.295287102 -0.077347025 -0.039238010 -0.055361491 0.994692385
1311867286.320349 -0.040331893 -0.145451337 0.295472711 -0.077959791 -0.038848400 -0.056223832 0.994611502
1311867286.352378 -0.036037385 -0.144407734 0.295101523 -0.076282650 -0.040940687 -0.056409448 0.994647086
1311867286.385563 -0.035777517 -0.144410849 0.294675082 -0.076123066 -0.041307233 -0.055791363 0.994679034
1311867286.417777 -0.035875607 -0.143384367 0.297359765 -0.075642951 -0.042657297 -0.055464473 0.994676948
1311867286.449420 -0.036652274 -0.142884687 0.294885486 -0.073840305 -0.044968795 -0.054717600 0.994751990
1311867286.485571 -0.035813093 -0.142536506 0.291971922 -0.073087946 -0.045822795 -0.055075806 0.994748771
1311867286.519022 -0.033518076 -0.141687781 0.294650763 -0.072903067 -0.046023209 -0.054911047 0.994762242
1311867286.551199 -0.035952844 -0.143156633 0.293512672 -0.071957119 -0.045874782 -0.055289786 0.994816899
1311867286.585520 -0.033835527 -0.141187847 0.293302178 -0.070516050 -0.046214003 -0.055484716 0.994893610
1311867286.619073 -0.034881093 -0.141659021 0.292961836 -0.071394078 -0.046201713 -0.056124732 0.994795620
1311867286.649991 -0.035741173 -0.142720625 0.295279890 -0.071579635 -0.047002364 -0.055963673 0.994753897
1311867286.685643 -0.035330717 -0.143593684 0.293835551 -0.069364011 -0.046876684 -0.056971285 0.994859576
1311867286.717616 -0.029671052 -0.141197905 0.294534653 -0.068179905 -0.047599703 -0.056261070 0.994947493
1311867286.749549 -0.034876566 -0.144165829 0.292882621 -0.068954401 -0.046350185 -0.056761522 0.994924664
1311867286.785646 -0.032995462 -0.141817495 0.292544693 -0.067655116 -0.046542477 -0.057889804 0.994939864
1311867286.817626 -0.031421974 -0.140331209 0.292734087 -0.067952119 -0.046359178 -0.058058515 0.994918406
1311867286.853582 -0.034545671 -0.140977710 0.296540499 -0.069246754 -0.046428248 -0.057651784 0.994849503
1311867286.886815 -0.033849530 -0.142432511 0.295763224 -0.069083452 -0.048268322 -0.057587728 0.994777024
1311867286.917438 -0.032026242 -0.138848335 0.293044299 -0.067666389 -0.049084615 -0.058335450 0.994790912
1311867286.954361 -0.031751402 -0.138658956 0.293907791 -0.069680169 -0.049114943 -0.058276068 0.994653940
1311867286.985412 -0.034186516 -0.140349552 0.293787658 -0.070361309 -0.048911441 -0.059528351 0.994541824
1311867287.017431 -0.032896638 -0.140439749 0.293800712 -0.069521934 -0.049751185 -0.059602238 0.994554758
1311867287.054702 -0.031878505 -0.138220862 0.294898003 -0.069688343 -0.049193431 -0.059447933 0.994580090
1311867287.085686 -0.031591434 -0.139694855 0.293577015 -0.071725108 -0.049852334 -0.058446135 0.994461834
1311867287.117817 -0.031840593 -0.139538348 0.292698503 -0.071483783 -0.050471306 -0.058798078 0.994427264
1311867287.153705 -0.030087579 -0.136806011 0.294022977 -0.070895433 -0.049847446 -0.058741767 0.994504213
1311867287.187445 -0.033374522 -0.140766516 0.292908251 -0.073236592 -0.049056299 -0.059562750 0.994324982
1311867287.217558 -0.030206142 -0.140184969 0.293471694 -0.072622627 -0.048759416 -0.060484514 0.994328976
1311867287.253668 -0.033669010 -0.138519943 0.294042647 -0.071643181 -0.047100957 -0.061063241 0.994444609
1311867287.287011 -0.035028845 -0.139807165 0.292019069 -0.072627686 -0.047111876 -0.061187319 0.994365036
1311867287.317563 -0.035033952 -0.142697439 0.291556299 -0.072825924 -0.047993336 -0.061743010 0.994274020
1311867287.354094 -0.030613195 -0.140020370 0.293422699 -0.071382083 -0.048819762 -0.060505647 0.994414568
1311867287.385542 -0.029426901 -0.138694510 0.293651700 -0.071068510 -0.048870668 -0.060099363 0.994459152
1311867287.417576 -0.031474035 -0.141949803 0.292097807 -0.071522571 -0.049144994 -0.060382634 0.994395912
1311867287.453529 -0.029791601 -0.140101433 0.292789400 -0.069847792 -0.049556088 -0.059994973 0.994518042
1311867287.486720 -0.031503379 -0.138122201 0.292477489 -0.069348760 -0.049043208 -0.059556440 0.994604766
1311867287.517500 -0.030497229 -0.139691770 0.291841745 -0.070009924 -0.049376745 -0.059509154 0.994544804
1311867287.553487 -0.030462116 -0.136927947 0.293097734 -0.069493771 -0.049461987 -0.059213568 0.994594395
1311867287.586854 -0.030826770 -0.138522685 0.294374436 -0.070462868 -0.050601829 -0.058205303 0.994528413
1311867287.617657 -0.029921185 -0.138437599 0.292436928 -0.069508545 -0.051195607 -0.058951687 0.994521141
1311867287.653916 -0.032720223 -0.140029237 0.291538537 -0.069433182 -0.049604475 -0.059529882 0.994572580
1311867287.687566 -0.029183414 -0.137597248 0.292399585 -0.069279104 -0.049811032 -0.059794351 0.994557202
1311867287.717628 -0.033790894 -0.137794390 0.290513098 -0.069871515 -0.049645390 -0.060184959 0.994500458
1311867287.755391 -0.033886105 -0.139355674 0.290423661 -0.070239618 -0.049277492 -0.059846178 0.994513273
1311867287.787243 -0.028913116 -0.135948420 0.292579681 -0.069910780 -0.049756967 -0.059853405 0.994512141
1311867287.826010 -0.029255435 -0.137043074 0.294178814 -0.071399041 -0.049543999 -0.059907191 0.994413733
1311867287.853651 -0.027640384 -0.138412625 0.295409620 -0.071377359 -0.049651954 -0.059723813 0.994420946
1311867287.893111 -0.027520200 -0.136405915 0.295581430 -0.070347287 -0.049179494 -0.058677230 0.994580150
1311867287.917571 -0.029309444 -0.135966808 0.294583738 -0.071883209 -0.047848400 -0.059045233 0.994513512
1311867287.953561 -0.029714601 -0.139741361 0.295839846 -0.072817482 -0.047999501 -0.058503777 0.994470239
1311867287.986839 -0.026816115 -0.139677376 0.295821637 -0.070378475 -0.047328211 -0.057875261 0.994714737
1311867288.017882 -0.027079813 -0.136298403 0.294475317 -0.069264539 -0.045804329 -0.057847824 0.994865835
1311867288.053639 -0.028303027 -0.140570611 0.296050012 -0.070995562 -0.044397853 -0.058398832 0.994775414
1311867288.085418 -0.028290564 -0.140704930 0.295319885 -0.068896696 -0.044499304 -0.058090333 0.994936526
1311867288.117594 -0.023440927 -0.139833808 0.293028384 -0.068371996 -0.046002656 -0.057084709 0.994962513
1311867288.154082 -0.026836388 -0.142935783 0.292768627 -0.069160245 -0.045079097 -0.057699859 0.994914830
1311867288.185455 -0.027490310 -0.144026071 0.292861700 -0.066860579 -0.044665791 -0.057418026 0.995106995
1311867288.217534 -0.028327147 -0.139973536 0.291698039 -0.065570936 -0.044238441 -0.056371331 0.995271742
1311867288.253581 -0.031814158 -0.143406659 0.290758848 -0.067858435 -0.043536063 -0.056304641 0.995153069
1311867288.285472 -0.031749800 -0.146628156 0.290355861 -0.067718327 -0.044533819 -0.056002531 0.995135486
1311867288.317583 -0.030964972 -0.144398615 0.288237482 -0.066082962 -0.044340331 -0.056087170 0.995249331
1311867288.353521 -0.029342882 -0.143881246 0.288994730 -0.066761985 -0.044388607 -0.055893172 0.995212793
1311867288.385883 -0.028298974 -0.144839585 0.291643530 -0.066525191 -0.045303628 -0.055235315 0.995224118
1311867288.417761 -0.032058965 -0.143236220 0.289567262 -0.065932333 -0.044523261 -0.055538274 0.995281935
1311867288.456019 -0.031827517 -0.143529847 0.290149570 -0.067535698 -0.044833474 -0.055573680 0.995158553
1311867288.485465 -0.025899131 -0.142482728 0.293293059 -0.067223281 -0.045937806 -0.056508102 0.995076656
1311867288.517689 -0.029824939 -0.142594159 0.291221231 -0.066857189 -0.045231950 -0.056487277 0.995134890
1311867288.554472 -0.032850835 -0.141639084 0.291311800 -0.067094259 -0.043808226 -0.057041522 0.995150983
1311867288.586600 -0.029186599 -0.142835125 0.293855667 -0.067557335 -0.045661908 -0.057056770 0.995035529
1311867288.617541 -0.030144989 -0.141602904 0.292171866 -0.066774622 -0.045005273 -0.057528030 0.995091140
1311867288.655102 -0.030142296 -0.141717777 0.291768819 -0.066813856 -0.044335146 -0.057779215 0.995103955
1311867288.687379 -0.035536051 -0.143860549 0.290805936 -0.068073623 -0.043208417 -0.058318526 0.995036662
1311867288.717702 -0.031114545 -0.142505825 0.291790843 -0.067259416 -0.044556774 -0.058245376 0.995036900
1311867288.756022 -0.036607802 -0.141880363 0.289045662 -0.067681246 -0.042897418 -0.058737755 0.995052278
1311867288.785509 -0.035906751 -0.144685537 0.288847983 -0.068218932 -0.042356819 -0.058737043 0.995038748
1311867288.819223 -0.032730058 -0.142009988 0.288513869 -0.066998728 -0.042156558 -0.059045974 0.995111883
1311867288.854331 -0.032798707 -0.139217883 0.289906442 -0.066785730 -0.041191053 -0.058763411 0.995183349
1311867288.885556 -0.031258285 -0.141221628 0.288211942 -0.067732781 -0.041619830 -0.058225643 0.995133162
1311867288.917612 -0.031367749 -0.141869038 0.285748631 -0.067670934 -0.040808637 -0.058798026 0.995137215
1311867288.954939 -0.034492150 -0.139889225 0.286664993 -0.067815043 -0.039381143 -0.059007458 0.995172560
1311867288.985592 -0.032521095 -0.141142949 0.288613528 -0.069038205 -0.040019177 -0.057839017 0.995131552
1311867289.017656 -0.031888220 -0.141914994 0.289317250 -0.069635682 -0.040637869 -0.056930050 0.995117307
1311867289.053512 -0.031725325 -0.142249063 0.286527038 -0.069048718 -0.039267637 -0.057717126 0.995167911
1311867289.085511 -0.029765192 -0.140965149 0.287757069 -0.068792224 -0.038953092 -0.057533585 0.995208681
1311867289.117543 -0.034382802 -0.141947225 0.287018478 -0.069385312 -0.038198289 -0.057636391 0.995190799
1311867289.154583 -0.032583628 -0.142694548 0.287491232 -0.069377020 -0.038517281 -0.057075445 0.995211422
1311867289.185640 -0.033406559 -0.141866744 0.287255824 -0.068506159 -0.038236234 -0.056611829 0.995309055
1311867289.218482 -0.033658314 -0.141404539 0.287757665 -0.068539716 -0.037994772 -0.056686170 0.995311677
1311867289.255039 -0.034034993 -0.143964574 0.286599576 -0.069331877 -0.037999056 -0.055820547 0.995305657
1311867289.285387 -0.034208156 -0.143489093 0.285864055 -0.068164118 -0.038595870 -0.055585578 0.995376468
1311867289.317629 -0.032979414 -0.142943263 0.284779131 -0.067901827 -0.038686819 -0.055086456 0.995418608
1311867289.353909 -0.033404611 -0.143053159 0.285964251 -0.068372905 -0.039290521 -0.054754362 0.995381057
1311867289.386185 -0.033709060 -0.144642740 0.286261469 -0.068322487 -0.040445581 -0.054716811 0.995340347
1311867289.417704 -0.031724852 -0.141295984 0.286968946 -0.067624599 -0.041468233 -0.054900821 0.995335758
1311867289.453606 -0.035630211 -0.141366929 0.288345903 -0.069018915 -0.040428147 -0.055978525 0.995222807
1311867289.485961 -0.034726813 -0.141899288 0.290822983 -0.068983041 -0.040965475 -0.056887358 0.995151758
1311867289.518318 -0.033871174 -0.139691889 0.289798528 -0.068780400 -0.041381463 -0.056947738 0.995145142
1311867289.554869 -0.036007874 -0.138505593 0.290560722 -0.069918923 -0.041489050 -0.057588037 0.995024502
1311867289.585613 -0.034226213 -0.142693594 0.290664285 -0.070364736 -0.042381965 -0.058550842 0.994899213
1311867289.617649 -0.035821866 -0.140534535 0.288400829 -0.069452964 -0.041527592 -0.058287844 0.995014727
1311867289.653639 -0.035139889 -0.139443487 0.288939536 -0.070895560 -0.041895948 -0.058789648 0.994867980
1311867289.685685 -0.039411597 -0.140419647 0.289443344 -0.072006397 -0.042080935 -0.059558474 0.994734764
1311867289.720426 -0.037836753 -0.138666466 0.290158421 -0.072299749 -0.042609159 -0.060760725 0.994618237
1311867289.756408 -0.038338646 -0.138230041 0.291789144 -0.074345365 -0.043329071 -0.062179908 0.994348526
1311867289.785568 -0.040355515 -0.140026093 0.292768568 -0.075647131 -0.043066673 -0.063715652 0.994164526
1311867289.824026 -0.039898161 -0.139440343 0.292842984 -0.074308932 -0.043454885 -0.064097852 0.994224012
1311867289.854176 -0.039570741 -0.137811959 0.293499261 -0.074893534 -0.044065561 -0.063627243 0.994183481
1311867289.885568 -0.041444760 -0.139773875 0.295029670 -0.076279774 -0.043714773 -0.064315423 0.994049311
1311867289.920046 -0.042706050 -0.142335743 0.295819372 -0.076579601 -0.043808978 -0.065100685 0.993970990
1311867289.953641 -0.041910313 -0.142076358 0.295664400 -0.076980084 -0.044500783 -0.064624138 0.993940413
1311867289.985528 -0.039317854 -0.144949824 0.296177894 -0.077923171 -0.045920257 -0.064748839 0.993794262
1311867290.020153 -0.039734356 -0.145080984 0.296553642 -0.076017469 -0.045895141 -0.064696319 0.993946373
1311867290.053575 -0.044702660 -0.143540666 0.294280201 -0.074784420 -0.044074994 -0.063817188 0.994179130
1311867290.085474 -0.040833935 -0.143325344 0.296246707 -0.074675485 -0.044643462 -0.062855579 0.994223237
1311867290.124880 -0.039181091 -0.145797834 0.297490150 -0.074639626 -0.045344330 -0.061048862 0.994306743
1311867290.153612 -0.035296511 -0.141262084 0.296814889 -0.073279984 -0.045001131 -0.059801690 0.994499207
1311867290.185638 -0.038473215 -0.141843572 0.296791226 -0.074514098 -0.044215895 -0.060149997 0.994421780
1311867290.222529 -0.038276374 -0.142034814 0.296815932 -0.074247658 -0.044317991 -0.059333067 0.994486213
1311867290.254027 -0.037845582 -0.140794486 0.298727334 -0.075269088 -0.044676226 -0.058450844 0.994445682
1311867290.286994 -0.038125802 -0.143837243 0.296957642 -0.076551199 -0.044038992 -0.059233196 0.994329929
1311867290.322046 -0.039354049 -0.143700466 0.299429893 -0.075810112 -0.044441469 -0.058314633 0.994423091
1311867290.354777 -0.039452862 -0.142392904 0.297989577 -0.075449206 -0.044281919 -0.058346689 0.994455814
1311867290.386415 -0.037556332 -0.143726707 0.298786849 -0.076088071 -0.044498499 -0.058301952 0.994400084
1311867290.421620 -0.039909765 -0.144187137 0.298238814 -0.075088724 -0.045099214 -0.058507960 0.994436800
1311867290.457663 -0.040570717 -0.142106429 0.298027039 -0.074621052 -0.045267820 -0.058840998 0.994444788
1311867290.485984 -0.042883880 -0.145222411 0.297018558 -0.075722881 -0.044570923 -0.059232395 0.994369686
1311867290.522328 -0.040767048 -0.145479515 0.297762513 -0.074527338 -0.045299608 -0.059828755 0.994391322
1311867290.553706 -0.040818151 -0.142413855 0.296492904 -0.073232926 -0.044839136 -0.060096581 0.994492292
1311867290.585554 -0.041683424 -0.145803630 0.297257423 -0.075057715 -0.045111813 -0.059573594 0.994375348
1311867290.620155 -0.041654315 -0.144836456 0.296874046 -0.074225865 -0.045278277 -0.059892401 0.994411051
1311867290.653602 -0.042750888 -0.143984556 0.294398516 -0.074298956 -0.045334999 -0.059842970 0.994405985
1311867290.685718 -0.042062037 -0.144029453 0.294896930 -0.075220421 -0.045447730 -0.060324922 0.994302452
1311867290.725606 -0.043933094 -0.145512789 0.294600755 -0.074668527 -0.045107398 -0.060260098 0.994363487
1311867290.753974 -0.044283446 -0.142863810 0.294889361 -0.073547177 -0.045114640 -0.059593815 0.994486868
1311867290.786574 -0.042458542 -0.144576356 0.294332325 -0.074494779 -0.045103427 -0.059309904 0.994433820
1311867290.823128 -0.042281982 -0.145192653 0.293647915 -0.073365271 -0.045750793 -0.059779622 0.994460106
1311867290.855586 -0.044915255 -0.144489482 0.290659159 -0.072719045 -0.044842198 -0.059260957 0.994579971
1311867290.887678 -0.043921743 -0.144831955 0.292086333 -0.073255695 -0.045204934 -0.058795858 0.994551778
1311867290.922693 -0.043716691 -0.146849290 0.291484952 -0.073565863 -0.045303054 -0.059039455 0.994509995
1311867290.953711 -0.040977962 -0.145432621 0.291622519 -0.072087862 -0.045380972 -0.059755150 0.994571924
1311867290.990676 -0.040368173 -0.144517019 0.292526513 -0.071993746 -0.045582779 -0.059177682 0.994604051
1311867291.023910 -0.044079393 -0.146928534 0.289487213 -0.072380103 -0.044466309 -0.060116410 0.994570196
1311867291.055820 -0.037291199 -0.146266639 0.289551139 -0.071008578 -0.045546874 -0.060048319 0.994624257
1311867291.090338 -0.038306184 -0.143577725 0.290250093 -0.071134150 -0.044581372 -0.059613176 0.994685233
1311867291.120272 -0.040727612 -0.146809876 0.289955318 -0.072085515 -0.044451531 -0.059629120 0.994621634
1311867291.154182 -0.036824126 -0.143776193 0.288985014 -0.070107393 -0.045609817 -0.059653293 0.994709074
1311867291.189179 -0.036423568 -0.143328890 0.289381772 -0.070735589 -0.045307305 -0.059725147 0.994674146
1311867291.221074 -0.035845473 -0.144430280 0.289283156 -0.070646077 -0.045264717 -0.059401385 0.994701803
1311867291.254380 -0.035047401 -0.142490819 0.289736062 -0.069821417 -0.046286207 -0.058705941 0.994754314
1311867291.287791 -0.035689868 -0.144547626 0.287221134 -0.070931636 -0.046399724 -0.058704745 0.994670570
1311867291.321060 -0.033996899 -0.147447258 0.286036491 -0.071325123 -0.046835385 -0.058822591 0.994615018
1311867291.354784 -0.039103929 -0.147091568 0.284535557 -0.070530541 -0.045942962 -0.059411272 0.994678319
1311867291.387834 -0.034499638 -0.144442141 0.285766304 -0.069660939 -0.047396656 -0.059030641 0.994694114
1311867291.422316 -0.032986749 -0.148055658 0.284447670 -0.070241936 -0.048340019 -0.059435617 0.994583726
1311867291.453656 -0.032518644 -0.147372603 0.282195747 -0.069102161 -0.048479825 -0.059617586 0.994645834
1311867291.488381 -0.030146582 -0.147046387 0.283325166 -0.069335863 -0.049105499 -0.059014566 0.994634867
1311867291.520140 -0.031540945 -0.147449523 0.282765239 -0.069866680 -0.049557000 -0.059222046 0.994562984
1311867291.553645 -0.032675784 -0.145614609 0.282414168 -0.068644732 -0.049348410 -0.059398483 0.994647920
1311867291.589498 -0.031217655 -0.146476433 0.281489938 -0.069437623 -0.049690738 -0.060017046 0.994538724
1311867291.620673 -0.035534587 -0.148392975 0.280535311 -0.069771856 -0.049212903 -0.060128734 0.994532347
1311867291.653970 -0.036542609 -0.146795079 0.281413674 -0.068491861 -0.049990442 -0.060386408 0.994566917
1311867291.689647 -0.033120871 -0.146939188 0.279781759 -0.068657726 -0.050406255 -0.060326755 0.994538128
1311867291.720251 -0.034232948 -0.148000732 0.279059082 -0.068261757 -0.050082270 -0.060593534 0.994565547
1311867291.753718 -0.033334531 -0.150553867 0.278221160 -0.068293475 -0.051332876 -0.059412509 0.994570792
1311867291.788985 -0.035264838 -0.148321763 0.279544204 -0.067982085 -0.051480487 -0.059323791 0.994589806
1311867291.821719 -0.032875866 -0.150444224 0.279313207 -0.067988485 -0.051515047 -0.059748210 0.994562268
1311867291.853864 -0.030810988 -0.147979036 0.278452754 -0.066464931 -0.050987951 -0.059890490 0.994683743
1311867291.887943 -0.031518232 -0.150068358 0.279295474 -0.067844041 -0.050265696 -0.059480261 0.994652033
1311867291.920685 -0.027670762 -0.148824245 0.280034930 -0.066837892 -0.050664157 -0.059281293 0.994711876
1311867291.953720 -0.030043023 -0.149650306 0.280622482 -0.067475811 -0.049851768 -0.059358332 0.994705200
1311867291.990091 -0.030568721 -0.149614155 0.281872779 -0.067455150 -0.048439551 -0.059263818 0.994781971
1311867292.022520 -0.033562139 -0.148381561 0.280565143 -0.066863745 -0.047118414 -0.058705077 0.994918525
1311867292.053683 -0.029547226 -0.148808181 0.282707721 -0.067119434 -0.047824852 -0.058842886 0.994859457
1311867292.092254 -0.029743630 -0.149198130 0.282427043 -0.067223512 -0.047307648 -0.058393538 0.994903624
1311867292.124382 -0.030995803 -0.148849815 0.281715631 -0.067309439 -0.046853170 -0.058125954 0.994935036
1311867292.160249 -0.030089442 -0.147902146 0.281664997 -0.067763150 -0.047051083 -0.057845954 0.994911253
1311867292.189973 -0.031181511 -0.147679269 0.282251179 -0.068054512 -0.046745069 -0.057967473 0.994898617
1311867292.220732 -0.031627171 -0.146899760 0.282328337 -0.067582667 -0.046515014 -0.058190797 0.994928539
1311867292.257685 -0.035121426 -0.148726210 0.281131893 -0.068233266 -0.045990672 -0.058214597 0.994907200
1311867292.287816 -0.032414023 -0.150022358 0.281119317 -0.068783611 -0.046866171 -0.057983641 0.994841874
1311867292.321387 -0.034255479 -0.148603618 0.282121092 -0.068167694 -0.046915501 -0.058115099 0.994874239
1311867292.362160 -0.032844648 -0.150074676 0.282418638 -0.068700090 -0.047208011 -0.058366112 0.994809151
1311867292.395350 -0.033686776 -0.150110513 0.280760378 -0.068310454 -0.047058225 -0.058770221 0.994819224
1311867292.425930 -0.034907676 -0.150504932 0.282502651 -0.068362519 -0.047495190 -0.058812376 0.994792402
1311867292.456448 -0.034116372 -0.150151417 0.283289075 -0.067955188 -0.047968492 -0.058988180 0.994787216
1311867292.488351 -0.033524930 -0.150043488 0.284499079 -0.067552067 -0.048182726 -0.058782861 0.994816422
1311867292.522883 -0.033322129 -0.150772750 0.282888114 -0.067252696 -0.048594341 -0.058645643 0.994824827
1311867292.558104 -0.034741752 -0.148832783 0.283641994 -0.067069769 -0.048498753 -0.058863003 0.994828999
1311867292.588222 -0.034493919 -0.150158092 0.283645183 -0.068031900 -0.048786845 -0.058587495 0.994765818
1311867292.623076 -0.034399282 -0.149473697 0.282722056 -0.067797035 -0.048720181 -0.059126720 0.994753242
1311867292.659508 -0.032409206 -0.148767263 0.284909993 -0.068755314 -0.048983023 -0.058876466 0.994689405
1311867292.688015 -0.030626787 -0.149345115 0.286009550 -0.068176076 -0.049251545 -0.058942340 0.994712055
1311867292.720644 -0.029765524 -0.148300290 0.286026537 -0.067439139 -0.049112428 -0.058324713 0.994805574
1311867292.756178 -0.031153608 -0.149704829 0.283667862 -0.068462290 -0.048071343 -0.058329020 0.994786322
