1341847980.722988 0.000000000 0.000000000 0.000000000 -0.000000000 -0.000000000 -0.000000000 1.000000000
1341847980.754743 -0.000079347 0.000628732 0.000822593 -0.000386017 0.000249265 -0.000245455 0.999999881
1341847980.786856 -0.002374102 -0.000877721 0.001286521 -0.000599256 0.000520774 -0.001130697 0.999999046
1341847980.822978 -0.001766782 -0.000039365 0.000253759 0.000598041 0.000063622 -0.001844580 0.999998152
1341847980.854676 -0.001909811 0.000338833 -0.000058571 0.000702754 0.000398294 -0.002285342 0.999997079
1341847980.890728 -0.003339945 0.000304646 -0.000167294 0.000770422 0.000809101 -0.002292637 0.999996781
1341847980.922978 -0.003712361 -0.000032237 -0.001014453 0.001079450 0.000576973 -0.002759607 0.999995470
1341847980.954645 -0.002899071 0.001263230 -0.001493443 0.001211471 0.000707672 -0.003175065 0.999993980
1341847980.990699 -0.004557825 0.000889401 -0.000885543 0.000900031 0.001262981 -0.003249346 0.999993503
1341847981.022715 -0.005747894 0.000693994 -0.002517944 0.001155244 0.001435723 -0.003176626 0.999993265
1341847981.054711 -0.005878739 -0.000005919 -0.001912971 0.000776368 0.001283245 -0.003288569 0.999993443
1341847981.090715 -0.005640154 0.000697877 -0.002422234 0.001202516 0.001827645 -0.003516563 0.999991417
1341847981.122985 -0.009290460 0.002752784 -0.003484013 0.001989409 0.003125132 -0.003196389 0.999988019
1341847981.158632 -0.010379951 0.003313740 -0.003262517 0.001810936 0.003265217 -0.002066284 0.999990880
1341847981.190636 -0.012877416 0.000913024 -0.003634498 0.000848772 0.003601596 -0.000274703 0.999993145
1341847981.222978 -0.013646968 0.001648676 -0.003450517 0.001929263 0.003339397 0.001587699 0.999991298
1341847981.258722 -0.016017308 0.001364519 -0.004951533 0.001822275 0.003014529 0.002672953 0.999990225
1341847981.290787 -0.014730069 0.000567543 -0.005052608 0.001574674 0.002526815 0.002904742 0.999991357
1341847981.322892 -0.017970217 0.000858594 -0.007721130 0.002031916 0.004132615 0.002996399 0.999984920
1341847981.358690 -0.020248050 0.001908145 -0.007344009 0.002468311 0.005185900 0.003342943 0.999977946
1341847981.390810 -0.021396833 0.000363729 -0.006691369 0.002136538 0.004962691 0.004230937 0.999976456
1341847981.426707 -0.028792899 0.000698627 -0.007402861 0.002947037 0.005911160 0.005492668 0.999963105
1341847981.458797 -0.025983423 0.001655190 -0.009204012 0.003107219 0.004297724 0.006046425 0.999967694
1341847981.490701 -0.031389482 0.000910743 -0.011489701 0.002757678 0.005281297 0.006238407 0.999962807
1341847981.527039 -0.032820687 0.000003631 -0.013239562 0.003010072 0.005554002 0.005575601 0.999964476
1341847981.558722 -0.035739720 0.001697675 -0.014837371 0.003150880 0.006265036 0.005196943 0.999961913
1341847981.594855 -0.040301755 0.002623014 -0.014928649 0.004020264 0.007773016 0.004188390 0.999952972
1341847981.626675 -0.048990566 0.005505214 -0.017514076 0.005694007 0.009689822 0.004839766 0.999925137
1341847981.658738 -0.052013408 0.007220507 -0.019462151 0.004587616 0.010214213 0.004668051 0.999926448
1341847981.694720 -0.057024240 0.002886247 -0.019711884 0.003381023 0.011248971 0.004136142 0.999922454
1341847981.726650 -0.057157468 0.012000787 -0.022037180 0.005096610 0.011052907 0.005057342 0.999913156
1341847981.758846 -0.063729294 0.011879133 -0.021683041 0.003756775 0.011802888 0.004923740 0.999911189
1341847981.794659 -0.064535081 0.013445676 -0.021731289 0.002759884 0.011693117 0.004891928 0.999915898
1341847981.826678 -0.069474287 0.015374131 -0.023599196 0.001251682 0.012354141 0.004991175 0.999910474
1341847981.862719 -0.077701055 0.014057889 -0.021329217 0.000948479 0.013170501 0.003884247 0.999905288
1341847981.894631 -0.072575703 0.018348565 -0.028549790 0.001380305 0.010428810 0.004270149 0.999935567
1341847981.926602 -0.073857479 0.018145019 -0.026972648 -0.001790992 0.008784041 0.004284098 0.999950647
1341847981.962757 -0.085451670 0.013415354 -0.027531805 -0.003988353 0.010402100 0.004133572 0.999929428
1341847981.994808 -0.084174134 0.013610651 -0.026018210 -0.003859116 0.009553429 0.003254569 0.999941647
1341847982.027112 -0.091966741 0.014060192 -0.025739623 -0.002834490 0.010145281 0.002344022 0.999941766
1341847982.062739 -0.109646216 0.040707100 -0.049922876 0.000852699 0.031196702 0.007212077 0.999486923
1341847982.094786 -0.110006906 0.043961376 -0.051178396 0.002090549 0.030215275 0.006069704 0.999522805
1341847982.130710 -0.112119809 0.035301022 -0.048007488 0.001375283 0.029987816 0.005271522 0.999535441
1341847982.162730 -0.113630705 0.040436804 -0.052087374 0.005900037 0.027595347 0.006217027 0.999582469
1341847982.194674 -0.110260703 0.041726787 -0.055882975 0.004629573 0.026141141 0.006467212 0.999626637
1341847982.230594 -0.110226303 0.038239833 -0.054921847 0.002607109 0.027977513 0.006543505 0.999583781
1341847982.262666 -0.111855529 0.036374129 -0.054376539 0.003184560 0.029800532 0.005775734 0.999534130
1341847982.294994 -0.113929920 0.036699295 -0.055023599 0.003735239 0.031891759 0.004914513 0.999472320
1341847982.330655 -0.124867111 0.034154546 -0.055342961 0.005021222 0.035154171 0.006573677 0.999347687
1341847982.362722 -0.133311540 0.037010513 -0.054283183 0.008769798 0.035065442 0.010391681 0.999292552
1341847982.398909 -0.130894810 0.035958659 -0.056253735 0.010738712 0.032186605 0.012152781 0.999350369
1341847982.430770 -0.130551547 0.031620871 -0.059419643 0.010667432 0.031976331 0.012471414 0.999353945
1341847982.462624 -0.130506516 0.032633878 -0.060931705 0.011595091 0.034662951 0.013226825 0.999244273
1341847982.498616 -0.130861878 0.033198409 -0.062248755 0.011355462 0.037021406 0.013316726 0.999161243
1341847982.530757 -0.136044949 0.032884840 -0.059462585 0.010070002 0.039057732 0.014286377 0.999084055
1341847982.566660 -0.135418311 0.037790403 -0.059996169 0.009823974 0.040264871 0.015313241 0.999023438
1341847982.598726 -0.140445188 0.035922147 -0.058186326 0.006655673 0.043241788 0.016657922 0.998903632
1341847982.630723 -0.146803617 0.034722444 -0.056164905 0.005718751 0.046689868 0.017002353 0.998748422
1341847982.666620 -0.146709651 0.034925219 -0.057069395 0.004625701 0.048027668 0.017519731 0.998681664
1341847982.698638 -0.147742569 0.033072770 -0.058254164 0.002699867 0.050638266 0.017642973 0.998557627
1341847982.730674 -0.154421508 0.031860903 -0.054907594 0.001648564 0.055037048 0.017827135 0.998323798
1341847982.766706 -0.161760509 0.030395228 -0.053059202 0.001910094 0.057989154 0.019099003 0.998132706
1341847982.798737 -0.163380131 0.030320825 -0.052818950 0.002149525 0.058895122 0.020907361 0.998042941
1341847982.834747 -0.173283651 0.030419489 -0.048363157 0.003404822 0.061537988 0.020844037 0.997881293
1341847982.866670 -0.180993199 0.030562626 -0.047760256 0.006130660 0.062396206 0.021861915 0.997793138
1341847982.898700 -0.193225384 0.034655839 -0.048375253 0.008926036 0.062998384 0.023763815 0.997690797
1341847982.934803 -0.196857646 0.040773619 -0.048018895 0.009480689 0.060475100 0.026026128 0.997785389
1341847982.966708 -0.199398652 0.034158789 -0.049170204 0.006386367 0.058414254 0.026450532 0.997921526
1341847982.998783 -0.198872641 0.028556868 -0.052834995 0.003721168 0.058071069 0.024592705 0.998002589
1341847983.034693 -0.218564257 0.028299477 -0.050120704 0.002434670 0.062344704 0.025045177 0.997737408
1341847983.066707 -0.227649614 0.032305840 -0.053020101 0.002262313 0.059429348 0.024983013 0.997917295
1341847983.102757 -0.231733859 0.028851908 -0.052489646 0.000443484 0.058729444 0.025737185 0.997942030
1341847983.134717 -0.237358749 0.029834447 -0.051816545 0.001492522 0.058129445 0.027015423 0.997942328
1341847983.166651 -0.250993341 0.026588608 -0.051994473 0.002040613 0.058411837 0.028155081 0.997893453
1341847983.202653 -0.255196452 0.028805509 -0.052978180 0.002617430 0.056271750 0.029131010 0.997987032
1341847983.234717 -0.254766673 0.029261583 -0.054016203 0.001838685 0.054142408 0.029359184 0.998099864
1341847983.266753 -0.262291580 0.027303599 -0.058161285 -0.001065640 0.055079404 0.028794870 0.998066187
1341847983.302701 -0.267913103 0.021585312 -0.057257194 -0.005144242 0.056964044 0.027276348 0.997990310
1341847983.334718 -0.273070335 0.022232819 -0.061468937 -0.006306151 0.057297666 0.025379188 0.998014629
1341847983.370887 -0.279616535 0.019987479 -0.059565738 -0.006551741 0.059862431 0.025004175 0.997871935
1341847983.402670 -0.291148841 0.019903410 -0.060139202 -0.005246582 0.060959749 0.026855607 0.997765064
1341847983.434705 -0.292268097 0.023181755 -0.059884258 -0.005631282 0.058398090 0.029718470 0.997835100
1341847983.470674 -0.296636701 0.014501571 -0.059716538 -0.008194386 0.057666011 0.028226286 0.997903228
1341847983.502767 -0.303881139 0.007948698 -0.064586915 -0.008404728 0.060401183 0.024665523 0.997834027
1341847983.534806 -0.317746490 0.012283795 -0.064997412 -0.006794335 0.065855436 0.023911677 0.997519553
1341847983.570684 -0.329947919 0.017292645 -0.061960466 -0.005830809 0.068923295 0.024466986 0.997304916
1341847983.602741 -0.339877635 0.014172734 -0.060685541 -0.005400131 0.069916829 0.025512427 0.997211933
1341847983.638729 -0.344012707 0.014833733 -0.065973893 -0.003965131 0.070053786 0.025062446 0.997220516
1341847983.670715 -0.352862567 0.008810923 -0.064849034 -0.003429069 0.072015487 0.024290733 0.997101843
1341847983.702857 -0.368648082 0.017930055 -0.086219244 0.001531537 0.069189310 0.025708724 0.997271061
1341847983.738736 -0.371002257 0.017500119 -0.093052804 0.002259808 0.067058213 0.027527547 0.997366726
1341847983.770707 -0.379237145 0.018270662 -0.094546087 0.003475797 0.066323891 0.028738966 0.997378170
1341847983.806672 -0.387271672 0.017144160 -0.098403186 0.004726474 0.067279607 0.027464632 0.997344911
1341847983.838719 -0.404849380 0.017244250 -0.096395493 0.008557296 0.069916494 0.028226215 0.997116745
1341847983.870712 -0.413528323 0.024332728 -0.100226790 0.011484799 0.068153128 0.031742796 0.997103631
1341847983.906692 -0.443172544 0.020697253 -0.111508146 0.010373180 0.066396028 0.033790536 0.997167051
1341847983.938757 -0.439012468 0.020110380 -0.121053614 0.009730512 0.062300712 0.034627754 0.997409046
1341847983.970809 -0.447655499 0.019569846 -0.123341106 0.007687062 0.063801810 0.033227440 0.997379720
1341847984.006722 -0.454087913 0.020387920 -0.125007480 0.006736864 0.064989172 0.032591190 0.997330904
1341847984.038718 -0.463147730 0.019174848 -0.125860810 0.004590498 0.067188680 0.032267448 0.997207820
1341847984.074737 -0.474456906 0.027146807 -0.126045555 0.003810005 0.070344575 0.031288546 0.997024655
1341847984.106759 -0.495450199 0.022836899 -0.126154080 -0.001889200 0.073256478 0.029653136 0.996870458
1341847984.138698 -0.503372312 0.023011396 -0.124413282 -0.002776327 0.074305229 0.028144483 0.996834457
1341847984.174831 -0.514026046 0.028607205 -0.125647992 -0.003988937 0.075501420 0.027327089 0.996763170
1341847984.206711 -0.530118585 0.028647810 -0.121637210 -0.008598274 0.077772066 0.026111523 0.996592104
1341847984.238670 -0.534903705 0.034751013 -0.117903255 -0.007991312 0.075592220 0.027112609 0.996738195
1341847984.274795 -0.544304311 0.036507826 -0.115233220 -0.009942134 0.074625753 0.027731804 0.996776462
1341847984.306662 -0.554215372 0.035841830 -0.112097815 -0.012944847 0.075261123 0.026893390 0.996717095
1341847984.343094 -0.564396918 0.037445825 -0.104777791 -0.014322974 0.075454600 0.027419550 0.996669352
1341847984.374794 -0.595465004 0.028132679 -0.110633820 -0.018957356 0.073858522 0.028203549 0.996689558
1341847984.406718 -0.597776651 0.029521227 -0.105430789 -0.021154800 0.070582710 0.029148616 0.996855497
1341847984.442894 -0.612000346 0.023061676 -0.099115044 -0.024283299 0.071709849 0.030487804 0.996663749
1341847984.474640 -0.614405453 0.024149122 -0.093205817 -0.023500957 0.071132943 0.030221414 0.996731937
1341847984.506747 -0.622514963 0.021113871 -0.088122740 -0.025053235 0.071821578 0.029045044 0.996679723
1341847984.542747 -0.625747204 0.019470248 -0.083616644 -0.025626646 0.073285244 0.029330850 0.996550202
1341847984.574807 -0.638294935 0.020458227 -0.075036444 -0.026747808 0.077053457 0.030199321 0.996210515
1341847984.610792 -0.652821064 0.015562406 -0.058972713 -0.026280867 0.079272479 0.029308457 0.996075451
1341847984.642667 -0.656660795 0.013908937 -0.053538606 -0.023249310 0.076986209 0.030991787 0.996279240
1341847984.674804 -0.689933002 0.028200043 -0.015325226 -0.018382514 0.077556662 0.032595541 0.996285379
1341847984.710651 -0.693802416 0.025340529 -0.004285507 -0.016879993 0.076675996 0.033169918 0.996361196
1341847984.743352 -0.698333621 0.023712566 0.001097160 -0.013879943 0.075310051 0.032367799 0.996538043
1341847984.778881 -0.699179471 0.023770645 0.006723805 -0.012655015 0.074407831 0.032946378 0.996603191
1341847984.810639 -0.711702526 0.017315606 0.021034243 -0.012452384 0.076461971 0.035323273 0.996368825
1341847984.842655 -0.720553815 0.009448103 0.031404473 -0.010527843 0.077319011 0.036660794 0.996276557
1341847984.878779 -0.725226820 0.007092868 0.037543666 -0.008324801 0.077359848 0.038045056 0.996242344
1341847984.910613 -0.732564330 0.012456635 0.051062737 -0.006427759 0.075010352 0.039105862 0.996394932
1341847984.943053 -0.733319223 0.011321194 0.061592896 -0.007063300 0.071965270 0.042677343 0.996468723
1341847984.979236 -0.738045573 0.009989465 0.068316676 -0.007656256 0.069873020 0.045555424 0.996485770
1341847985.010633 -0.738524139 0.004856678 0.077138014 -0.010484933 0.069323711 0.045829549 0.996485829
1341847985.046612 -0.753501952 0.005023223 0.072594956 -0.012006364 0.070364125 0.048685130 0.996260226
1341847985.078667 -0.754133224 0.004260085 0.083496921 -0.012161893 0.074095622 0.048385743 0.996002376
1341847985.110771 -0.754033327 0.003666800 0.092519470 -0.012439250 0.075687878 0.049923047 0.995803356
1341847985.146824 -0.755913258 0.003815417 0.102380894 -0.011722448 0.076797679 0.051221084 0.995661139
1341847985.178699 -0.756205678 0.001669186 0.111440368 -0.011388917 0.079585075 0.052303750 0.995389819
1341847985.210840 -0.756479442 -0.005654390 0.121512882 -0.010384199 0.081360623 0.052547131 0.995244443
1341847985.246735 -0.758990884 -0.009436105 0.126905695 -0.009681587 0.083579704 0.053062022 0.995040298
1341847985.278902 -0.756879866 -0.011931478 0.136332750 -0.009651597 0.086273611 0.052641463 0.994832933
1341847985.314648 -0.758750498 -0.017696505 0.145021349 -0.007881680 0.088793740 0.052940074 0.994610965
1341847985.346842 -0.759332120 -0.017431716 0.152830869 -0.005876928 0.089573517 0.053144734 0.994543970
1341847985.378830 -0.759897470 -0.017682513 0.157552600 -0.006439335 0.090098165 0.052637581 0.994520068
1341847985.414650 -0.759273708 -0.020201094 0.168824136 -0.006206431 0.092009902 0.053488746 0.994301081
1341847985.446854 -0.802966356 -0.049564142 0.203538761 -0.009224708 0.102520920 0.053663619 0.993239462
1341847985.478685 -0.803126752 -0.048784725 0.211577863 -0.007870100 0.102465503 0.054724321 0.993198991
1341847985.514673 -0.809440076 -0.060716946 0.224180311 -0.010005208 0.104696929 0.055541705 0.992901623
1341847985.546814 -0.812617004 -0.062877759 0.234901711 -0.010072681 0.107566006 0.056012951 0.992567778
1341847985.582581 -0.829615116 -0.076315410 0.255476415 -0.010728571 0.113096848 0.057004835 0.991889358
1341847985.614773 -0.829953134 -0.074123867 0.266050369 -0.007529798 0.113952130 0.058291160 0.991746128
1341847985.647097 -0.830908775 -0.076044582 0.274480730 -0.004849691 0.115103386 0.060297072 0.991509974
1341847985.682842 -0.842833757 -0.085333340 0.288721025 -0.003471154 0.119117856 0.062620431 0.990897357
1341847985.714719 -0.844661593 -0.084774397 0.302763462 0.001517543 0.119952999 0.066095009 0.990575790
1341847985.746954 -0.849837124 -0.099833101 0.317706883 0.003159113 0.121442765 0.068066910 0.990256846
1341847985.782765 -0.841108203 -0.093056194 0.322840571 0.008511411 0.121573806 0.069906861 0.990081012
1341847985.814703 -0.868226409 -0.105755493 0.339882910 0.014597814 0.127994090 0.074053213 0.988898695
1341847985.850739 -0.858757138 -0.115025163 0.336334139 0.019470161 0.126480982 0.076725379 0.988805771
1341847985.882782 -0.863025486 -0.109339990 0.347289085 0.021191480 0.126687452 0.079469979 0.988527119
1341847985.914968 -0.863675892 -0.119311273 0.354648381 0.017127333 0.128325924 0.082194388 0.988171697
1341847985.950751 -0.886856079 -0.142326415 0.379540592 0.013183425 0.138259888 0.081008330 0.986989439
1341847985.982712 -0.888244092 -0.142331719 0.388923347 0.014992683 0.142161891 0.080893524 0.986418486
1341847986.018756 -0.888573825 -0.142815173 0.397662610 0.016719330 0.143523693 0.083475299 0.985978365
1341847986.051991 -0.887028396 -0.145388722 0.404886156 0.016432730 0.143641949 0.086051501 0.985744476
1341847986.082612 -0.905700922 -0.160528556 0.415725857 0.014702680 0.148162022 0.087903440 0.984938979
1341847986.118719 -0.908934772 -0.164797395 0.423122078 0.013838632 0.150778681 0.087392598 0.984599888
1341847986.150636 -0.912212729 -0.172287732 0.434193403 0.010761010 0.154989988 0.088440567 0.983890533
1341847986.182648 -0.912306428 -0.174494177 0.446662486 0.011034584 0.158534944 0.088483483 0.983318686
1341847986.218674 -0.922183633 -0.183146998 0.460065961 0.012372741 0.162646785 0.089068659 0.982578099
1341847986.250584 -0.922211707 -0.186440170 0.467962980 0.013990071 0.164642930 0.091272213 0.982021570
1341847986.286733 -0.923823476 -0.190760031 0.478590012 0.015780440 0.167413458 0.092349447 0.981425166
1341847986.326156 -0.921799064 -0.204281121 0.494163662 0.016703149 0.170513660 0.093911350 0.980727732
1341847986.359210 -0.922538221 -0.208080739 0.501057267 0.019209433 0.172801599 0.095881701 0.980090559
1341847986.394467 -0.922168970 -0.209520951 0.510147870 0.020255130 0.175027758 0.097334616 0.979531050
1341847986.425858 -0.927285433 -0.217141554 0.524578512 0.019418191 0.178681076 0.098154247 0.978806317
1341847986.457691 -0.935855627 -0.230671242 0.542416692 0.017019825 0.183596104 0.099303089 0.977825046
1341847986.493735 -0.927190602 -0.227445558 0.548531115 0.018122049 0.184405759 0.100467764 0.977533817
1341847986.525772 -0.930450022 -0.234372422 0.564047217 0.018667737 0.186763063 0.101666994 0.976951897
1341847986.561706 -0.935119450 -0.246151045 0.580280721 0.015939796 0.190428197 0.101863272 0.976271987
1341847986.593712 -0.934291720 -0.248981923 0.588992238 0.014914640 0.192669556 0.101893365 0.975845158
1341847986.625740 -0.935117900 -0.252073854 0.597736359 0.016853459 0.195183128 0.102582313 0.975241780
1341847986.661920 -0.935322046 -0.254753262 0.607328475 0.018340863 0.196158215 0.104784824 0.974784970
1341847986.693739 -0.936818480 -0.257345796 0.619676232 0.019221095 0.197134629 0.109250538 0.974080563
1341847986.725896 -0.948745608 -0.261434048 0.641221464 0.021048812 0.200071156 0.115615971 0.972708344
1341847986.762616 -0.947386801 -0.264435321 0.647278845 0.020070216 0.199198753 0.119115256 0.972485781
1341847986.793794 -0.948957682 -0.266314149 0.652802944 0.017592445 0.200520843 0.122204319 0.971878648
1341847986.829823 -0.953864872 -0.283800393 0.672611654 0.012136960 0.204545289 0.122783184 0.971050084
1341847986.861756 -0.955593228 -0.284557760 0.681257188 0.012804686 0.205409110 0.125217199 0.970548213
1341847986.886746 -0.956941307 -0.284157842 0.688629627 0.012599024 0.204278871 0.128929079 0.970303416
1341847986.922699 -0.967103362 -0.298372000 0.700520337 0.007818312 0.206816778 0.131773099 0.969433606
1341847986.954690 -0.969010353 -0.304079980 0.711452186 0.005742537 0.208034679 0.132799372 0.969047427
1341847986.990631 -0.971317351 -0.307106048 0.723114550 0.005089415 0.210281461 0.134122670 0.968383670
1341847987.022895 -0.969645679 -0.310844213 0.730867624 0.004553221 0.211336210 0.135888040 0.967910469
1341847987.054629 -0.977652550 -0.314874440 0.748863935 0.003477478 0.214513406 0.139652506 0.966679454
1341847987.091223 -0.977709889 -0.320503622 0.761676013 0.001351466 0.214781359 0.141055241 0.966421604
1341847987.123199 -0.977505147 -0.324501485 0.771536946 0.000107993 0.217519134 0.139936805 0.965972602
1341847987.154654 -0.976742506 -0.323518753 0.768948019 -0.000546441 0.220856965 0.137841001 0.965516329
1341847987.190716 -0.984408975 -0.339270830 0.787502170 -0.006078105 0.229089335 0.137908220 0.963567615
1341847987.222678 -0.984802723 -0.340938181 0.798290789 -0.006749301 0.231483370 0.139832258 0.962713301
1341847987.259261 -0.986013353 -0.346239150 0.810559750 -0.008496091 0.234428242 0.140573233 0.961878657
1341847987.290653 -0.991766691 -0.350357592 0.824281812 -0.008840511 0.239478067 0.139991313 0.960715711
1341847987.322780 -0.994827271 -0.354447484 0.831628561 -0.009551798 0.247054353 0.138916358 0.958944857
1341847987.358780 -0.994678736 -0.356389850 0.843339860 -0.007889379 0.251801252 0.136889100 0.958016396
1341847987.390720 -0.999160707 -0.358795941 0.852743328 -0.004000111 0.257470489 0.134211123 0.956911922
1341847987.422820 -0.999394059 -0.362864375 0.860992670 -0.002426205 0.263287455 0.132215232 0.955611348
1341847987.458620 -1.010301590 -0.359154314 0.875252366 0.002831084 0.271405339 0.133408576 0.953170121
1341847987.490754 -1.011844635 -0.356623858 0.878192782 0.009127690 0.273080081 0.135394722 0.952371895
1341847987.526761 -1.013957977 -0.356438965 0.873574793 0.008935097 0.273190171 0.138177365 0.951942444
1341847987.558679 -1.017112017 -0.361989290 0.896081090 0.007730806 0.278596580 0.139120132 0.950247288
1341847987.590776 -1.031047106 -0.361517191 0.910611629 0.012821176 0.286549777 0.141471922 0.947475910
1341847987.626925 -1.032509804 -0.360064059 0.911469162 0.014305766 0.287160814 0.145336628 0.946684420
1341847987.658922 -1.034207821 -0.359923214 0.922336161 0.013604900 0.288756490 0.147651076 0.945850909
1341847987.691638 -1.035834551 -0.358685970 0.928822339 0.014207201 0.289500713 0.150633872 0.945143938
1341847987.726721 -1.041763425 -0.360149354 0.947273314 0.014567329 0.290242434 0.152126983 0.944671631
1341847987.758741 -1.056643009 -0.357221037 0.957870424 0.017304905 0.293573141 0.156737268 0.942840815
1341847987.794708 -1.061733246 -0.357339323 0.967791855 0.017694682 0.293139517 0.160092250 0.942404747
1341847987.826748 -1.065135002 -0.359432042 0.976594031 0.017940531 0.292087108 0.163225934 0.942189276
1341847987.865879 -1.070664883 -0.359760791 0.990494251 0.018366629 0.292527944 0.165423661 0.941660821
1341847987.897796 -1.072393417 -0.361699194 0.997406244 0.019351261 0.291551858 0.167185292 0.941632748
1341847987.933722 -1.084832668 -0.361743242 1.016998649 0.022491852 0.293518186 0.168772489 0.940668404
1341847987.965806 -1.087176085 -0.366370231 1.027744770 0.023619754 0.293597817 0.166185334 0.941076517
1341847987.997794 -1.091172457 -0.366573483 1.028671622 0.025126064 0.292888820 0.163514733 0.941726029
1341847988.033757 -1.091716409 -0.372111499 1.040727615 0.025004176 0.293997228 0.159607887 0.942054033
1341847988.065746 -1.093381286 -0.375211775 1.050944805 0.027453987 0.295328319 0.155543998 0.942249238
1341847988.098165 -1.111007929 -0.378235310 1.058761001 0.030864149 0.298634350 0.152555466 0.941590071
1341847988.133763 -1.113173008 -0.380132049 1.065670967 0.031951491 0.300900280 0.148934126 0.941412091
1341847988.165801 -1.114829063 -0.380006611 1.071251512 0.034459442 0.301610142 0.148970261 0.941090763
1341847988.201710 -1.121709108 -0.372543156 1.073159218 0.037007779 0.298693299 0.154646605 0.941008627
1341847988.233777 -1.121258140 -0.378373921 1.081480384 0.032759521 0.297374785 0.155419230 0.941456258
1341847988.265702 -1.127915382 -0.382165641 1.093940139 0.032097522 0.301084459 0.155203462 0.940334916
1341847988.301776 -1.130888939 -0.380316615 1.096361279 0.032903273 0.301805496 0.156455621 0.939868331
1341847988.333739 -1.143827200 -0.375123471 1.106906295 0.033435594 0.302948415 0.160390303 0.938818097
1341847988.369715 -1.143234253 -0.379832625 1.113477945 0.030443743 0.302413285 0.161228612 0.938948810
1341847988.401745 -1.142843485 -0.376556516 1.114117146 0.032602150 0.301769793 0.166279137 0.938202202
1341847988.433996 -1.144146442 -0.376716375 1.118827581 0.032634854 0.300175816 0.169855490 0.938071728
1341847988.469742 -1.145264268 -0.383957654 1.130590677 0.031385958 0.303266823 0.168062270 0.937442958
1341847988.502496 -1.146687150 -0.380826801 1.128102422 0.032809898 0.304209709 0.168475762 0.937014401
1341847988.537778 -1.152879000 -0.375483751 1.134151220 0.033261754 0.304762900 0.172883093 0.936015308
1341847988.569700 -1.165321112 -0.381515443 1.142697811 0.030037962 0.306092143 0.174172759 0.935451329
1341847988.601796 -1.165129423 -0.383551896 1.145141721 0.026557701 0.306508094 0.172980711 0.935641646
1341847988.637768 -1.168872237 -0.384820729 1.148550391 0.023347879 0.308592469 0.171225950 0.935364783
1341847988.669807 -1.172529101 -0.384068131 1.151363254 0.021908822 0.309489936 0.169966593 0.935332775
1341847988.706192 -1.176876783 -0.383827388 1.155575395 0.020833313 0.310638040 0.171009555 0.934786499
1341847988.737940 -1.184977293 -0.382746458 1.161758184 0.022014461 0.313237578 0.174375325 0.933268905
1341847988.769740 -1.192214251 -0.383914769 1.167589903 0.022933556 0.314124793 0.178843990 0.932102203
1341847988.806051 -1.195086956 -0.385716736 1.169165134 0.023816023 0.313836992 0.181375027 0.931687951
1341847988.837897 -1.199874282 -0.381955564 1.159738183 0.024180768 0.313048422 0.183865294 0.931455612
1341847988.873917 -1.207091331 -0.392827272 1.170974493 0.019173505 0.318334907 0.182458237 0.930056095
1341847988.937824 -1.221360207 -0.393443078 1.168130279 0.019209072 0.320867836 0.185294822 0.928623080
1341847988.966828 -1.232199430 -0.396690845 1.176749229 0.017628621 0.323155493 0.188162163 0.927283585
1341847988.998737 -1.244172812 -0.401941895 1.180936337 0.016686525 0.325556546 0.190536037 0.925975502
1341847989.034678 -1.252695680 -0.401436508 1.176604509 0.015769899 0.324227750 0.192796618 0.925989866
1341847989.066658 -1.259906530 -0.408144593 1.185657620 0.012696618 0.326120049 0.192350432 0.925465167
1341847989.098821 -1.265228510 -0.409113258 1.193434954 0.015481402 0.327191889 0.192322597 0.925050199
1341847989.134676 -1.280299902 -0.419534206 1.189425707 0.016307164 0.327676773 0.192166552 0.924896777
1341847989.166672 -1.285916090 -0.425133884 1.192119360 0.018046493 0.326738745 0.192147925 0.925200164
1341847989.202743 -1.299645662 -0.430769116 1.198111176 0.021003779 0.326179266 0.192481205 0.925265908
1341847989.234728 -1.311800718 -0.428595126 1.191049814 0.025328824 0.322732627 0.193562821 0.926140189
1341847989.266651 -1.318470120 -0.431954741 1.194454908 0.026135454 0.320736885 0.191589192 0.927220821
1341847989.302773 -1.328987598 -0.433784992 1.197179198 0.027912848 0.319389313 0.189864114 0.927988708
1341847989.334871 -1.350676060 -0.437393278 1.201988101 0.027162079 0.319568604 0.185908750 0.928749800
1341847989.366685 -1.355660439 -0.444412827 1.197954655 0.021287102 0.317994684 0.178280145 0.930936396
1341847989.402777 -1.367111206 -0.458940119 1.192305803 0.015289971 0.319832593 0.172116935 0.931584179
1341847989.434824 -1.374150753 -0.463586599 1.199367404 0.015894752 0.320754200 0.167810053 0.932042897
1341847989.470712 -1.383124709 -0.459874302 1.192437410 0.017795959 0.318837702 0.166984200 0.932814121
1341847989.502614 -1.389549255 -0.465007931 1.190222025 0.015064652 0.319174200 0.167179868 0.932712138
1341847989.534687 -1.403344870 -0.464555919 1.197296262 0.017763646 0.320266068 0.169328347 0.931902409
1341847989.570705 -1.412441015 -0.478555232 1.198939323 0.013660736 0.321482480 0.168679833 0.931670308
1341847989.602804 -1.414076805 -0.481706053 1.203748345 0.012365580 0.323597372 0.168561161 0.930977404
1341847989.634745 -1.419239283 -0.482871264 1.202297926 0.014364265 0.326193303 0.165651739 0.930565000
1341847989.670627 -1.429424763 -0.478710890 1.192159057 0.016186643 0.327070415 0.165521428 0.930250347
1341847989.702606 -1.431018353 -0.481400281 1.197036624 0.014339340 0.328763634 0.166004688 0.929597378
1341847989.738929 -1.438522339 -0.482837379 1.197623253 0.014256676 0.330869436 0.164759740 0.929072917
1341847989.770735 -1.451348305 -0.479093999 1.185507417 0.014864142 0.331716150 0.165597543 0.928612351
1341847989.802890 -1.462913513 -0.485291481 1.192427754 0.012523948 0.334694177 0.166069463 0.927493393
1341847989.838780 -1.468499899 -0.491110206 1.205074430 0.010531323 0.337182701 0.166178063 0.926596880
1341847989.870960 -1.481418490 -0.502076149 1.210509896 0.007344254 0.341619670 0.162717327 0.925616086
1341847989.902718 -1.496173739 -0.499009728 1.204219341 0.011009873 0.342985362 0.163493767 0.924937665
1341847989.938921 -1.517696857 -0.497976303 1.204866171 0.014296045 0.343472570 0.168107763 0.923884273
1341847989.970730 -1.523007154 -0.502095342 1.205989718 0.014379986 0.342069179 0.169478521 0.924153090
1341847990.006923 -1.529797554 -0.507973254 1.209089279 0.012829049 0.343799889 0.167513043 0.923892021
1341847990.039001 -1.539102554 -0.507274628 1.206391692 0.013500055 0.344788194 0.167662799 0.923486888
1341847990.070686 -1.545203924 -0.508987248 1.211193323 0.014593924 0.344972819 0.166874126 0.923544168
1341847990.106701 -1.570981622 -0.514203131 1.205268025 0.014713803 0.345925182 0.167084470 0.923147976
1341847990.139194 -1.584224463 -0.518642008 1.205821514 0.014152421 0.347165436 0.167315006 0.922649205
1341847990.171055 -1.584639907 -0.517321885 1.217173100 0.017334461 0.347909778 0.168928504 0.922020316
1341847990.207022 -1.592963934 -0.517593265 1.209527969 0.019883048 0.344463974 0.170382038 0.922994733
1341847990.238920 -1.612326503 -0.524024785 1.208682418 0.018831775 0.344089031 0.171637461 0.922924042
1341847990.274709 -1.620351911 -0.526112437 1.213304758 0.020471195 0.343737900 0.172850341 0.922793567
1341847990.306743 -1.635089159 -0.527390778 1.207585692 0.021026172 0.342667848 0.171778291 0.923379064
1341847990.339079 -1.646351814 -0.530267596 1.199687839 0.018985620 0.341045827 0.171478212 0.924079359
1341847990.374663 -1.647800803 -0.527510107 1.220813274 0.020247504 0.343862295 0.171012759 0.923094511
1341847990.406760 -1.655350924 -0.526360512 1.215695620 0.020169960 0.341500670 0.170754999 0.924020171
1341847990.442575 -1.664414883 -0.527380705 1.211326361 0.018098183 0.339989573 0.173815191 0.924049675
1341847990.474644 -1.664500952 -0.526614428 1.216175914 0.018807696 0.338846475 0.174411759 0.924342990
1341847990.506783 -1.673885584 -0.526122391 1.208482265 0.017917031 0.337597579 0.173179954 0.925049007
1341847990.542835 -1.680914879 -0.524631023 1.204091191 0.017221943 0.336743265 0.177096874 0.924631953
1341847990.574711 -1.695929408 -0.526679695 1.231024027 0.018317539 0.342274457 0.180364445 0.921944320
1341847990.606790 -1.701920867 -0.525888443 1.227267146 0.018546257 0.341469020 0.180986464 0.922116518
1341847990.642783 -1.707234383 -0.526803553 1.227278233 0.016945511 0.343066365 0.181621984 0.921429217
1341847990.674787 -1.715140343 -0.526120722 1.225184441 0.017126873 0.344107479 0.183935612 0.920578361
1341847990.710795 -1.720528126 -0.527262032 1.222654343 0.018252477 0.343022794 0.187436625 0.920255244
1341847990.742712 -1.742362022 -0.532044768 1.241235018 0.017731646 0.348538995 0.192224056 0.917200208
1341847990.774671 -1.743810177 -0.531827331 1.242861867 0.018090190 0.348122507 0.194733411 0.916821897
1341847990.810771 -1.747747660 -0.531354904 1.241458058 0.020517366 0.349032760 0.195784107 0.916200757
1341847990.842713 -1.753745794 -0.531476557 1.237769485 0.020250525 0.349436581 0.197709620 0.915639162
1341847990.874745 -1.760182858 -0.533326387 1.238441229 0.019549156 0.350694895 0.199097678 0.914872229
1341847990.910825 -1.763262987 -0.534935296 1.238741159 0.019429967 0.351962298 0.199458659 0.914309204
1341847990.942685 -1.769584179 -0.535335481 1.237082481 0.018392378 0.354098171 0.199477613 0.913501501
1341847990.978824 -1.774153829 -0.534575284 1.235477090 0.018616632 0.355315000 0.200530201 0.912793756
1341847991.010797 -1.775100946 -0.535042405 1.236713886 0.020096324 0.356282085 0.200849563 0.912315011
1341847991.042752 -1.779033899 -0.537110627 1.236364007 0.020325998 0.357137144 0.202073038 0.911705315
1341847991.078680 -1.775760889 -0.538759410 1.240362644 0.020559069 0.357199043 0.204064548 0.911232054
1341847991.111319 -1.786914349 -0.539751053 1.241221905 0.023416635 0.359762192 0.206077442 0.909700453
1341847991.142784 -1.792329192 -0.540240169 1.239623070 0.023993693 0.360471696 0.206583709 0.909289658
1341847991.178778 -1.798054934 -0.540305436 1.239391327 0.025204774 0.361885518 0.208307147 0.908301592
1341847991.210687 -1.804614067 -0.543793797 1.238766551 0.026577469 0.363229334 0.209827453 0.907375634
1341847991.246842 -1.813846827 -0.547051013 1.238084674 0.026924206 0.364319235 0.208519474 0.907230020
1341847991.278726 -1.823449969 -0.560474932 1.278277636 0.024686882 0.372427016 0.208287761 0.904049158
1341847991.310807 -1.826548219 -0.561208844 1.279155374 0.027926508 0.373657554 0.210814223 0.902860761
1341847991.346722 -1.841734409 -0.562862217 1.281661272 0.031014370 0.371950686 0.215662256 0.902319551
1341847991.378800 -1.842890143 -0.564716816 1.285135984 0.030188752 0.368721604 0.221784815 0.902188778
1341847991.414715 -1.845641136 -0.565375090 1.290281892 0.029238638 0.369082451 0.225917637 0.901046336
1341847991.446744 -1.857818842 -0.568566561 1.299317837 0.027644610 0.372492999 0.225868806 0.899704456
1341847991.478824 -1.868278265 -0.578497827 1.307268143 0.024773352 0.376784533 0.227447808 0.897600830
1341847991.514709 -1.869216204 -0.575049818 1.298513055 0.024451381 0.375423521 0.228798285 0.897836745
1341847991.546725 -1.869857788 -0.577840924 1.308865786 0.025113057 0.376801908 0.233021468 0.896153271
1341847991.578804 -1.875718117 -0.577494502 1.306517482 0.026157888 0.377267569 0.238184959 0.894568563
1341847991.614853 -1.878394485 -0.578203082 1.307409048 0.027459070 0.378921062 0.242950812 0.892546773
1341847991.646714 -1.878701210 -0.579418540 1.308714390 0.029021120 0.382142901 0.246712267 0.890088618
1341847991.689872 -1.881654382 -0.579675317 1.308470130 0.030636307 0.386463642 0.249413356 0.887412131
1341847991.714700 -1.880883336 -0.580912530 1.308543682 0.031302337 0.389556944 0.250571400 0.885708511
1341847991.746823 -1.887589693 -0.581574917 1.307650089 0.033134717 0.392295033 0.253980488 0.883459449
1341847991.782657 -1.889002323 -0.582756639 1.307937980 0.032519221 0.394499838 0.256484449 0.881775558
1341847991.814748 -1.889135718 -0.582338095 1.309270024 0.033139456 0.396925718 0.256306916 0.880714774
1341847991.846729 -1.893887520 -0.582642794 1.308738828 0.035378784 0.401382089 0.254978746 0.878991783
1341847991.882784 -1.899328113 -0.585845351 1.305793524 0.034983244 0.404135615 0.256491363 0.877304316
1341847991.915817 -1.906013250 -0.593824148 1.312278152 0.034395047 0.406590641 0.257854551 0.875792325
1341847991.950761 -1.904969454 -0.601022243 1.320375681 0.033740554 0.408354759 0.256667703 0.875345469
1341847991.982826 -1.909297585 -0.602601588 1.320240736 0.033366814 0.410860807 0.255206525 0.874614060
1341847992.014724 -1.912215114 -0.602025867 1.319885254 0.034011070 0.413446635 0.254260540 0.873645723
1341847992.050647 -1.912519455 -0.603924394 1.319400787 0.033040479 0.413812935 0.254430473 0.873459995
1341847992.082793 -1.919331074 -0.604415178 1.319652677 0.033334501 0.414185911 0.254152179 0.873353064
1341847992.114842 -1.922109723 -0.605894089 1.319888353 0.033312183 0.415166080 0.253881156 0.872967303
1341847992.150789 -1.912711501 -0.607445836 1.324306488 0.033095684 0.413256943 0.252681464 0.874228477
1341847992.182813 -1.919421315 -0.607167840 1.323185205 0.034447670 0.414091051 0.254045308 0.873385906
1341847992.218736 -1.926098585 -0.610062718 1.325940847 0.035061955 0.415405542 0.255858541 0.872207165
1341847992.250652 -1.936765790 -0.612928450 1.324248791 0.036084421 0.417961866 0.256813616 0.870662212
1341847992.282910 -1.944885731 -0.611163437 1.324133754 0.037370272 0.421225727 0.257573187 0.868808627
1341847992.318683 -1.960481524 -0.627550483 1.351867080 0.036146324 0.429432899 0.258460134 0.864568830
1341847992.350695 -1.966615796 -0.634791255 1.377800345 0.034076054 0.436015517 0.258765727 0.861260474
1341847992.382858 -1.973268509 -0.634838164 1.376757979 0.035767686 0.436804384 0.261930645 0.859834313
1341847992.418855 -1.982042789 -0.635564208 1.376179695 0.038537689 0.438544989 0.265464187 0.857742429
1341847992.450822 -1.991797328 -0.634926677 1.373068452 0.041274998 0.440008193 0.269045502 0.855747521
1341847992.486713 -2.000158787 -0.635138214 1.372969151 0.043279257 0.441040218 0.273063570 0.853842378
1341847992.518735 -2.010925293 -0.630241275 1.377952099 0.048783593 0.442641377 0.276982516 0.851451457
1341847992.550596 -2.026335239 -0.666167617 1.426744342 0.038619418 0.453545719 0.273887396 0.847225189
1341847992.586730 -2.036582232 -0.666811049 1.426440239 0.039018486 0.454330027 0.275671840 0.846207380
1341847992.618832 -2.043197155 -0.667380452 1.425496578 0.039427921 0.454714507 0.277868867 0.845262706
1341847992.654692 -2.049927711 -0.666938841 1.427342057 0.042044796 0.455484480 0.281625718 0.843476832
1341847992.686829 -2.053893566 -0.677816272 1.453555107 0.035262749 0.460150570 0.277133405 0.842742622
1341847992.718718 -2.060704231 -0.677611709 1.453379512 0.037107572 0.461330801 0.276626974 0.842184365
1341847992.754765 -2.071620703 -0.678702235 1.450551748 0.038633421 0.462230831 0.279154211 0.840787172
1341847992.786631 -2.084226608 -0.676885605 1.461354494 0.040950574 0.463668793 0.279445916 0.839788318
1341847992.818723 -2.094582796 -0.689152122 1.461155653 0.037826609 0.464579463 0.279252559 0.839495718
1341847992.854856 -2.095095396 -0.692178130 1.490743637 0.035553955 0.468184531 0.278390110 0.837877214
1341847992.886610 -2.102218151 -0.692364931 1.493347645 0.035269354 0.469357312 0.280120105 0.836655557
1341847992.922713 -2.101768970 -0.696916044 1.500180960 0.033149812 0.468175918 0.279997408 0.837444842
1341847992.954645 -2.104629993 -0.697861373 1.500845432 0.032764152 0.468521923 0.280535787 0.837086320
1341847992.986720 -2.109899998 -0.698476672 1.502635479 0.034110401 0.469751537 0.281729907 0.835941553
1341847993.022736 -2.108543634 -0.698700905 1.500730991 0.034161445 0.468271405 0.282124490 0.836636603
1341847993.054757 -2.111421108 -0.698743939 1.500839353 0.034239069 0.467136145 0.283254832 0.836886048
1341847993.086751 -2.125373125 -0.709250629 1.515086293 0.032452319 0.469448417 0.283332288 0.835636199
1341847993.122668 -2.131019831 -0.710020244 1.517436981 0.031409554 0.470418334 0.283448011 0.835091233
1341847993.154688 -2.138960361 -0.712613106 1.521469593 0.030133881 0.472373635 0.283519655 0.834009469
1341847993.190779 -2.139281750 -0.711772323 1.524321318 0.031192532 0.474375308 0.283875585 0.832712352
1341847993.222703 -2.142229080 -0.717325330 1.534959078 0.033306096 0.475496918 0.285107493 0.831569076
1341847993.261799 -2.148704767 -0.718504012 1.534697294 0.036767974 0.475103170 0.287306041 0.830891311
1341847993.291547 -2.151435852 -0.723768532 1.542507172 0.038698699 0.476848662 0.289215088 0.829139650
1341847993.322794 -2.154071808 -0.726295948 1.542559385 0.040862367 0.478340268 0.290719450 0.827649117
1341847993.354702 -2.146757364 -0.732077599 1.567732096 0.038964577 0.485389680 0.290844023 0.823582709
1341847993.390722 -2.148034573 -0.732589185 1.569279552 0.039643731 0.486024559 0.291682065 0.822879195
1341847993.422745 -2.151158333 -0.733789563 1.570704937 0.039687552 0.487435222 0.291942179 0.821949899
1341847993.458848 -2.150379181 -0.737062514 1.577065468 0.039899427 0.489459723 0.292913824 0.820389450
1341847993.490680 -2.155549765 -0.738552630 1.576425314 0.042286247 0.489170671 0.294905394 0.819728494
1341847993.522707 -2.164452553 -0.745610356 1.594504118 0.044741567 0.489237934 0.299598455 0.817853987
1341847993.558719 -2.170758486 -0.748093486 1.596661329 0.045887079 0.488720268 0.304663092 0.816227496
1341847993.590981 -2.175359249 -0.750252903 1.609714031 0.046537332 0.489547133 0.307819963 0.814508975
1341847993.626764 -2.176635265 -0.753079295 1.613558054 0.043498047 0.488638997 0.307776570 0.815238237
1341847993.658928 -2.180861473 -0.767611325 1.630590677 0.038036052 0.488753259 0.310765415 0.814308524
1341847993.690739 -2.179100275 -0.767930329 1.643284082 0.035024744 0.488405645 0.313270569 0.813692153
1341847993.727062 -2.181359768 -0.771846771 1.649827600 0.032251742 0.489914119 0.311660975 0.813517928
1341847993.758693 -2.183946133 -0.775083661 1.652367830 0.029908802 0.492581695 0.309738845 0.812730312
1341847993.790887 -2.185736418 -0.775928617 1.653817654 0.029802278 0.493449777 0.309796482 0.812185526
1341847993.826735 -2.189707756 -0.782622278 1.663039923 0.029801670 0.493031055 0.311132669 0.811929047
1341847993.858891 -2.192281961 -0.796982408 1.672587395 0.025177598 0.493978143 0.310913861 0.811593652
1341847993.901726 -2.192904472 -0.799332380 1.676616907 0.023018934 0.494955808 0.310784131 0.811111689
1341847993.933661 -2.194391966 -0.799116492 1.678022623 0.025608603 0.494716763 0.310865760 0.811148584
1341847993.965821 -2.197272778 -0.805027127 1.681720495 0.023832699 0.495874047 0.310566276 0.810610652
1341847994.001991 -2.191134930 -0.812574565 1.690893531 0.019147405 0.499134183 0.309575319 0.809111655
1341847994.034008 -2.197267056 -0.813385248 1.689756274 0.022952002 0.501268506 0.308074951 0.808265388
1341847994.065706 -2.198953390 -0.825631201 1.698500633 0.022052534 0.504813790 0.309194297 0.805652320
1341847994.101772 -2.198012114 -0.826701343 1.700519323 0.022693483 0.505742788 0.309991211 0.804745138
1341847994.133885 -2.206730366 -0.835734665 1.710720897 0.024924168 0.509714544 0.308901161 0.802589595
1341847994.169705 -2.212645054 -0.836674392 1.700884819 0.028112570 0.509893477 0.309496552 0.802141070
1341847994.201675 -2.210449219 -0.838698506 1.707015395 0.029578136 0.511350632 0.312591285 0.799957752
1341847994.233618 -2.210218906 -0.847957253 1.723013401 0.034094661 0.514893532 0.315331668 0.796422124
1341847994.269680 -2.220366478 -0.857517004 1.723074198 0.036048677 0.516454279 0.314891487 0.795499086
1341847994.301751 -2.223108768 -0.860895216 1.729129791 0.035508595 0.518791139 0.315330267 0.793827355
1341847994.333755 -2.228038788 -0.861396551 1.730510235 0.039953206 0.520426691 0.315895110 0.792319417
1341847994.369712 -2.234735489 -0.868296623 1.739964962 0.041974746 0.523644507 0.315637648 0.790194631
1341847994.401655 -2.235734463 -0.872483253 1.740168333 0.042969473 0.523933649 0.316845655 0.789465725
1341847994.433802 -2.238465309 -0.871275365 1.736302614 0.047481000 0.522873819 0.318037510 0.789430678
1341847994.469690 -2.243150234 -0.889955342 1.760507703 0.045575440 0.525814891 0.319271833 0.787087798
1341847994.501736 -2.248738050 -0.893284440 1.762794495 0.046708282 0.525770068 0.320815027 0.786423564
1341847994.537738 -2.250160694 -0.897950828 1.774603844 0.048684873 0.528094590 0.322848082 0.783910155
1341847994.569734 -2.259396076 -0.903782010 1.775571823 0.050321762 0.528092444 0.325588495 0.782673776
1341847994.601688 -2.260046959 -0.906436145 1.777717352 0.048281115 0.527889788 0.328020960 0.781923056
1341847994.637836 -2.269694328 -0.906261921 1.777932405 0.049592558 0.528136849 0.329453528 0.781071424
1341847994.669750 -2.276114464 -0.920412004 1.802315235 0.048504747 0.531356871 0.331220537 0.778203249
1341847994.701643 -2.279296875 -0.921732962 1.804606915 0.046424165 0.531132519 0.332537830 0.777921438
1341847994.769803 -2.291759014 -0.934097588 1.817185283 0.045522965 0.535563231 0.334054232 0.774278700
1341847994.798790 -2.304525852 -0.940426648 1.826878786 0.044562612 0.539156497 0.336606681 0.770727277
1341847994.831306 -2.301103592 -0.944349766 1.827841282 0.037346818 0.537725031 0.339867324 0.770679712
1341847994.866828 -2.305610657 -0.948130488 1.838656902 0.036623806 0.538236618 0.343238443 0.768861175
1341847994.898727 -2.311069489 -0.953958273 1.854987383 0.035521757 0.540225506 0.344791204 0.766820550
1341847994.930711 -2.313325882 -0.954280198 1.856586456 0.032717764 0.540769637 0.344774485 0.766569197
1341847994.966673 -2.315106869 -0.959196866 1.861792564 0.031248767 0.542840660 0.346363872 0.764447331
1341847994.998679 -2.317032337 -0.963059247 1.869287014 0.032350414 0.545406580 0.347577393 0.762020469
1341847995.030768 -2.321822405 -0.969462812 1.877443552 0.031429213 0.548411787 0.351011753 0.758318841
1341847995.066673 -2.319614172 -0.974770963 1.883678198 0.031541463 0.550603807 0.353288323 0.755663991
1341847995.098711 -2.322264194 -0.977229953 1.885136485 0.033185344 0.553677738 0.353792429 0.753107309
1341847995.134939 -2.330554724 -0.983178377 1.890179634 0.032988768 0.557333946 0.355046719 0.749821663
1341847995.166644 -2.327495575 -0.985143006 1.892885208 0.034334444 0.559069932 0.356834203 0.747617185
1341847995.198787 -2.335232496 -0.985985100 1.891299725 0.037128363 0.560875118 0.356550366 0.746265650
1341847995.234663 -2.338464260 -0.991032124 1.894773126 0.037016351 0.562863946 0.357921392 0.744114459
1341847995.266776 -2.333994150 -0.997990906 1.902944088 0.036045287 0.564408600 0.359251082 0.742349267
1341847995.298812 -2.339941978 -1.002391338 1.911767840 0.039884377 0.567439497 0.359377682 0.739776552
1341847995.334686 -2.341751575 -1.004677057 1.921157598 0.039213918 0.569872797 0.360371143 0.737455130
1341847995.366701 -2.340944052 -1.005200624 1.923764467 0.038575158 0.570795596 0.361216247 0.736360788
1341847995.402793 -2.347254276 -1.012736678 1.929320097 0.038542841 0.572447300 0.360639811 0.735362232
1341847995.434743 -2.347736597 -1.017086625 1.932807565 0.037257962 0.572895229 0.361772656 0.734522641
1341847995.466776 -2.344167709 -1.021200061 1.942569733 0.035927601 0.575063586 0.361695170 0.732930958
1341847995.502702 -2.344584942 -1.022947907 1.956553340 0.037979677 0.577315807 0.360549510 0.731620133
1341847995.534752 -2.337928057 -1.025030613 1.964195132 0.039951939 0.576373816 0.363450885 0.730821908
1341847995.566681 -2.344680786 -1.032143116 1.966775537 0.042560544 0.574416757 0.369263858 0.729299903
1341847995.602698 -2.340883017 -1.034185171 1.979443550 0.043736473 0.573000014 0.374320596 0.727765262
1341847995.634814 -2.342684746 -1.034489155 1.974645019 0.043373607 0.570460796 0.377468526 0.728155792
1341847995.670769 -2.340235472 -1.037156582 1.987341285 0.040483799 0.572090387 0.377563030 0.726993799
1341847995.702780 -2.338274717 -1.040105581 1.998673797 0.038751971 0.573594987 0.380999655 0.724103928
1341847995.734774 -2.335011005 -1.045084119 2.003074884 0.037401877 0.573340476 0.382933497 0.723355889
1341847995.770704 -2.337967396 -1.048061132 2.008167267 0.037561890 0.573519349 0.384091884 0.722591281
1341847995.802752 -2.338488102 -1.049896240 2.010426283 0.037420202 0.573843420 0.386104941 0.721267283
1341847995.838779 -2.336144924 -1.048820853 2.010903358 0.037875161 0.573716640 0.386084437 0.721355319
1341847995.870641 -2.335899591 -1.053664446 2.016515255 0.037737966 0.575249314 0.386137843 0.720112264
1341847995.902803 -2.339192629 -1.054886341 2.018182278 0.036134977 0.576191425 0.386701524 0.719138145
1341847995.938733 -2.337631702 -1.057195663 2.021270037 0.035595253 0.577614069 0.387225360 0.717740595
1341847995.970733 -2.337806463 -1.060996294 2.023970604 0.036578920 0.580005825 0.387801409 0.715447724
1341847996.002709 -2.337345839 -1.061872721 2.030185699 0.034992252 0.582746148 0.387997448 0.713190377
1341847996.038762 -2.330332041 -1.063609362 2.034262896 0.033811465 0.584892452 0.388144910 0.711407900
1341847996.070721 -2.331415653 -1.068056822 2.039588213 0.036105447 0.587593257 0.387770295 0.709270597
1341847996.106729 -2.337888002 -1.072161317 2.037205458 0.036119122 0.588970721 0.387341529 0.708361208
1341847996.138845 -2.333190680 -1.071405411 2.038208485 0.035756405 0.591107905 0.387764335 0.706365228
1341847996.170714 -2.338395596 -1.075462937 2.039098501 0.038666070 0.594204485 0.387094170 0.703977406
1341847996.206643 -2.343253851 -1.077105165 2.037948132 0.038410652 0.596555412 0.385422111 0.702919781
1341847996.239003 -2.342652321 -1.078393340 2.038942337 0.036966849 0.598269701 0.386087298 0.701173007
1341847996.270754 -2.343321085 -1.080782652 2.041742325 0.037290696 0.599591255 0.387819231 0.699068010
1341847996.306636 -2.344707251 -1.082382321 2.043246746 0.038342062 0.600142360 0.389434010 0.697639048
1341847996.338944 -2.346427679 -1.084597707 2.045526266 0.037907999 0.601766348 0.390455127 0.695690334
1341847996.374711 -2.345176935 -1.084844351 2.048762798 0.036993276 0.604008257 0.390997499 0.693488717
1341847996.406705 -2.346554279 -1.087971210 2.052023411 0.038850520 0.606396079 0.392886907 0.690227747
1341847996.438632 -2.351897240 -1.090553999 2.064457178 0.039665811 0.609624684 0.393244058 0.687127054
1341847996.474783 -2.350460052 -1.091588616 2.066832781 0.039459005 0.610633850 0.394458443 0.685544908
1341847996.506707 -2.350528955 -1.094251037 2.069467306 0.042544115 0.611855268 0.395829260 0.683478236
1341847996.538771 -2.359052420 -1.097701430 2.071708918 0.044253100 0.613696933 0.396076560 0.681572556
1341847996.574796 -2.365488291 -1.103472590 2.075860500 0.042417582 0.614072323 0.398103714 0.680168688
1341847996.607104 -2.365664005 -1.104855418 2.080050468 0.042523552 0.615001023 0.398538738 0.679067373
1341847996.642752 -2.369790077 -1.106922507 2.087492228 0.042201485 0.615548551 0.400983036 0.677149713
1341847996.674774 -2.368192196 -1.108801126 2.099591017 0.038093865 0.616047740 0.402168572 0.676235497
1341847996.706896 -2.367174625 -1.108546138 2.103359222 0.036220104 0.618535101 0.402545303 0.673839509
1341847996.742663 -2.371658564 -1.112649441 2.105822563 0.031230992 0.621463120 0.403836697 0.670614839
1341847996.774747 -2.369877577 -1.111082792 2.108508825 0.027654897 0.622976542 0.405232459 0.668522418
1341847996.806787 -2.377154827 -1.114864111 2.111512661 0.028539125 0.624576509 0.407310069 0.665723860
1341847996.842763 -2.382549763 -1.116742611 2.113199711 0.029104700 0.625095367 0.409800231 0.663681090
1341847996.874766 -2.382623196 -1.119944215 2.120670795 0.029284881 0.625422895 0.411912411 0.662055016
1341847996.910785 -2.381241560 -1.125057697 2.133316278 0.030539433 0.626986921 0.412153721 0.660366714
1341847996.942686 -2.387681723 -1.131647110 2.142480373 0.032600913 0.627686679 0.413337111 0.658861995
1341847996.974782 -2.390434027 -1.138886333 2.147750139 0.034625214 0.627398252 0.414371401 0.658383548
1341847997.010744 -2.397316933 -1.145370245 2.153558969 0.036461063 0.628463447 0.414054722 0.657467186
1341847997.042675 -2.398742676 -1.146650195 2.160758495 0.037314516 0.628578842 0.413938493 0.657382190
1341847997.078725 -2.399375916 -1.151861668 2.167379379 0.038353093 0.628512800 0.413822085 0.657458842
1341847997.110693 -2.406628609 -1.161623001 2.177966595 0.037811585 0.629387498 0.413015544 0.657160461
1341847997.142993 -2.410399199 -1.167207956 2.186910152 0.037177835 0.630171061 0.411798716 0.657209396
1341847997.178794 -2.412821054 -1.169812441 2.189563990 0.038016487 0.629479170 0.410568714 0.658592522
1341847997.210888 -2.417400122 -1.173272848 2.191658020 0.037360307 0.628617406 0.409553975 0.660083234
1341847997.242959 -2.419874430 -1.177273870 2.198522091 0.036240425 0.628634512 0.409718692 0.660027206
1341847997.278756 -2.420465946 -1.180960178 2.207921267 0.035773911 0.629009068 0.410215288 0.659387112
1341847997.311412 -2.425291061 -1.188779116 2.217942238 0.034105059 0.630139172 0.409642965 0.658752024
1341847997.346642 -2.423699141 -1.189360380 2.219729185 0.034027167 0.631008029 0.409685254 0.657897472
1341847997.378668 -2.425545454 -1.192990422 2.222568274 0.034760218 0.632940769 0.409856081 0.655893087
1341847997.410817 -2.423925400 -1.196204543 2.226192236 0.034609441 0.634500444 0.410475701 0.654003918
1341847997.446693 -2.419565916 -1.201596737 2.231474876 0.035276275 0.636839747 0.408892810 0.652684748
1341847997.478752 -2.420193434 -1.211537838 2.243727446 0.035528339 0.641821742 0.407612741 0.648578882
1341847997.510941 -2.417699814 -1.212669373 2.245427608 0.034966141 0.643600881 0.408448398 0.646316767
1341847997.546599 -2.417028666 -1.216207862 2.251766443 0.035244130 0.645742834 0.407587409 0.644706547
1341847997.578740 -2.418988943 -1.219425440 2.253065586 0.035452671 0.647472858 0.406176925 0.643849611
1341847997.614736 -2.418806791 -1.223827600 2.252496958 0.034176428 0.649463117 0.405854166 0.642115355
1341847997.646995 -2.411269665 -1.238517284 2.271596432 0.032268565 0.653793633 0.404412746 0.638719797
1341847997.678842 -2.404548407 -1.239172220 2.274910927 0.035243265 0.654562414 0.404365689 0.637804329
1341847997.714639 -2.401831865 -1.243038654 2.287139416 0.036750566 0.656548738 0.402717799 0.636719406
1341847997.746602 -2.399138689 -1.248782158 2.292914629 0.037212472 0.658928096 0.401261598 0.635152161
1341847997.778734 -2.405116081 -1.252184153 2.290946484 0.040028013 0.659823954 0.399945796 0.634880662
1341847997.814628 -2.398004532 -1.265228510 2.312965393 0.039218057 0.662961245 0.398427635 0.632613540
1341847997.846906 -2.395945787 -1.270473361 2.319222927 0.041553099 0.663590193 0.399695575 0.631003082
1341847997.882641 -2.396596909 -1.276553869 2.327715397 0.043318033 0.664592505 0.402497411 0.628041565
1341847997.915169 -2.387840509 -1.275072336 2.330712080 0.044992451 0.664161503 0.405374765 0.626527309
1341847997.946999 -2.390104532 -1.282631159 2.350278854 0.047234192 0.665841997 0.406689405 0.623720348
1341847997.982715 -2.384521723 -1.284095526 2.354472399 0.048826460 0.664802313 0.409466356 0.622889519
1341847998.014866 -2.380782604 -1.293142796 2.362885952 0.049358465 0.665697515 0.410716385 0.621065795
1341847998.050805 -2.375867844 -1.298304796 2.371335983 0.050344005 0.666144669 0.411042660 0.620290875
1341847998.082631 -2.372135401 -1.308090806 2.380511284 0.051217761 0.665031552 0.412676781 0.620328724
1341847998.122275 -2.376226902 -1.307959795 2.379447460 0.053648178 0.661308646 0.414778262 0.622697175
1341847998.154051 -2.373939276 -1.311698914 2.384076834 0.052823342 0.660206258 0.416065633 0.623078525
1341847998.185663 -2.370443583 -1.323580503 2.395531416 0.050690778 0.660320580 0.416529983 0.622824311
1341847998.253760 -2.367512226 -1.330579400 2.411816120 0.048206978 0.659912288 0.414174348 0.625021160
1341847998.283062 -2.366548777 -1.335804701 2.415225506 0.047749251 0.658840477 0.413352430 0.626728833
1341847998.318804 -2.360765696 -1.348597050 2.431367159 0.047623388 0.659354925 0.413300127 0.626231611
1341847998.351206 -2.365236998 -1.345500350 2.422810555 0.047528762 0.655471206 0.414150774 0.629744172
1341847998.382723 -2.363861322 -1.340749383 2.424800396 0.048210099 0.652996242 0.412601739 0.633270562
1341847998.419237 -2.360239744 -1.362452030 2.449683189 0.043454491 0.655335367 0.410153389 0.632788658
1341847998.450786 -2.357412815 -1.364398003 2.452313662 0.040357925 0.654147863 0.409916133 0.634374142
1341847998.484037 -2.356622696 -1.366787434 2.457155943 0.039478537 0.651715159 0.409830302 0.636983454
1341847998.518722 -2.354688644 -1.370365620 2.465467691 0.037362695 0.650726318 0.408964127 0.638676584
1341847998.550746 -2.353859425 -1.373310328 2.473192930 0.035081718 0.649990380 0.407328844 0.640597403
1341847998.586740 -2.353281975 -1.375908136 2.477263689 0.033776730 0.649219990 0.406847715 0.641753435
1341847998.618771 -2.350905657 -1.378279924 2.481744528 0.033362500 0.647678256 0.407266259 0.643066108
1341847998.650736 -2.353117943 -1.380594611 2.486695766 0.031211313 0.647313714 0.407050520 0.643677533
1341847998.686862 -2.351596594 -1.386144996 2.499952078 0.028003374 0.648509145 0.406323910 0.643080533
1341847998.718741 -2.350674868 -1.403197289 2.521399260 0.028139906 0.650173903 0.406991631 0.640968025
1341847998.750838 -2.353818655 -1.407929301 2.525300741 0.028666718 0.649036407 0.408226430 0.641312182
1341847998.786762 -2.350136995 -1.406527162 2.528161526 0.029227791 0.647337735 0.410238236 0.641719759
1341847998.818756 -2.351527452 -1.409419656 2.535980225 0.029570255 0.648927867 0.409884363 0.640322685
1341847998.854711 -2.357854843 -1.420163155 2.553930521 0.026855187 0.651651740 0.408327460 0.638668537
1341847998.886699 -2.358393669 -1.428144693 2.560805321 0.026259944 0.651100516 0.410299689 0.637991190
1341847998.918666 -2.357585907 -1.432481527 2.565742016 0.027663482 0.649090052 0.414922208 0.636990130
1341847998.954799 -2.357205629 -1.430819035 2.570237398 0.027663669 0.646957874 0.418069214 0.637101591
1341847998.986722 -2.363910198 -1.439717889 2.584509611 0.025613435 0.646487236 0.418386877 0.637456477
1341847999.018809 -2.363469601 -1.443540692 2.593412876 0.025423998 0.646258414 0.419492692 0.636969090
1341847999.054894 -2.365190029 -1.448220491 2.599179983 0.025129290 0.646308124 0.422064602 0.635228992
1341847999.086763 -2.367160559 -1.450023532 2.597343206 0.023447566 0.643007696 0.424630284 0.636930525
1341847999.122718 -2.368957996 -1.458111405 2.614400864 0.021319037 0.644159079 0.424238950 0.636102080
1341847999.154891 -2.369081974 -1.459124207 2.616569042 0.020589199 0.644920886 0.425437689 0.634551764
1341847999.186738 -2.366395712 -1.459841490 2.619733334 0.020607818 0.646397173 0.426923186 0.632046461
1341847999.222717 -2.362703800 -1.459675312 2.624929905 0.021035243 0.649089634 0.425488293 0.630237997
1341847999.254873 -2.362715006 -1.460245371 2.624899149 0.023149097 0.651780307 0.424783856 0.627857685
1341847999.290995 -2.359009743 -1.476136923 2.643105745 0.024734963 0.657887518 0.426231354 0.620402396
1341847999.322701 -2.357738495 -1.479122639 2.648407459 0.029300567 0.659062624 0.428545922 0.617354333
1341847999.354861 -2.356080770 -1.484073639 2.650608301 0.034169458 0.658792377 0.431549132 0.615297019
1341847999.390790 -2.358110666 -1.484245777 2.655594110 0.036424562 0.661222994 0.431410223 0.612652123
1341847999.423935 -2.358974695 -1.491417170 2.665587425 0.036364380 0.664653778 0.431577355 0.608813584
1341847999.454933 -2.356346130 -1.492030859 2.667530775 0.037779897 0.667903781 0.431147307 0.605466187
1341847999.490878 -2.356914282 -1.492839575 2.667387962 0.039642025 0.671365678 0.431539506 0.601224124
1341847999.522673 -2.353636265 -1.502861500 2.677176476 0.041786622 0.676127732 0.436401725 0.592164397
1341847999.558926 -2.346390247 -1.502265334 2.678396463 0.046396110 0.677519560 0.440976083 0.586817503
1341847999.590686 -2.345198631 -1.505452275 2.688734770 0.046974771 0.680673659 0.440667033 0.583343208
1341847999.622896 -2.343011379 -1.505715251 2.690412521 0.046970602 0.683102429 0.442388594 0.579186618
1341847999.658843 -2.332598448 -1.506008625 2.695153236 0.048011854 0.686028361 0.444090098 0.574320376
1341847999.691111 -2.328477383 -1.514702559 2.705874443 0.049160536 0.689719141 0.444768399 0.569255590
1341847999.722697 -2.321463585 -1.517202616 2.712450266 0.047991950 0.691760600 0.446147174 0.565788627
1341847999.758778 -2.312311888 -1.519670248 2.709641933 0.048446774 0.693003893 0.447954476 0.562792540
1341847999.791003 -2.309329271 -1.524035096 2.713315487 0.050857477 0.695646226 0.448636115 0.558762550
1341847999.826747 -2.306922436 -1.528127313 2.719229460 0.050815593 0.697778344 0.449509531 0.555395782
1341847999.858757 -2.304658175 -1.525025368 2.720621109 0.052525546 0.699504137 0.452425867 0.550677776
1341847999.897730 -2.291678429 -1.526699662 2.724541903 0.053862281 0.700938046 0.458914727 0.543306530
1341847999.927117 -2.284203529 -1.531008601 2.740018845 0.053740345 0.703270495 0.463064969 0.536743402
1341847999.958786 -2.278458118 -1.528468609 2.740782738 0.053753208 0.703815162 0.468195111 0.531552672
1341847999.990848 -2.269849539 -1.525208831 2.742705822 0.052874498 0.703992724 0.472821027 0.527293861
1341848000.026656 -2.262736082 -1.524703026 2.746476173 0.053057179 0.704639137 0.476075679 0.523469806
1341848000.058724 -2.258167028 -1.525710106 2.745458841 0.051160317 0.704865098 0.479591697 0.520134330
1341848000.094780 -2.251732349 -1.527423382 2.757262230 0.048527014 0.707261741 0.482610136 0.514308691
1341848000.126737 -2.248683929 -1.530383587 2.760282040 0.046246700 0.708931565 0.485544205 0.509435058
1341848000.158633 -2.239442348 -1.525326490 2.764175653 0.043093070 0.710363328 0.488458037 0.504911542
1341848000.194808 -2.234139919 -1.527455568 2.765009880 0.040245652 0.710856020 0.491029084 0.501950681
1341848000.227063 -2.230733633 -1.527070761 2.763898373 0.039307367 0.710827708 0.494067878 0.499075115
1341848000.266975 -2.217453003 -1.529640675 2.772521019 0.036517926 0.711801469 0.497233123 0.494736731
1341848000.295643 -2.212468624 -1.529276490 2.774122238 0.035761297 0.712742627 0.499189943 0.491455644
1341848000.327132 -2.208242178 -1.531785131 2.776531219 0.034893550 0.712934852 0.502195358 0.488166094
1341848000.362696 -2.200388432 -1.528665900 2.781220675 0.033261951 0.712633252 0.504258633 0.486590922
1341848000.394654 -2.193297148 -1.529411077 2.781909466 0.032268096 0.713147223 0.505836546 0.484261632
1341848000.426772 -2.186619520 -1.526293397 2.788074493 0.032943442 0.714351058 0.506985664 0.481230527
1341848000.462696 -2.181166172 -1.522987723 2.788251400 0.031521618 0.714356482 0.508271396 0.479959875
1341848000.494711 -2.174071789 -1.522820234 2.789719105 0.030151628 0.715637088 0.508358419 0.478044152
1341848000.530849 -2.170764923 -1.525413871 2.792467117 0.030539997 0.717265666 0.508626163 0.475285858
1341848000.562770 -2.162096262 -1.522721410 2.792466879 0.031491928 0.717524707 0.509439468 0.473959863
1341848000.594838 -2.158336639 -1.521966577 2.792187452 0.032544896 0.719283104 0.509215295 0.471457779
1341848000.630641 -2.146329165 -1.526715398 2.795369148 0.031236369 0.721783698 0.509357512 0.467554808
1341848000.662663 -2.142294884 -1.526055455 2.795021534 0.032926757 0.723785043 0.508877277 0.464860260
1341848000.695377 -2.138547421 -1.525141597 2.796057463 0.034094956 0.726282775 0.508190334 0.461620450
1341848000.730805 -2.128204107 -1.527321935 2.798877239 0.034194309 0.728397310 0.509203911 0.457142711
1341848000.762655 -2.120167494 -1.531297207 2.802515507 0.035389487 0.730546534 0.509398162 0.453390390
1341848000.798741 -2.112114668 -1.534273386 2.806974173 0.037827455 0.732836068 0.509673953 0.449169040
1341848000.830729 -2.106721401 -1.531280994 2.806699038 0.040533904 0.733786702 0.509842396 0.447185576
1341848000.862750 -2.105863333 -1.534318566 2.807985544 0.043414250 0.735941410 0.509039938 0.444279045
1341848000.898723 -2.090109825 -1.543707371 2.815364361 0.042283181 0.738667250 0.510151505 0.438552469
1341848000.930722 -2.079729080 -1.542381406 2.817800522 0.045098163 0.738500953 0.512197852 0.436160445
1341848000.963197 -2.074120045 -1.543165088 2.821130276 0.045967687 0.739226341 0.512609959 0.434353054
1341848000.998783 -2.067778587 -1.540469646 2.821948051 0.046452507 0.740292966 0.512093663 0.433091998
1341848001.030740 -2.055938721 -1.543492913 2.827561378 0.047087871 0.741655707 0.512363672 0.430363804
1341848001.067042 -2.044061184 -1.554945707 2.834862232 0.047888290 0.742225945 0.514482915 0.426749110
1341848001.098800 -2.046153069 -1.546249270 2.829908371 0.052268539 0.741121471 0.515998840 0.426323920
1341848001.130714 -2.035689354 -1.550894260 2.835994482 0.052133758 0.743261874 0.516043723 0.422543168
1341848001.205951 -2.020819664 -1.545380712 2.839391947 0.051261883 0.745725274 0.515268683 0.419242531
1341848001.233611 -2.013331890 -1.547351122 2.844480276 0.047459695 0.748241603 0.513826728 0.416970313
1341848001.266775 -2.007420063 -1.543181181 2.844213247 0.044563904 0.749767840 0.512389362 0.416316599
1341848001.299150 -2.000238419 -1.542593122 2.846400738 0.043965805 0.751812935 0.512942851 0.411987901
1341848001.334803 -1.995375872 -1.551704288 2.858739376 0.040690187 0.755667508 0.513687849 0.404271871
1341848001.366701 -1.988322854 -1.546467423 2.859417677 0.037703197 0.758122563 0.512605190 0.401328623
1341848001.399276 -1.981889248 -1.544520140 2.860655546 0.035316925 0.760414720 0.512517929 0.397300363
1341848001.434718 -1.972261310 -1.544404030 2.859509706 0.034411669 0.762501478 0.514142573 0.391235024
1341848001.466720 -1.963686824 -1.547021866 2.859738350 0.031766057 0.764400184 0.515453696 0.385993034
1341848001.502686 -1.962532043 -1.538303375 2.861967087 0.029784298 0.767136395 0.515506208 0.380615354
1341848001.534905 -1.957345605 -1.536067963 2.859828711 0.028055852 0.769590735 0.515501559 0.375767291
1341848001.567011 -1.953352571 -1.537064075 2.861988544 0.026867123 0.774193645 0.512670875 0.370231062
1341848001.602899 -1.946867704 -1.534024715 2.861180782 0.025323696 0.776784360 0.514814615 0.361843646
1341848001.634657 -1.927357078 -1.527882814 2.860124350 0.023381017 0.778958678 0.516572595 0.354724467
1341848001.666646 -1.931634188 -1.526849985 2.862676144 0.027051050 0.782285511 0.514702499 0.349827081
1341848001.702767 -1.916121483 -1.527786970 2.859708786 0.024058372 0.783681095 0.515649378 0.345500857
1341848001.734859 -1.906137586 -1.522245407 2.860432625 0.021937340 0.785691738 0.515157282 0.341789693
1341848001.770725 -1.912389636 -1.522178411 2.858228207 0.027697437 0.787458062 0.514561236 0.338185549
1341848001.802763 -1.916325092 -1.549037457 2.859961748 0.024306349 0.788043201 0.516292572 0.334423721
1341848001.834761 -1.908937812 -1.547705412 2.857093811 0.022710664 0.788243890 0.519672573 0.328779936
1341848001.870724 -1.902419090 -1.543636560 2.851829529 0.024836719 0.789121389 0.520885229 0.324575484
1341848001.902749 -1.888955712 -1.545631886 2.862488270 0.019841745 0.793206990 0.516795754 0.321482688
1341848001.934732 -1.886712074 -1.543725729 2.863811255 0.021441095 0.793240130 0.519857526 0.316320419
1341848001.970708 -1.877583385 -1.545362473 2.857444286 0.024804600 0.792717218 0.522919834 0.312312424
1341848002.002731 -1.874043703 -1.538364887 2.860526800 0.027287459 0.795086086 0.520301700 0.310450882
1341848002.038858 -1.882189512 -1.530433178 2.854986191 0.031608935 0.794015825 0.521713197 0.310411096
1341848002.070767 -1.877840519 -1.507812738 2.840977430 0.039788991 0.792995512 0.523281276 0.309437871
1341848002.102720 -1.849634886 -1.545831680 2.854758263 0.028205119 0.796367645 0.525313973 0.298409671
1341848002.138653 -1.846730709 -1.537669659 2.847166061 0.029163653 0.795957983 0.525212467 0.299586892
1341848002.171849 -1.848118186 -1.529188871 2.846679926 0.032282762 0.796815872 0.525764346 0.295997053
1341848002.202698 -1.835794687 -1.527825117 2.845316887 0.032241441 0.797407091 0.526904523 0.292359471
1341848002.238731 -1.825319290 -1.518413782 2.845154762 0.032834694 0.798499465 0.525574386 0.291705608
1341848002.270763 -1.819077969 -1.525498629 2.849537373 0.027071729 0.800009251 0.525113046 0.288978547
1341848002.306708 -1.816585898 -1.519702196 2.846117735 0.025640192 0.799551070 0.526445925 0.287950397
1341848002.338850 -1.806731701 -1.517194986 2.849349976 0.023722285 0.800548315 0.527190328 0.283954352
1341848002.370786 -1.804172039 -1.513484240 2.847294569 0.024483318 0.799796522 0.530512094 0.279791176
1341848002.406793 -1.799431086 -1.499521017 2.835659027 0.028214987 0.797130644 0.534513354 0.279431731
1341848002.438766 -1.796182632 -1.502007961 2.835203886 0.025073368 0.798508465 0.533047318 0.278596729
1341848002.474697 -1.790007472 -1.495107651 2.834552526 0.025385763 0.797824919 0.535772383 0.275279909
1341848002.506756 -1.782940745 -1.495591164 2.835760832 0.022514457 0.797462165 0.536167383 0.275811225
1341848002.538812 -1.762785554 -1.489855766 2.837902069 0.019495757 0.798853576 0.536974788 0.270390719
1341848002.574707 -1.760623693 -1.488862276 2.840625763 0.018249108 0.797890663 0.540364385 0.266540527
1341848002.606780 -1.740741253 -1.493329525 2.838727236 0.013474638 0.796891570 0.542581618 0.265306383
1341848002.639359 -1.747750163 -1.480926991 2.843268871 0.014625735 0.797976911 0.540601254 0.266025156
1341848002.674651 -1.761238933 -1.472954750 2.829587460 0.017231690 0.792835414 0.545854330 0.270477623
1341848002.713789 -1.730828285 -1.468584538 2.836842299 0.010098141 0.792816401 0.547546685 0.267456174
1341848002.742817 -1.726804733 -1.457695007 2.835622072 0.012274357 0.792276025 0.546760142 0.270557791
1341848002.774760 -1.708309412 -1.466167212 2.839753628 0.005733806 0.790514827 0.552231729 0.264751881
1341848002.806780 -1.686826468 -1.462229967 2.842863560 0.003724954 0.790749013 0.552087665 0.264388561
1341848002.842833 -1.713225126 -1.456994295 2.854164362 0.012813538 0.792535961 0.548056543 0.267126679
1341848002.875238 -1.723391294 -1.455197096 2.851043701 0.018475404 0.791145921 0.547626734 0.271756947
1341848002.906656 -1.684376478 -1.450713873 2.848081350 0.013356539 0.790423572 0.549905121 0.269548714
1341848002.943323 -1.686813116 -1.450011253 2.842925787 0.015378977 0.788346350 0.548589051 0.278071433
1341848002.974597 -1.678253055 -1.448479414 2.845494270 0.017056907 0.787171602 0.547021627 0.284318954
1341848003.010885 -1.669478059 -1.436741829 2.839444399 0.017041564 0.786110044 0.545617163 0.289901018
1341848003.042638 -1.668570042 -1.428704500 2.842370987 0.023895571 0.787589550 0.541650116 0.292825758
1341848003.074988 -1.671236277 -1.429805040 2.846866131 0.025346719 0.786977589 0.540333033 0.296755940
1341848003.110641 -1.658859730 -1.425241232 2.849934101 0.024961503 0.786252737 0.539929867 0.299431652
1341848003.142626 -1.664771318 -1.426564455 2.846647739 0.026871841 0.785221815 0.538860738 0.303864747
1341848003.175700 -1.650286436 -1.417182446 2.850388050 0.022825098 0.786537349 0.535258412 0.307142228
1341848003.210749 -1.653901935 -1.420046568 2.853015184 0.021311231 0.786453426 0.536030710 0.306117475
1341848003.242926 -1.650898218 -1.416463614 2.852257013 0.020565387 0.786612868 0.535241902 0.307137638
1341848003.278886 -1.646374464 -1.416153669 2.854606390 0.018764455 0.786162555 0.532870352 0.312482893
1341848003.310739 -1.638110757 -1.412547588 2.854285240 0.017749798 0.785628259 0.532031655 0.315302312
1341848003.342708 -1.630327702 -1.399533749 2.851918459 0.018818263 0.785138428 0.530465722 0.319076359
1341848003.378999 -1.622555137 -1.396271706 2.852258921 0.017254239 0.785449684 0.526727021 0.324545443
1341848003.410779 -1.604477525 -1.389425039 2.854471922 0.014197765 0.785092473 0.522928715 0.331622928
1341848003.442728 -1.602026701 -1.386173964 2.853303671 0.017675305 0.782061279 0.522442997 0.339295000
1341848003.478703 -1.594843864 -1.385056734 2.855034113 0.019490870 0.779771090 0.520619571 0.347177953
1341848003.510700 -1.587285757 -1.386250138 2.854336739 0.021072675 0.775606513 0.520138562 0.356996298
1341848003.546854 -1.590210795 -1.389805436 2.872048855 0.020193204 0.776729465 0.519128084 0.356075466
1341848003.578749 -1.587273598 -1.384269595 2.870820522 0.024369299 0.774694085 0.518300235 0.361413985
1341848003.617886 -1.578480124 -1.384607434 2.871446133 0.027127387 0.771979213 0.515832067 0.370445132
1341848003.649972 -1.568526149 -1.363022208 2.865737677 0.028708791 0.769653261 0.512563586 0.379589677
1341848003.685816 -1.562883615 -1.373586893 2.868214607 0.030088104 0.768414438 0.510696411 0.384477943
1341848003.717853 -1.551727057 -1.363374829 2.867722511 0.029340364 0.767726958 0.506026924 0.392009288
1341848003.753761 -1.540008783 -1.363568544 2.869765520 0.027130298 0.766047776 0.504353762 0.397570342
1341848003.785807 -1.539827585 -1.378480792 2.888296604 0.028461616 0.767319977 0.504892111 0.394327372
1341848003.817941 -1.530827045 -1.374818563 2.891484737 0.028972037 0.766093791 0.502559364 0.399618506
1341848003.853971 -1.522498846 -1.362655163 2.884136200 0.029810026 0.763499558 0.501562059 0.405728281
1341848003.885751 -1.507101536 -1.369113088 2.895098209 0.028281463 0.765087843 0.501660943 0.402712077
1341848003.921688 -1.490838766 -1.369298697 2.894595623 0.029146839 0.763175309 0.501229405 0.406795979
1341848003.953824 -1.475678444 -1.356212020 2.891073465 0.029671643 0.760964811 0.499787331 0.412631422
1341848003.985789 -1.457298040 -1.351364493 2.891724586 0.029163945 0.760517418 0.499918580 0.413333058
1341848004.021643 -1.442474127 -1.345859528 2.882902622 0.032505490 0.758350909 0.499381006 0.417691112
1341848004.053778 -1.425170660 -1.334791303 2.891373158 0.031479195 0.758992314 0.495951861 0.420679897
1341848004.089723 -1.407603264 -1.333171487 2.884176254 0.032190181 0.756615639 0.498558223 0.421825081
1341848004.121698 -1.386409044 -1.333959937 2.881124973 0.033257667 0.756130457 0.499073058 0.422003239
1341848004.153695 -1.370519876 -1.330915809 2.880448818 0.033565830 0.754704893 0.498069495 0.425700247
1341848004.189785 -1.347645998 -1.318906784 2.871068954 0.036458790 0.751331389 0.499620140 0.429594785
1341848004.221773 -1.331741810 -1.311545491 2.874265194 0.035574201 0.750083923 0.497853011 0.433878988
1341848004.257760 -1.313611269 -1.297672629 2.871774673 0.034207143 0.748580694 0.495170295 0.439617276
1341848004.289843 -1.289346695 -1.309372306 2.873943329 0.031836152 0.747541726 0.496961117 0.439542353
1341848004.321820 -1.271979094 -1.306922317 2.875662804 0.031369638 0.744248569 0.496234238 0.445939124
1341848004.357934 -1.252669811 -1.292783141 2.874507189 0.031363044 0.741028249 0.494476974 0.453195333
1341848004.389781 -1.241754055 -1.281910896 2.876223564 0.030021694 0.738731146 0.491955936 0.459733039
1341848004.421857 -1.220999479 -1.282900810 2.877628326 0.026990522 0.735840082 0.491352946 0.465170145
1341848004.457752 -1.195716143 -1.281805396 2.890756130 0.023373319 0.734841585 0.489684343 0.468690485
1341848004.489793 -1.175467968 -1.275635719 2.895888805 0.021064561 0.732009113 0.488993317 0.473924577
1341848004.525726 -1.161234856 -1.277485013 2.888758183 0.019925287 0.727437079 0.491694719 0.478199333
1341848004.557784 -1.143823624 -1.271419168 2.901782513 0.019324087 0.725158453 0.490944147 0.482437223
1341848004.589761 -1.135112524 -1.265293121 2.904165983 0.017449440 0.721951962 0.491824865 0.486404449
1341848004.625757 -1.117646456 -1.262200117 2.903136969 0.016033016 0.718477905 0.493198246 0.490191698
1341848004.657882 -1.110621691 -1.255892992 2.916761160 0.014524534 0.717646897 0.491479367 0.493173540
1341848004.689871 -1.093668222 -1.251422882 2.918290854 0.011875311 0.713665664 0.494549096 0.495945156
1341848004.725815 -1.077790022 -1.242820144 2.909589291 0.011905229 0.708653152 0.496106565 0.501544893
1341848004.757723 -1.071959496 -1.235674620 2.921259165 0.010508380 0.707975626 0.493165612 0.505418420
1341848004.789709 -1.058869123 -1.230774641 2.922056675 0.008601528 0.704839468 0.495270133 0.507774591
1341848004.825782 -1.046049833 -1.232115865 2.923742771 0.008178694 0.702336431 0.495630264 0.510888815
1341848004.857706 -1.042476892 -1.222451448 2.927720308 0.008958837 0.700007439 0.495082378 0.514589906
1341848004.889791 -1.029628515 -1.214586735 2.933216572 0.007947029 0.698263049 0.494649291 0.517385542
1341848004.925788 -1.022964478 -1.215940595 2.935586452 0.008074643 0.695929945 0.495354235 0.519846797
1341848004.957758 -1.012151718 -1.225240469 2.938071012 0.006384297 0.693750262 0.496216208 0.521957159
1341848004.993849 -1.011686087 -1.221118689 2.941066265 0.007420118 0.691227138 0.495847583 0.525628388
1341848005.025661 -1.004912615 -1.214990735 2.940752029 0.007346024 0.688888192 0.495572358 0.528949142
1341848005.057739 -0.994724274 -1.216624379 2.944205284 0.005438909 0.687695324 0.493356228 0.532583654
1341848005.093879 -0.992908001 -1.222751617 2.954435110 0.004958485 0.687781632 0.492149502 0.533592284
1341848005.125700 -0.986880779 -1.236030579 2.977745295 0.000399872 0.689839005 0.490457386 0.532516241
1341848005.157668 -0.978924513 -1.235430479 2.980051756 0.003008633 0.687422931 0.489739686 0.536279500
1341848005.193749 -0.981967688 -1.221533537 2.975949287 0.006400104 0.684290349 0.488680929 0.541199386
1341848005.225713 -0.974499226 -1.225306988 2.980737925 0.005067679 0.683132708 0.487855256 0.543416381
1341848005.257748 -0.967368841 -1.226772070 2.980395555 0.004550481 0.681541979 0.486650884 0.546489477
1341848005.293718 -0.968987465 -1.211812735 2.983363390 0.007459934 0.679280460 0.482991099 0.552487195
1341848005.325870 -0.960844994 -1.213207722 2.988643885 0.006040422 0.677405715 0.483480215 0.554375291
1341848005.357655 -0.945706367 -1.233453035 2.990243435 0.004535094 0.674897611 0.485257655 0.555893719
1341848005.393694 -0.946692705 -1.229761124 2.996663094 0.007267986 0.672804892 0.482237488 0.561006069
1341848005.425692 -0.944790840 -1.218036652 3.003437042 0.008940502 0.670849741 0.481174022 0.564227223
1341848005.461850 -0.930845976 -1.237585068 2.998723507 0.006328200 0.667704999 0.483922899 0.565640092
1341848005.493689 -0.934286356 -1.214059949 3.035233021 0.008757373 0.672737181 0.475979924 0.566384256
1341848005.525844 -0.928216457 -1.207867622 3.036571026 0.008881231 0.669734299 0.475999951 0.569913328
1341848005.561789 -0.918330669 -1.215300918 3.039383411 0.008120996 0.667692482 0.475819975 0.572465062
1341848005.593673 -0.913588762 -1.214739323 3.037447453 0.008690539 0.664864600 0.475212544 0.576240063
1341848005.629831 -0.907866240 -1.222244143 3.041107416 0.008273495 0.663059354 0.474998266 0.578498542
1341848005.661802 -0.900810480 -1.213071108 3.043902159 0.009100997 0.661498845 0.472133636 0.582603037
1341848005.693760 -0.893321514 -1.223992586 3.047728062 0.009101275 0.659792006 0.471307963 0.585201323
1341848005.729741 -0.890916586 -1.225045919 3.051502466 0.010904301 0.658222675 0.468952447 0.588818848
1341848005.761746 -0.879777908 -1.227475762 3.056250572 0.010394685 0.657845080 0.466626555 0.591093481
1341848005.797852 -0.870649338 -1.248376727 3.067944527 0.009648396 0.657790482 0.465385109 0.592144728
1341848005.829917 -0.875035524 -1.229839206 3.082276344 0.012577960 0.658278584 0.459717691 0.595962048
1341848005.861699 -0.868720531 -1.226831436 3.082461119 0.013060329 0.655951798 0.458583236 0.599381447
1341848005.897793 -0.861128092 -1.235072851 3.082633972 0.014143436 0.654341698 0.458018094 0.601545095
1341848005.929656 -0.864021301 -1.238020182 3.089910507 0.016501941 0.652857006 0.455339074 0.605121374
1341848005.965681 -0.858909607 -1.239232063 3.096632719 0.015816899 0.651810169 0.453060091 0.607972026
1341848005.997804 -0.850641966 -1.242276192 3.097106695 0.016354639 0.650570989 0.451893568 0.610149384
1341848006.029768 -0.848673105 -1.239625573 3.098367691 0.020292543 0.648546934 0.447987050 0.615046918
1341848006.065849 -0.846387863 -1.233599901 3.107658625 0.022467315 0.647863626 0.443799436 0.618716419
1341848006.097854 -0.835920572 -1.247069001 3.104473114 0.022079902 0.646398246 0.442948818 0.620868862
1341848006.133683 -0.836494207 -1.254982233 3.106160164 0.025676101 0.646744013 0.438917339 0.623229086
1341848006.165815 -0.836120129 -1.253467679 3.107377529 0.031407118 0.645074725 0.437240660 0.625869691
1341848006.197589 -0.833004475 -1.254498720 3.111977100 0.034733973 0.643980861 0.435385168 0.628109872
1341848006.233778 -0.826855183 -1.262602806 3.113911629 0.037851270 0.642306149 0.433249474 0.631114066
1341848006.265787 -0.825587749 -1.251201630 3.121513367 0.042146213 0.641845584 0.427672088 0.635102093
1341848006.301762 -0.824525356 -1.270968914 3.127802372 0.041699179 0.641335726 0.427280486 0.635909617
1341848006.333717 -0.822746754 -1.274192572 3.128657341 0.045611501 0.637969434 0.426589340 0.639481127
1341848006.366035 -0.817933559 -1.264152408 3.139717340 0.046074379 0.637244344 0.420713961 0.644047141
1341848006.401760 -0.812736511 -1.276813507 3.146447897 0.043633796 0.637018800 0.420743257 0.644420981
1341848006.433710 -0.807046652 -1.290196776 3.157733440 0.044573296 0.636886835 0.420419037 0.644698679
1341848006.469715 -0.807512283 -1.285537362 3.157100201 0.046148263 0.633976519 0.419860244 0.647812843
1341848006.501659 -0.802498341 -1.286252499 3.158758640 0.046120241 0.632126331 0.420633823 0.649119735
1341848006.533741 -0.796267271 -1.290217161 3.161231041 0.047269549 0.630730271 0.419974446 0.650819778
1341848006.569740 -0.793768406 -1.291023850 3.170598984 0.047546051 0.630779803 0.417810768 0.652142942
1341848006.601774 -0.789118290 -1.296504259 3.175570726 0.047547493 0.630044699 0.418682903 0.652294099
1341848006.637780 -0.779577017 -1.312413573 3.180734158 0.048014939 0.629783034 0.419550091 0.651955307
1341848006.670119 -0.782657146 -1.311618090 3.189978123 0.048347831 0.630251467 0.416367501 0.653516471
1341848006.701798 -0.772872448 -1.321027398 3.195674658 0.047069360 0.630091012 0.417961925 0.652746320
1341848006.737817 -0.769551277 -1.338448644 3.207528591 0.047773868 0.631429493 0.417926669 0.651422977
1341848006.769742 -0.765645504 -1.339940071 3.214453697 0.050553460 0.630954325 0.418378711 0.651383400
1341848006.801940 -0.761334658 -1.347392082 3.221696854 0.051762961 0.631363034 0.418044627 0.651106834
1341848006.837619 -0.762684345 -1.351757765 3.226099253 0.053522572 0.631553829 0.418428630 0.650532544
1341848006.870724 -0.760683775 -1.357573867 3.230104685 0.056209661 0.631786346 0.418255568 0.650191367
1341848006.901756 -0.759968996 -1.367707133 3.238337517 0.057141121 0.633393586 0.417808563 0.648832500
1341848006.937738 -0.756552935 -1.380264997 3.247095108 0.057964228 0.635864258 0.417617321 0.646461546
1341848006.969708 -0.754708052 -1.387829781 3.255500793 0.059212245 0.638475478 0.417384595 0.643920183
1341848007.005802 -0.754612923 -1.398338795 3.261205673 0.062198617 0.639414012 0.420479715 0.640685499
1341848007.037835 -0.756580591 -1.398552060 3.264256477 0.065915324 0.640169144 0.422132105 0.638469517
1341848007.069678 -0.757232428 -1.400651455 3.269829750 0.066402674 0.641725481 0.423659801 0.635839343
1341848007.105687 -0.754026651 -1.418898821 3.281767368 0.065175951 0.644746125 0.427031159 0.630633712
1341848007.137866 -0.754259109 -1.434733629 3.293862820 0.065289482 0.647524476 0.428439200 0.626808763
1341848007.169651 -0.759356022 -1.439429998 3.303210735 0.065453514 0.649469554 0.429117620 0.624310255
1341848007.205747 -0.764072418 -1.454653382 3.308820724 0.065123931 0.650650680 0.432862192 0.620518386
1341848007.237921 -0.766115189 -1.465675592 3.315139294 0.066692285 0.651327789 0.435897201 0.617509544
1341848007.269907 -0.770090103 -1.478657603 3.325829268 0.067499787 0.651317537 0.439432234 0.614921570
1341848007.298875 -0.763161182 -1.490344048 3.333687067 0.068150394 0.651694953 0.442425609 0.612298012
1341848007.331423 -0.768503666 -1.503610611 3.345905781 0.068994835 0.654207468 0.441889316 0.609906733
1341848007.366699 -0.768254757 -1.517369747 3.351152658 0.068118580 0.655951381 0.441150963 0.608665407
1341848007.398700 -0.774344444 -1.529586434 3.359633207 0.069085605 0.657132149 0.440180689 0.607984781
1341848007.434791 -0.774717808 -1.532690287 3.360342503 0.072029896 0.656459808 0.439567596 0.608812451
1341848007.466689 -0.780186176 -1.532783866 3.370885134 0.072763801 0.658053815 0.435936123 0.609614909
1341848007.498756 -0.782991886 -1.553970456 3.385098934 0.070532046 0.660191178 0.438706130 0.605565727
1341848007.534834 -0.777853966 -1.581104398 3.393345356 0.070990637 0.660180807 0.442810774 0.602528274
1341848007.566719 -0.779936314 -1.578226686 3.401937962 0.072911650 0.660328269 0.441402316 0.603170455
1341848007.598725 -0.778316975 -1.572785497 3.401290417 0.071705237 0.661249280 0.440500796 0.602965117
1341848007.634799 -0.772699356 -1.590179682 3.412619352 0.070763163 0.664614618 0.442056924 0.598218739
1341848007.666675 -0.776295185 -1.616823792 3.432776690 0.071548350 0.666934550 0.446272850 0.592384815
1341848007.702797 -0.777482986 -1.627039433 3.437861204 0.072230220 0.665972590 0.454215437 0.587325811
1341848007.734605 -0.765699387 -1.629725218 3.431232214 0.075155884 0.665501893 0.457817882 0.584689319
1341848007.766913 -0.766366959 -1.633938074 3.447884321 0.077045225 0.671081245 0.453742594 0.581232846
1341848007.802889 -0.767955303 -1.655228615 3.462175131 0.073633373 0.673939347 0.456190556 0.576432109
1341848007.834962 -0.758546352 -1.664950728 3.462929010 0.075006098 0.673920155 0.461225986 0.572255433
1341848007.866745 -0.758434296 -1.668752909 3.468709946 0.075901628 0.675801516 0.462481409 0.568895638
1341848007.902779 -0.754313469 -1.663432837 3.480672359 0.072665587 0.679714441 0.462672889 0.564483583
1341848007.934851 -0.743624210 -1.701127172 3.483762980 0.071600474 0.681428909 0.472208381 0.554569542
1341848007.970690 -0.742606640 -1.707052469 3.489640713 0.077316180 0.680835485 0.474201262 0.552827656
1341848008.002709 -0.743523598 -1.702112436 3.499961853 0.079363629 0.682322502 0.474047661 0.550832391
1341848008.034820 -0.738401890 -1.717553616 3.506990910 0.077583462 0.684346795 0.478639603 0.544568121
1341848008.070825 -0.728837013 -1.739327788 3.522407532 0.076261066 0.686522186 0.481775731 0.539225221
1341848008.103209 -0.727962017 -1.745336890 3.537436485 0.076678127 0.688051164 0.482891858 0.536210358
1341848008.138809 -0.721821785 -1.746569633 3.541332483 0.075839326 0.689830780 0.484007776 0.533027589
1341848008.171058 -0.717327595 -1.751312733 3.548712015 0.076584101 0.691512287 0.485201925 0.529645860
1341848008.202734 -0.713619709 -1.771506786 3.560897350 0.076849915 0.693022430 0.489267766 0.523861647
1341848008.238657 -0.702016830 -1.792920828 3.581699133 0.075254418 0.694491506 0.492943406 0.518676341
1341848008.270710 -0.695191860 -1.789641857 3.586580992 0.075190596 0.694514215 0.495801568 0.515923619
1341848008.302748 -0.690947056 -1.789519072 3.590793610 0.076279856 0.694317102 0.499401897 0.512545645
1341848008.338769 -0.679210663 -1.814574003 3.603321791 0.073912680 0.695447266 0.503278852 0.507543564
1341848008.370731 -0.674678802 -1.818371773 3.611383200 0.073018692 0.696322501 0.504466891 0.505288482
1341848008.406662 -0.669909477 -1.818367481 3.612990618 0.073849536 0.696847439 0.506773829 0.502125740
1341848008.438870 -0.664832115 -1.833002687 3.619134426 0.074426360 0.697658300 0.509140611 0.498507351
1341848008.470807 -0.654246807 -1.857666016 3.641442060 0.073777810 0.700281739 0.511545479 0.492426246
1341848008.506855 -0.647334099 -1.862602234 3.649789572 0.073861636 0.701684952 0.513444483 0.488423407
1341848008.538786 -0.638244629 -1.883775592 3.647929907 0.074428424 0.702005506 0.518166125 0.482858747
1341848008.570727 -0.639651299 -1.889395475 3.657830954 0.077402033 0.702535570 0.518950403 0.480773628
1341848008.606698 -0.630383968 -1.902286291 3.671429873 0.078277506 0.703495741 0.522086084 0.475807220
1341848008.638714 -0.619195938 -1.915477276 3.675137520 0.079068512 0.704283059 0.524934828 0.471356511
1341848008.674639 -0.616046429 -1.922807932 3.681673527 0.080217965 0.705334067 0.525930464 0.468472123
1341848008.706785 -0.614775658 -1.918576002 3.682121277 0.081890076 0.706270754 0.525891662 0.466812164
1341848008.738678 -0.611614704 -1.935413837 3.686450243 0.081181958 0.708351851 0.526898324 0.462628812
1341848008.775071 -0.602511406 -1.954599023 3.697742939 0.078913577 0.709910393 0.527632177 0.459787130
1341848008.806865 -0.598523140 -1.956607223 3.699907303 0.078481354 0.711460114 0.527188241 0.457971305
1341848008.838798 -0.597212315 -1.962649703 3.705349445 0.077555604 0.713122010 0.526961982 0.455799520
1341848008.874631 -0.589275360 -1.972041011 3.709549904 0.076439753 0.713791430 0.528886497 0.452700734
1341848008.906680 -0.583694458 -1.977936506 3.714334965 0.077197060 0.714426100 0.530542493 0.449622810
1341848008.943051 -0.579024315 -1.990228772 3.730698109 0.075006783 0.717806816 0.530102730 0.445105135
1341848008.974723 -0.574438095 -1.998662353 3.733203650 0.073714986 0.719010055 0.531280994 0.441962957
1341848009.006825 -0.570504665 -2.007124186 3.738184452 0.074303828 0.719117403 0.532791615 0.439866304
1341848009.042740 -0.565058231 -2.011914730 3.750057697 0.072979130 0.719962358 0.533896208 0.437359482
1341848009.074794 -0.556750774 -2.021992207 3.753757477 0.070778750 0.720256269 0.536122441 0.434504330
1341848009.110807 -0.547295570 -2.025077581 3.757670879 0.070396200 0.722022355 0.536315084 0.431386501
1341848009.142732 -0.535822868 -2.035997868 3.784984589 0.066759355 0.727452219 0.533557534 0.426230967
1341848009.174693 -0.529614925 -2.033756256 3.789407492 0.065816961 0.730998516 0.533388197 0.420483589
1341848009.210697 -0.527576447 -2.052427769 3.796481609 0.066004813 0.732122421 0.538275898 0.412188500
1341848009.242869 -0.512413502 -2.061705589 3.803578377 0.066428766 0.731460750 0.545210361 0.404101580
1341848009.274683 -0.509109020 -2.056617260 3.807018042 0.066939801 0.731930315 0.548405290 0.398809344
1341848009.310898 -0.502757072 -2.057865381 3.814249277 0.063996106 0.734984457 0.549470186 0.392154157
1341848009.342882 -0.499583721 -2.058037758 3.812172413 0.064207584 0.734575152 0.554136276 0.386276782
1341848009.378700 -0.492452145 -2.058471441 3.818156481 0.064836785 0.735062659 0.556256950 0.382174641
1341848009.410753 -0.478718758 -2.075353622 3.839457989 0.061682809 0.737340748 0.559224784 0.373886973
1341848009.442927 -0.470534325 -2.079257250 3.843045712 0.060895555 0.737642348 0.561166644 0.370496243
1341848009.479022 -0.467012405 -2.078649998 3.848811865 0.060591333 0.738084197 0.562262535 0.367996246
1341848009.510631 -0.457647800 -2.082408428 3.852793217 0.059191447 0.737499595 0.564529896 0.365919083
1341848009.542815 -0.452783585 -2.079506397 3.857354641 0.059067380 0.738638163 0.563177347 0.365726769
1341848009.578814 -0.449735641 -2.079736233 3.862293720 0.058864940 0.738862395 0.563287377 0.365136474
1341848009.610955 -0.407760620 -2.108624458 3.881896973 0.053799979 0.740293860 0.566232562 0.358401150
1341848009.646873 -0.395143986 -2.110059023 3.881687641 0.054096162 0.740871310 0.565177858 0.358827770
1341848009.678666 -0.394213200 -2.106289864 3.889114141 0.053331397 0.742450535 0.561440945 0.361534327
1341848009.710835 -0.387047768 -2.106075764 3.889939308 0.052318797 0.742593765 0.560522199 0.362811506
1341848009.746819 -0.352925777 -2.126487494 3.901272058 0.050357305 0.744010270 0.560995281 0.359440058
1341848009.778767 -0.348338604 -2.123341560 3.904621363 0.051692557 0.744607627 0.558299005 0.362201124
1341848009.810661 -0.334590435 -2.128445148 3.912020922 0.051139127 0.744858861 0.558711886 0.361124724
1341848009.846800 -0.321703434 -2.129270077 3.912310362 0.053573404 0.743353844 0.561125338 0.360129535
1341848009.878688 -0.307013988 -2.125996113 3.918426752 0.054357480 0.743633032 0.560162425 0.360933781
1341848009.914782 -0.285058975 -2.124516010 3.933058739 0.052175056 0.744755745 0.559353530 0.360194951
1341848009.946990 -0.268004894 -2.123133183 3.932598352 0.051493388 0.744941890 0.559822083 0.359178603
1341848009.978905 -0.251128197 -2.131400108 3.931289196 0.051744893 0.744782925 0.559499502 0.359973997
1341848010.014819 -0.245587826 -2.116404057 3.937928915 0.053010877 0.745746017 0.556686401 0.362150580
1341848010.046835 -0.231407166 -2.110245228 3.933706999 0.053098261 0.744934797 0.558128774 0.361587018
1341848010.082650 -0.204887390 -2.113378048 3.929287910 0.051930241 0.744498134 0.559860468 0.359975100
1341848010.114748 -0.197821617 -2.103632689 3.928425789 0.052572992 0.744691014 0.560127735 0.359066010
1341848010.146752 -0.181414604 -2.099200726 3.925328732 0.051940631 0.743512452 0.563182950 0.356814325
1341848010.182709 -0.161460400 -2.095700264 3.917864799 0.051303864 0.743016183 0.564825535 0.355340600
1341848010.214739 -0.149578094 -2.080166817 3.915183544 0.051880449 0.744506359 0.563318670 0.354529023
1341848010.246831 -0.116984367 -2.090063334 3.897255659 0.049643047 0.743396342 0.568063796 0.349572539
1341848010.282749 -0.107839108 -2.080528736 3.891371250 0.051638573 0.743561387 0.568647444 0.347979963
1341848010.314754 -0.090893269 -2.073798180 3.884986877 0.052392479 0.743540049 0.570586324 0.344723791
1341848010.351054 -0.079049110 -2.064906836 3.876883745 0.052610897 0.744015634 0.570603788 0.343633771
1341848010.382819 -0.071191788 -2.053079367 3.867833138 0.054313805 0.744165421 0.571169555 0.342101306
1341848010.414692 -0.032740593 -2.072825432 3.850172758 0.050286464 0.742245674 0.577825785 0.335648865
1341848010.450872 -0.025140285 -2.060914516 3.842316628 0.050641429 0.742892087 0.577965736 0.333919764
1341848010.483088 -0.018476486 -2.055520535 3.837448120 0.051221900 0.744171917 0.577708721 0.331417114
1341848010.514760 -0.008327961 -2.051025391 3.833982944 0.050650537 0.744365990 0.579792261 0.327406138
1341848010.550631 0.004441738 -2.040805817 3.818689585 0.050455257 0.743285596 0.582558036 0.324972361
1341848010.582861 0.032079697 -2.055835724 3.798289299 0.047466069 0.742820799 0.586220145 0.319859743
1341848010.618690 0.036094189 -2.045825481 3.793687344 0.045928098 0.742890179 0.587688863 0.317217022
1341848010.650956 0.048293114 -2.043171883 3.782348156 0.046374153 0.743066609 0.589246571 0.313831151
1341848010.682633 0.053986073 -2.040539265 3.783069134 0.046792146 0.744826972 0.588030219 0.311871320
1341848010.718753 0.059849262 -2.033415079 3.775185347 0.045396779 0.745066166 0.589196444 0.309294760
1341848010.750922 0.064476967 -2.032328606 3.765816689 0.044298347 0.745198429 0.590392411 0.306844860
1341848010.782711 0.077221870 -2.035650253 3.735902548 0.043475073 0.743664920 0.594639421 0.302450627
1341848010.818844 0.079718590 -2.030697584 3.734511375 0.045344267 0.746503115 0.592829764 0.298713803
1341848010.850765 0.083717346 -2.028090477 3.731670856 0.045504086 0.747869968 0.592883050 0.295143485
1341848010.886687 0.091115475 -2.024337769 3.728220463 0.046408959 0.749691129 0.592325211 0.291479707
1341848010.918833 0.092634678 -2.018614054 3.728291035 0.046281364 0.751783371 0.590711594 0.289378017
1341848010.950793 0.093400478 -2.012443781 3.719547749 0.047067896 0.752182901 0.591564178 0.286456794
1341848010.986761 0.113126755 -2.023507833 3.712267399 0.044426624 0.752602518 0.594070435 0.280528367
1341848011.018704 0.118437767 -2.020168066 3.712566137 0.044639893 0.753036737 0.594321251 0.278792620
1341848011.051016 0.119860172 -2.013377190 3.709804296 0.045396350 0.753664136 0.594236732 0.277150452
1341848011.086749 0.121900082 -2.008529663 3.707667351 0.046158805 0.754702866 0.593985736 0.274725020
1341848011.118701 0.123726368 -2.004945040 3.707171202 0.047009125 0.755464375 0.593845904 0.272783548
1341848011.154630 0.125936508 -2.004865646 3.705768585 0.048660174 0.755733490 0.594669402 0.269939780
1341848011.186671 0.129282475 -2.000612974 3.705735922 0.048537333 0.755920470 0.595091939 0.268503129
1341848011.219095 0.136246920 -2.006188631 3.694489241 0.044469729 0.754548311 0.598151505 0.266259342
1341848011.254693 0.142253637 -2.001446962 3.692902088 0.042630602 0.756536961 0.597223401 0.262980521
1341848011.286627 0.147298336 -1.996664762 3.692762375 0.041734647 0.757848561 0.596702039 0.260519683
1341848011.322712 0.155325174 -1.997526646 3.685146570 0.041207023 0.758286774 0.598453462 0.255257905
1341848011.354750 0.159860611 -1.994928837 3.680338144 0.042191762 0.759806812 0.597804666 0.252077520
1341848011.386749 0.163560152 -1.991232634 3.686033487 0.043324374 0.761943817 0.596818089 0.247735545
1341848011.422722 0.169674397 -1.988910675 3.676273108 0.043065716 0.760881484 0.599661231 0.244153947
1341848011.454654 0.167815447 -1.984624624 3.678104401 0.044636559 0.763332188 0.597847641 0.240644664
1341848011.486754 0.178357601 -1.984889746 3.675369263 0.042945478 0.763808727 0.599518239 0.235222891
1341848011.522854 0.183655739 -1.980839014 3.673631907 0.043196734 0.763650835 0.601585567 0.230361328
1341848011.554674 0.187730551 -1.975978374 3.670411825 0.044171780 0.764182270 0.602058470 0.227156222
1341848011.590867 0.188401937 -1.973530531 3.671408653 0.043429952 0.765099287 0.601708949 0.225129724
1341848011.622723 0.191801548 -1.966078281 3.665970325 0.042444039 0.764855683 0.603473961 0.221390009
1341848011.654892 0.196427584 -1.961656332 3.663035393 0.043397553 0.764940500 0.604304194 0.218630180
1341848011.690778 0.200150967 -1.954344749 3.663796663 0.043290477 0.765137136 0.604866028 0.216398358
1341848011.722610 0.204170942 -1.948567867 3.660358429 0.040666193 0.765056670 0.606847167 0.211591735
1341848011.754796 0.209126472 -1.943190813 3.657988071 0.038326081 0.765189826 0.608074903 0.207991824
1341848011.790831 0.215003967 -1.932232141 3.653553963 0.038046744 0.765004873 0.609628975 0.204138637
1341848011.822705 0.219840527 -1.921966076 3.650904655 0.038259536 0.764967263 0.611351669 0.199023604
1341848011.858763 0.220566988 -1.914248466 3.643867493 0.040184852 0.765107632 0.612265587 0.195260093
1341848011.890689 0.224551916 -1.905996561 3.639910698 0.040922821 0.765250683 0.613088489 0.191935495
1341848011.922914 0.226150274 -1.900594234 3.629913807 0.041403182 0.763776839 0.615914285 0.188627496
1341848011.958828 0.225766420 -1.892261267 3.624049664 0.042794079 0.764496028 0.615506053 0.186726868
1341848011.990755 0.229393482 -1.882614851 3.624037743 0.040412493 0.765637279 0.614610732 0.185526580
1341848012.022737 0.237134457 -1.869165421 3.618084908 0.037486203 0.765353382 0.615703762 0.183678970
1341848012.058861 0.237488747 -1.855781317 3.615079403 0.037051048 0.766044617 0.615022719 0.183166608
1341848012.090822 0.242634773 -1.848373413 3.601186275 0.034677237 0.764830351 0.617179930 0.181441694
1341848012.126859 0.243493557 -1.836249590 3.587539673 0.033590559 0.763917923 0.618523300 0.180914298
1341848012.158771 0.249204159 -1.823735476 3.585618496 0.033325374 0.764655292 0.617605090 0.180985138
1341848012.190967 0.255688906 -1.811145544 3.578249454 0.033708729 0.763715625 0.618355989 0.182313293
1341848012.226750 0.263506651 -1.794750929 3.570259094 0.032855824 0.762653410 0.619476080 0.183111191
1341848012.258713 0.268639088 -1.786800861 3.563042641 0.031305816 0.762120247 0.619416773 0.185783565
1341848012.295247 0.273836374 -1.779825211 3.557715178 0.028128717 0.761100531 0.620103955 0.188164428
1341848012.326868 0.280034304 -1.768151999 3.547453880 0.024889898 0.760006845 0.620840132 0.190598056
1341848012.358782 0.291436911 -1.753730536 3.540643692 0.020309327 0.760706306 0.619423687 0.192945167
1341848012.394721 0.302848816 -1.741861820 3.536550045 0.016494069 0.760219097 0.619404852 0.195275411
1341848012.426830 0.309684038 -1.728920221 3.522099495 0.013632227 0.757928908 0.621539891 0.197601095
1341848012.458805 0.312107325 -1.719005585 3.509111881 0.012129678 0.757913232 0.620961607 0.199567437
1341848012.494697 0.315178871 -1.707385302 3.500175953 0.010214338 0.756996155 0.621339858 0.201963544
1341848012.526756 0.324773788 -1.696617126 3.492498875 0.007752371 0.756077230 0.621919453 0.203723878
1341848012.562690 0.332578659 -1.676512957 3.481458664 0.007809499 0.755970001 0.620919526 0.207140908
1341848012.594669 0.336235523 -1.658558846 3.473315477 0.005959198 0.756584108 0.618582904 0.211896852
1341848012.626774 0.347983360 -1.650902748 3.468529224 0.001580907 0.756585956 0.617693782 0.214545026
1341848012.662763 0.354973316 -1.644087076 3.468204975 0.001359036 0.757192373 0.615850806 0.217682675
1341848012.695339 0.361835003 -1.646687984 3.459110737 -0.001895058 0.755151451 0.616872251 0.221836284
1341848012.726854 0.367262602 -1.642007113 3.457137346 -0.005462974 0.755097032 0.615132332 0.226739824
1341848012.762672 0.379477978 -1.632145643 3.454798698 -0.009166243 0.755181015 0.613183200 0.231568754
1341848012.794727 0.385889292 -1.627474546 3.452829838 -0.007148998 0.753971219 0.612516463 0.237276092
1341848012.830669 0.388546705 -1.616782665 3.445968151 -0.008499430 0.751839876 0.611393571 0.246703431
1341848012.862795 0.401937246 -1.612341762 3.430574417 -0.013483196 0.751519620 0.608902276 0.253524125
1341848012.894740 0.406965733 -1.606461048 3.435783148 -0.017233107 0.753099799 0.603382051 0.261675000
1341848012.930848 0.412733316 -1.601614237 3.431046247 -0.019429175 0.752005756 0.601684451 0.268487632
1341848012.962752 0.414484262 -1.593680620 3.427620888 -0.021028813 0.752332747 0.598389089 0.274743289
1341848012.994842 0.420382977 -1.588202953 3.430148125 -0.024816571 0.753155589 0.594791949 0.279934675
1341848013.030944 0.423628092 -1.579722047 3.431473255 -0.026161956 0.751809835 0.593268633 0.286583126
1341848013.062714 0.433777809 -1.570475698 3.423863649 -0.026612798 0.750140071 0.592611969 0.292220473
1341848013.098784 0.437629700 -1.565982699 3.422648668 -0.025827974 0.749733686 0.590204954 0.298145175
1341848013.130817 0.437525272 -1.567031622 3.428901672 -0.026964599 0.749057472 0.587838352 0.304355115
1341848013.162759 0.443537235 -1.569851398 3.427961349 -0.025574973 0.746224046 0.588182688 0.310703725
1341848013.198719 0.444280148 -1.561182499 3.429905415 -0.021612493 0.743568122 0.587458849 0.318640202
1341848013.230855 0.445086479 -1.558169365 3.429950714 -0.020366391 0.741509914 0.587000847 0.324312121
1341848013.262723 0.452020168 -1.557182550 3.434917927 -0.019631494 0.739120305 0.586927950 0.329896271
1341848013.298709 0.449941158 -1.552364588 3.430486441 -0.016499562 0.734402895 0.588067830 0.338461787
1341848013.330754 0.457406521 -1.540081739 3.431910515 -0.017850870 0.733040452 0.585806668 0.345201015
1341848013.366705 0.462414265 -1.539994717 3.439066887 -0.021469509 0.731821358 0.583281279 0.351794749
1341848013.398748 0.463066101 -1.547731519 3.450593472 -0.022171861 0.729411244 0.582941592 0.357276857
1341848013.430850 0.471064568 -1.553819418 3.455424547 -0.021650886 0.724163651 0.585482359 0.363770217
1341848013.466959 0.469025612 -1.548897028 3.445686817 -0.020650705 0.717344403 0.586540878 0.375446856
1341848013.498782 0.478358746 -1.540715337 3.449996233 -0.023796132 0.716152072 0.582807422 0.383269548
1341848013.534779 0.482249737 -1.543000221 3.454732895 -0.027848713 0.714832604 0.579072297 0.391042292
1341848013.566664 0.489617825 -1.542755365 3.464740992 -0.028972792 0.712664306 0.575772345 0.399695456
1341848013.598764 0.492823601 -1.550271034 3.464161634 -0.028747313 0.709578156 0.573375940 0.408549279
1341848013.634812 0.503619671 -1.541143656 3.477314472 -0.029442124 0.709221125 0.572252274 0.410689533
1341848013.666669 0.507406235 -1.549543619 3.474179983 -0.027975360 0.706038892 0.569868684 0.419495255
1341848013.698821 0.507506371 -1.539589286 3.478587151 -0.026497098 0.706379414 0.562220216 0.429225534
1341848013.734623 0.513206005 -1.548654914 3.475009441 -0.027644642 0.704520524 0.558830440 0.436572105
1341848013.766827 0.518254280 -1.545860291 3.485245705 -0.026815236 0.705539107 0.552097321 0.443490863
1341848013.802717 0.519587040 -1.547705293 3.489696741 -0.024467016 0.703890502 0.549211502 0.449784636
1341848013.834802 0.527448177 -1.542681813 3.490090847 -0.023730638 0.701033294 0.547619283 0.456182361
1341848013.866791 0.529876232 -1.543390393 3.496031761 -0.024829032 0.702930272 0.545896351 0.455268800
1341848013.902735 0.532608032 -1.542638779 3.500564098 -0.025053687 0.702162027 0.541198552 0.462001115
1341848013.934871 0.537347317 -1.539096475 3.508719921 -0.025523407 0.700170457 0.538652897 0.467934757
1341848013.966740 0.542881489 -1.542552829 3.508324623 -0.024957368 0.697119474 0.537791193 0.473478943
1341848014.002717 0.545053005 -1.540038705 3.509231091 -0.023960991 0.694294274 0.535509706 0.480219364
1341848014.034942 0.559461117 -1.542638779 3.518337011 -0.024515688 0.691451907 0.533722818 0.486244023
1341848014.070990 0.562627792 -1.537729263 3.520579338 -0.024958584 0.687727809 0.529743493 0.495761484
1341848014.102686 0.568537235 -1.530829787 3.515889406 -0.027971726 0.684046388 0.526468873 0.504111826
1341848014.134725 0.594145298 -1.541708589 3.542132854 -0.033031855 0.689272761 0.526326954 0.496781558
1341848014.170724 0.593750954 -1.529264212 3.537766695 -0.032220747 0.683922648 0.524040222 0.506550729
1341848014.202658 0.607024670 -1.524623156 3.531884670 -0.034004487 0.678305209 0.522701740 0.515294671
1341848014.234751 0.622353077 -1.535151720 3.536453724 -0.034971096 0.675852239 0.519197643 0.521952808
1341848014.270714 0.623775482 -1.532474279 3.543184280 -0.034460135 0.671691000 0.513954520 0.532441914
1341848014.302738 0.635351658 -1.535663128 3.567578316 -0.033253271 0.685126543 0.519688368 0.509332776
1341848014.338694 0.649008274 -1.536110878 3.576479435 -0.032384928 0.682461023 0.516305566 0.516359091
1341848014.370553 0.653252602 -1.535052538 3.577076435 -0.030807391 0.676520288 0.511860788 0.528554559
1341848014.402830 0.668126583 -1.520574927 3.580418825 -0.029312728 0.672873199 0.506762028 0.538121402
1341848014.438848 0.678200245 -1.524302125 3.585175514 -0.028654136 0.669030786 0.501632929 0.547668934
1341848014.470783 0.682811260 -1.522861719 3.578583241 -0.024659311 0.662691236 0.497857451 0.558900952
1341848014.506633 0.706229210 -1.547187328 3.601370811 -0.028500000 0.672411680 0.498966962 0.545969129
1341848014.538728 0.708199978 -1.546945572 3.602747679 -0.027755799 0.672510147 0.496031463 0.548554957
1341848014.570790 0.716535091 -1.555878639 3.603362799 -0.026172765 0.671064138 0.489757001 0.555991113
1341848014.606858 0.728890896 -1.577336788 3.625293970 -0.026178764 0.669663548 0.484592378 0.562170565
1341848014.638688 0.741073608 -1.580839157 3.615959883 -0.023119982 0.663401425 0.484205872 0.570007622
1341848014.670828 0.756598473 -1.593479276 3.617016792 -0.019877950 0.659632206 0.481521726 0.576738298
1341848014.706765 0.768210888 -1.585623264 3.607840061 -0.017061790 0.656073749 0.475354791 0.585930049
1341848014.738691 0.758365154 -1.592486739 3.639551878 -0.013782542 0.679015994 0.477651775 0.557311535
1341848014.774750 0.772510529 -1.613943338 3.648481131 -0.011152253 0.677013576 0.477792233 0.559681058
1341848014.806669 0.784607410 -1.627966166 3.653561354 -0.005590960 0.672710240 0.478056699 0.564704835
1341848014.838740 0.790228844 -1.618263483 3.651905775 -0.000951104 0.669744551 0.474572361 0.571158946
1341848014.874686 0.802054882 -1.616676569 3.657533884 0.002804233 0.666527271 0.470136404 0.578537285
1341848014.906647 0.811009884 -1.621256113 3.658096552 0.006389531 0.662447929 0.467598885 0.585212111
1341848014.938697 0.813616276 -1.619703174 3.662346363 0.010095135 0.658658624 0.466876835 0.589994073
1341848014.974705 0.816695213 -1.623337507 3.676627874 0.013871561 0.672480524 0.473189533 0.568919301
1341848015.006657 0.839548588 -1.626391888 3.684513330 0.009690188 0.669489384 0.476299286 0.569937766
1341848015.042593 0.840184212 -1.627058864 3.684455156 0.005230434 0.663241208 0.479482085 0.574613512
1341848015.074864 0.850604534 -1.623054028 3.686949492 -0.002490049 0.659090400 0.477694988 0.580862403
1341848015.106838 0.854355335 -1.619096041 3.691323280 -0.007419384 0.656210661 0.474850088 0.586387157
1341848015.142691 0.867611885 -1.617052197 3.695117950 -0.014245572 0.652709663 0.472736686 0.591850698
1341848015.174708 0.879104137 -1.614418626 3.697873116 -0.014092801 0.647837639 0.475885868 0.594676793
1341848015.207238 0.886023521 -1.607977629 3.692452192 -0.015643822 0.641241074 0.467998028 0.607900500
1341848015.243495 0.890549183 -1.598556757 3.698514462 -0.016574046 0.644791365 0.469350964 0.603058100
1341848015.274780 0.898437023 -1.592003226 3.700156689 -0.014536688 0.640447140 0.467528760 0.609124899
1341848015.310598 0.919809818 -1.584959865 3.708816290 -0.013866362 0.636263132 0.463430405 0.616611063
1341848015.342895 0.920161247 -1.589227915 3.705414295 -0.013631534 0.630787969 0.460593790 0.624318898
1341848015.374733 0.929333687 -1.583011985 3.713398457 -0.010966577 0.625533104 0.458755106 0.630976975
1341848015.410655 0.925436974 -1.588079333 3.724271297 -0.009097079 0.644109309 0.468434602 0.604656458
1341848015.442783 0.928408146 -1.585337758 3.722373962 -0.006788367 0.638246894 0.466850758 0.612082720
1341848015.474959 0.939899445 -1.584465265 3.726437330 -0.008557459 0.633259714 0.461855441 0.620965719
1341848015.510927 0.948819876 -1.580009103 3.725815058 -0.009093022 0.628598690 0.454945117 0.630718648
1341848015.542834 0.946058035 -1.583071589 3.725858927 -0.007090992 0.626127958 0.454975605 0.633175075
1341848015.581753 0.956285000 -1.581253648 3.726981163 -0.008550182 0.618858278 0.451940656 0.642410398
1341848015.617769 0.958178520 -1.578785181 3.729398966 -0.007901396 0.614220798 0.443988711 0.652337730
1341848015.650094 0.966194630 -1.582268119 3.733446360 -0.012104804 0.614046097 0.440634429 0.654707789
1341848015.685811 0.973472595 -1.577160597 3.737552881 -0.011741865 0.609071612 0.436233401 0.662264526
1341848015.718057 0.971496344 -1.576224208 3.741651773 -0.008583216 0.614261687 0.433762282 0.659135282
1341848015.749815 0.964930058 -1.578979015 3.740215540 -0.005369236 0.610577464 0.428623855 0.665918887
1341848015.785761 0.973516703 -1.576518059 3.742626905 -0.001528186 0.605357528 0.425480723 0.672685802
1341848015.817883 0.970096588 -1.579659462 3.738709927 -0.001165199 0.601818204 0.416684449 0.681313097
1341848015.853811 0.970769405 -1.578047633 3.739466667 0.003199559 0.598110557 0.413184434 0.686682045
1341848015.885654 0.975165606 -1.577950597 3.740510941 0.001931338 0.595358968 0.406446546 0.693069458
1341848015.917793 0.970349550 -1.586304188 3.742481232 -0.001513774 0.596985579 0.401385516 0.694619119
1341848015.954005 0.974967957 -1.584535122 3.743246317 -0.000651029 0.595017016 0.392025799 0.701619744
1341848015.986663 0.967657328 -1.587067604 3.742789745 0.004242845 0.592980504 0.386652291 0.706297576
1341848016.021677 0.966166735 -1.589764118 3.742289543 0.004506590 0.589825451 0.381561309 0.711685777
1341848016.053936 0.967767477 -1.589174747 3.742726803 0.007427918 0.587915123 0.375351012 0.716527998
1341848016.085724 0.965810537 -1.591597438 3.742513895 0.009376319 0.586703598 0.371248394 0.719628870
1341848016.121844 0.961446285 -1.592709184 3.741616964 0.008518794 0.583695829 0.367628068 0.723931134
1341848016.153821 0.965318680 -1.591166019 3.744043350 0.008663805 0.584876895 0.368360162 0.722602785
1341848016.185769 0.964263201 -1.592098117 3.743830442 0.006259794 0.584028602 0.365280241 0.724873662
1341848016.221734 0.961543322 -1.593220711 3.742717266 0.005516294 0.581879735 0.366199076 0.726143181
1341848016.253686 0.967441082 -1.590238571 3.744713545 0.006154017 0.581673384 0.364828348 0.726992786
1341848016.289960 0.959304571 -1.595252275 3.744448900 0.005849100 0.582567394 0.364318609 0.726534963
1341848016.322013 0.961563110 -1.593832493 3.742164612 0.003626560 0.583535433 0.369198173 0.723302126
1341848016.353746 0.963780165 -1.593845248 3.744188547 0.006945293 0.584736586 0.370345026 0.721719801
1341848016.389789 0.956159353 -1.600418568 3.743937016 0.007830041 0.585191607 0.371756494 0.720615447
1341848016.421705 0.954333782 -1.599465847 3.742949963 0.010387869 0.584425509 0.375194013 0.719422340
1341848016.453901 0.953006983 -1.601138830 3.744341373 0.013878703 0.585263491 0.377197742 0.717632174
1341848016.490058 0.952304602 -1.600863934 3.744014025 0.019059509 0.585545540 0.378209054 0.716750324
1341848016.521813 0.948898554 -1.610011101 3.750044107 0.018191032 0.590893030 0.378780901 0.712067127
1341848016.554210 0.949704170 -1.608496904 3.753012419 0.024133392 0.592722476 0.380557567 0.709417880
1341848016.589825 0.946736097 -1.610813856 3.754483461 0.028474350 0.591876388 0.380137891 0.710187912
1341848016.621860 0.942508459 -1.618644834 3.755037785 0.028732020 0.590915501 0.382697880 0.709602475
1341848016.657837 0.942313671 -1.616917014 3.759294510 0.037746649 0.590355098 0.386486471 0.707590520
1341848016.689891 0.936390162 -1.622362137 3.756361246 0.040479932 0.588510275 0.389809847 0.707152963
1341848016.757848 0.943924665 -1.617903590 3.761098146 0.041870404 0.585993886 0.386062145 0.711206019
1341848016.784104 0.925954580 -1.628877044 3.760300159 0.042298708 0.584468424 0.382815927 0.714184463
1341848016.818817 0.923852921 -1.635627389 3.765822649 0.042883489 0.586290300 0.389061362 0.709264398
1341848016.850754 0.926696539 -1.633673191 3.765297413 0.044639792 0.583825707 0.389650702 0.710863709
1341848016.882757 0.911106110 -1.645804167 3.767972231 0.042378090 0.581790566 0.388203084 0.713457882
1341848016.918907 0.908938169 -1.647057056 3.771768808 0.044834968 0.580042243 0.391418964 0.712974072
1341848016.950706 0.916961908 -1.644879103 3.771044731 0.042473331 0.577129543 0.391899705 0.715214729
1341848016.986658 0.906788826 -1.651256800 3.769405127 0.041763134 0.576412082 0.392433584 0.715542376
1341848017.018678 0.904795647 -1.657209992 3.777157307 0.040095326 0.576915562 0.394297332 0.714206219
1341848017.050760 0.899195194 -1.660660744 3.779117107 0.039630290 0.576529026 0.394260556 0.714564443
1341848017.086845 0.895096064 -1.664726973 3.783435106 0.040379290 0.578501165 0.397631019 0.711052358
1341848017.118641 0.891338348 -1.667007089 3.782588482 0.040121045 0.578894973 0.398095965 0.710486174
1341848017.150678 0.879585743 -1.675966859 3.784676790 0.042051304 0.582008958 0.402768433 0.705177188
1341848017.186855 0.882571697 -1.676742196 3.786837578 0.041034307 0.584734082 0.405230343 0.701563060
1341848017.218765 0.870807409 -1.684674621 3.790056467 0.044289440 0.588799834 0.406824321 0.697027385
1341848017.254693 0.858667850 -1.694142461 3.789708614 0.045900725 0.591692805 0.408506632 0.693480432
1341848017.286638 0.844632149 -1.695220590 3.791101456 0.049156543 0.593948543 0.409327120 0.690840185
1341848017.318695 0.854911089 -1.699395537 3.798328876 0.052420985 0.598934770 0.409333527 0.686276376
1341848017.354737 0.840213776 -1.707116127 3.792716503 0.056943774 0.602670789 0.407018453 0.684018612
1341848017.386825 0.830946684 -1.716118813 3.798355579 0.060307756 0.608950436 0.414450288 0.673626959
1341848017.418824 0.821723938 -1.723339319 3.799806595 0.066060171 0.612324655 0.416549146 0.668716252
1341848017.454792 0.820703268 -1.721465111 3.799017191 0.067111462 0.612713218 0.419723243 0.666266501
1341848017.486699 0.804796457 -1.736557841 3.800849438 0.066513963 0.614956737 0.420988917 0.663455009
1341848017.522694 0.808921337 -1.734178066 3.796761513 0.066053763 0.616441607 0.421743184 0.661641419
1341848017.554797 0.811089993 -1.732185483 3.797724724 0.066067040 0.620212555 0.422379702 0.657698214
1341848017.587838 0.810312986 -1.733823061 3.800950050 0.064477608 0.622615874 0.422473788 0.655521214
1341848017.622714 0.806905031 -1.736761332 3.799004316 0.066989042 0.625394166 0.422870040 0.652361631
1341848017.654814 0.801959991 -1.740002513 3.800003529 0.069552325 0.628063440 0.426036358 0.647450268
1341848017.686820 0.796110630 -1.745744944 3.801264048 0.072704531 0.631589234 0.423907667 0.645067036
1341848017.722837 0.788215637 -1.748201251 3.802156925 0.077617042 0.634651423 0.424031854 0.641397119
1341848017.754780 0.789334774 -1.752360225 3.801091909 0.079877436 0.635000110 0.427705854 0.638327718
1341848017.790699 0.782416821 -1.754963875 3.802592993 0.084354177 0.637975633 0.426247895 0.635754883
1341848017.822756 0.772238255 -1.760312557 3.801751375 0.085427016 0.640362084 0.425020754 0.634031534
1341848017.854726 0.770995140 -1.760690212 3.805721521 0.087980270 0.642028511 0.426405907 0.631060243
1341848017.890737 0.761673450 -1.766665936 3.806665421 0.090863183 0.642457008 0.427182943 0.629688501
1341848017.922823 0.758524418 -1.768611908 3.805725813 0.088510796 0.642655671 0.426674724 0.630165219
1341848017.958643 0.757449150 -1.770911813 3.805471420 0.086092263 0.642915845 0.426905185 0.630078793
1341848017.990683 0.747765541 -1.776925087 3.803315163 0.086009897 0.642862201 0.426830351 0.630195439
1341848018.022671 0.747350216 -1.776693463 3.803553104 0.085366949 0.642130911 0.430536062 0.628505468
1341848018.058766 0.749025822 -1.776739120 3.805037498 0.084887110 0.644404173 0.431926638 0.625281453
1341848018.090894 0.747592449 -1.777943015 3.806926012 0.082996264 0.647585452 0.431784779 0.622339606
1341848018.122747 0.740007877 -1.786578536 3.804420471 0.082688563 0.646364927 0.436820358 0.620131493
1341848018.159145 0.746744156 -1.781522751 3.807790279 0.083675608 0.647207975 0.437891692 0.618361592
1341848018.190824 0.740165710 -1.785479307 3.805310249 0.084802322 0.647888184 0.439571798 0.616300404
1341848018.226660 0.740289211 -1.784817696 3.808271408 0.084191084 0.652014017 0.442824244 0.609668970
1341848018.258766 0.734425068 -1.789470434 3.809496403 0.085849978 0.652712882 0.444266886 0.607636988
1341848018.290747 0.731847286 -1.793987274 3.811045408 0.086701855 0.653063476 0.447878778 0.604479492
1341848018.333905 0.732399464 -1.795332193 3.811371565 0.085363381 0.653956711 0.450172633 0.601995349
1341848018.367205 0.733481407 -1.796794176 3.813195467 0.083800122 0.656815410 0.449296862 0.599752784
1341848018.397728 0.724943161 -1.808173418 3.813604116 0.082178265 0.658169508 0.450152993 0.597847879
1341848018.433770 0.728223324 -1.804410458 3.817922592 0.088609062 0.657495260 0.455909908 0.593291402
1341848018.465663 0.730861187 -1.802742124 3.822630882 0.093775734 0.657373428 0.462062985 0.587847114
1341848018.501822 0.726823330 -1.806871653 3.821753502 0.095132723 0.657619357 0.464222401 0.585648596
1341848018.534507 0.726842403 -1.809829473 3.830345392 0.095831834 0.662659466 0.466804236 0.577747762
1341848018.565849 0.724369526 -1.817103863 3.830154657 0.095196038 0.661700904 0.469595134 0.576688826
1341848018.601739 0.712528229 -1.824535608 3.838686466 0.098151080 0.666667461 0.472464561 0.568065226
1341848018.633687 0.706552029 -1.831954479 3.840147495 0.097931832 0.667631447 0.474177361 0.565538168
1341848018.669811 0.706232548 -1.834363818 3.846952200 0.099690527 0.668188989 0.476768225 0.562385499
1341848018.701756 0.704491138 -1.833448291 3.858299971 0.102517918 0.674023628 0.480913937 0.551274955
1341848018.733853 0.705647945 -1.835710168 3.861025810 0.102430277 0.674675584 0.482596457 0.549018741
1341848018.769715 0.703518391 -1.840490580 3.872746706 0.103664823 0.679063678 0.482075363 0.543810129
1341848018.802234 0.704725742 -1.841063023 3.876851082 0.106921233 0.679012239 0.483511299 0.541965961
1341848018.833759 0.696743488 -1.848809242 3.883002996 0.110035390 0.680739045 0.482968569 0.539655387
1341848018.869787 0.692731380 -1.854915023 3.884422302 0.111986503 0.682198644 0.481117368 0.539064109
1341848018.901964 0.697001934 -1.852383614 3.899669647 0.113412932 0.691459775 0.481302589 0.526658058
1341848018.933795 0.700276852 -1.857766747 3.902844191 0.117541604 0.689971983 0.484736949 0.524550080
1341848018.969688 0.705037594 -1.842722893 3.917527676 0.119802229 0.692553401 0.481367111 0.523739398
1341848019.002336 0.705108166 -1.845943809 3.921610117 0.119121745 0.693734765 0.482076317 0.521674871
1341848019.069833 0.717297554 -1.837057829 3.931481361 0.119287752 0.703065753 0.479618698 0.511307061
1341848019.096441 0.716159344 -1.839821458 3.932803631 0.117623180 0.703976452 0.479970753 0.510107994
1341848019.130792 0.719107151 -1.840302587 3.935716152 0.117626630 0.705691874 0.480560035 0.507173657
1341848019.162652 0.714659691 -1.846838236 3.940879345 0.118525051 0.709746659 0.483252853 0.498676389
1341848019.198644 0.704762936 -1.859694839 3.941369534 0.116131261 0.709326029 0.485596150 0.497560680
1341848019.231114 0.711319447 -1.852200747 3.947051525 0.115452349 0.714715004 0.487319350 0.488234639
1341848019.262728 0.706597805 -1.859893799 3.950402260 0.115772821 0.716489077 0.487617850 0.485251427
1341848019.298715 0.709803104 -1.852561831 3.953807354 0.118098781 0.717549980 0.489829540 0.480875969
1341848019.330680 0.718038559 -1.851405859 3.965052605 0.114913948 0.720697820 0.491091937 0.475624084
1341848019.362697 0.713090897 -1.856393456 3.967627048 0.113622539 0.722575903 0.490483999 0.473708183
1341848019.398715 0.712200165 -1.859440446 3.971361160 0.112030707 0.723590076 0.492632151 0.470297933
1341848019.431028 0.707588673 -1.859088182 3.979851246 0.117275871 0.730905533 0.495062292 0.454903096
1341848019.467021 0.707217216 -1.859636784 3.981803656 0.116200224 0.732837319 0.494298458 0.452897489
1341848019.498756 0.703514099 -1.867386937 3.985545635 0.118873447 0.734539866 0.496193022 0.447339684
1341848019.530821 0.693056107 -1.884976149 3.993659019 0.121729366 0.738541365 0.497254342 0.438721836
1341848019.567087 0.689901352 -1.890377045 3.997660160 0.124663591 0.737740457 0.500215054 0.435870439
1341848019.598737 0.696969986 -1.893186808 4.007362366 0.125633359 0.739268064 0.500713587 0.432417601
1341848019.630654 0.689013004 -1.902251244 4.014400959 0.123110741 0.742524207 0.499848694 0.428547323
1341848019.666875 0.699888706 -1.900997758 4.032296181 0.123452671 0.744785488 0.500061631 0.424255192
1341848019.698668 0.697875977 -1.900362849 4.028178215 0.125683501 0.742404401 0.503153503 0.424117923
1341848019.734756 0.689492226 -1.916299462 4.035200596 0.122823708 0.745398462 0.504311979 0.418288022
1341848019.766703 0.687555313 -1.920684457 4.037306786 0.122451253 0.746158540 0.505156875 0.416016430
1341848019.798719 0.681958199 -1.931953549 4.044136047 0.123814084 0.746655285 0.505957723 0.413742423
1341848019.834660 0.683010101 -1.934202790 4.046679497 0.124204278 0.747036934 0.507506728 0.411030561
1341848019.866778 0.684528351 -1.933072686 4.048222065 0.124022074 0.749966860 0.508749545 0.404156148
1341848019.898833 0.683393955 -1.937244773 4.050444126 0.126022011 0.750952899 0.510303020 0.399723709
1341848019.934782 0.683991432 -1.940366983 4.053590775 0.129134744 0.751136899 0.513778925 0.393889308
1341848019.966705 0.686020851 -1.935155272 4.051748753 0.132156298 0.750676274 0.517282486 0.389151365
1341848020.002811 0.688015938 -1.936382413 4.052875996 0.132432699 0.752383828 0.518938482 0.383514196
1341848020.034693 0.689050198 -1.942747951 4.064113140 0.129159287 0.758917212 0.517764211 0.373206139
1341848020.066696 0.689454079 -1.946197391 4.066891193 0.132406250 0.759018660 0.521145403 0.367106020
1341848020.102776 0.689870834 -1.950235128 4.068505287 0.133795068 0.759452343 0.523097038 0.362905771
1341848020.134758 0.693327904 -1.949221492 4.070919037 0.131164834 0.760952115 0.522814095 0.361127555
1341848020.170835 0.691200733 -1.955694556 4.073403358 0.128369033 0.763082325 0.522645772 0.357866079
1341848020.202706 0.688363075 -1.958347917 4.075303555 0.129979745 0.763869107 0.523361862 0.354544342
1341848020.234873 0.694613457 -1.956984997 4.077656746 0.129056379 0.766934872 0.525458932 0.345033675
1341848020.271152 0.693771839 -1.960521340 4.079500675 0.128881216 0.768814206 0.525390983 0.340996534
1341848020.302754 0.691845417 -1.966821194 4.083419800 0.129276410 0.770663381 0.525057673 0.337164640
1341848020.334861 0.693738937 -1.972742677 4.086342335 0.128973618 0.772475839 0.526524663 0.330784947
1341848020.370812 0.700080395 -1.968971014 4.086914062 0.130707771 0.774415851 0.527126729 0.324550569
1341848020.402809 0.697842121 -1.975409627 4.089368820 0.132614955 0.776107490 0.526892722 0.320085198
1341848020.438816 0.704224586 -1.978669047 4.093580723 0.128413424 0.779957414 0.526705921 0.312661648
1341848020.471200 0.707682610 -1.979459643 4.094263077 0.128779456 0.783328891 0.524986207 0.306922287
1341848020.502691 0.704250813 -1.986114979 4.098062515 0.131950736 0.785889149 0.523769140 0.301053464
1341848020.538748 0.704308987 -1.987622738 4.101915836 0.135734737 0.786817789 0.524757445 0.295167089
1341848020.570790 0.704215527 -1.990767002 4.103745937 0.140137970 0.786820054 0.526389658 0.290154308
1341848020.602764 0.704813957 -1.992796659 4.105290413 0.140821502 0.787134290 0.527965426 0.286079466
1341848020.638929 0.706020832 -1.995556116 4.108443260 0.144186243 0.785862327 0.532322764 0.279755652
1341848020.670809 0.708500385 -1.994248867 4.109523773 0.147741199 0.785421729 0.534063876 0.275791615
1341848020.706669 0.709793091 -1.993884087 4.109663963 0.145318598 0.786153078 0.534587622 0.273974389
1341848020.738994 0.709502697 -2.000390291 4.113789558 0.146648675 0.786007464 0.537565947 0.267785847
1341848020.770817 0.711837292 -2.003449440 4.116141796 0.150554702 0.784892976 0.539306045 0.265377849
1341848020.807216 0.712334633 -2.007652998 4.118028641 0.150145590 0.784086883 0.541051447 0.264437973
1341848020.839066 0.718558788 -2.009211063 4.118781567 0.148879215 0.784357905 0.542777896 0.260786980
1341848020.870955 0.720002174 -2.008483410 4.119472027 0.150053233 0.785204351 0.541915417 0.259356737
1341848020.906582 0.714390278 -2.020827770 4.124252319 0.152614161 0.784542441 0.542755008 0.258107007
1341848020.938790 0.720956802 -2.014287233 4.122515678 0.154032886 0.784114182 0.544400990 0.255081236
1341848020.974874 0.722144127 -2.020270586 4.123000622 0.152308211 0.785357654 0.543739021 0.253699422
1341848021.006632 0.721313477 -2.023938417 4.125575066 0.152717844 0.786257744 0.543149471 0.251922131
1341848021.039636 0.720848560 -2.026524544 4.126628876 0.154592767 0.785401225 0.545077205 0.249272794
1341848021.074762 0.723283768 -2.029562950 4.128212929 0.156285629 0.785557151 0.545976102 0.245733351
1341848021.106691 0.724519253 -2.032401323 4.128669262 0.154044032 0.786011636 0.546393454 0.244765788
1341848021.142795 0.742565632 -2.037319660 4.136283398 0.150426015 0.788732350 0.546779275 0.237288326
1341848021.175038 0.744973660 -2.038321257 4.136561871 0.150016099 0.788972139 0.547213078 0.235745534
1341848021.206698 0.747627735 -2.040913343 4.138433456 0.150476620 0.788969755 0.548362732 0.232770100
1341848021.242671 0.754603386 -2.040107250 4.138916492 0.149269640 0.790944755 0.547760308 0.228218600
1341848021.274899 0.757009983 -2.050271511 4.143698692 0.150262311 0.793241918 0.547451973 0.220192581
1341848021.307283 0.760969877 -2.055485964 4.145965576 0.151428670 0.794397056 0.547143221 0.215956226
1341848021.343359 0.764026165 -2.057575941 4.143848896 0.152282029 0.795993030 0.546765327 0.210363895
1341848021.384830 0.765912056 -2.050240278 4.143613338 0.153147370 0.800384939 0.542755008 0.203339592
1341848021.414272 0.767521381 -2.062750816 4.148589134 0.154823735 0.802662432 0.541305840 0.196851999
1341848021.455728 0.771828890 -2.065620184 4.150170803 0.159750536 0.803999126 0.540675402 0.189037994
1341848021.487906 0.778652191 -2.067437172 4.149487019 0.161330223 0.806124270 0.539478362 0.181932226
1341848021.514696 0.785768270 -2.078927517 4.158094883 0.161557302 0.808795631 0.538060546 0.173895836
1341848021.550755 0.788738489 -2.086701393 4.162029266 0.163380712 0.808922708 0.538518250 0.170144081
1341848021.617752 0.795933962 -2.096727133 4.163875103 0.159532875 0.810510337 0.538525403 0.166171014
1341848021.643147 0.794045448 -2.093953848 4.164146423 0.156177908 0.811700761 0.538176954 0.164669499
1341848021.678764 0.810718536 -2.101098061 4.169717789 0.151886567 0.814061224 0.537497580 0.159157649
1341848021.710743 0.809357166 -2.108434439 4.174021721 0.152676404 0.814145803 0.537364721 0.158416376
1341848021.742811 0.817408323 -2.111729383 4.175188541 0.152988181 0.813261986 0.539728820 0.154571488
1341848021.778676 0.823048592 -2.111160755 4.175093651 0.154653266 0.813216031 0.540495634 0.150421500
1341848021.810867 0.829081059 -2.117274046 4.177134514 0.151651084 0.812807500 0.542455614 0.148619682
1341848021.844563 0.832217455 -2.121319532 4.176156044 0.148810685 0.812530100 0.544364274 0.146006286
1341848021.878887 0.837211132 -2.121908188 4.177165985 0.149104089 0.813396752 0.543909252 0.142535567
1341848021.910628 0.846764565 -2.123481989 4.177168369 0.148240551 0.814170837 0.543786287 0.139453039
1341848021.946714 0.848811150 -2.131930828 4.172794342 0.148345500 0.814085662 0.544464171 0.137174577
1341848021.978747 0.854862690 -2.136464834 4.174160480 0.147176474 0.815847456 0.542867184 0.134265602
1341848022.010782 0.860773087 -2.134776354 4.174826622 0.146259665 0.818032861 0.540920675 0.129750565
1341848022.046709 0.869059324 -2.140929937 4.174010754 0.146441072 0.818609059 0.541008174 0.125477418
1341848022.078665 0.876524210 -2.142843962 4.173425198 0.145450085 0.819452226 0.540695727 0.122436263
1341848022.110954 0.876257420 -2.141194582 4.170866013 0.144812658 0.819997191 0.540567636 0.120085880
1341848022.146749 0.889264584 -2.147227764 4.166988373 0.142848134 0.821074963 0.540949523 0.113154687
1341848022.178988 0.893010855 -2.146689892 4.164085388 0.142621100 0.822277486 0.539733171 0.110485837
1341848022.214773 0.901864529 -2.150308609 4.162405014 0.141625196 0.823529065 0.539067626 0.105585575
1341848022.246774 0.899742603 -2.152995110 4.159248352 0.143198311 0.824957609 0.537283480 0.101319887
1341848022.278764 0.907160521 -2.157279730 4.159793854 0.144565016 0.826239467 0.536177039 0.094570197
1341848022.314757 0.917313576 -2.160434723 4.155518532 0.148981571 0.825194478 0.537685812 0.088048883
1341848022.354110 0.920894384 -2.159649134 4.144787312 0.150091782 0.825522542 0.537803710 0.082171917
1341848022.387191 0.926891565 -2.164192438 4.147604942 0.151353806 0.827311873 0.535674155 0.075500518
1341848022.417848 0.938330889 -2.166843176 4.140541077 0.152016252 0.827588141 0.536058128 0.068048760
1341848022.454164 0.939186931 -2.167549133 4.135729790 0.153966799 0.829129994 0.533556044 0.064464584
1341848022.485638 0.940103769 -2.171185493 4.136119366 0.153467357 0.830754042 0.531564116 0.061115518
1341848022.521730 0.948619485 -2.172328234 4.132127285 0.154708043 0.831287861 0.531033099 0.055044439
1341848022.554231 0.958928943 -2.177176237 4.125741005 0.155923396 0.831693113 0.530486226 0.050585199
1341848022.586067 0.953010082 -2.175867558 4.125833511 0.156800285 0.833118379 0.528346241 0.046665467
1341848022.621801 0.964825392 -2.176108122 4.121401310 0.154368058 0.834050000 0.528090477 0.040640637
1341848022.654208 0.964583158 -2.173661709 4.117256165 0.156906471 0.835418463 0.525440335 0.036998607
1341848022.690287 0.964890361 -2.176301718 4.120969772 0.159145072 0.835772991 0.524447620 0.033334620
1341848022.721700 0.973391771 -2.174396515 4.117783070 0.156447887 0.834951401 0.527012765 0.025255254
1341848022.753725 0.980065227 -2.176887989 4.112550735 0.157408863 0.834505677 0.527689159 0.019156614
1341848022.782985 0.983479381 -2.172949076 4.114641190 0.158326969 0.834631205 0.527323723 0.015909376
1341848022.814772 0.984560311 -2.168630123 4.113843918 0.154452175 0.832546413 0.531930864 0.007783628
1341848022.850799 0.993164003 -2.171841145 4.103803635 0.154237196 0.830948174 0.534538448 0.002185799
1341848022.882710 0.991712332 -2.172534466 4.110904217 0.152634591 0.830535054 0.535642803 -0.001050539
1341848022.918835 0.998213351 -2.172722578 4.105271339 0.146029130 0.823875129 0.547542632 -0.010115884
1341848022.950815 1.004978418 -2.161116362 4.085050106 0.139246777 0.821447909 0.552805364 -0.015490566
1341848022.982728 0.998432517 -2.159628391 4.101173878 0.134846509 0.828439951 0.543224692 -0.020266050
1341848023.018822 1.018054962 -2.165645123 4.092630386 0.127346382 0.824961245 0.549687088 -0.032650210
1341848023.050766 1.030998707 -2.168800116 4.078029633 0.127736121 0.820380330 0.555558383 -0.044884358
1341848023.082738 1.037604809 -2.166648149 4.070916653 0.131811634 0.819455564 0.555438578 -0.051052719
1341848023.118789 1.045026660 -2.159571648 4.069163799 0.131182164 0.818139791 0.556746840 -0.058919955
1341848023.150992 1.057565570 -2.162481785 4.060950756 0.129936889 0.816137791 0.558823407 -0.068934917
1341848023.186687 1.065085053 -2.163272619 4.060997486 0.130396083 0.816321135 0.557549298 -0.075865395
1341848023.218702 1.066274405 -2.153869390 4.071571350 0.133914068 0.813783646 0.559345245 -0.083403490
1341848023.250764 1.073753953 -2.153573990 4.067765236 0.135698125 0.809120297 0.564631522 -0.090009138
1341848023.286758 1.079991102 -2.149770737 4.064373016 0.132908165 0.806583047 0.568423331 -0.093028218
1341848023.318763 1.082295179 -2.143397093 4.063266754 0.126679137 0.804519713 0.572322845 -0.095640227
1341848023.354762 1.093835235 -2.145379543 4.058362007 0.122860901 0.801424861 0.576453805 -0.101609640
1341848023.386908 1.098982096 -2.142581224 4.054680824 0.119937718 0.799841166 0.577680230 -0.110248588
1341848023.418717 1.104401827 -2.141023636 4.052517891 0.120321073 0.797547281 0.580100715 -0.113685675
1341848023.454710 1.110346079 -2.135380983 4.051194191 0.122082837 0.794776142 0.582536697 -0.118649721
1341848023.487092 1.116686344 -2.130828619 4.045828819 0.123538315 0.793056369 0.583784640 -0.122455843
1341848023.518675 1.115880370 -2.132288933 4.041551590 0.121763848 0.791437864 0.586026907 -0.123984970
1341848023.555068 1.132451177 -2.129990816 4.021729946 0.118016995 0.789434850 0.587994874 -0.130868688
1341848023.586796 1.138859510 -2.118134499 4.022955894 0.117738277 0.790509164 0.585522294 -0.135634348
1341848023.622845 1.142778516 -2.123264551 4.012088776 0.119563237 0.789381981 0.585864007 -0.139083475
1341848023.654718 1.146298885 -2.120826244 4.008250237 0.118392199 0.789455712 0.584942639 -0.143474981
1341848023.687172 1.151516676 -2.111875772 4.004439354 0.117980793 0.789600849 0.583566368 -0.148530558
1341848023.722693 1.160609841 -2.108077049 3.996175051 0.118811779 0.789501488 0.582150280 -0.153858036
1341848023.754690 1.160890937 -2.107147217 3.994367361 0.119581923 0.788799465 0.582245529 -0.156479403
1341848023.786854 1.164549947 -2.101346493 3.983147860 0.117199391 0.787224650 0.582063913 -0.166563153
1341848023.822788 1.168934107 -2.098903418 3.978784561 0.115664318 0.787628233 0.580535889 -0.171002105
1341848023.854825 1.170650601 -2.095206261 3.974054098 0.117013849 0.786812127 0.580446005 -0.174117804
1341848023.890666 1.177741766 -2.084262133 3.960726976 0.114959672 0.785602629 0.581020236 -0.178964764
1341848023.922784 1.180816412 -2.074768782 3.954685688 0.113706648 0.786102295 0.579248011 -0.183264479
1341848023.954826 1.193723679 -2.071480751 3.934069633 0.111513577 0.784551680 0.577931464 -0.195035085
1341848023.990739 1.197348952 -2.065704107 3.930929184 0.114782676 0.783097208 0.576901734 -0.201911062
1341848024.022671 1.201365232 -2.058057785 3.922970057 0.118829131 0.780465841 0.577602863 -0.207672194
1341848024.054725 1.210892797 -2.046630859 3.903922319 0.120649837 0.778995693 0.577421904 -0.212587386
1341848024.090828 1.211376190 -2.047055244 3.901424170 0.122902706 0.778714895 0.575937390 -0.216319859
1341848024.122843 1.213309526 -2.045510530 3.891509056 0.126831636 0.775614560 0.575808287 -0.225345626
1341848024.158762 1.215863943 -2.037875891 3.884865999 0.129515037 0.774352014 0.575595379 -0.228680521
1341848024.190945 1.217314005 -2.032665968 3.878948927 0.130380943 0.774739802 0.573788345 -0.231400147
1341848024.222838 1.220632315 -2.020295143 3.872112513 0.129905954 0.772716284 0.574599445 -0.236367390
1341848024.258826 1.220286131 -2.019350052 3.862786770 0.130468741 0.769447327 0.577098846 -0.240594417
1341848024.290769 1.226563096 -2.014073133 3.856682301 0.131081298 0.768603981 0.576613069 -0.244096369
1341848024.322705 1.231493473 -2.013725042 3.834393263 0.129536122 0.763574660 0.580923855 -0.250402898
1341848024.358743 1.234507322 -2.007406235 3.828027248 0.127643138 0.761909366 0.581984639 -0.253959179
1341848024.390878 1.235160112 -2.003597260 3.824619532 0.126479611 0.761606038 0.581117630 -0.257413268
1341848024.426783 1.237620592 -1.999789715 3.818699121 0.125701874 0.759571910 0.582618713 -0.260394067
1341848024.458795 1.242486477 -1.988820553 3.811021805 0.124808885 0.757843733 0.583449244 -0.263974577
1341848024.491019 1.243896246 -1.986239433 3.806493044 0.124419518 0.755999804 0.584412813 -0.267293483
1341848024.526783 1.247235537 -1.981650114 3.804352999 0.123724267 0.754085004 0.585517764 -0.270586729
1341848024.558627 1.267200947 -1.962625027 3.776283264 0.120085888 0.750051975 0.587750196 -0.278480202
1341848024.594736 1.269891739 -1.960421324 3.773758173 0.120521910 0.748820424 0.588061750 -0.280937582
1341848024.626657 1.272436380 -1.956439018 3.771146059 0.119704112 0.746453047 0.589738965 -0.284054190
1341848024.658717 1.275720358 -1.951910019 3.766267538 0.118683815 0.744592309 0.590749085 -0.287249058
1341848024.694820 1.282656431 -1.942290783 3.761266708 0.119143054 0.743212461 0.590608001 -0.290899515
1341848024.727054 1.286798716 -1.939424515 3.757282972 0.120405294 0.740080953 0.592932403 -0.293622106
1341848024.758938 1.292957544 -1.933021069 3.747448206 0.119919397 0.737995327 0.593745410 -0.297403336
1341848024.794701 1.303135633 -1.929018021 3.740794659 0.117012858 0.737295985 0.593504369 -0.300757796
1341848024.826727 1.313611746 -1.925072908 3.732373238 0.116132036 0.735118508 0.594285369 -0.304859161
1341848024.862797 1.337767124 -1.907483101 3.712829351 0.116371892 0.733338058 0.592190266 -0.313023239
1341848024.894777 1.342862129 -1.914176464 3.711400270 0.119545653 0.732662082 0.591222703 -0.315231323
1341848024.926754 1.348769665 -1.915389776 3.707391977 0.121815078 0.731188834 0.590741217 -0.318667263
1341848024.962678 1.356555462 -1.915947914 3.705199242 0.124316655 0.731304824 0.588608861 -0.321369499
1341848024.994729 1.362164497 -1.925826550 3.705864668 0.127516434 0.729731619 0.588966310 -0.323032588
1341848025.026872 1.388317585 -1.904411316 3.686539650 0.126800686 0.725701809 0.589608729 -0.331119329
1341848025.062647 1.394852638 -1.904223680 3.682950974 0.126526877 0.725424826 0.588968992 -0.332964510
1341848025.094714 1.404114962 -1.910686731 3.680739403 0.124718919 0.723845899 0.590070188 -0.335126042
1341848025.131056 1.422957659 -1.904150009 3.666474819 0.122625068 0.720625520 0.591476560 -0.340319544
1341848025.163080 1.440260172 -1.888110161 3.661718845 0.123979576 0.720101953 0.587664425 -0.347466260
1341848025.194910 1.447193146 -1.891715050 3.660140991 0.126425341 0.718451381 0.587850273 -0.349680483
1341848025.230646 1.452866077 -1.894723177 3.655466557 0.127928376 0.716054678 0.588556826 -0.352846950
1341848025.262679 1.463439226 -1.896923780 3.651309490 0.129065245 0.715694964 0.587319493 -0.355216563
1341848025.294743 1.477446795 -1.892336130 3.641855478 0.128382087 0.714304507 0.587527752 -0.357908398
1341848025.330653 1.486744642 -1.879254818 3.630347967 0.125781283 0.712327957 0.588176787 -0.361684918
1341848025.363022 1.491939306 -1.881613731 3.627714634 0.126119271 0.712415576 0.587192476 -0.362991631
1341848025.398825 1.498907089 -1.884856462 3.624176502 0.127376094 0.711327195 0.587349713 -0.364430010
1341848025.430687 1.503368139 -1.885233402 3.619018078 0.127527267 0.709477127 0.588926554 -0.365437448
1341848025.462832 1.508775234 -1.885576248 3.611571312 0.125270784 0.708467543 0.589241147 -0.367662787
1341848025.498683 1.521676779 -1.886902332 3.602787018 0.122886539 0.707383454 0.589378119 -0.370325565
1341848025.530800 1.538754225 -1.862699032 3.589967966 0.120606646 0.705592155 0.588594019 -0.375700623
1341848025.566751 1.541760683 -1.862485647 3.586810112 0.120726116 0.704512537 0.588736653 -0.377460659
1341848025.598738 1.545450687 -1.862154007 3.584595203 0.120528303 0.703909397 0.588439107 -0.379109442
1341848025.630731 1.550975084 -1.862188101 3.580613375 0.120027773 0.702774704 0.589079916 -0.380376190
1341848025.666677 1.557769775 -1.860697985 3.572642565 0.119918697 0.700801373 0.589937747 -0.382714570
1341848025.698755 1.569292307 -1.842684984 3.560544491 0.117596991 0.698310554 0.589609504 -0.388450712
1341848025.730719 1.572582483 -1.844075203 3.556857109 0.116637804 0.696555793 0.591136456 -0.389568180
1341848025.766716 1.575211525 -1.842941165 3.554435492 0.115973793 0.696390092 0.590397954 -0.391179413
1341848025.798909 1.581767082 -1.847382307 3.550926924 0.116130009 0.695662975 0.589921176 -0.393141001
1341848025.834828 1.581173182 -1.841607809 3.549208164 0.118570775 0.694284916 0.589045823 -0.396149576
1341848025.866679 1.584681749 -1.841488481 3.545802593 0.121013924 0.694081068 0.587205589 -0.398493201
1341848025.898725 1.593235254 -1.843095064 3.535398006 0.122076206 0.692263782 0.587232292 -0.401281118
1341848025.934824 1.595679998 -1.844129086 3.536353588 0.123625964 0.691163540 0.587155342 -0.402813017
1341848025.967138 1.614665747 -1.814879179 3.516623259 0.120374329 0.689325452 0.585388184 -0.409464389
1341848025.998679 1.618971348 -1.815494895 3.513927937 0.122833014 0.687426209 0.585596144 -0.411624104
1341848026.034640 1.621220112 -1.811594963 3.510281563 0.124041192 0.685677171 0.585850537 -0.413811356
1341848026.066857 1.624684095 -1.809208512 3.506291866 0.125534564 0.685345352 0.583789289 -0.416812778
1341848026.102823 1.636400700 -1.803630114 3.499590635 0.125412747 0.683238328 0.583104193 -0.421243966
1341848026.134670 1.641090155 -1.800720215 3.493455887 0.128601804 0.680881739 0.582842052 -0.424448788
1341848026.166699 1.651227951 -1.799746752 3.484000206 0.131170273 0.679586947 0.581224024 -0.427942365
1341848026.202754 1.657979727 -1.797471166 3.479099751 0.132589668 0.676884413 0.581980348 -0.430751026
1341848026.234940 1.669714212 -1.770233274 3.464777946 0.131629363 0.673308015 0.581586063 -0.437135786
1341848026.267001 1.676984787 -1.771363020 3.461492062 0.136106417 0.671601474 0.580158412 -0.440275878
1341848026.302861 1.679628134 -1.770574927 3.457486153 0.139817357 0.668583512 0.581991732 -0.441285491
1341848026.334824 1.683181763 -1.768394470 3.452911377 0.140434369 0.666607320 0.581717193 -0.444430113
1341848026.371024 1.694262505 -1.757947087 3.443497419 -0.138676018 -0.665439248 -0.580272973 0.448600978
1341848026.402725 1.698711157 -1.757129908 3.439229012 -0.140750125 -0.663995385 -0.579789460 0.450714678
1341848026.434734 1.702325583 -1.755160928 3.435112000 -0.142829344 -0.663317144 -0.577833474 0.453562200
1341848026.470839 1.710887671 -1.760550618 3.426189423 -0.142831787 -0.662469208 -0.577089429 0.455742747
1341848026.502672 1.713463306 -1.749849439 3.424833059 -0.142605990 -0.661668897 -0.574955225 0.459656835
1341848026.534739 1.717428684 -1.750277162 3.421208382 -0.143367991 -0.661290586 -0.573112369 0.462258250
1341848026.570847 1.722766399 -1.751322269 3.414520264 -0.142513901 -0.661350846 -0.572526038 0.463161826
1341848026.602721 1.731544733 -1.751669884 3.405725479 0.139585942 0.660920262 0.572968304 -0.464120179
1341848026.641972 1.742232800 -1.730551958 3.392816544 -0.136372015 -0.659227371 -0.572447598 0.468108594
1341848026.671128 1.746662140 -1.730906844 3.388004065 -0.137252465 -0.659191191 -0.571533501 0.469018430
1341848026.702795 1.753310680 -1.734813094 3.382983923 -0.137029678 -0.659463823 -0.571199298 0.469107389
1341848026.738795 1.761799097 -1.737890959 3.375877857 -0.135768205 -0.659196675 -0.571622074 0.469334602
1341848026.770813 1.772762775 -1.733907938 3.363975048 -0.134920239 -0.657872558 -0.573016107 0.469737053
1341848026.806747 1.788265228 -1.703313828 3.361088276 -0.133639991 -0.657907248 -0.569868147 0.473865688
1341848026.838668 1.794947624 -1.705968738 3.356715202 -0.134225592 -0.657900333 -0.571125388 0.472193241
1341848026.878025 1.804618359 -1.710674763 3.349229813 -0.133478358 -0.656849086 -0.572987616 0.471612096
1341848026.906905 1.815790892 -1.711173892 3.342258692 -0.132616475 -0.655861855 -0.574692845 0.471154183
1341848026.938881 1.829332829 -1.695171833 3.329833508 -0.131554976 -0.655204654 -0.573776066 0.473477721
1341848026.970651 1.844809771 -1.697606206 3.320207119 -0.131509334 -0.654938638 -0.574774086 0.472647369
1341848027.006815 1.856658936 -1.700446248 3.311921120 -0.130998537 -0.653964579 -0.576522768 0.472007632
1341848027.038669 1.868106604 -1.702787399 3.303719521 -0.131111279 -0.653486490 -0.576772988 0.472332656
1341848027.074785 1.883280039 -1.684176326 3.309346676 -0.131238863 -0.655568123 -0.573407888 0.473508388
1341848027.106663 1.891775370 -1.686827302 3.304428101 -0.133558214 -0.653847098 -0.574022174 0.474494368
1341848027.138671 1.906677961 -1.694343925 3.287061691 -0.131921321 -0.652811468 -0.574104011 0.476275653
1341848027.174831 1.922461033 -1.705574393 3.281910896 -0.131644264 -0.653551698 -0.573091745 0.476556331
1341848027.207212 1.934637547 -1.681996822 3.277095795 -0.129844084 -0.652975380 -0.569795668 0.481764019
1341848027.238696 1.943473101 -1.687822223 3.272407770 -0.131641775 -0.652344584 -0.568383455 0.483794659
1341848027.274701 1.964700937 -1.686843276 3.260578394 -0.129390031 -0.651976407 -0.568007529 0.485337436
1341848027.306705 1.979160786 -1.690388083 3.248996973 -0.128099486 -0.650605619 -0.568429112 0.487022728
1341848027.342775 1.999335051 -1.692939639 3.244355679 -0.128280804 -0.650992751 -0.566427529 0.488786638
1341848027.374943 1.999051094 -1.679152966 3.249402523 -0.130374506 -0.654051661 -0.560932934 0.490482569
1341848027.406837 2.009220839 -1.681630731 3.246816158 -0.130901963 -0.656225264 -0.558964491 0.489685386
1341848027.442959 2.017927170 -1.682348251 3.239537239 -0.131405979 -0.657627821 -0.557064772 0.489833683
1341848027.474800 2.026947021 -1.684272051 3.238666058 -0.130144402 -0.661191583 -0.555157602 0.487532765
1341848027.506714 2.044237137 -1.686512470 3.223901033 -0.129359946 -0.662723720 -0.553974032 0.487007231
1341848027.543310 2.059804678 -1.669831514 3.214835167 -0.126873821 -0.664539218 -0.551185191 0.488349825
1341848027.574717 2.066889524 -1.673762560 3.212337017 -0.127002493 -0.667663991 -0.549988806 0.485394150
1341848027.610716 2.072861910 -1.683538437 3.209640026 -0.127750948 -0.669471979 -0.550296903 0.482348770
1341848027.642684 2.077625990 -1.679989696 3.208342552 -0.128366232 -0.671368480 -0.549310267 0.480671138
1341848027.674731 2.095340967 -1.685220122 3.198950529 -0.128866062 -0.672441542 -0.548484147 0.479980379
1341848027.711026 2.110801697 -1.673061371 3.181394577 -0.125190809 -0.670040488 -0.549549937 0.483081609
1341848027.742789 2.116678238 -1.673173785 3.176991940 -0.125606552 -0.670970261 -0.549614310 0.481607705
1341848027.778768 2.122192621 -1.669229269 3.170524120 -0.124960437 -0.672757208 -0.550043225 0.478785038
1341848027.810746 2.132498980 -1.665329456 3.163103819 -0.123418048 -0.673479199 -0.550252616 0.477928787
1341848027.842836 2.139197350 -1.655545354 3.162294149 -0.123881169 -0.674554825 -0.549866021 0.476735353
1341848027.878669 2.144911289 -1.647785187 3.148967266 -0.123014666 -0.674216151 -0.551613271 0.475418508
1341848027.911127 2.146771193 -1.646437645 3.149518490 -0.122962840 -0.676638424 -0.552027106 0.471494049
1341848027.942732 2.152786732 -1.645653248 3.143172026 0.121730201 0.676914573 0.554235756 -0.468818873
1341848027.978757 2.152054787 -1.638222575 3.139206171 0.122520030 0.678754389 0.553711057 -0.466567636
1341848028.011034 2.168565273 -1.632939100 3.120205879 -0.118908688 -0.679201007 -0.553455055 0.467155427
1341848028.046706 2.169545174 -1.629258513 3.119396210 -0.118606873 -0.680557966 -0.553252399 0.465494543
1341848028.078967 2.173335075 -1.624310493 3.111170292 -0.119877480 -0.681956708 -0.551409721 0.465308309
1341848028.110971 2.175271988 -1.620879173 3.108749151 -0.121428125 -0.685239434 -0.549310863 0.462557852
1341848028.150637 2.178603172 -1.616706014 3.100611925 -0.121787325 -0.685537279 -0.548486352 0.463000238
1341848028.186050 2.186107159 -1.607181668 3.072178602 -0.120057911 -0.683836639 -0.547813416 0.466748327
1341848028.254235 2.197452068 -1.603712440 3.055568218 -0.120176457 -0.684334934 -0.546743810 0.467241496
1341848028.278830 2.202776670 -1.594770432 3.034549713 0.119740590 0.683309078 0.546158075 -0.469534099
1341848028.314908 2.204177856 -1.590721488 3.034730911 -0.118777096 -0.685026109 -0.544327974 0.469402164
1341848028.347962 2.207794428 -1.582787037 3.018352985 -0.118979983 -0.682099223 -0.542557359 0.475621641
1341848028.378956 2.210675001 -1.577337027 3.012607574 -0.119938008 -0.682518005 -0.540505171 0.477114469
1341848028.414628 2.212785721 -1.570069909 3.003709078 -0.120113686 -0.683013082 -0.538739562 0.478357166
1341848028.447632 2.211921930 -1.564311624 3.004266977 -0.120591164 -0.683846414 -0.536641538 0.479403526
1341848028.482785 2.214848757 -1.552298546 2.995877504 -0.119895689 -0.684306204 -0.534468770 0.481345236
1341848028.514701 2.226660728 -1.554748535 2.981641293 -0.122616239 -0.683425665 -0.533960581 0.482473552
1341848028.546612 2.232338905 -1.546071291 2.970407486 -0.123687752 -0.682025552 -0.532882512 0.485364527
1341848028.582747 2.236239433 -1.545762658 2.964126587 -0.123466119 -0.683123946 -0.532382786 0.484423816
1341848028.614649 2.243885756 -1.541915894 2.954545975 -0.123683512 -0.682703197 -0.533115089 0.484156042
1341848028.653766 2.245883703 -1.541594267 2.944508076 -0.125971720 -0.682548761 -0.534104884 0.482690781
1341848028.721828 2.262685061 -1.521191120 2.921228409 -0.124906883 -0.682249427 -0.531553447 0.486194342
1341848028.747229 2.269272089 -1.511970758 2.912274361 -0.126203313 -0.682237685 -0.530092657 0.487469316
1341848028.782861 2.273260355 -1.505956650 2.903362751 -0.126798704 -0.683273733 -0.528921545 0.487135708
1341848028.814757 2.280645847 -1.501578450 2.890454531 -0.126093403 -0.683235347 -0.529160500 0.487112999
1341848028.850773 2.287017345 -1.493165970 2.882637501 -0.125850767 -0.684108078 -0.527685046 0.487551242
1341848028.882714 2.288800240 -1.491822839 2.870447397 -0.126817986 -0.683012545 -0.528340578 0.488126308
1341848028.914838 2.294630289 -1.491205573 2.862781525 -0.129171044 -0.682589233 -0.529315412 0.487044215
1341848028.950881 2.298629522 -1.490893960 2.852965832 -0.130976647 -0.681646705 -0.530845642 0.486215860
1341848028.982690 2.300631762 -1.486740232 2.846077919 -0.131862760 -0.681692779 -0.531751931 0.484919786
1341848029.018728 2.301942348 -1.485721707 2.836907864 -0.131291285 -0.681603134 -0.532951772 0.483882427
1341848029.050751 2.307212114 -1.470667958 2.820198298 -0.127658799 -0.679796696 -0.533534348 0.486745089
1341848029.082877 2.311604738 -1.467656136 2.816955090 -0.126706600 -0.680515170 -0.532903075 0.486681521
1341848029.118800 2.316636086 -1.464332581 2.809148073 -0.127607912 -0.679868400 -0.533231556 0.486990094
1341848029.150715 2.318780661 -1.462071538 2.805388451 -0.128110275 -0.679219961 -0.534424782 0.486454755
1341848029.182676 2.323976517 -1.457594395 2.795672178 -0.126869008 -0.677231908 -0.536393285 0.487384319
1341848029.218708 2.329043627 -1.447146297 2.785876513 -0.125634313 -0.675337255 -0.536570251 0.490130603
1341848029.250626 2.335110903 -1.450067639 2.775566816 -0.124608241 -0.674090624 -0.538905978 0.489545792
1341848029.286969 2.336896420 -1.446367621 2.774986267 -0.122742198 -0.674147606 -0.539344370 0.489455968
1341848029.320225 2.344990015 -1.442609549 2.765089512 -0.120759003 -0.671910584 -0.540627301 0.491605073
1341848029.350954 2.354840755 -1.433297753 2.758530140 -0.121616021 -0.671858609 -0.537894070 0.494454801
1341848029.386923 2.360316515 -1.427886724 2.747348785 -0.120382026 -0.671097934 -0.538196027 0.495460242
1341848029.418757 2.363539219 -1.423975468 2.739771366 -0.119203880 -0.668816745 -0.539273024 0.497653753
1341848029.450819 2.368021011 -1.422735810 2.735704899 -0.119698122 -0.668620884 -0.537752450 0.499440581
1341848029.486788 2.374229670 -1.423531294 2.731530905 -0.119415633 -0.668394446 -0.537430227 0.500157654
1341848029.518925 2.381323576 -1.426550865 2.722332478 -0.118251450 -0.666733623 -0.537682235 0.502375245
1341848029.554721 2.390685797 -1.423695564 2.715559721 -0.118309833 -0.666211545 -0.535370708 0.505512714
1341848029.586990 2.404293299 -1.404948473 2.707693100 -0.117059655 -0.666054547 -0.530699193 0.510907769
1341848029.618715 2.413094759 -1.406493545 2.702962637 -0.118327685 -0.664614320 -0.529725254 0.513495386
1341848029.655302 2.419509411 -1.409623861 2.695229530 -0.119357735 -0.662507534 -0.529119194 0.516594946
1341848029.686830 2.427291393 -1.411547422 2.689990997 -0.119803004 -0.662369490 -0.527831674 0.517984211
1341848029.718752 2.438473940 -1.409175992 2.683402538 -0.119100466 -0.659822702 -0.527912915 0.521303236
1341848029.754791 2.450815201 -1.389201403 2.667082310 -0.117197163 -0.656266391 -0.525930941 0.528181732
1341848029.786949 2.458862782 -1.390913367 2.663912058 -0.117713153 -0.656120241 -0.524244428 0.529922307
1341848029.822778 2.468177080 -1.390329242 2.660042763 -0.118099600 -0.654401243 -0.524097264 0.532103062
1341848029.854811 2.474216938 -1.392844439 2.653488159 -0.118481517 -0.652188957 -0.524818659 0.534019828
1341848029.887992 2.485028267 -1.389250398 2.647587776 -0.119163215 -0.650730431 -0.523038387 0.537383497
1341848029.922779 2.495933056 -1.377808332 2.638570309 -0.118456788 -0.647724807 -0.521685243 0.542462051
1341848029.954640 2.500308990 -1.376165509 2.633358002 -0.119636223 -0.645136714 -0.521989346 0.544988930
1341848029.990762 2.508178473 -1.376852393 2.629149199 -0.119756669 -0.643867373 -0.521396279 0.547027588
1341848030.022873 2.520203352 -1.374693394 2.622552395 -0.119525947 -0.641788781 -0.521496475 0.549419940
1341848030.054776 2.523993731 -1.377932549 2.618426800 -0.121279009 -0.640058994 -0.522087216 0.550491393
1341848030.090782 2.540931940 -1.363197803 2.609267235 -0.118081383 -0.638397813 -0.520451784 0.554648638
1341848030.122796 2.542991400 -1.357524157 2.602300167 -0.117189199 -0.635639966 -0.519816816 0.558586776
1341848030.154918 2.548231125 -1.355938315 2.597548962 -0.117802970 -0.633600712 -0.519853354 0.560736299
1341848030.190683 2.552881002 -1.356860638 2.591915607 -0.118080556 -0.631753147 -0.520250738 0.562391400
1341848030.222713 2.557973623 -1.354034185 2.588968992 -0.117120460 -0.629786015 -0.520509660 0.564554751
1341848030.258930 2.562227964 -1.352292895 2.586474895 -0.115888551 -0.627627194 -0.520944476 0.566807628
1341848030.290864 2.573775291 -1.344105124 2.575866222 -0.114533179 -0.624469876 -0.520427465 0.571029603
1341848030.322775 2.575734377 -1.334244370 2.569096088 -0.113621891 -0.621518314 -0.520465732 0.574387014
1341848030.358886 2.580693245 -1.331321120 2.564136982 -0.113185368 -0.618007123 -0.521491468 0.577323854
1341848030.390832 2.581390858 -1.330462217 2.563145876 -0.113436431 -0.616297007 -0.521446764 0.579140246
1341848030.422795 2.587407112 -1.327954412 2.558817863 -0.113404118 -0.614238858 -0.521549463 0.581236899
1341848030.458888 2.590078831 -1.324363232 2.552835941 -0.113849320 -0.611951411 -0.521349132 0.583737075
1341848030.490846 2.599228144 -1.309469938 2.542939663 -0.110768691 -0.609125376 -0.520525336 0.588005066
1341848030.526716 2.601635695 -1.307473063 2.540122986 -0.111279115 -0.607232094 -0.520987868 0.589455605
1341848030.565795 2.601746798 -1.303403854 2.536084175 -0.111202784 -0.605709314 -0.520428419 0.591527283
1341848030.590919 2.604695082 -1.301163793 2.530891657 -0.111284226 -0.603860855 -0.519713640 0.594025016
1341848030.626961 2.609748602 -1.295093417 2.526421785 -0.111998782 -0.601940572 -0.518131971 0.597212851
1341848030.658903 2.614169598 -1.288971305 2.513957739 -0.113385819 -0.599643648 -0.516002774 0.601092696
1341848030.690656 2.619282484 -1.276154518 2.497357368 -0.112726137 -0.597254217 -0.513064444 0.606090009
1341848030.726765 2.622650623 -1.272567511 2.492846966 -0.113183700 -0.596244395 -0.511600494 0.608232796
1341848030.758759 2.624592304 -1.271182060 2.488333464 -0.113643974 -0.594892502 -0.509384692 0.611322522
1341848030.794692 2.629114151 -1.267626405 2.475540400 -0.112438381 -0.592608809 -0.507548273 0.615278184
1341848030.827483 2.634636641 -1.262006760 2.462503672 -0.111227296 -0.590484023 -0.505832195 0.618943393
1341848030.859838 2.641929626 -1.249207139 2.455199718 -0.110886827 -0.588808060 -0.499934673 0.625359595
1341848030.894711 2.644565821 -1.245440960 2.447166681 -0.115117192 -0.586318016 -0.496557891 0.629610598
1341848030.926741 2.646265745 -1.234414101 2.437706232 -0.117517434 -0.585146606 -0.492654026 0.633312881
1341848030.958727 2.647633314 -1.238171816 2.434793472 -0.117330030 -0.585790396 -0.490415066 0.634489179
1341848030.994735 2.653864861 -1.238346815 2.432950258 -0.117709294 -0.585405171 -0.486198753 0.638009489
1341848031.026698 2.661123991 -1.230098724 2.415373325 -0.118040234 -0.583131850 -0.482775092 0.642613411
1341848031.062783 2.666409969 -1.219126940 2.395238876 -0.118177272 -0.581525564 -0.479491144 0.646490932
1341848031.094761 2.671766996 -1.217445135 2.386712313 -0.119979754 -0.580271542 -0.476996452 0.649125755
1341848031.126776 2.674825668 -1.212344170 2.378569365 -0.121845581 -0.580079556 -0.474586487 0.650714338
1341848031.162860 2.680943727 -1.208019018 2.368587732 -0.123275831 -0.581150115 -0.472259313 0.651182592
1341848031.194685 2.685663462 -1.206147909 2.357931614 -0.124729484 -0.580506146 -0.471533328 0.652005732
1341848031.230953 2.688068390 -1.195757270 2.345439434 -0.124932654 -0.578585684 -0.471536815 0.653669238
1341848031.262715 2.694049597 -1.191471577 2.340069532 -0.125683904 -0.579329789 -0.470311135 0.653749287
1341848031.294747 2.694506407 -1.186699629 2.335738659 -0.129182801 -0.578250051 -0.470198512 0.654103994
1341848031.330754 2.696487904 -1.181731224 2.323062420 -0.130882621 -0.576397121 -0.470152289 0.655433416
1341848031.363008 2.699205875 -1.177126050 2.313838005 -0.129066184 -0.576104283 -0.469961256 0.656187594
1341848031.394753 2.704792023 -1.177570581 2.305653811 -0.127628163 -0.575257897 -0.470263302 0.656994522
1341848031.430611 2.706410408 -1.173438549 2.298335791 -0.126458526 -0.572975695 -0.468708038 0.660318017
1341848031.472150 2.707728148 -1.171927452 2.294286251 -0.125276804 -0.572634995 -0.467976481 0.661356926
1341848031.502110 2.710632563 -1.168781042 2.289497614 -0.122872487 -0.571050286 -0.469137490 0.662354827
1341848031.538148 2.712419987 -1.166647911 2.282792807 -0.121656805 -0.569052815 -0.468812048 0.664525330
1341848031.562876 2.717920542 -1.167505622 2.275335312 -0.120727792 -0.567290545 -0.467822731 0.666894436
1341848031.598730 2.720662355 -1.164355516 2.272264004 -0.120340243 -0.564761579 -0.467383683 0.669413984
1341848031.630816 2.725645304 -1.161480308 2.263759851 -0.118667617 -0.562380016 -0.466348618 0.672432661
1341848031.662784 2.730753183 -1.162224412 2.258708000 -0.117331699 -0.560978651 -0.465700895 0.674284101
1341848031.698757 2.735482454 -1.160129666 2.252604008 -0.116335414 -0.558852732 -0.464744806 0.676876605
1341848031.730668 2.737024546 -1.158004403 2.249458075 -0.114299707 -0.558026254 -0.463279635 0.678906620
1341848031.766658 2.744648695 -1.157987118 2.245356321 -0.111198552 -0.557624042 -0.461632490 0.680871308
1341848031.798743 2.750746012 -1.155222416 2.236247540 -0.110857293 -0.553734601 -0.459131837 0.685774446
1341848031.830821 2.753418922 -1.157385826 2.232746601 -0.111854807 -0.551679909 -0.456737489 0.688860476
1341848031.866735 2.761209011 -1.154441833 2.223782539 -0.110414945 -0.549267352 -0.454113573 0.692744374
1341848031.898722 2.762771845 -1.150465965 2.215912580 -0.108352505 -0.546247303 -0.453150362 0.696080744
1341848031.930844 2.767205954 -1.149335027 2.214709282 -0.108415335 -0.545378745 -0.449218452 0.699293196
1341848031.966694 2.773497581 -1.148102760 2.206203461 -0.108099252 -0.543107927 -0.448389471 0.701637566
1341848031.998742 2.779177189 -1.147311687 2.201783895 -0.106238626 -0.540941536 -0.447766036 0.703989506
1341848032.034711 2.783698320 -1.143963218 2.194452286 -0.103849649 -0.539683819 -0.446775705 0.705937803
1341848032.066718 2.789347172 -1.139826536 2.187920809 -0.103633024 -0.537655056 -0.445500404 0.708319664
1341848032.098732 2.793164253 -1.134960890 2.182322741 -0.103997380 -0.536816955 -0.444223195 0.709702730
1341848032.134739 2.800738096 -1.136317968 2.172348022 -0.103884742 -0.536127508 -0.444320381 0.710179389
1341848032.166964 2.811037540 -1.129722714 2.165722132 -0.102176510 -0.533841014 -0.443030089 0.712950289
1341848032.203043 2.814480782 -1.127111435 2.159887552 -0.102772206 -0.533284605 -0.442183077 0.713806450
1341848032.234663 2.823175430 -1.126507163 2.153597593 -0.102987036 -0.533374667 -0.441901565 0.713882446
1341848032.266730 2.826435328 -1.124590874 2.149890184 -0.103774190 -0.531321526 -0.442590386 0.714872181
1341848032.302842 2.828027248 -1.115335703 2.141214848 -0.102441929 -0.530153453 -0.441819251 0.716406882
1341848032.334617 2.834591389 -1.116810799 2.137379408 -0.101626329 -0.530124426 -0.442023993 0.716418207
1341848032.366699 2.844690561 -1.105645895 2.124502182 -0.099579722 -0.526361704 -0.441410780 0.719849825
1341848032.402980 2.847063780 -1.105744839 2.122424603 -0.098795816 -0.526109219 -0.439622015 0.721235812
1341848032.434730 2.853439569 -1.105666876 2.115916491 -0.098005548 -0.525348663 -0.438363433 0.722662568
1341848032.470791 2.855449200 -1.102638483 2.109403372 -0.097491711 -0.524458289 -0.437931299 0.723640144
1341848032.502972 2.859305859 -1.099744558 2.103287697 -0.097082034 -0.524315834 -0.436920702 0.724408925
1341848032.534733 2.866083622 -1.096767783 2.101002693 -0.096174970 -0.524451256 -0.435210317 0.725460708
1341848032.570910 2.869726181 -1.090993047 2.092064142 -0.095409296 -0.523383439 -0.433933288 0.727096081
1341848032.603044 2.871605873 -1.089418292 2.084358215 -0.094747268 -0.525014162 -0.432660788 0.726765275
1341848032.634746 2.874736786 -1.087886453 2.075976849 -0.093062505 -0.525636971 -0.431131482 0.727441251
1341848032.670780 2.878952026 -1.087040663 2.069171667 -0.090932474 -0.526231825 -0.430505902 0.727651060
1341848032.702791 2.881364822 -1.084039569 2.063123703 -0.089168198 -0.527490854 -0.429382801 0.727621377
1341848032.738725 2.891099930 -1.073450923 2.052689075 -0.087318331 -0.527984858 -0.427149892 0.728800714
1341848032.770741 2.893782616 -1.070307970 2.045600176 -0.088056080 -0.527360201 -0.427718818 0.728830576
1341848032.802941 2.891351223 -1.067668796 2.036825180 -0.088229991 -0.527267992 -0.427941054 0.728745759
1341848032.838781 2.896200657 -1.063583136 2.033615351 -0.087638356 -0.529975712 -0.426706046 0.727576256
1341848032.870732 2.899429560 -1.056543827 2.024355173 -0.088101767 -0.528989077 -0.426776975 0.728196502
1341848032.902707 2.898793697 -1.054116845 2.022318840 -0.089512892 -0.529529929 -0.425510913 0.728372157
1341848032.938845 2.905149698 -1.047965288 2.011589527 -0.088528916 -0.528365850 -0.425317019 0.729450226
1341848032.970816 2.903172016 -1.040922999 2.003705978 -0.088242278 -0.527036667 -0.427146107 0.729377687
1341848033.006687 2.901829481 -1.037197471 1.998943210 -0.088064142 -0.526317477 -0.426689774 0.730185270
1341848033.039238 2.900267124 -1.032072306 1.995415449 -0.087718464 -0.526059031 -0.425239265 0.731258512
1341848033.070841 2.899749279 -1.032487392 1.993641019 -0.086996607 -0.525889039 -0.425221175 0.731477499
1341848033.106948 2.899403572 -1.027006149 1.989184260 -0.085125469 -0.524554670 -0.423407018 0.733704686
1341848033.139110 2.897540092 -1.023588181 1.978986382 -0.084759593 -0.523374200 -0.421315759 0.735790968
1341848033.170741 2.898488998 -1.010002732 1.978053927 -0.085122265 -0.522405565 -0.417638898 0.738528609
1341848033.206854 2.896960258 -0.999215543 1.960105538 -0.087010249 -0.517139256 -0.414843291 0.743573308
1341848033.238728 2.894576550 -0.995615959 1.957447290 -0.086732790 -0.515656590 -0.413858801 0.745182276
1341848033.274940 2.896690369 -0.992948294 1.950308800 -0.086173557 -0.514118850 -0.413808703 0.746336579
1341848033.306665 2.895337820 -0.986758173 1.947008491 -0.086709678 -0.511640608 -0.413185656 0.748320103
1341848033.338836 2.896338701 -0.986281991 1.946255207 -0.087805256 -0.510859132 -0.412214339 0.749261379
1341848033.374810 2.896429539 -0.978183031 1.935536742 -0.087751389 -0.507548869 -0.412045270 0.751606643
1341848033.406805 2.892854452 -0.974436998 1.934056044 -0.087875649 -0.506535470 -0.412244320 0.752166450
1341848033.443097 2.892501593 -0.966858864 1.923909664 -0.086306661 -0.504593492 -0.410319626 0.754701555
1341848033.474671 2.893182278 -0.964900315 1.925978422 -0.087052852 -0.504266918 -0.409861684 0.755082905
1341848033.506807 2.888472557 -0.962713957 1.922487497 -0.088169903 -0.502990127 -0.409551531 0.755972683
1341848033.542876 2.889881849 -0.956991017 1.916067362 -0.087741464 -0.502835095 -0.407973409 0.756978214
1341848033.574826 2.891992807 -0.952930510 1.915184975 -0.087528273 -0.502419412 -0.406538099 0.758050382
1341848033.606870 2.888700247 -0.949156880 1.906475782 -0.089307144 -0.499102205 -0.404713839 0.761004627
1341848033.642934 2.884342432 -0.937094033 1.899837017 -0.088751242 -0.498049974 -0.402635634 0.762859106
1341848033.674924 2.883371830 -0.934376240 1.897893548 -0.088736825 -0.497699469 -0.402233869 0.763301373
1341848033.710808 2.883886576 -0.932733834 1.895197749 -0.089953147 -0.496461093 -0.400869220 0.764682114
1341848033.742797 2.880343914 -0.929041445 1.888667464 -0.090656027 -0.496307045 -0.398878723 0.765739262
1341848033.774817 2.883697510 -0.929337025 1.886732101 -0.089443505 -0.497466296 -0.398628771 0.765259683
1341848033.811114 2.883539438 -0.928780973 1.882940531 -0.089593194 -0.495054036 -0.398275703 0.766988337
1341848033.842774 2.882127285 -0.924050748 1.876653552 -0.090180032 -0.493552834 -0.396226555 0.768945873
1341848033.874878 2.884677649 -0.921415925 1.876248956 -0.090486273 -0.492590129 -0.393855095 0.770743370
1341848033.911229 2.883743286 -0.919597983 1.872061729 -0.090067744 -0.489844710 -0.393126994 0.772910833
1341848033.942752 2.883878231 -0.917621255 1.868336320 -0.087062657 -0.486398399 -0.391620725 0.776189387
1341848033.978916 2.883156300 -0.917248130 1.866634727 -0.083535649 -0.484234750 -0.389474809 0.779004455
1341848034.010755 2.884211540 -0.915444255 1.866957307 -0.078633510 -0.480669051 -0.386924177 0.782983840
1341848034.042713 2.885429859 -0.915107429 1.862953186 -0.075340360 -0.476011127 -0.384571761 0.787300348
1341848034.078802 2.882222652 -0.908203661 1.850783825 -0.074644521 -0.471644640 -0.380981147 0.791727901
1341848034.110771 2.886005640 -0.913104355 1.858545542 -0.074671194 -0.472170383 -0.376514494 0.793546617
1341848034.142710 2.889736176 -0.914300740 1.856342912 -0.071160331 -0.467525572 -0.372621149 0.798441947
1341848034.178809 2.890760899 -0.912260890 1.839206100 -0.067861728 -0.461971700 -0.371524155 0.802462995
1341848034.210696 2.893826246 -0.909677088 1.839162111 -0.066745631 -0.461091310 -0.367792696 0.804778516
1341848034.246723 2.898011923 -0.913129807 1.842365026 -0.068010785 -0.458089054 -0.364585280 0.807840645
1341848034.278739 2.899197578 -0.912598193 1.835509419 -0.067320332 -0.454801619 -0.362272203 0.810791254
1341848034.318061 2.902484417 -0.911981046 1.831546545 -0.065572694 -0.453516722 -0.359384537 0.812936425
1341848034.353785 2.906471252 -0.913747191 1.829563856 -0.065891556 -0.451348633 -0.356753945 0.815272570
1341848034.386162 2.907504320 -0.912280083 1.828190327 -0.066542499 -0.450232953 -0.354074568 0.817002833
1341848034.421769 2.910954237 -0.909225106 1.822233677 -0.066525929 -0.448969334 -0.351896703 0.818638861
1341848034.453838 2.915311337 -0.904924512 1.815118551 -0.066029929 -0.446573168 -0.350876153 0.820425749
1341848034.485678 2.917421818 -0.903792679 1.810448170 -0.065835029 -0.445908964 -0.350427747 0.820994139
1341848034.521747 2.921227455 -0.903032005 1.809889793 -0.065313138 -0.447159111 -0.350280464 0.820418537
1341848034.553684 2.922806501 -0.895509958 1.801772833 -0.064542875 -0.445356160 -0.349951595 0.821599722
1341848034.585774 2.925787687 -0.892965615 1.796624184 -0.066040047 -0.445565343 -0.349971741 0.821358681
1341848034.653784 2.936252594 -0.878138244 1.782976866 -0.067311749 -0.443842173 -0.352236062 0.821220458
1341848034.683883 2.938082695 -0.873297691 1.776812315 -0.068077520 -0.442045957 -0.352680773 0.821934998
1341848034.715163 2.942995071 -0.872971654 1.774610043 -0.069535665 -0.442550242 -0.352314323 0.821698725
1341848034.746742 2.945614576 -0.866748750 1.769451618 -0.070300080 -0.442400634 -0.352843165 0.821487248
1341848034.782798 2.947741508 -0.865370512 1.769489527 -0.072997957 -0.441672683 -0.352492660 0.821794152
1341848034.814737 2.951623917 -0.855419815 1.757748842 -0.071937583 -0.439396948 -0.351643950 0.823469460
1341848034.846851 2.956355572 -0.854433656 1.754750729 -0.072648980 -0.440240264 -0.353140712 0.822315276
1341848034.882707 2.955730677 -0.851004422 1.747514009 -0.074229017 -0.438009053 -0.353406489 0.823250949
1341848034.914816 2.955879211 -0.847286344 1.744231343 -0.074834608 -0.436528683 -0.353589118 0.823903739
1341848034.951491 2.958700895 -0.843613148 1.745331526 -0.073985785 -0.435610950 -0.354283035 0.824167907
1341848034.983028 2.963653088 -0.843481660 1.740046620 -0.074558862 -0.433853239 -0.354427874 0.824980795
1341848035.014942 2.961790323 -0.838570833 1.738837004 -0.075772934 -0.431818366 -0.353466779 0.826349020
1341848035.050945 2.959813595 -0.833449900 1.737861633 -0.076411650 -0.430373371 -0.353689045 0.826948702
1341848035.084295 2.959156513 -0.833212495 1.736833572 -0.076370202 -0.429931849 -0.354318500 0.826912761
1341848035.118886 2.963536263 -0.828232408 1.732452869 -0.075823031 -0.428050071 -0.354757011 0.827750862
1341848035.150978 2.962581158 -0.824490607 1.729453564 -0.078125201 -0.426755399 -0.354374319 0.828369021
1341848035.183874 2.963728666 -0.823982358 1.726218820 -0.078756720 -0.427108496 -0.355023235 0.827849150
1341848035.218946 2.961853504 -0.818780780 1.724804044 -0.078011699 -0.425395161 -0.355209351 0.828721642
1341848035.251174 2.961035728 -0.815795183 1.723645449 -0.077839129 -0.424894392 -0.355682760 0.828791618
1341848035.284261 2.960602283 -0.812937021 1.719454765 -0.077906050 -0.425505310 -0.354412973 0.829015911
1341848035.319914 2.960971117 -0.810014129 1.716890335 -0.078019544 -0.425538629 -0.351983786 0.830022514
1341848035.350991 2.957957268 -0.803542018 1.710200310 -0.077390663 -0.424521536 -0.350493163 0.831232071
1341848035.422709 2.960377693 -0.795389175 1.694035530 -0.077111222 -0.423095733 -0.345342070 0.834135890
1341848035.453465 2.958891869 -0.792994022 1.689250469 -0.077130988 -0.423014551 -0.344513029 0.834518075
1341848035.486822 2.960058212 -0.792588353 1.686415434 -0.077449903 -0.423966527 -0.341485947 0.835249245
1341848035.518623 2.959953308 -0.789240599 1.683098197 -0.079017535 -0.424053669 -0.339295924 0.835950375
1341848035.550852 2.951954842 -0.780681252 1.676586151 -0.080072373 -0.422151953 -0.335905463 0.838178813
1341848035.586716 2.951507568 -0.781479359 1.675206661 -0.079817630 -0.422940046 -0.333026528 0.838954210
1341848035.618790 2.951703072 -0.773455620 1.663642168 -0.078055128 -0.419906288 -0.331114054 0.841397464
1341848035.654654 2.949111223 -0.770509124 1.660001159 -0.079667538 -0.417571306 -0.328700721 0.843352377
1341848035.686693 2.945793152 -0.767692924 1.660137177 -0.081633329 -0.416594595 -0.325712204 0.844805658
1341848035.718791 2.944565296 -0.764228106 1.660310268 -0.084280573 -0.413278222 -0.323165148 0.847149551
1341848035.755991 2.944664001 -0.762419999 1.655560255 -0.084879331 -0.411289781 -0.321677268 0.848622441
1341848035.786729 2.943527937 -0.760266125 1.651384711 -0.085047215 -0.409793079 -0.320420206 0.849804461
1341848035.818784 2.938313723 -0.753601313 1.640680075 -0.085347384 -0.403667569 -0.319370598 0.853094876
1341848035.854701 2.935173988 -0.751742005 1.636802197 -0.086254932 -0.401770324 -0.316198081 0.855078697
1341848035.886689 2.932940245 -0.747196555 1.629019737 -0.086252630 -0.400803655 -0.314171225 0.856278837
1341848035.922832 2.931739330 -0.746493101 1.627559781 -0.087675296 -0.400548786 -0.311891884 0.857086480
1341848035.954633 2.929533005 -0.744440913 1.621854782 -0.088367417 -0.400464296 -0.308967233 0.858113587
1341848035.986741 2.928570986 -0.739590049 1.620133758 -0.089358218 -0.401856005 -0.306024760 0.858414769
1341848036.022779 2.928177357 -0.732267737 1.606935263 -0.092100561 -0.400059998 -0.302927822 0.860060573
1341848036.054911 2.922986031 -0.728656352 1.605039597 -0.093983017 -0.399376452 -0.301744074 0.860590577
1341848036.087013 2.925313473 -0.728614211 1.602966309 -0.093788654 -0.399415791 -0.301421106 0.860706747
1341848036.122737 2.922217607 -0.724212945 1.600499749 -0.093869947 -0.397234052 -0.302855849 0.861203790
1341848036.154810 2.917294979 -0.720690250 1.598096371 -0.095007770 -0.395199567 -0.303122908 0.861920774
1341848036.190835 2.913089991 -0.717817128 1.593774199 -0.095128328 -0.393933564 -0.302394450 0.862742484
1341848036.223282 2.911369085 -0.714121938 1.589421034 -0.094497696 -0.392413765 -0.302942246 0.863312066
1341848036.254692 2.910435200 -0.706538320 1.578811049 -0.091560833 -0.390329689 -0.303804934 0.864269614
1341848036.290758 2.911298275 -0.706726015 1.578829527 -0.089875206 -0.389197111 -0.304717511 0.864636004
1341848036.322672 2.908703804 -0.701439381 1.577396631 -0.088590696 -0.386646688 -0.304985940 0.865817368
1341848036.354859 2.907544136 -0.699788213 1.574775934 -0.089176938 -0.386303186 -0.305219054 0.865828335
1341848036.390843 2.906460524 -0.697390735 1.568669319 -0.089325890 -0.385801941 -0.304295868 0.866361320
1341848036.422758 2.904136181 -0.693013549 1.567723870 -0.088136166 -0.383872718 -0.303667903 0.867559612
1341848036.458823 2.900295734 -0.689026117 1.561532974 -0.087803319 -0.381792247 -0.303561628 0.868548036
1341848036.491205 2.900015831 -0.684904337 1.548144937 -0.086448163 -0.380695879 -0.303487092 0.869190991
1341848036.522726 2.894686460 -0.680043340 1.545927763 -0.085648961 -0.380090922 -0.303493470 0.869532526
1341848036.558942 2.893040657 -0.676190436 1.540367126 -0.083862402 -0.379374832 -0.302470565 0.870375514
1341848036.590723 2.891685009 -0.672861099 1.537737250 -0.082069494 -0.378841609 -0.301733404 0.871034265
1341848036.626802 2.888852119 -0.668231010 1.530192375 -0.081870407 -0.376765341 -0.298203379 0.873166621
1341848036.658670 2.889539719 -0.667778134 1.528111696 -0.081143796 -0.377143592 -0.295236051 0.874079049
1341848036.691175 2.886330128 -0.657747984 1.510265350 -0.076929145 -0.374725968 -0.293038636 0.876236677
1341848036.726753 2.885341883 -0.653417349 1.506012440 -0.075043969 -0.374488980 -0.290306181 0.877410293
1341848036.758851 2.880481482 -0.649267316 1.498494625 -0.074966878 -0.372959286 -0.287186354 0.879093468
1341848036.790720 2.884476900 -0.647511780 1.493747711 -0.071904577 -0.373237640 -0.284952193 0.879957795
1341848036.826992 2.890395880 -0.646304190 1.482664347 -0.070823967 -0.371603727 -0.283344209 0.881255209
1341848036.858633 2.884827852 -0.642493129 1.479299664 -0.071365401 -0.368897319 -0.281064510 0.883076727
1341848036.894756 2.882946968 -0.635601044 1.461712360 -0.071511224 -0.365622729 -0.277453631 0.885565162
1341848036.926846 2.881184101 -0.632806301 1.458671927 -0.070401885 -0.364798725 -0.276156336 0.886399031
1341848036.958725 2.878396988 -0.628231049 1.455003023 -0.067295440 -0.364205658 -0.275147229 0.887197673
1341848036.994836 2.879662514 -0.626408577 1.450618744 -0.066258937 -0.363548696 -0.273411304 0.888081312
1341848037.026790 2.875996590 -0.621426404 1.447583675 -0.064523369 -0.363356441 -0.272479415 0.888574004
1341848037.061042 2.873349428 -0.618350208 1.441062927 -0.061538924 -0.364129394 -0.272114456 0.888581157
1341848037.094661 2.871355057 -0.604908764 1.409748554 -0.056318171 -0.359385222 -0.269903541 0.891528249
1341848037.126709 2.872255325 -0.602286935 1.403431654 -0.055005435 -0.360845268 -0.268964648 0.891304195
1341848037.162789 2.866569042 -0.599945724 1.403652191 -0.052360367 -0.361864269 -0.266732782 0.891721010
1341848037.194724 2.860519171 -0.590906739 1.397828937 -0.044063859 -0.367645264 -0.266030699 0.890012920
1341848037.227032 2.869892597 -0.589371562 1.378086805 -0.040809784 -0.370717525 -0.264529079 0.889340997
1341848037.263738 2.854950905 -0.584247589 1.385570645 -0.038649842 -0.373862982 -0.262169451 0.888819337
1341848037.295192 2.865014791 -0.582291126 1.374210835 -0.033867721 -0.380497515 -0.261613935 0.886359334
1341848037.326868 2.866161823 -0.577021599 1.351021051 -0.032459807 -0.378115505 -0.262946039 0.887036920
1341848037.362746 2.865785360 -0.580110669 1.362760544 -0.033955157 -0.380971193 -0.260840863 0.886380315
1341848037.395057 2.857325792 -0.569499195 1.339321613 -0.029645599 -0.378702402 -0.262005389 0.887163341
1341848037.430946 2.854402065 -0.564283252 1.334449291 -0.026991904 -0.378868312 -0.263365239 0.886774480
1341848037.462765 2.853423119 -0.563098192 1.329160571 -0.026832333 -0.379452080 -0.263675511 0.886437535
1341848037.494842 2.849544048 -0.559288204 1.326112628 -0.026102031 -0.381489962 -0.264932632 0.885208905
1341848037.530725 2.851787329 -0.554459333 1.324453592 -0.024557378 -0.382162601 -0.265406281 0.884820998
1341848037.562958 2.848910332 -0.550158739 1.314128160 -0.024583274 -0.379594803 -0.267112970 0.885411918
1341848037.595756 2.840054512 -0.539534450 1.296834230 -0.023162546 -0.377165794 -0.267027646 0.886513233
1341848037.630756 2.840168953 -0.537036121 1.295322418 -0.023164427 -0.376253009 -0.268052101 0.886591911
1341848037.662669 2.835430145 -0.533932626 1.291389465 -0.022794379 -0.373903543 -0.270071954 0.886982381
1341848037.698670 2.830536366 -0.529125631 1.290912390 -0.021478049 -0.373090744 -0.270443529 0.887244284
1341848037.730964 2.828502655 -0.523889244 1.289416432 -0.019813007 -0.371424317 -0.270167559 0.888065875
1341848037.769764 2.824915648 -0.520448685 1.285478473 -0.020989247 -0.368855447 -0.268597960 0.889584303
1341848037.798917 2.810371876 -0.511964440 1.270476818 -0.020168453 -0.364258707 -0.268698901 0.891464949
1341848037.837792 2.808801413 -0.507913530 1.268256545 -0.018742584 -0.363615066 -0.266729385 0.892349899
1341848037.866711 2.804455280 -0.501704335 1.272223473 -0.022168163 -0.361263394 -0.263528407 0.894175649
1341848037.898921 2.802009106 -0.497106016 1.268190265 -0.025005963 -0.358807981 -0.262341350 0.895437658
1341848037.930939 2.800214529 -0.494621187 1.265049934 -0.026507756 -0.354754627 -0.262237817 0.897038400
1341848037.966864 2.793847799 -0.480931759 1.248171329 -0.028259093 -0.347658604 -0.260517895 0.900258482
1341848037.998629 2.784706116 -0.475800931 1.242136359 -0.030893160 -0.344138145 -0.260066569 0.901654065
1341848038.030908 2.783405066 -0.471004069 1.245821118 -0.031042948 -0.342521280 -0.260044128 0.902270794
1341848038.066849 2.779211044 -0.466442823 1.246145248 -0.033812221 -0.338203818 -0.259605348 0.903924823
1341848038.098674 2.776188850 -0.461999506 1.236781240 -0.036185786 -0.334005862 -0.258577913 0.905686557
1341848038.134662 2.766371489 -0.455540717 1.231148481 -0.037671112 -0.330314040 -0.258472890 0.907009006
1341848038.166674 2.764407158 -0.449690223 1.230937004 -0.037136048 -0.327816546 -0.259620368 0.907609284
1341848038.198711 2.760155201 -0.448977292 1.224845767 -0.039947584 -0.324320465 -0.258204609 0.909148455
1341848038.234726 2.752221346 -0.445899576 1.221128225 -0.041176036 -0.322668016 -0.256733447 0.910097778
1341848038.274093 2.751603842 -0.444208026 1.218922377 -0.040457405 -0.321776390 -0.256935120 0.910388708
1341848038.306525 2.748410463 -0.439779729 1.216639519 -0.040343132 -0.319961876 -0.257457137 0.910885692
1341848038.341933 2.737500191 -0.432130218 1.211563110 -0.039448358 -0.316598117 -0.256677359 0.912319183
1341848038.374117 2.733054161 -0.425555348 1.198712111 -0.036991350 -0.313053042 -0.257550687 0.913398623
1341848038.409802 2.728123903 -0.423272938 1.195890427 -0.036279775 -0.311779290 -0.259060144 0.913436055
1341848038.441825 2.724118233 -0.422359854 1.193130016 -0.036440235 -0.312010407 -0.257341295 0.913836539
1341848038.473889 2.720165730 -0.416892052 1.191121936 -0.036198929 -0.310735643 -0.256741613 0.914448917
1341848038.510185 2.713987827 -0.414261341 1.189214587 -0.034815457 -0.308870554 -0.257750928 0.914850473
1341848038.542164 2.707204103 -0.413162827 1.188143373 -0.032049902 -0.309588760 -0.255735993 0.915274084
1341848038.566862 2.704761982 -0.406783730 1.167871237 -0.027706066 -0.306299239 -0.256577402 0.916286707
1341848038.602989 2.701194048 -0.403680742 1.163153172 -0.027137645 -0.305332661 -0.255910993 0.916812479
1341848038.634739 2.697614193 -0.400028646 1.161136627 -0.026117206 -0.307103515 -0.255355954 0.916405320
1341848038.670685 2.698008537 -0.397640705 1.156823277 -0.026354192 -0.307471842 -0.255728066 0.916171253
1341848038.702868 2.691046238 -0.390958548 1.151232839 -0.025980970 -0.306671083 -0.255982906 0.916379154
1341848038.734794 2.688863754 -0.384846628 1.147140265 -0.022337973 -0.307280183 -0.256849259 0.916028678
1341848038.770741 2.686575890 -0.376720637 1.129849434 -0.020501642 -0.304179668 -0.256514102 0.917199492
1341848038.802800 2.687128067 -0.372382104 1.121866703 -0.022054873 -0.304480702 -0.255175918 0.917436838
1341848038.838770 2.675974369 -0.366960496 1.119390965 -0.022115611 -0.303981900 -0.253317446 0.918115556
1341848038.871141 2.686182976 -0.365781754 1.114005327 -0.019864285 -0.303533167 -0.252963573 0.918412983
1341848038.902781 2.680753708 -0.359822839 1.102091312 -0.022100497 -0.299758554 -0.250315994 0.920325160
1341848038.938767 2.671106577 -0.347517878 1.093348980 -0.021181775 -0.296916246 -0.247225404 0.922101796
1341848038.970765 2.678366899 -0.344791234 1.091346979 -0.021189691 -0.295757115 -0.245755330 0.922866762
1341848039.002634 2.677018642 -0.343437672 1.083819747 -0.023666637 -0.291465461 -0.245907739 0.924130559
1341848039.038895 2.672715425 -0.338162839 1.080095053 -0.022745145 -0.289326042 -0.242755413 0.925658107
1341848039.070805 2.679934263 -0.334851801 1.069354653 -0.022192311 -0.288144410 -0.240468368 0.926636577
1341848039.106775 2.669848442 -0.327203214 1.067564726 -0.022860194 -0.285564303 -0.239476204 0.927675426
1341848039.138656 2.665038109 -0.320011377 1.054871798 -0.021295324 -0.282673955 -0.237296015 0.929156899
1341848039.170737 2.669286489 -0.318498850 1.052994728 -0.022264674 -0.281413913 -0.235922098 0.929866254
1341848039.206814 2.665342808 -0.313487500 1.049728274 -0.022678154 -0.280168593 -0.234507516 0.930589855
1341848039.238881 2.663161993 -0.310797036 1.042902946 -0.021222288 -0.279700994 -0.233430251 0.931035638
1341848039.270959 2.670940876 -0.305951238 1.033737659 -0.020498561 -0.278666437 -0.232651830 0.931556761
1341848039.306747 2.661531448 -0.300974965 1.031625867 -0.021680569 -0.276660413 -0.231354222 0.932450712
1341848039.338889 2.665385723 -0.293484449 1.021567822 -0.019859338 -0.276294351 -0.229859471 0.932969332
1341848039.374766 2.667803049 -0.291259527 1.018353343 -0.019772094 -0.275702506 -0.230653957 0.932950199
1341848039.406886 2.667363167 -0.289861590 1.018586636 -0.020762762 -0.274851024 -0.230846241 0.933132291
1341848039.438853 2.666388988 -0.282691777 1.013816833 -0.020210972 -0.273372650 -0.230122358 0.933757305
1341848039.474867 2.667096376 -0.283362448 1.010883570 -0.021923961 -0.272436529 -0.231258109 0.933711708
1341848039.507121 2.665764093 -0.280436635 1.010235310 -0.021604860 -0.271116316 -0.232475266 0.933801115
1341848039.538659 2.655275822 -0.269782662 0.997938991 -0.019003225 -0.266109288 -0.231980756 0.935419500
1341848039.574890 2.649708748 -0.265499592 0.984380126 -0.018985016 -0.263626337 -0.232712209 0.935941100
1341848039.606721 2.649200916 -0.263693124 0.984657526 -0.018342691 -0.264183849 -0.233726323 0.935543954
1341848039.642714 2.647548199 -0.259674609 0.985369861 -0.016406644 -0.262628496 -0.234782651 0.935753286
1341848039.674760 2.646426678 -0.262392581 0.980651677 -0.016959220 -0.262565434 -0.234703779 0.935780942
1341848039.707168 2.645673513 -0.259858489 0.975271046 -0.016952446 -0.263080686 -0.234529540 0.935680032
1341848039.742862 2.640014648 -0.251154184 0.976831675 -0.015400320 -0.261527985 -0.235466942 0.935906708
1341848039.775334 2.634964466 -0.247676820 0.977982879 -0.013878806 -0.259924114 -0.236542776 0.936105967
1341848039.806875 2.632349014 -0.245595187 0.975980341 -0.012387944 -0.259848803 -0.236795083 0.936084032
1341848039.843282 2.627793789 -0.230336979 0.958456516 -0.008899887 -0.254631966 -0.236956835 0.937515259
1341848039.881803 2.620855570 -0.225579262 0.956029475 -0.008188341 -0.252577722 -0.236102432 0.938292682
1341848039.913822 2.617148399 -0.225266278 0.956073165 -0.007505143 -0.252418369 -0.234273240 0.938799620
1341848039.943367 2.618318558 -0.225532398 0.952656150 -0.009175234 -0.252109110 -0.232148141 0.939395666
1341848039.974815 2.615117073 -0.220083117 0.953134418 -0.010525967 -0.251713127 -0.229770496 0.940072000
1341848040.010707 2.599602938 -0.215960294 0.948195457 -0.010317381 -0.249237612 -0.227361068 0.941318870
1341848040.042768 2.601328611 -0.207121611 0.943559229 -0.009552096 -0.248048067 -0.226211295 0.941917956
1341848040.078716 2.591590405 -0.200274110 0.940086484 -0.011904436 -0.244600803 -0.223883003 0.943347871
1341848040.110819 2.582178831 -0.190219939 0.929164827 -0.012950767 -0.239197060 -0.222017765 0.945158839
1341848040.142744 2.579781532 -0.187906444 0.928335190 -0.014252301 -0.235997677 -0.221181929 0.946139872
1341848040.178810 2.576848507 -0.183168173 0.928774714 -0.015421887 -0.234039158 -0.220880136 0.946678340
1341848040.211029 2.573667526 -0.182356477 0.928326249 -0.019412667 -0.232284695 -0.219663084 0.947320044
1341848040.242681 2.570639610 -0.177357495 0.926839709 -0.021204174 -0.229268953 -0.218434423 0.948299885
1341848040.278950 2.562677860 -0.175426334 0.922832966 -0.022464395 -0.225733176 -0.217053100 0.949435592
1341848040.310719 2.557073832 -0.173001498 0.922265887 -0.020821974 -0.224335268 -0.214855656 0.950303793
1341848040.346920 2.548064232 -0.169113919 0.917155087 -0.023489056 -0.221273348 -0.210905626 0.951843083
1341848040.378809 2.537703514 -0.160105526 0.906205475 -0.024343934 -0.216211349 -0.207458705 0.953740537
1341848040.410884 2.533220053 -0.159388334 0.908681333 -0.022314582 -0.215380341 -0.204587758 0.954598010
1341848040.446720 2.533738136 -0.158098102 0.903403878 -0.021435415 -0.215923920 -0.201002225 0.955256820
1341848040.478680 2.526166916 -0.156387329 0.903494537 -0.021808123 -0.215147749 -0.197837248 0.956083834
1341848040.517796 2.520981789 -0.156709611 0.901650786 -0.020336838 -0.214561418 -0.197086275 0.956403136
1341848040.546685 2.517750263 -0.155514210 0.896223068 -0.018502912 -0.214711085 -0.196677148 0.956490934
1341848040.578879 2.510404587 -0.152002484 0.886797726 -0.018870030 -0.212590069 -0.195604488 0.957177281
1341848040.614917 2.501616955 -0.145541877 0.875785291 -0.018487697 -0.209048346 -0.193499893 0.958391786
1341848040.646758 2.501037359 -0.143598497 0.876111567 -0.016117906 -0.208190978 -0.193996429 0.958520830
1341848040.679034 2.500601292 -0.145863399 0.878717065 -0.014908786 -0.205525666 -0.194316387 0.959050596
1341848040.714653 2.484760046 -0.124838941 0.867851257 -0.005592335 -0.195007682 -0.191907600 0.961827517
1341848040.746821 2.481496334 -0.123361863 0.866940916 -0.000213357 -0.187899575 -0.190519422 0.963533103
1341848040.778774 2.479456902 -0.122997314 0.863881350 0.003780197 -0.183996707 -0.190460429 0.964290321
1341848040.814675 2.478695154 -0.122615181 0.857298672 0.004792242 -0.177547410 -0.188563451 0.965866387
1341848040.846908 2.466938257 -0.118098132 0.854708254 0.006992426 -0.171672374 -0.186574444 0.967300236
1341848040.882827 2.471045256 -0.119147517 0.857488990 0.009682965 -0.169852883 -0.186310589 0.967649043
1341848040.914699 2.464075089 -0.114992343 0.850807130 0.009976102 -0.163722083 -0.182275698 0.969469547
1341848040.946862 2.454138517 -0.113069214 0.852987766 0.011207214 -0.159214795 -0.181481704 0.970355332
1341848040.984484 2.463886261 -0.110207930 0.852945864 0.012005758 -0.157872364 -0.177501157 0.971300960
1341848041.022638 2.443481445 -0.113220066 0.848557353 0.007504669 -0.149218783 -0.171883121 0.973721504
1341848041.058859 2.439024210 -0.112505034 0.851503134 0.006496930 -0.148219883 -0.167215690 0.974693596
1341848041.094347 2.444237471 -0.110908568 0.849748850 0.005786964 -0.144052640 -0.163274169 0.975990176
1341848041.122188 2.438197136 -0.108170852 0.850341916 0.001409351 -0.139455482 -0.158946961 0.977387428
1341848041.189954 2.434784174 -0.103468210 0.856102467 -0.003295689 -0.134762824 -0.148303226 0.979711354
1341848041.218698 2.430861473 -0.102014139 0.853578627 -0.005696471 -0.131777719 -0.147785276 0.980184555
1341848041.250726 2.432583809 -0.101892635 0.852030993 -0.007776965 -0.130979985 -0.143852800 0.980861962
1341848041.283054 2.423324347 -0.095660307 0.855260670 -0.010249997 -0.126298934 -0.143480539 0.981507480
1341848041.319290 2.408452511 -0.079125315 0.840660036 -0.009316570 -0.120676063 -0.139510110 0.982795715
1341848041.355465 2.406715155 -0.077927805 0.838154197 -0.008233939 -0.118651524 -0.138433635 0.983204067
1341848041.384901 2.406873703 -0.075539790 0.842474580 -0.008381507 -0.116626419 -0.140502706 0.983151615
1341848041.418768 2.399485588 -0.075330913 0.841509163 -0.008741189 -0.111746438 -0.137683362 0.984113634
1341848041.450845 2.400943756 -0.073702723 0.839801252 -0.009448654 -0.109734274 -0.135725364 0.984605372
1341848041.482801 2.396733761 -0.071577638 0.842439055 -0.012943355 -0.106456861 -0.136235043 0.984855056
1341848041.518788 2.394279718 -0.071218669 0.852188170 -0.014455489 -0.103658207 -0.133612916 0.985491574
1341848041.550730 2.372992992 -0.062696725 0.842853963 -0.012445563 -0.092537716 -0.133209184 0.986679912
1341848041.586805 2.369277239 -0.061201651 0.844939232 -0.013340866 -0.089458235 -0.133184567 0.986955523
1341848041.618743 2.364875078 -0.057752848 0.847488940 -0.012361957 -0.087344632 -0.131354302 0.987402737
1341848041.650957 2.357276440 -0.056448173 0.846224189 -0.012296212 -0.083994389 -0.131111875 0.987726450
1341848041.686781 2.344524860 -0.053048044 0.851512909 -0.010610856 -0.080806732 -0.131192297 0.988001227
1341848041.718789 2.340452909 -0.048207000 0.844095767 -0.009145987 -0.078764513 -0.127157480 0.988708019
1341848041.750776 2.329659939 -0.047065832 0.851548731 -0.009016511 -0.076742724 -0.124521315 0.989203572
1341848041.786711 2.321835756 -0.048141953 0.852078974 -0.008178760 -0.075549766 -0.122664124 0.989534736
1341848041.818704 2.319571972 -0.054976031 0.864941657 -0.009100341 -0.079143420 -0.120750554 0.989481151
1341848041.854747 2.297734261 -0.038172279 0.848157167 -0.005558612 -0.073574871 -0.114897147 0.990633428
1341848041.886710 2.287700176 -0.038061257 0.850069046 -0.006245124 -0.071787402 -0.112750404 0.991007030
1341848041.918718 2.283566475 -0.037584528 0.858470201 -0.003191592 -0.072272696 -0.109936781 0.991302371
1341848041.954693 2.269372463 -0.034883462 0.856879950 -0.000831865 -0.070131749 -0.106411435 0.991845548
1341848041.994975 2.261832237 -0.034558289 0.856675267 -0.003445238 -0.068664618 -0.103208400 0.992280900
1341848042.018871 2.246279716 -0.035021875 0.861239314 -0.003539215 -0.065397054 -0.099138834 0.992916048
1341848042.054627 2.237707376 -0.026579652 0.853005230 0.001167435 -0.062768258 -0.095287547 0.993468225
1341848042.089498 2.229887724 -0.024330555 0.852878571 -0.000537738 -0.060590640 -0.092487402 0.993868530
1341848042.122881 2.223672867 -0.023759225 0.863714278 -0.000401549 -0.059216805 -0.089671649 0.994209409
1341848042.154788 2.223296165 -0.024341924 0.864637077 0.001387178 -0.059660114 -0.088739090 0.994265676
1341848042.186714 2.215689898 -0.022745296 0.872724473 0.001970427 -0.056897085 -0.090345703 0.994281948
1341848042.222883 2.208499908 -0.023062402 0.875710309 0.001115264 -0.054367766 -0.087380216 0.994689763
1341848042.254762 2.200552464 -0.022613602 0.875041544 0.001598488 -0.051370662 -0.087113440 0.994871795
1341848042.290694 2.194252729 -0.022964252 0.875866711 0.000671031 -0.046529651 -0.089772508 0.994874656
1341848042.322759 2.183783054 -0.023242941 0.878134251 0.000325915 -0.041739091 -0.088600315 0.995192349
1341848042.354987 2.181544542 -0.021562466 0.876211584 -0.000929548 -0.040873546 -0.084495343 0.995584846
1341848042.390711 2.167197227 -0.015215269 0.860013127 -0.002502367 -0.033419508 -0.080511175 0.996190131
1341848042.429737 2.163259029 -0.014875179 0.865449727 -0.002454125 -0.030288389 -0.079173766 0.996397614
1341848042.461752 2.159297943 -0.011377286 0.865416229 -0.001720360 -0.028052067 -0.074252442 0.996843398
1341848042.490921 2.150638103 -0.007441755 0.865301311 -0.003516388 -0.023382494 -0.073108010 0.997043729
1341848042.522713 2.150104523 -0.009714148 0.878347039 -0.005939141 -0.021707896 -0.070572063 0.997252762
1341848042.558691 2.134653807 -0.008257348 0.871300757 -0.004483948 -0.014589261 -0.067379899 0.997610629
1341848042.590841 2.133811474 -0.009236330 0.867898405 -0.006843776 -0.011952327 -0.064494319 0.997823060
1341848042.622730 2.124839067 -0.005570114 0.887295306 -0.005435154 -0.008252374 -0.061472114 0.998059869
1341848042.658741 2.120113611 -0.007304133 0.872639894 -0.002684558 -0.003131960 -0.057937723 0.998311698
1341848042.697779 2.108117342 -0.003387218 0.868409097 -0.001452550 0.003092270 -0.057572003 0.998335540
1341848042.729778 2.114570618 -0.006570365 0.871491075 -0.002547486 0.003149630 -0.050375298 0.998722196
1341848042.761637 2.103495359 -0.002182417 0.869289219 -0.001945741 0.006930209 -0.045220610 0.998951137
1341848042.797954 2.101943254 0.004290817 0.881759644 -0.001035627 0.011101892 -0.042807899 0.999021113
1341848042.829708 2.093939781 0.006261337 0.887880027 -0.001459949 0.016581031 -0.040344436 0.999047220
1341848042.861726 2.087000370 0.002289331 0.875892401 -0.004277996 0.023265818 -0.036062367 0.999069512
1341848042.897767 2.084101200 0.005525610 0.875474155 -0.004719431 0.026866391 -0.034150083 0.999044418
1341848042.929860 2.083432436 0.007658008 0.882772565 -0.003616535 0.029197440 -0.035043355 0.998952687
1341848042.965708 2.074881792 0.008501023 0.882559836 -0.001831782 0.033182226 -0.031532697 0.998950124
1341848042.997994 2.074039936 0.008181687 0.882277310 -0.002890752 0.033437718 -0.027281431 0.999064207
1341848043.030335 2.069248915 0.005861121 0.877616644 -0.004104145 0.036045510 -0.026404239 0.998992860
1341848043.065737 2.069045544 0.010211166 0.883820713 -0.003685127 0.038611099 -0.023148859 0.998979390
1341848043.097862 2.069778442 0.009489043 0.883734286 -0.005264180 0.040224776 -0.022534233 0.998922706
1341848043.133955 2.065303564 0.012194390 0.889350295 -0.004706995 0.042686835 -0.020640276 0.998864174
1341848043.165792 2.062370539 0.011248624 0.885637462 -0.006162852 0.044538554 -0.020300087 0.998782396
1341848043.201879 2.054425716 0.013684241 0.901392817 -0.005836079 0.046600617 -0.020894874 0.998678029
1341848043.233861 2.053100824 0.011901955 0.913544118 -0.003714186 0.047243286 -0.019667173 0.998682857
1341848043.265717 2.049525261 0.010759553 0.907466233 -0.003550757 0.048777122 -0.018010747 0.998641014
1341848043.301798 2.047293186 0.011635462 0.913089573 -0.003326382 0.050195243 -0.017287793 0.998584270
1341848043.334034 2.039760351 0.009349418 0.916117191 -0.002093907 0.052528441 -0.017460413 0.998464644
1341848043.369819 2.034119844 0.012563408 0.918607473 -0.000354827 0.054256734 -0.016177043 0.998395920
1341848043.401743 2.020656109 0.015493839 0.924182534 0.000930387 0.056408130 -0.015995247 0.998279274
1341848043.433949 2.019369364 0.010623356 0.913888991 -0.000896233 0.055304609 -0.012649408 0.998389006
1341848043.469625 2.013357162 0.011392129 0.920368373 -0.000767660 0.056923509 -0.010465838 0.998323441
1341848043.501696 2.001107454 0.008948515 0.929397047 -0.001493351 0.059849184 -0.006083025 0.998187840
1341848043.537825 1.997894287 0.005443199 0.928578556 -0.000613695 0.057389785 -0.005569574 0.998336136
1341848043.569664 1.989382744 0.006197789 0.921848476 -0.000548404 0.060014654 -0.002739661 0.998193681
1341848043.601838 1.995057225 0.017949963 0.947036326 0.001988875 0.056749597 0.001587080 0.998385251
1341848043.637798 1.982363939 0.012756918 0.945015550 -0.001005992 0.058889989 0.002445785 0.998260975
1341848043.670144 1.969326615 0.007366200 0.948228359 -0.003284612 0.061069552 0.002580660 0.998124838
1341848043.701979 1.960211992 0.005481253 0.948230028 -0.003964418 0.062357292 0.002360817 0.998043239
1341848043.737757 1.952354074 0.001514919 0.947320163 -0.005382179 0.063228063 0.002504295 0.997981489
1341848043.769828 1.953786254 -0.000174479 0.948547542 -0.008728287 0.062826984 0.006057965 0.997967958
1341848043.805817 1.957435369 -0.006964386 0.952861488 -0.012093059 0.061199758 0.007984255 0.998020351
1341848043.837855 1.947103500 -0.007800450 0.972253144 -0.009266907 0.062280383 0.009096575 0.997974217
1341848043.869697 1.964924335 0.009008310 0.925649464 -0.004192305 0.060930852 0.009790514 0.998085141
1341848043.905731 1.960766315 0.011281223 0.942414701 -0.005283957 0.060342371 0.013085812 0.998077989
1341848043.938034 1.949689627 0.006418084 0.947393775 -0.005194686 0.059831072 0.012060231 0.998122156
1341848043.969826 1.947281480 0.007711506 0.950098574 -0.004689431 0.060102787 0.010625195 0.998124659
1341848044.005919 1.945873260 0.006520165 0.971059144 -0.005571985 0.060788497 0.009339233 0.998091459
1341848044.037703 1.938320279 0.007165676 0.990769267 -0.003260309 0.061675921 0.013790408 0.997995675
1341848044.073762 1.914092779 0.000976624 1.006627560 -0.002274977 0.064989299 0.009752356 0.997835755
1341848044.105804 1.907615542 -0.000964548 1.010833859 -0.005707746 0.065120101 0.009627336 0.997814715
1341848044.137722 1.898277283 -0.004153564 1.010718703 -0.006106076 0.062285546 0.011251008 0.997976303
1341848044.173825 1.920219541 -0.005372631 0.990586817 -0.006764397 0.057308689 0.011318327 0.998269439
1341848044.205750 1.907956958 -0.007011164 0.997648537 -0.007637042 0.061019707 0.011788551 0.998037755
1341848044.237767 1.912660360 -0.009201351 1.009061694 -0.007428235 0.059258968 0.012277867 0.998139560
1341848044.273822 1.914662480 -0.009180013 1.015631318 -0.007310035 0.058435325 0.012694198 0.998183727
1341848044.305742 1.910002589 -0.009020632 1.027166009 -0.008246928 0.059317440 0.014402569 0.998101234
1341848044.337838 1.906449676 -0.008370931 1.036444783 -0.007370460 0.059660535 0.014836546 0.998081326
1341848044.373688 1.892330289 -0.011239559 1.031268001 -0.008238294 0.063755132 0.016888648 0.997788668
1341848044.405874 1.898751497 -0.007837065 1.037008405 -0.008360347 0.064104125 0.019922649 0.997709334
1341848044.441696 1.894076586 -0.008384702 1.046578526 -0.008655862 0.066598825 0.024252899 0.997447550
1341848044.473716 1.874454141 -0.011878591 1.043725133 -0.009838731 0.071756817 0.029022379 0.996951342
1341848044.505687 1.879693031 -0.011020837 1.055268407 -0.009843611 0.073510744 0.033496331 0.996683180
1341848044.541856 1.891571641 -0.008861391 1.052028060 -0.009361037 0.075952977 0.037889626 0.996347368
1341848044.573760 1.889030337 -0.007051548 1.064967990 -0.007916096 0.078755848 0.041017387 0.996018291
1341848044.605829 1.873801947 -0.015887056 1.086883068 -0.008568279 0.084566042 0.043398149 0.995435476
1341848044.641741 1.864928722 -0.009944679 1.089329243 -0.007370692 0.089198060 0.048890814 0.994785964
1341848044.705966 1.856259942 -0.008814314 1.101678967 -0.004949975 0.093581744 0.057157353 0.993957222
1341848044.734774 1.852297068 -0.009880304 1.109919310 -0.003977303 0.096402854 0.061984915 0.993402600
1341848044.771011 1.854191780 -0.006795770 1.117540717 -0.001160549 0.096662879 0.066628568 0.993083894
1341848044.802833 1.850266933 -0.005273640 1.122906208 0.000350222 0.097378477 0.067991056 0.992922306
1341848044.834852 1.840530515 -0.006356243 1.128089786 -0.000137513 0.101175822 0.069200821 0.992458940
1341848044.870686 1.835917950 -0.016051950 1.135421872 -0.000567645 0.102123842 0.075494252 0.991902769
1341848044.902692 1.827277184 -0.012196969 1.136005044 0.002820920 0.101928651 0.076584995 0.991835415
1341848044.934911 1.823866367 -0.013609203 1.134206414 0.002503321 0.101476841 0.079333462 0.991666496
1341848044.970797 1.824161053 -0.013320815 1.143696547 0.002728189 0.099448837 0.084281452 0.991463184
1341848045.002641 1.817848325 -0.014579143 1.134289861 0.001898849 0.098392785 0.083371632 0.991647363
1341848045.038733 1.813826323 -0.017354615 1.138127804 -0.002678082 0.097104527 0.084814027 0.991650283
1341848045.070849 1.802677035 -0.008118352 1.152781129 -0.000963939 0.098580413 0.086057514 0.991400540
1341848045.102831 1.799131751 -0.006640427 1.156792521 -0.000928458 0.099583462 0.087031156 0.991215408
1341848045.138762 1.787631512 -0.008167844 1.163285613 -0.003267419 0.103016846 0.085178785 0.991020381
1341848045.170759 1.786813974 -0.014537955 1.173587561 -0.006163363 0.101303436 0.090150006 0.990743458
1341848045.202698 1.784783363 -0.008354481 1.178355217 -0.002632303 0.100878648 0.087635159 0.991028130
1341848045.238872 1.778997540 -0.012741387 1.180482984 -0.004334161 0.102345854 0.084455416 0.991147757
1341848045.270833 1.769464612 -0.013665201 1.195577025 -0.003003033 0.103240170 0.086689286 0.990867019
1341848045.306816 1.762428999 -0.014164656 1.194632292 -0.002980382 0.102672875 0.086240873 0.990965128
1341848045.338698 1.761459112 -0.015838649 1.202018023 -0.004448301 0.101895638 0.083180547 0.991301417
1341848045.370799 1.754179239 -0.012971265 1.217144847 -0.002008667 0.102758087 0.084504381 0.991108418
1341848045.406703 1.753592014 -0.012629960 1.219200969 -0.001867626 0.100428410 0.085007980 0.991304338
1341848045.438695 1.743551254 -0.014149945 1.223158836 -0.004827543 0.099894829 0.083869815 0.991445243
1341848045.474692 1.737532258 -0.024377415 1.232223034 -0.008348268 0.097099200 0.082624182 0.991804123
1341848045.506761 1.730477571 -0.026478123 1.243645906 -0.007729630 0.096063793 0.081327677 0.992017090
1341848045.538886 1.726054668 -0.025399322 1.257804751 -0.005743213 0.095543794 0.080354556 0.992160082
1341848045.575971 1.721787214 -0.025230812 1.265747547 -0.003751463 0.093123145 0.082364157 0.992234945
1341848045.606920 1.719932199 -0.024150362 1.276282191 -0.003458537 0.088499241 0.082014911 0.992688060
1341848045.645890 1.711226702 -0.031979721 1.282436728 -0.006467282 0.087679721 0.081253678 0.992808282
1341848045.674943 1.705164790 -0.033611197 1.292494893 -0.007007992 0.086489573 0.078727506 0.993112564
1341848045.706968 1.700341105 -0.031076971 1.304376483 -0.004761744 0.082520172 0.078801915 0.993457675
1341848045.743092 1.691190600 -0.035064399 1.305333376 -0.005538075 0.081934139 0.074690528 0.993819654
1341848045.774776 1.688540101 -0.035014071 1.318639874 -0.006697769 0.078902707 0.072536364 0.994217277
1341848045.807609 1.681583524 -0.040724397 1.328102589 -0.007670657 0.076061942 0.072636828 0.994424284
1341848045.842865 1.673649549 -0.037520379 1.336362720 -0.004486195 0.073241353 0.069585629 0.994873583
1341848045.874777 1.670219898 -0.036973264 1.339093804 -0.006336164 0.071222119 0.066943020 0.995191455
1341848045.906765 1.666091919 -0.038903281 1.355043411 -0.008351089 0.068182163 0.065982163 0.995453596
1341848045.942758 1.656044602 -0.052655309 1.325510502 -0.010263179 0.063566647 0.067544818 0.995636344
1341848045.974768 1.655116796 -0.052479975 1.328581095 -0.010199149 0.059384815 0.063040569 0.996190429
1341848046.010763 1.649871230 -0.053302776 1.337214231 -0.011151900 0.055714216 0.059770800 0.996593773
1341848046.042828 1.641070366 -0.047777064 1.353441596 -0.007829121 0.049641386 0.057498094 0.997079968
1341848046.074722 1.634585261 -0.051460851 1.353335500 -0.008676139 0.044907764 0.051944323 0.997602046
1341848046.110817 1.630017638 -0.051189154 1.361607432 -0.012035504 0.041948717 0.047118455 0.997935534
1341848046.142773 1.617839575 -0.057281550 1.372940421 -0.013026288 0.040719233 0.046101082 0.998021543
1341848046.181848 1.614313602 -0.049377415 1.377265811 -0.009474027 0.036826137 0.040518917 0.998454988
1341848046.219718 1.607542038 -0.044072181 1.384936094 -0.011133237 0.035119142 0.035761267 0.998681128
1341848046.249730 1.602794409 -0.053244460 1.384716868 -0.016492533 0.028711682 0.034085874 0.998870313
1341848046.283599 1.595834255 -0.052199610 1.382890105 -0.016922336 0.023844857 0.028174156 0.999175310
1341848046.317731 1.586839199 -0.051205885 1.384493589 -0.018630106 0.022490194 0.024177993 0.999281049
1341848046.349732 1.581701875 -0.052329205 1.391864061 -0.020683846 0.018923072 0.021772448 0.999369800
1341848046.382309 1.576969981 -0.052139405 1.390163779 -0.021347601 0.014175811 0.018884694 0.999493301
1341848046.417763 1.584708571 -0.041133042 1.403349042 -0.021034030 0.011331471 0.017986124 0.999552786
1341848046.449782 1.575825572 -0.045988932 1.405058026 -0.025964741 0.009818431 0.015709050 0.999491274
1341848046.485848 1.567712307 -0.041241262 1.409632802 -0.025925491 0.005548926 0.013148188 0.999562025
1341848046.517760 1.564852834 -0.037849728 1.410918951 -0.027875127 0.002574210 0.010203454 0.999556065
1341848046.549658 1.546915531 -0.036484174 1.408859611 -0.029699579 0.004031635 0.008661967 0.999513209
1341848046.586076 1.539902210 -0.035435274 1.407836556 -0.028932048 -0.001238793 0.006311804 0.999560714
1341848046.617769 1.540000439 -0.030040633 1.409488440 -0.028315485 -0.005511236 0.003072088 0.999579132
1341848046.653748 1.535273671 -0.032105662 1.401100397 -0.031324603 -0.008604017 0.003782815 0.999465108
1341848046.685899 1.526857615 -0.028671112 1.403149247 -0.029556863 -0.014667368 0.002381639 0.999452710
1341848046.714925 1.520548701 -0.024762474 1.393281698 -0.029786102 -0.017461037 0.001332019 0.999402881
1341848046.746888 1.513982058 -0.023240292 1.390816450 -0.030284187 -0.019819012 -0.000137613 0.999344826
1341848046.778736 1.511478066 -0.019424038 1.388278365 -0.029073916 -0.024492491 -0.000601314 0.999276996
1341848046.814747 1.512623549 -0.013525743 1.382210016 -0.028566116 -0.028706133 -0.002276793 0.999177039
1341848046.846853 1.508142233 -0.016326178 1.376288414 -0.031972084 -0.029721582 -0.002963895 0.999042392
1341848046.878793 1.498903394 -0.012626337 1.368164778 -0.032161530 -0.030075483 -0.003869705 0.999022603
1341848046.915079 1.494708776 -0.011812963 1.360381961 -0.033867273 -0.031728562 -0.004900188 0.998910546
1341848046.946882 1.490027547 -0.008502793 1.354813576 -0.034988772 -0.033464164 -0.004100231 0.998818874
1341848046.982780 1.491306067 -0.008983476 1.346758127 -0.036497250 -0.036918078 -0.005500928 0.998636484
1341848047.015086 1.492139697 -0.010542413 1.334526062 -0.039562766 -0.038596328 -0.008361448 0.998436391
1341848047.047884 1.481402636 -0.006278365 1.330925822 -0.041241374 -0.039664950 -0.007737969 0.998331606
1341848047.089866 1.482259035 -0.000709309 1.311306596 -0.041716058 -0.043903645 -0.010001779 0.998114347
1341848047.114997 1.474815965 0.006255859 1.301164627 -0.044126134 -0.045854963 -0.010389816 0.997919023
1341848047.147565 1.469792247 0.011090692 1.298198938 -0.045885112 -0.048308410 -0.011010738 0.997717261
1341848047.182713 1.464706063 0.015437700 1.290952325 -0.046205889 -0.050349630 -0.012350508 0.997585773
1341848047.214887 1.452769876 0.024172500 1.278595090 -0.046229407 -0.051480543 -0.014613081 0.997496426
1341848047.250668 1.445383430 0.008678279 1.252167225 -0.053644761 -0.053743005 -0.019336903 0.996925294
1341848047.282779 1.413753271 0.025273651 1.252336860 -0.052168626 -0.050846066 -0.015819268 0.997217596
1341848047.314815 1.410234928 0.025289107 1.243696451 -0.053403534 -0.054018576 -0.017939726 0.996949494
1341848047.350637 1.397775531 0.032469511 1.236899376 -0.052819971 -0.056004804 -0.019280309 0.996845961
1341848047.383038 1.397260070 0.026672328 1.219554663 -0.055036277 -0.063037924 -0.020810405 0.996275187
1341848047.414781 1.389906526 0.027004939 1.208566904 -0.056110255 -0.067409240 -0.022845924 0.995884418
1341848047.450847 1.355126977 0.049245581 1.203822017 -0.050559733 -0.064495653 -0.022331029 0.996386170
1341848047.482648 1.351858616 0.051104929 1.186629534 -0.050410785 -0.068960667 -0.023167389 0.996075571
1341848047.518733 1.347879887 0.052287642 1.176180601 -0.052476075 -0.073523961 -0.024839584 0.995602071
1341848047.550836 1.341143608 0.051858105 1.175172091 -0.053218301 -0.078047507 -0.027038939 0.995160937
1341848047.582955 1.338308215 0.055023890 1.167363167 -0.051955346 -0.081927352 -0.028643973 0.994870901
1341848047.618981 1.322108388 0.058497652 1.154153705 -0.052365560 -0.079506695 -0.030398818 0.994993746
1341848047.650752 1.309132099 0.056072380 1.146947145 -0.052940827 -0.081167027 -0.030796902 0.994816959
1341848047.689728 1.306846023 0.061573453 1.141585827 -0.050800472 -0.087606318 -0.031292047 0.994366825
1341848047.719086 1.306701064 0.063666247 1.135494828 -0.052308518 -0.090300441 -0.030502308 0.994072139
1341848047.750845 1.297248006 0.067142315 1.128053904 -0.052562047 -0.091565169 -0.032415848 0.993882477
1341848047.786695 1.285861850 0.071347736 1.124604940 -0.052646764 -0.092832677 -0.032176983 0.993768156
1341848047.818804 1.255323648 0.079068035 1.113812566 -0.051829174 -0.089360118 -0.034153905 0.994063437
1341848047.850811 1.249674797 0.080384172 1.111036897 -0.053132944 -0.089357235 -0.035400733 0.993951201
1341848047.886853 1.236800313 0.082113579 1.110734582 -0.052754909 -0.089216605 -0.036204349 0.993955016
1341848047.918858 1.231684923 0.084391199 1.100803614 -0.051595587 -0.091817357 -0.035906307 0.993789911
1341848047.954723 1.225406289 0.090410396 1.095258951 -0.051111143 -0.093417741 -0.035836522 0.993668258
1341848047.986771 1.205580235 0.089269981 1.094265938 -0.051764052 -0.090215400 -0.036819782 0.993894339
1341848048.018897 1.192188501 0.095198773 1.088534474 -0.048786629 -0.091221362 -0.036218319 0.993975222
1341848048.054937 1.188637614 0.098678380 1.086132050 -0.048405316 -0.094371773 -0.036536001 0.993688107
1341848048.086776 1.182657242 0.099508822 1.082661152 -0.049795222 -0.093982965 -0.037207853 0.993631363
1341848048.118790 1.166620135 0.097551823 1.070805430 -0.049945287 -0.092701323 -0.037749875 0.993723750
1341848048.154692 1.165401459 0.098865747 1.063140154 -0.049449496 -0.095635191 -0.035746347 0.993544638
1341848048.186720 1.142451048 0.123004347 1.067174673 -0.043765452 -0.090104297 -0.032804310 0.994429350
1341848048.222966 1.131684422 0.117653616 1.059382319 -0.044182781 -0.089024805 -0.032210320 0.994527519
1341848048.254953 1.129012346 0.120205641 1.058594823 -0.040632498 -0.091638319 -0.028761676 0.994547307
1341848048.286640 1.122655630 0.128370211 1.051814318 -0.038256556 -0.089805812 -0.029638108 0.994782925
1341848048.322843 1.112274408 0.126076460 1.044085860 -0.039605521 -0.088071570 -0.028962493 0.994905055
1341848048.354699 1.090667486 0.131502926 1.047654867 -0.037218407 -0.084445886 -0.026711417 0.995374382
1341848048.386709 1.086110592 0.134784967 1.041966796 -0.035178524 -0.084016472 -0.029131869 0.995417058
1341848048.422649 1.077442050 0.134664357 1.034742475 -0.033701129 -0.082734130 -0.030029660 0.995548904
1341848048.454923 1.060707092 0.142055944 1.029651880 -0.029227465 -0.080951124 -0.028528100 0.995880961
1341848048.490668 1.057408214 0.145297706 1.017086029 -0.029166572 -0.082042098 -0.028616441 0.995790958
1341848048.522793 1.037032485 0.141753778 1.016651273 -0.029201303 -0.079046853 -0.027646560 0.996059537
1341848048.554990 1.034994364 0.141451135 1.008646488 -0.025476014 -0.080763958 -0.026042713 0.996067286
1341848048.590630 1.026507854 0.145422235 0.999346912 -0.022225784 -0.081348203 -0.026198449 0.996093512
1341848048.622652 1.025365233 0.144451126 0.993657887 -0.021132817 -0.083603039 -0.024755159 0.995967448
1341848048.658741 1.008630991 0.144226968 0.987236261 -0.017530542 -0.081069946 -0.022794560 0.996293545
1341848048.690791 1.000883937 0.149573043 0.982185900 -0.013413885 -0.082690693 -0.022298444 0.996235490
1341848048.722708 0.996572971 0.151785135 0.974450707 -0.011748082 -0.084190279 -0.020288929 0.996173859
1341848048.758833 0.993203461 0.150764212 0.967298865 -0.009155748 -0.084924497 -0.018885685 0.996166348
1341848048.791156 0.986479878 0.151916638 0.959227920 -0.006929604 -0.084867783 -0.018783933 0.996191084
1341848048.822736 0.965565741 0.151127666 0.951707900 -0.004827511 -0.082402445 -0.018309804 0.996419251
1341848048.858661 0.961599708 0.150407076 0.940318942 -0.001944875 -0.084657401 -0.019610185 0.996215284
1341848048.891041 0.958202243 0.149646401 0.934131265 0.000478887 -0.086310394 -0.021102669 0.996044695
1341848048.926768 0.936837912 0.158482164 0.925563991 0.006088226 -0.085872762 -0.022447169 0.996034622
1341848048.958953 0.936411083 0.162352979 0.922978878 0.009907017 -0.089950733 -0.023672311 0.995615602
1341848048.990810 0.919370949 0.157174900 0.912832797 0.011676012 -0.089439869 -0.024581295 0.995620370
1341848049.026707 0.919051766 0.154942423 0.905863941 0.015905701 -0.092569441 -0.027026756 0.995212257
1341848049.058792 0.911305964 0.156711400 0.893588543 0.021037096 -0.093577020 -0.029120889 0.994963706
1341848049.090709 0.898948014 0.157230839 0.874700010 0.022424469 -0.094262645 -0.029851517 0.994847059
1341848049.126753 0.887579381 0.162541002 0.869327009 0.024432812 -0.097131871 -0.028501714 0.994563282
1341848049.158854 0.880510509 0.156369880 0.862184465 0.024736471 -0.096756823 -0.031987272 0.994486332
1341848049.194708 0.871364057 0.157634437 0.850464463 0.027169516 -0.096513607 -0.034140922 0.994374871
1341848049.226742 0.860737741 0.168664038 0.843935966 0.029723590 -0.097578578 -0.034325890 0.994191527
1341848049.258792 0.861260533 0.160230860 0.830407143 0.026670339 -0.101253979 -0.035235297 0.993878722
1341848049.294747 0.845855594 0.167774931 0.820678651 0.029168753 -0.099660248 -0.037361864 0.993891954
1341848049.326837 0.835046768 0.175932169 0.807393909 0.031147501 -0.098631695 -0.037477043 0.993930161
1341848049.358802 0.827442348 0.191439778 0.806156695 0.033521999 -0.099238783 -0.035313122 0.993871689
1341848049.394779 0.821385145 0.189389795 0.799637079 0.032541551 -0.100574717 -0.034044582 0.993814290
1341848049.426763 0.823076189 0.189986467 0.787707746 0.034656342 -0.101877205 -0.032645766 0.993656993
1341848049.462746 0.812842011 0.193852991 0.770132720 0.034116112 -0.099960275 -0.032193832 0.993885100
1341848049.494728 0.786639512 0.200386107 0.765695214 0.035003565 -0.096924588 -0.028080175 0.994279623
1341848049.526803 0.787122726 0.205500767 0.745781422 0.036542293 -0.098851167 -0.027457396 0.994051933
1341848049.562799 0.779614329 0.214399919 0.739172518 0.036960080 -0.096367218 -0.026122244 0.994316339
1341848049.594759 0.766506910 0.218545362 0.730679035 0.036395673 -0.096850902 -0.023913754 0.994345725
1341848049.626829 0.757836401 0.222966895 0.719068170 0.036064196 -0.099057935 -0.023062404 0.994160473
1341848049.662690 0.757849157 0.219284847 0.694498777 0.033751063 -0.099600449 -0.025232986 0.994134784
1341848049.695064 0.729129374 0.241052955 0.688709736 0.035921395 -0.097148091 -0.023789363 0.994336963
1341848049.730793 0.706024766 0.259768397 0.686948299 0.037420258 -0.097954549 -0.020788373 0.994269848
1341848049.762702 0.704232872 0.261973500 0.670092881 0.035111248 -0.102505088 -0.023944095 0.993824303
1341848049.794722 0.690956235 0.264476955 0.655610383 0.033231251 -0.102529228 -0.026487822 0.993821859
1341848049.830816 0.682001293 0.271261305 0.644753635 0.032712758 -0.106203794 -0.026868563 0.993442953
1341848049.869834 0.669478178 0.289070785 0.628684938 0.032870576 -0.108842678 -0.026290931 0.993167460
1341848049.898674 0.660835743 0.282139212 0.616868496 0.028494127 -0.111105688 -0.029678317 0.992956638
1341848049.930835 0.644669652 0.290917575 0.615364492 0.030945683 -0.111875720 -0.031353511 0.992745280
1341848049.963022 0.639072418 0.299767107 0.594534457 0.031281766 -0.115420900 -0.032704040 0.992285192
1341848049.998757 0.605644941 0.313738525 0.584211051 0.031069411 -0.112914585 -0.031783640 0.992610097
1341848050.030786 0.597980320 0.311673373 0.578066170 0.028663427 -0.117342010 -0.033492036 0.992112696
1341848050.062661 0.599493027 0.311186433 0.565940261 0.028547848 -0.122140162 -0.037499283 0.991393328
1341848050.098678 0.593526483 0.317903668 0.561356843 0.027885858 -0.124928713 -0.037572104 0.991061866
1341848050.130710 0.569727540 0.328494072 0.557779074 0.028384471 -0.125390679 -0.039349262 0.990920365
1341848050.166738 0.580620706 0.325184166 0.548208833 0.026388146 -0.131714240 -0.043859698 0.989965379
1341848050.198726 0.566864908 0.328650445 0.540740788 0.024798177 -0.132181272 -0.046941936 0.989802837
1341848050.230806 0.558563828 0.334203959 0.542344928 0.024630573 -0.136998832 -0.048809793 0.989061356
1341848050.266732 0.557112634 0.343929917 0.533226669 0.025499819 -0.141282603 -0.050400030 0.988356650
1341848050.298842 0.548051476 0.345885843 0.531376302 0.024323570 -0.143036038 -0.054274015 0.987928867
1341848050.330688 0.538168967 0.347454190 0.531210780 0.024047436 -0.147263825 -0.056756113 0.987174690
1341848050.366746 0.543033302 0.351982772 0.524770856 0.023668110 -0.153925240 -0.058539774 0.986062884
1341848050.398693 0.536112070 0.348091215 0.510757506 0.020219540 -0.156910375 -0.063599765 0.985355437
1341848050.434780 0.523105800 0.354422808 0.512689650 0.020547533 -0.160009831 -0.065596029 0.984719157
1341848050.466655 0.525401831 0.353031069 0.510098279 0.020018071 -0.165724158 -0.067887738 0.983629048
1341848050.498791 0.519408882 0.346663177 0.498499334 0.018437471 -0.169565037 -0.073393025 0.982609391
1341848050.534849 0.516227543 0.347933263 0.496976376 0.019396737 -0.173581362 -0.076289088 0.981668591
1341848050.566840 0.511997461 0.353217751 0.498841196 0.020432508 -0.178594962 -0.076956235 0.980695724
1341848050.598790 0.507805169 0.357570529 0.488551050 0.019520324 -0.184404910 -0.079272822 0.979453743
1341848050.634752 0.505092621 0.356006622 0.489311159 0.019445712 -0.188997760 -0.083595634 0.978219569
1341848050.666816 0.500911117 0.360348016 0.487781107 0.021804813 -0.194286123 -0.085673325 0.976953208
1341848050.702846 0.497054577 0.358060122 0.478806823 0.020519683 -0.199913785 -0.088544026 0.975588799
1341848050.734789 0.489189237 0.360265285 0.468791425 0.020081630 -0.203618109 -0.088435806 0.974841297
1341848050.766882 0.489868104 0.358822912 0.463403463 0.018227696 -0.210725486 -0.089657672 0.973254383
1341848050.802875 0.485131532 0.360472143 0.466220289 0.019257963 -0.216575250 -0.093322888 0.971604407
1341848050.834769 0.483650088 0.359687805 0.457940459 0.018825073 -0.223119676 -0.094395176 0.970027268
1341848050.870719 0.476141393 0.364386201 0.446230829 0.018818228 -0.225972176 -0.096750192 0.969134629
1341848050.902725 0.470838845 0.364219248 0.449025869 0.018641029 -0.232534051 -0.099252887 0.967330992
1341848050.934794 0.469486296 0.363738120 0.441915661 0.020502614 -0.235729545 -0.103860565 0.966035306
1341848050.970852 0.464323997 0.369421780 0.441653699 0.021989146 -0.240915880 -0.107183821 0.964358687
1341848051.002763 0.458389521 0.354044944 0.436140150 0.017170742 -0.246056765 -0.111333638 0.962686956
1341848051.035007 0.459826559 0.353729248 0.431604743 0.017768277 -0.251640707 -0.112985238 0.961038828
1341848051.070784 0.449472189 0.357020289 0.420146853 0.018366128 -0.253659755 -0.116034620 0.960133016
1341848051.102734 0.447605669 0.361779511 0.423782855 0.020633252 -0.258916110 -0.116494097 0.958627105
1341848051.138713 0.434865445 0.367078394 0.408183604 0.021819539 -0.258769542 -0.117032684 0.958574772
1341848051.170672 0.429616183 0.370545834 0.404927790 0.021890108 -0.261177242 -0.116487771 0.957986414
1341848051.202839 0.427428603 0.370778143 0.409925401 0.021835914 -0.265994817 -0.116119526 0.956705928
1341848051.238747 0.429254532 0.369310200 0.407982230 0.023311630 -0.271273524 -0.117451519 0.955024898
1341848051.270842 0.420340002 0.371798307 0.412485659 0.027481847 -0.273287505 -0.118294857 0.954235315
1341848051.302718 0.421812296 0.369773120 0.409159094 0.030476123 -0.278049946 -0.120367169 0.952507913
1341848051.338668 0.420281887 0.369887888 0.408014536 0.033462014 -0.282546818 -0.120388120 0.951080620
1341848051.370895 0.419093370 0.373674750 0.395908922 0.037286736 -0.286154330 -0.122321501 0.949611962
1341848051.406688 0.422429621 0.371698350 0.399227172 0.039258301 -0.290176123 -0.125090703 0.947949946
1341848051.440006 0.421391189 0.370654911 0.398342311 0.040369410 -0.293356895 -0.125682667 0.946845233
1341848051.470890 0.419750273 0.370733261 0.399614722 0.042480450 -0.297298133 -0.128694639 0.945117474
1341848051.506718 0.420807898 0.372472852 0.403883964 0.043221328 -0.302198946 -0.133218095 0.942900181
1341848051.538932 0.412643850 0.373395890 0.410305768 0.045606203 -0.305850416 -0.138127834 0.940901875
1341848051.570738 0.419124842 0.371288836 0.402768701 0.050632447 -0.311425894 -0.144811407 0.937805951
1341848051.606760 0.415469885 0.374505222 0.402001590 0.053637922 -0.315304935 -0.150433928 0.935454726
1341848051.638863 0.414493263 0.370815516 0.403296649 0.055687323 -0.323001057 -0.155993104 0.931791484
1341848051.674718 0.416543782 0.377007514 0.401368588 0.063423239 -0.327812880 -0.161153421 0.928733468
1341848051.706714 0.417025685 0.377872318 0.397593915 0.061676394 -0.333904624 -0.162542030 0.926436186
1341848051.738793 0.417642832 0.372414529 0.402744651 0.061415263 -0.342379630 -0.169178426 0.922162175
1341848051.774823 0.421372205 0.376494825 0.396898448 0.064796217 -0.347209632 -0.174092725 0.919205427
1341848051.806694 0.422797382 0.375190526 0.393574208 0.065594330 -0.350208849 -0.181438655 0.916586697
1341848051.838757 0.421179175 0.375933528 0.392511129 0.070978381 -0.353030950 -0.187461257 0.913887024
1341848051.874951 0.426917166 0.377943754 0.387805253 0.075804606 -0.354737818 -0.194173276 0.911433816
1341848051.906707 0.427829981 0.378413856 0.381764591 0.072653629 -0.354504198 -0.199478537 0.910635233
1341848051.942680 0.429245114 0.378597945 0.380444050 0.071989879 -0.358807087 -0.205387414 0.907684445
1341848051.974762 0.435546398 0.382805824 0.373127341 0.071550943 -0.357611775 -0.209299207 0.907297194
1341848052.006755 0.432713747 0.380031884 0.373212546 0.068065375 -0.354890138 -0.215587929 0.907161474
1341848052.042751 0.432680845 0.379677474 0.381031543 0.069183350 -0.355682075 -0.216949478 0.906441867
1341848052.074871 0.447292686 0.376865923 0.371728778 0.068460159 -0.353903443 -0.218777791 0.906753540
1341848052.110964 0.445632160 0.381023645 0.372034848 0.068372712 -0.347505271 -0.222076058 0.908431351
1341848052.143014 0.449060261 0.380303979 0.376061141 0.070470884 -0.347689927 -0.225204200 0.907429755
1341848052.178064 0.459311843 0.382368982 0.366442889 0.071179986 -0.344212234 -0.229236290 0.907690525
1341848052.211397 0.460459530 0.375879139 0.364173651 0.066829994 -0.340438992 -0.231603980 0.908842504
1341848052.242872 0.467895538 0.376458675 0.364086986 0.069212757 -0.339417487 -0.235189334 0.908125222
1341848052.275206 0.477336347 0.380048960 0.358154476 0.070118107 -0.334009767 -0.239525989 0.908926964
1341848052.311125 0.476309240 0.384270787 0.351586968 0.066812292 -0.329414696 -0.241473272 0.910336673
1341848052.342876 0.480736852 0.376274705 0.353908598 0.066465966 -0.328452259 -0.244386584 0.909932196
1341848052.379476 0.483134836 0.411842436 0.319846541 0.073198080 -0.317955196 -0.241952956 0.913786232
1341848052.412309 0.487524152 0.406123221 0.311879396 0.068697222 -0.314113617 -0.242594793 0.915292978
1341848052.444722 0.486959398 0.408288956 0.309542477 0.070150450 -0.312933713 -0.244999185 0.914946318
1341848052.481496 0.501933992 0.408791274 0.315278113 0.074459486 -0.310865462 -0.246601865 0.914880335
1341848052.512393 0.506460726 0.406111449 0.309131205 0.073801115 -0.307998776 -0.246484831 0.915934145
1341848052.543277 0.512008607 0.408937007 0.288252056 0.075638294 -0.304306477 -0.249241218 0.916272521
1341848052.579155 0.533995271 0.431869149 0.276705325 0.079452254 -0.301365882 -0.248755231 0.917053342
1341848052.617750 0.529849410 0.395831674 0.296477675 0.071575977 -0.298883498 -0.257122964 0.916205943
1341848052.646710 0.530842066 0.398468852 0.291850865 0.075347207 -0.296657115 -0.261951208 0.915258944
1341848052.678720 0.537819386 0.405406326 0.274958074 0.077593915 -0.292121768 -0.266508609 0.915214300
1341848052.710822 0.546384871 0.404058754 0.271884859 0.076560937 -0.288508862 -0.267036229 0.916292965
1341848052.746833 0.546774685 0.404833019 0.271739006 0.074741259 -0.287206203 -0.264587194 0.917562008
1341848052.778710 0.560330808 0.392000258 0.249551386 0.068000942 -0.282641262 -0.267344654 0.918703794
1341848052.810890 0.562824547 0.385113567 0.242890507 0.062197153 -0.277145773 -0.268797964 0.920363724
1341848052.846856 0.552061379 0.370980442 0.243433565 0.062951982 -0.268926650 -0.270613194 0.922216892
1341848052.878813 0.559891224 0.377531856 0.238588765 0.068125091 -0.263226390 -0.272349924 0.922982335
1341848052.914694 0.559096515 0.373473644 0.229459494 0.063979067 -0.254443139 -0.272205889 0.925780416
1341848052.946675 0.559928775 0.370913267 0.223213851 0.062623456 -0.250660956 -0.271502107 0.927110553
1341848052.978684 0.400497735 0.246870369 0.407215536 0.063392460 -0.210621953 -0.240026623 0.945519447
1341848053.014784 0.401969999 0.243350491 0.397520691 0.060851857 -0.203051299 -0.240638062 0.947185636
1341848053.046693 0.400641501 0.244439632 0.396901399 0.061897743 -0.196732610 -0.237068847 0.949348927
1341848053.082651 0.411230296 0.247764647 0.395235598 0.063590586 -0.194003299 -0.234168470 0.950517833
1341848053.114846 0.403091311 0.246270359 0.373598337 0.059055839 -0.183205217 -0.232775107 0.953291178
1341848053.146985 -0.214215636 -0.607188344 0.463119179 -0.126903012 -0.140389070 -0.235075220 0.953376174
1341848053.183210 -0.198708564 -0.603795588 0.462849826 -0.125453562 -0.137547359 -0.231450900 0.954867899
1341848053.214816 -0.204061955 -0.608177185 0.450640678 -0.128330782 -0.130242288 -0.229136840 0.956067204
1341848053.247961 -0.220841363 -0.626300871 0.446134239 -0.130622357 -0.120277114 -0.230284080 0.956786513
1341848053.289822 -0.220068187 -0.626386642 0.438155979 -0.128810912 -0.113480978 -0.227472529 0.958533287
1341848053.321709 -0.206190705 -0.625647306 0.434583247 -0.127118081 -0.110002398 -0.223000705 0.960214138
1341848053.353831 -0.214577034 -0.621534884 0.433541179 -0.126268089 -0.100860894 -0.221289158 0.961724818
1341848053.386096 -0.230806813 -0.575292647 0.441554397 -0.114134781 -0.089072302 -0.214738503 0.965881348
1341848053.421775 -0.217445582 -0.575947046 0.431595147 -0.113020971 -0.084591739 -0.211895004 0.967042446
1341848053.453749 -0.212407798 -0.574359715 0.429998279 -0.114848472 -0.076712601 -0.206044659 0.968746960
1341848053.485736 -0.206609339 -0.570163965 0.434822589 -0.115202256 -0.074509911 -0.202792510 0.969562709
1341848053.521747 -0.204766676 -0.571250319 0.429452866 -0.116389707 -0.069885597 -0.200830460 0.970173478
1341848053.553915 -0.195522621 -0.561526716 0.431805611 -0.115099527 -0.061942954 -0.196491539 0.971754253
1341848053.589737 -0.198024750 -0.559175372 0.431471765 -0.117451675 -0.053022873 -0.192658335 0.972767472
1341848053.621911 -0.192091584 -0.557959914 0.430342108 -0.120310158 -0.048121803 -0.185834453 0.973999679
1341848053.653792 -0.193235368 -0.555659771 0.432218581 -0.124598697 -0.036820300 -0.180368885 0.974980295
1341848053.689724 -0.195924759 -0.558614254 0.426970869 -0.128337637 -0.029235864 -0.178272545 0.975137770
1341848053.721697 -0.197874159 -0.561087966 0.422914326 -0.131136939 -0.018727709 -0.172340736 0.976089716
1341848053.758007 -0.194774315 -0.563798904 0.416177839 -0.133731559 -0.011015246 -0.167197421 0.976749539
1341848053.789882 -0.198783144 -0.562156320 0.419714212 -0.135521755 -0.001083807 -0.163200915 0.977240086
1341848053.821625 -0.204934359 -0.547824860 0.434141070 -0.129838854 0.007192538 -0.153279603 0.979589462
1341848053.857784 -0.189426526 -0.555685461 0.422202319 -0.130852103 0.012218961 -0.148494393 0.980141759
1341848053.889790 -0.190438762 -0.555505276 0.424828738 -0.131810859 0.019971594 -0.142191231 0.980820417
1341848053.925729 -0.192758769 -0.558614433 0.422115773 -0.130691245 0.025230462 -0.136575431 0.981646836
1341848053.951067 -0.192506596 -0.556165755 0.415109277 -0.126725391 0.029243665 -0.129657164 0.982992649
1341848053.986823 -0.194405854 -0.563478231 0.406013608 -0.126770422 0.035019636 -0.124895357 0.983414531
1341848054.019304 -0.198618621 -0.556200445 0.404923111 -0.123365432 0.038873397 -0.115221679 0.984882653
1341848054.051032 -0.195054889 -0.557062685 0.399313897 -0.123307176 0.038795814 -0.106829681 0.985838532
1341848054.086777 -0.219530210 -0.476828933 0.453328192 -0.103390262 0.053604297 -0.078166775 0.990114689
1341848054.118853 -0.224168539 -0.478687853 0.449339986 -0.104633681 0.055400062 -0.070820339 0.990437865
1341848054.155032 -0.222671762 -0.475543886 0.443208933 -0.104598477 0.055026222 -0.063251369 0.990974545
1341848054.186687 -0.229360938 -0.478090405 0.438229799 -0.107508563 0.056146182 -0.059615884 0.990825653
1341848054.219030 -0.236654341 -0.482094944 0.437358379 -0.108184934 0.057662345 -0.060459781 0.990613818
1341848054.254827 -0.233997673 -0.489085168 0.427841783 -0.106421776 0.058494754 -0.062375512 0.990637243
1341848054.286801 -0.226391673 -0.479835570 0.415388077 -0.102000907 0.058503419 -0.062048282 0.991122246
1341848054.322895 -0.240881339 -0.480684817 0.408701211 -0.107669175 0.063334718 -0.061411895 0.990264952
1341848054.354790 -0.238710120 -0.483858824 0.410098672 -0.110511936 0.062560521 -0.060732845 0.990042925
1341848054.387103 -0.242920399 -0.484796971 0.397716105 -0.111564927 0.064639963 -0.059321567 0.989876747
1341848054.422878 -0.247803941 -0.484860837 0.383812219 -0.114445500 0.066171348 -0.059504032 0.989435673
1341848054.454739 -0.252355516 -0.485197544 0.379040718 -0.115365721 0.066438220 -0.056512982 0.989486277
1341848054.486883 -0.300693244 -0.469595075 0.372960359 -0.113406487 0.073995382 -0.056995858 0.989148676
1341848054.522689 -0.301949263 -0.475227684 0.365502506 -0.115429290 0.075236157 -0.056806907 0.988831937
1341848054.554861 -0.304793328 -0.477236807 0.369450241 -0.114409722 0.079005368 -0.055914260 0.988707364
1341848054.590790 -0.306787640 -0.479224414 0.354530424 -0.112270914 0.080077656 -0.053277101 0.989011824
1341848054.622694 -0.305251122 -0.480381668 0.341603249 -0.112788603 0.079634808 -0.051688030 0.989073038
1341848054.656449 -0.305201679 -0.485985786 0.331918269 -0.113891177 0.079741679 -0.050329782 0.989008129
1341848054.691021 -0.299320817 -0.487279028 0.322260529 -0.113105610 0.082694963 -0.048838764 0.988930464
1341848054.722739 -0.307939917 -0.485893369 0.330030143 -0.111739300 0.088777386 -0.050248966 0.988487720
1341848054.754741 -0.311541289 -0.485049278 0.329526424 -0.108860038 0.093018286 -0.049218487 0.988470912
1341848054.790887 -0.100297756 -0.121682934 0.629474699 0.029875254 0.083510436 0.049645726 0.994821012
1341848054.822877 -0.100815482 -0.118544757 0.618871868 0.031051900 0.086402677 0.054438204 0.994287074
1341848054.858903 -0.105899021 -0.118598633 0.616464674 0.031766724 0.089747496 0.060738418 0.993603110
1341848054.890895 -0.107376426 -0.120493919 0.608856916 0.033509437 0.091341600 0.064130068 0.993187368
1341848054.922754 -0.107936546 -0.117127679 0.600394547 0.035870351 0.095218010 0.067715771 0.992502689
1341848054.958727 -0.103914112 -0.113095127 0.588400841 0.037376620 0.096284002 0.073730998 0.991915405
1341848054.991052 -0.108312227 -0.114698574 0.593078256 0.039587989 0.098486029 0.075987399 0.991443038
1341848055.023048 -0.110327780 -0.113725275 0.572785616 0.041401353 0.100085422 0.075053066 0.991279900
1341848055.058739 -0.106020197 -0.105721608 0.570324659 0.044719726 0.103341535 0.078977004 0.990496516
1341848055.090735 -0.121053189 -0.108923502 0.574931324 0.047284231 0.107615113 0.082599796 0.989626467
1341848055.126977 -0.116948932 -0.108873546 0.553279281 0.047817357 0.106109455 0.086062759 0.989468336
1341848055.159212 -0.121313967 -0.107960254 0.540780842 0.047237050 0.109199017 0.087469622 0.989036560
1341848055.190986 -0.128282711 -0.106539309 0.539276898 0.049762193 0.113569766 0.089885004 0.988203645
1341848055.226768 -0.134228230 -0.099950157 0.523346126 0.053424831 0.113952197 0.092800267 0.987698734
1341848055.258881 -0.136269391 -0.088244349 0.507371962 0.054680340 0.113217540 0.094595298 0.987544298
1341848055.294725 -0.144081444 -0.090999566 0.506275773 0.053120077 0.114961855 0.096761577 0.987217903
1341848055.326795 -0.148866042 -0.084988877 0.494331539 0.055166185 0.114820488 0.098338887 0.986966312
1341848055.358938 -0.151457846 -0.078871503 0.479729831 0.055552389 0.114578903 0.096437395 0.987160265
1341848055.394711 -0.150336936 -0.074555933 0.466015875 0.054812476 0.115661055 0.095731825 0.987144172
1341848055.426823 -0.157573789 -0.073392719 0.460399568 0.054143149 0.119187176 0.095135570 0.986819208
1341848055.458813 -0.168312401 -0.066362374 0.451706529 0.055484336 0.121854708 0.095504507 0.986383200
1341848055.494734 -0.177596316 -0.061130621 0.438184917 0.054433424 0.124345131 0.096449345 0.986038983
1341848055.526713 -0.181633428 -0.061532535 0.427015752 0.052910306 0.126351088 0.096801281 0.985832334
1341848055.562613 -0.183592975 -0.056685809 0.416898221 0.054044079 0.127937093 0.096715547 0.985574722
1341848055.594685 -0.186004981 -0.039388154 0.402693331 0.057594050 0.129615486 0.098577797 0.984969676
1341848055.626675 -0.199551374 -0.036105309 0.397523254 0.056461405 0.133833840 0.099948555 0.984332800
1341848055.662951 -0.201118171 -0.032227788 0.393007845 0.057020303 0.134440720 0.101528898 0.984056056
1341848055.694797 -0.197930276 -0.036257245 0.368033260 0.053319000 0.134993002 0.099779926 0.984366834
1341848055.726774 -0.196636707 -0.029907890 0.367526382 0.050737780 0.141258746 0.103954084 0.983191371
1341848055.762799 -0.211775675 -0.026066842 0.388187438 0.052480426 0.147561342 0.108554840 0.981675804
1341848055.794951 -0.206651881 -0.025427271 0.368971944 0.053147230 0.145765617 0.111149266 0.981617868
1341848055.830810 -0.220525041 -0.018585723 0.355776250 0.053365745 0.149934784 0.112951674 0.980771959
1341848055.862804 -0.242086962 -0.027114067 0.363690346 0.052971732 0.158395857 0.115684815 0.979143381
1341848055.894792 -0.246802852 -0.025887011 0.357873827 0.055206593 0.160374641 0.118420541 0.978370488
1341848055.930676 -0.254802018 -0.022826718 0.353849292 0.056650892 0.163303122 0.119266957 0.977700472
1341848055.962765 -0.267272174 -0.018655417 0.357320726 0.058773912 0.166398466 0.121828511 0.976736963
1341848055.994709 -0.269929528 -0.015755668 0.348049164 0.058829851 0.165524021 0.124499820 0.976545274
1341848056.030693 -0.280692965 -0.009180180 0.351081848 0.058558904 0.167343080 0.126843616 0.975949764
1341848056.062776 -0.293563843 -0.016908407 0.354812294 0.057076029 0.169240966 0.128513917 0.975491703
1341848056.098792 -0.306937933 -0.014534682 0.347263664 0.057280589 0.169768885 0.129679516 0.975233674
1341848056.130649 -0.312435716 -0.013572050 0.349996209 0.057674430 0.170788422 0.130493551 0.974923849
1341848056.162731 -0.326345116 -0.013319125 0.356157124 0.059298541 0.172140092 0.130906180 0.974533260
1341848056.198744 -0.332494795 -0.005978618 0.347979784 0.061164971 0.168595240 0.131790742 0.974918306
1341848056.230727 -0.340715915 -0.009826003 0.346405983 0.059648253 0.166638523 0.133957908 0.975053370
1341848056.263915 -0.356316090 -0.013111176 0.350862890 0.058854513 0.165132731 0.133384213 0.975436330
1341848056.298771 -0.363109887 -0.010742523 0.347127348 0.059837032 0.162071601 0.133067265 0.975933135
1341848056.330676 -0.381886452 -0.007205746 0.345691562 0.059299000 0.163046584 0.132996604 0.975813150
1341848056.366737 -0.392440975 -0.008316576 0.350796789 0.058863200 0.161471307 0.134705722 0.975867093
1341848056.398744 -0.415777415 -0.004657310 0.352363259 0.060411185 0.158761561 0.137707517 0.975798130
1341848056.430750 -0.418277234 -0.023804782 0.330755532 0.049474318 0.152291551 0.141663790 0.976878226
1341848056.466830 -0.428437680 -0.020395748 0.345603794 0.044486038 0.149589360 0.149318919 0.976395428
1341848056.498895 -0.440182269 -0.025801167 0.341090232 0.039861329 0.144552335 0.149916664 0.977261901
1341848056.534778 -0.442019284 -0.025857992 0.336300701 0.036692020 0.141355053 0.149436161 0.977927089
1341848056.566729 -0.464346409 -0.027212290 0.341512263 0.034292206 0.142432779 0.149435133 0.977857947
1341848056.598948 -0.468806922 -0.026927898 0.345196187 0.033653177 0.139155820 0.152591795 0.977864504
1341848056.634801 -0.468498617 -0.024327118 0.339442492 0.031501267 0.130404353 0.154392362 0.978859246
1341848056.666759 -0.467607856 -0.031079687 0.336608261 0.026545484 0.124348171 0.155384839 0.979636967
1341848056.698889 -0.492034733 -0.036064830 0.344858885 0.026309306 0.125821993 0.156289786 0.979311109
1341848056.734784 -0.510684788 -0.011849383 0.344716996 0.031221529 0.124420650 0.151701316 0.980067074
1341848056.766724 -0.576375067 -0.007641617 0.368456304 0.034140527 0.133060738 0.152940288 0.978641212
1341848056.802861 -0.581712663 -0.004800157 0.367333859 0.032492541 0.130569696 0.150923461 0.979345739
1341848056.834980 -0.591317296 -0.006164386 0.372823298 0.030901946 0.128963828 0.149783939 0.979784787
1341848056.866661 -0.600331068 -0.011730675 0.374688238 0.030510588 0.127413467 0.149057642 0.980110586
1341848056.902748 -0.598300040 -0.013603889 0.369147211 0.029654184 0.126153916 0.147861958 0.980480909
1341848056.934715 -0.597936094 -0.012791511 0.370441258 0.027660407 0.126569346 0.145116135 0.980895758
1341848056.966788 -0.610632181 -0.015275858 0.377719969 0.028065739 0.128425881 0.145495370 0.980586708
1341848057.002703 -0.605821133 -0.013642795 0.372971416 0.026940051 0.126339033 0.144871831 0.980981648
1341848057.034763 -0.609780729 -0.015540721 0.370082855 0.023178898 0.128295749 0.144347250 0.980901003
1341848057.070964 -0.623352051 -0.015494114 0.380589217 0.023061639 0.132322535 0.143533543 0.980488241
1341848057.102757 -0.635159910 -0.021048596 0.382596791 0.021729453 0.133833855 0.141950071 0.980544031
1341848057.134714 -0.647667170 -0.020377355 0.389647335 0.019308448 0.136987239 0.142117143 0.980134904
1341848057.170739 -0.653572857 -0.019533277 0.388344377 0.017209139 0.135927200 0.142066777 0.980328858
1341848057.202641 -0.771559596 -0.302611500 0.192850143 -0.077990435 0.150181279 0.085190907 0.981888831
1341848057.234679 -0.778108954 -0.301730037 0.189141482 -0.080553561 0.151298866 0.084043652 0.981609166
1341848057.270814 -0.786657035 -0.298151374 0.193048656 -0.083642311 0.152551323 0.085321195 0.981046557
1341848057.302860 -0.801752567 -0.291920871 0.198307872 -0.084278628 0.152848676 0.085279897 0.980949461
1341848057.338756 -0.804586589 -0.297895819 0.195262715 -0.088577285 0.153754175 0.083389506 0.980591655
1341848057.370841 -0.817410648 -0.292106032 0.199644879 -0.091413483 0.156846628 0.084561057 0.979740858
1341848057.402722 -0.821650684 -0.288713634 0.203829288 -0.092315242 0.156295553 0.086455621 0.979579031
1341848057.438870 -0.830240130 -0.291411012 0.208657444 -0.094447881 0.158906952 0.087092407 0.978898942
1341848057.470699 -0.846994042 -0.290689945 0.205124199 -0.096933626 0.163836420 0.088067956 0.977755368
1341848057.506720 -0.859859228 -0.286384165 0.208119631 -0.096169233 0.165507302 0.091922827 0.977194428
1341848057.538788 -0.862265825 -0.022552768 0.340409636 -0.006376174 0.164797127 0.154149026 0.974186540
1341848057.571069 -0.868473411 -0.024583437 0.339765161 -0.010466713 0.166057304 0.157011300 0.973479807
1341848057.606668 -0.857424498 -0.008498107 0.364269316 -0.009074163 0.158480898 0.157693222 0.974645734
1341848057.638819 -0.865890145 -0.008161475 0.364695877 -0.010594160 0.160982847 0.160043597 0.973836899
1341848057.670943 -0.877867103 -0.001901908 0.366614431 -0.011297013 0.165653229 0.163057372 0.972544968
1341848057.706823 -0.894165397 -0.011306624 0.366312236 -0.013810834 0.171205029 0.167526260 0.970789909
1341848057.738890 -0.902854204 -0.007720680 0.364476591 -0.012858961 0.172126457 0.169076741 0.970371187
1341848057.774986 -0.911128163 -0.002173273 0.365480930 -0.013095492 0.173502862 0.171183631 0.969753325
1341848057.806842 -0.930638433 -0.008206706 0.366095662 -0.014123447 0.177715853 0.176582322 0.968006372
1341848057.838760 -0.937645793 -0.006742577 0.365022600 -0.011564421 0.176551446 0.181755245 0.967295706
1341848057.874817 -0.950445890 -0.007261865 0.364067018 -0.010649377 0.177883297 0.182904586 0.966845453
1341848057.906831 -0.964122653 -0.007824279 0.365505636 -0.010409033 0.179269969 0.183804095 0.966421306
1341848057.938847 -0.991575599 -0.002529973 0.368898779 -0.008988052 0.180670068 0.186371759 0.965682745
1341848057.975316 -1.005022287 -0.003234109 0.376100749 -0.010269329 0.180281729 0.188729331 0.965284586
1341848058.006833 -1.013880372 0.008202991 0.383417189 -0.006600961 0.178028867 0.189832479 0.965518415
1341848058.042753 -1.025821924 -0.007555410 0.383973420 -0.006915394 0.175681189 0.188231006 0.966259480
1341848058.075970 -1.038286209 -0.011581201 0.375158370 -0.006085284 0.172734350 0.187652975 0.966908574
1341848058.106790 -1.054696321 -0.021150310 0.350352317 -0.008163932 0.168330446 0.186183855 0.967953444
1341848058.142699 -1.079039931 -0.024359541 0.359175354 -0.004742154 0.168067396 0.183987021 0.968441844
1341848058.174743 -1.090970159 -0.025523288 0.350283176 -0.002934603 0.163551822 0.180755556 0.969829738
1341848058.207081 -1.106541753 -0.035380833 0.353437334 -0.004642284 0.163492218 0.178241029 0.970298409
1341848058.242740 -1.103269577 -0.022261955 0.387129337 0.000814128 0.159669727 0.177508146 0.971079707
1341848058.274694 -1.138321400 -0.009637037 0.414537847 0.009078944 0.162441581 0.177344605 0.970607698
1341848058.310701 -1.160735846 -0.015325217 0.426596671 0.012606626 0.166600272 0.176829651 0.969957113
1341848058.343169 -1.177874804 -0.014904948 0.438381970 0.016541243 0.167695478 0.172468498 0.970494330
1341848058.374887 -1.185440898 -0.012226392 0.438486427 0.018320467 0.166934729 0.173493162 0.970410943
1341848058.410669 -1.196129799 -0.014493952 0.433299392 0.016852517 0.165773079 0.175000653 0.970366001
1341848058.442794 -1.201711297 -0.017577112 0.441753298 0.016478240 0.164832115 0.177630574 0.970054805
1341848058.474732 -1.178059936 -0.059775054 0.422376156 0.005360831 0.161194742 0.177371949 0.970838130
1341848058.510788 -1.181226134 -0.060573239 0.421102583 0.008420602 0.162502408 0.180201039 0.970077157
1341848058.542970 -1.187427759 -0.058367938 0.427630872 0.012078158 0.162803292 0.184677050 0.969145834
1341848058.578948 -1.189321637 -0.059876427 0.425019234 0.013045307 0.160926193 0.190052897 0.968407214
1341848058.610842 -1.190120578 -0.063804761 0.421116590 0.012141052 0.161959857 0.192256764 0.967811465
1341848058.643060 -1.201385498 -0.068526059 0.422753185 0.011408119 0.165406212 0.192303881 0.967227995
1341848058.678730 -1.215889692 -0.075381503 0.459023356 0.013655641 0.169853508 0.193128869 0.966263235
1341848058.710728 -1.222563028 -0.093829989 0.476987153 0.012901720 0.177050829 0.190235808 0.965555251
1341848058.746819 -1.236618042 -0.079099312 0.460548848 0.014395185 0.182024494 0.186500162 0.965338051
1341848058.778710 -1.246292233 -0.074527323 0.470677465 0.015259502 0.180814058 0.189593986 0.964949548
1341848058.810874 -1.242092490 -0.075014420 0.470456123 0.015045193 0.177013382 0.194101706 0.964761376
1341848058.846829 -1.240864038 -0.073537126 0.477784485 0.013967686 0.178470448 0.195071742 0.964313388
1341848058.879577 -1.252563834 -0.081351504 0.483429968 0.013651726 0.182928696 0.197378233 0.963012278
1341848058.910866 -1.258235812 -0.084207624 0.489440322 0.014351571 0.184124306 0.199799851 0.962274551
1341848058.946807 -1.257416964 -0.085806742 0.493938386 0.013960456 0.185234085 0.201619849 0.961687565
1341848058.978865 -1.263182044 -0.093900636 0.496522754 0.013837052 0.188923925 0.203243703 0.960629165
1341848059.014660 -1.273874044 -0.099619426 0.505960464 0.016570313 0.192634270 0.203341126 0.959828079
1341848059.046707 -1.275594354 -0.099087484 0.506518304 0.017965235 0.194221333 0.204080492 0.959326088
1341848059.078771 -1.275966406 -0.101091601 0.508843839 0.017653501 0.197614610 0.203895360 0.958678067
1341848059.114675 -1.275737286 -0.100905478 0.509991586 0.018392256 0.201106340 0.203023240 0.958122909
1341848059.146706 -1.281125784 -0.099734351 0.510907769 0.018398795 0.204246283 0.202679202 0.957531273
1341848059.178722 -1.276250601 -0.099804059 0.509168983 0.017996227 0.205048010 0.202480465 0.957409620
1341848059.214738 -1.275334716 -0.100164376 0.510640323 0.018549299 0.209039047 0.201932639 0.956651390
1341848059.246762 -1.278330684 -0.104180574 0.511431813 0.018794023 0.215057939 0.201310843 0.955442786
1341848059.282693 -1.275545239 -0.099916771 0.511567831 0.022432586 0.216654211 0.203928903 0.954447865
1341848059.314667 -1.280024290 -0.100859478 0.514696002 0.024613839 0.221168414 0.205067813 0.953113794
1341848059.346758 -1.283383489 -0.101942666 0.512399673 0.024439974 0.223974794 0.206536055 0.952145398
1341848059.382694 -1.280377865 -0.101703621 0.514200687 0.025854256 0.225027218 0.209263861 0.951263905
1341848059.414736 -1.279448867 -0.101536661 0.513604820 0.028251773 0.227778122 0.209737271 0.950436354
1341848059.446788 -1.280755281 -0.101030126 0.512574852 0.028346820 0.232353285 0.208985016 0.949491322
1341848059.482693 -1.284244776 -0.102026679 0.514784515 0.028003035 0.236715883 0.208893597 0.948443413
1341848059.514652 -1.285619020 -0.103222772 0.512699604 0.029052159 0.237812907 0.211768314 0.947499454
1341848059.550754 -1.284039855 -0.108838215 0.512552857 0.027703615 0.239644662 0.211246967 0.947194636
1341848059.582695 -1.285624743 -0.102262147 0.511805415 0.030386746 0.242729768 0.212169215 0.946120024
1341848059.614734 -1.286732316 -0.101532608 0.510301709 0.033617735 0.243061766 0.213651821 0.945591748
1341848059.650722 -1.289074898 -0.101189174 0.509176970 0.035687406 0.242308155 0.214474767 0.945523024
1341848059.682731 -1.289554477 -0.103044286 0.509673595 0.034427866 0.243848383 0.211879864 0.945758820
1341848059.718703 -1.293009758 -0.100479297 0.513240755 0.035366755 0.247120664 0.212388292 0.944760203
1341848059.750904 -1.296769738 -0.097383000 0.516273737 0.039151028 0.247291908 0.212587133 0.944521368
1341848059.782774 -1.294698477 -0.095000498 0.508231759 0.039681513 0.246409789 0.211234987 0.945033014
1341848059.818759 -1.296061993 -0.096860245 0.507351160 0.036935311 0.248972520 0.210935041 0.944539547
1341848059.850685 -1.297153592 -0.097645096 0.507202506 0.039514683 0.250322014 0.211068824 0.944048464
1341848059.882730 -1.300474524 -0.096865483 0.504450440 0.042566396 0.250259787 0.208821267 0.944432020
1341848059.918755 -1.303442001 -0.097242877 0.504970610 0.043761052 0.249976218 0.207719475 0.944695473
1341848059.950805 -1.309450388 -0.092728928 0.509942830 0.046654604 0.250945359 0.208858132 0.944048762
1341848059.986776 -1.312127948 -0.098017693 0.511935055 0.048356272 0.251131207 0.208867833 0.943911612
1341848060.018660 -1.310679913 -0.100389838 0.517275572 0.050167888 0.251887470 0.205981046 0.944249809
1341848060.050701 -1.308957458 -0.102123193 0.511213899 0.052634191 0.254414737 0.203324690 0.944013715
1341848060.086783 -1.313708782 -0.089828029 0.507198155 0.059752230 0.253627598 0.201962590 0.944094241
1341848060.118813 -1.314090490 -0.092996456 0.506843269 0.061694071 0.251520187 0.198952496 0.945171595
1341848060.150800 -1.310746193 -0.095872827 0.505453467 0.059479821 0.254063785 0.196097851 0.945229828
1341848060.186872 -1.316613913 -0.087393694 0.503953397 0.062446319 0.255303830 0.195864588 0.944752574
1341848060.218851 -1.312735438 -0.093520954 0.501785398 0.064296305 0.254194677 0.193044141 0.945507884
1341848060.254799 -1.307803631 -0.093423575 0.490620553 0.061888501 0.255945414 0.189335048 0.945946097
1341848060.287466 -1.314477444 -0.085460015 0.497483790 0.062874489 0.258929610 0.190153360 0.944904268
1341848060.318914 -1.311634183 -0.085159294 0.502523959 0.065820493 0.258453548 0.189401105 0.944984972
1341848060.354641 -1.305696487 -0.089732826 0.493388176 0.062169496 0.258756220 0.184779733 0.946063817
1341848060.387254 -1.311022878 -0.086203590 0.499794483 0.061665937 0.262903422 0.183784395 0.945146799
1341848060.418639 -1.308844447 -0.079443701 0.498805314 0.065239623 0.261889696 0.182815939 0.945376098
1341848060.454775 -1.300746918 -0.087874509 0.490956753 0.062676527 0.260413438 0.178724557 0.946738660
1341848060.486697 -1.304996252 -0.083534285 0.493601620 0.062640674 0.264614314 0.175567329 0.946166813
1341848060.522925 -1.299878955 -0.079767160 0.499454975 0.066186242 0.265384406 0.174096853 0.945981383
1341848060.554710 -1.300496578 -0.081148684 0.499176681 0.069024995 0.266156644 0.170486510 0.946219146
1341848060.586692 -1.295375586 -0.078629620 0.485769749 0.066821896 0.267801017 0.167645201 0.946420908
1341848060.622697 -1.298523545 -0.078783646 0.499540448 0.068087719 0.271359056 0.168283537 0.945203185
1341848060.656087 -1.289016008 -0.077163704 0.485675722 0.070162565 0.268058479 0.166355237 0.946333885
1341848060.687258 -1.287158728 -0.076966241 0.484213531 0.068774149 0.269308954 0.165406346 0.946247101
1341848060.723165 -1.286278486 -0.074874111 0.486016303 0.070129767 0.270239443 0.166858092 0.945627272
1341848060.757863 -1.286522865 -0.074821301 0.489520520 0.073251776 0.268452734 0.167257115 0.945828974
1341848060.790920 -1.281205058 -0.067592561 0.480105996 0.074760042 0.264295548 0.167043105 0.946918964
1341848060.823967 -1.281299114 -0.074719951 0.488887221 0.074988507 0.264010042 0.166744962 0.947033107
1341848060.862432 -1.277452946 -0.068237886 0.479610562 0.078755938 0.259288698 0.166897550 0.948004305
1341848060.895671 -1.275084496 -0.065154895 0.477996200 0.080414504 0.256734818 0.167151749 0.948515236
1341848060.923126 -1.270124674 -0.070146747 0.479317516 0.080470800 0.254685014 0.167393744 0.949020207
1341848060.960845 -1.265169263 -0.077993110 0.484123141 0.080688462 0.253208369 0.166138083 0.949617386
1341848060.996857 -1.264787316 -0.072617739 0.483835101 0.083219871 0.251709968 0.167404607 0.949574828
1341848061.030587 -1.255799055 -0.068977848 0.475669622 0.085380457 0.247750118 0.168317258 0.950262785
1341848061.062246 -1.249804139 -0.073941924 0.477193505 0.084740937 0.246986374 0.166879281 0.950772345
1341848061.100583 -1.241357684 -0.081723601 0.477082282 0.084148161 0.247273192 0.165905371 0.950920880
1341848061.129837 -1.234847665 -0.089172035 0.483959138 0.086616985 0.248380616 0.164897859 0.950585723
1341848061.197947 -1.215186357 -0.094251297 0.484423339 0.091625288 0.248134360 0.163955703 0.950343490
1341848061.226804 -1.212869048 -0.098389834 0.481870502 0.096004032 0.248129249 0.163811550 0.949937344
1341848061.259408 -1.205026627 -0.096061356 0.475694388 0.097963884 0.246848583 0.163144350 0.950185716
1341848061.290885 -1.199757457 -0.101077549 0.480745733 0.099603415 0.247406811 0.163093388 0.949878752
1341848061.326612 -1.195112705 -0.100646332 0.472639233 0.103099085 0.247207493 0.163554952 0.949478209
1341848061.358867 -1.187388420 -0.099284805 0.468012303 0.104296088 0.247382596 0.163106427 0.949379027
1341848061.390845 -1.174192667 -0.100626573 0.463401109 0.105678655 0.246442020 0.164176628 0.949286282
1341848061.426913 -1.171329498 -0.102378435 0.456867576 0.106929593 0.245749459 0.166561082 0.948910296
1341848061.458837 -1.158170700 -0.106421545 0.450335890 0.105017222 0.244812414 0.167407632 0.949217081
1341848061.494657 -1.164970398 -0.106752954 0.463663131 0.107692271 0.248657569 0.167062715 0.947977781
1341848061.526736 -1.159295559 -0.102709278 0.459298193 0.109691180 0.248051479 0.166365266 0.948030114
1341848061.558821 -1.158872843 -0.102126040 0.457207859 0.108681299 0.248560205 0.167623594 0.947791457
1341848061.594750 -1.158940196 -0.105108425 0.460877478 0.107731827 0.250879407 0.167985961 0.947224438
1341848061.626731 -1.157526374 -0.105238572 0.463529617 0.109769575 0.251847833 0.167255878 0.946862638
1341848061.658831 -1.150559187 -0.098560162 0.447831094 0.108939923 0.250984550 0.166646436 0.947295070
1341848061.694894 -1.157339215 -0.103958607 0.463751763 0.108213805 0.256185353 0.168175504 0.945714474
1341848061.726726 -1.153419614 -0.101548083 0.464070261 0.110529259 0.255392969 0.168812916 0.945547462
1341848061.762815 -1.136204958 -0.100604936 0.442744195 0.107565887 0.252231717 0.166980788 0.947061896
1341848061.794816 -1.143172622 -0.098724194 0.452874213 0.108406268 0.255879074 0.167254865 0.945938587
1341848061.826740 -1.144412994 -0.099155322 0.452624351 0.109033935 0.255877733 0.167534277 0.945817351
1341848061.862883 -1.138912559 -0.095087975 0.443269372 0.107760981 0.254304469 0.166976184 0.946486056
1341848061.894834 -1.134652615 -0.103109285 0.460899323 0.104971156 0.256504893 0.166126966 0.946355164
1341848061.930667 -1.135793209 -0.103604108 0.463790447 0.105590232 0.256624699 0.165138990 0.946426809
1341848061.962828 -1.134797931 -0.102287173 0.459427118 0.104605131 0.255761236 0.165033683 0.946788192
1341848061.997188 -1.133010864 -0.101458624 0.464548320 0.103567488 0.254767209 0.165033072 0.947170317
1341848062.030704 -1.128178835 -0.104373977 0.464089721 0.101540111 0.252872705 0.162314281 0.948366582
1341848062.063265 -1.121722698 -0.101382181 0.468694657 0.101233259 0.251990855 0.161113024 0.948838830
1341848062.094872 -1.117635250 -0.098847061 0.476856977 0.100964002 0.250238866 0.160554335 0.949425697
1341848062.130773 -1.124061346 -0.100578941 0.475260735 0.099779293 0.249149993 0.160349473 0.949871838
1341848062.163385 -1.116018057 -0.100509346 0.480214745 0.099095181 0.247171313 0.156800508 0.951052129
1341848062.198718 -1.122910619 -0.100906670 0.478670150 0.098787993 0.247009411 0.151501790 0.951984525
1341848062.230750 -1.114827514 -0.097232722 0.487400025 0.099492922 0.245403618 0.151547551 0.952319026
1341848062.262814 -1.117447257 -0.097433187 0.485888243 0.097340010 0.242131159 0.151147768 0.953442097
1341848062.299276 -1.114908695 -0.100758411 0.488711596 0.095213778 0.239605963 0.150269523 0.954433084
1341848062.330839 -1.112316012 -0.100886926 0.491408080 0.094007872 0.238828123 0.148097709 0.955086827
1341848062.362763 -1.108727336 -0.097046763 0.500175059 0.096146621 0.237899616 0.147666827 0.955172360
1341848062.398825 -1.110111713 -0.099603958 0.496966243 0.095851988 0.234847158 0.146877587 0.956078589
1341848062.430832 -1.104053974 -0.097186029 0.499302298 0.096646085 0.232695937 0.150988609 0.955884218
1341848062.466855 -1.100556970 -0.099548727 0.505238175 0.095906720 0.230278090 0.152010232 0.956382215
1341848062.498723 -1.098277330 -0.101757258 0.507092476 0.096233509 0.227845713 0.154475540 0.956536889
1341848062.530743 -1.092718720 -0.102579251 0.498050034 0.095396645 0.225057498 0.154361919 0.957298815
1341848062.566929 -1.088453889 -0.102216065 0.496992618 0.093802780 0.224652901 0.154276520 0.957565129
1341848062.598817 -1.088739753 -0.095797874 0.503964126 0.096895665 0.222670764 0.157750189 0.957154095
1341848062.630793 -1.080726385 -0.100274593 0.496699393 0.094358742 0.217999324 0.158610225 0.958339989
1341848062.666740 -1.081202388 -0.102743104 0.496706396 0.092593193 0.218350261 0.158462375 0.958456755
1341848062.698720 -1.076611757 -0.100281253 0.496761173 0.095744669 0.217499092 0.158675030 0.958305478
1341848062.734924 -1.061304808 -0.097404860 0.485883206 0.096169636 0.213497937 0.158115327 0.959254682
1341848062.766819 -1.059405565 -0.099793166 0.486298025 0.093531542 0.213320494 0.159494504 0.959326744
1341848062.798717 -1.054735661 -0.095754161 0.493125200 0.095901832 0.212435558 0.160019726 0.959201634
1341848062.834828 -1.049752831 -0.096092314 0.490517050 0.095995337 0.209515423 0.158404797 0.960102141
1341848062.866781 -1.051106215 -0.094875872 0.487091571 0.094085068 0.209682107 0.157617137 0.960384488
1341848062.899075 -1.047476649 -0.094691806 0.497001022 0.094050638 0.209094927 0.155926347 0.960791826
1341848062.934962 -1.033830643 -0.097137645 0.497326285 0.093908176 0.205056787 0.150757104 0.962499499
1341848062.966930 -1.026904225 -0.097060286 0.486089379 0.090624481 0.204576045 0.145948902 0.963657081
1341848063.002905 -1.023424745 -0.092366412 0.491236955 0.090784110 0.204145923 0.145900995 0.963740468
1341848063.034972 -1.018797636 -0.091369055 0.491836071 0.092292756 0.200045586 0.145624116 0.964498580
1341848063.066737 -1.009969354 -0.096148744 0.487524509 0.089958027 0.198022425 0.143697917 0.965425134
1341848063.102822 -0.997851849 -0.098794863 0.487480670 0.090861350 0.196357280 0.143290997 0.965741098
1341848063.135045 -0.995035768 -0.088611320 0.481462628 0.094003834 0.193325132 0.142843768 0.966118217
1341848063.170739 -0.985165119 -0.090762377 0.484771758 0.092332698 0.190108091 0.142658144 0.966944873
1341848063.202662 -0.974220097 -0.090350628 0.483234048 0.091945238 0.188032776 0.142022476 0.967480958
1341848063.234990 -0.965191662 -0.095574461 0.475625157 0.090993680 0.186026067 0.137781039 0.968571603
1341848063.270800 -0.955056787 -0.091632716 0.474198699 0.090980388 0.185923979 0.135045230 0.968977630
1341848063.302788 -0.947028458 -0.085673548 0.471371472 0.091481641 0.184986636 0.133594558 0.969310880
1341848063.334854 -0.943311036 -0.086897701 0.473890662 0.090246759 0.183325723 0.130488753 0.970164895
1341848063.370653 -0.932392716 -0.085944422 0.464864731 0.087422624 0.181724772 0.128405020 0.971002340
1341848063.402698 -0.930075884 -0.087267995 0.467509091 0.084915489 0.183780164 0.125139549 0.971264303
1341848063.439276 -0.924106777 -0.083158493 0.470394045 0.084788099 0.183398455 0.123012200 0.971619308
1341848063.470742 -0.909771979 -0.081337437 0.458555520 0.081914090 0.181664184 0.120685883 0.972482979
1341848063.502776 -0.912490487 -0.080273129 0.469329894 0.078110076 0.185792714 0.120688125 0.972015619
1341848063.541802 -0.904784203 -0.086905748 0.472561628 0.077821046 0.184772968 0.121912971 0.972080290
1341848063.577805 -0.892968476 -0.075135678 0.469126225 0.080191024 0.182505324 0.124406360 0.972000122
1341848063.609732 -0.892420411 -0.070711359 0.476019114 0.077561684 0.183595106 0.126306906 0.971763134
1341848063.643039 -0.885137320 -0.070328310 0.480254650 0.078239612 0.181678131 0.127751812 0.971880257
1341848063.677955 -0.870475352 -0.071400046 0.479361176 0.075149879 0.178601727 0.127137452 0.972774386
1341848063.709890 -0.867502570 -0.071425200 0.483342826 0.070177808 0.177197978 0.127591833 0.973342836
1341848063.745768 -0.863845944 -0.070496567 0.494171768 0.069736004 0.175063387 0.128233701 0.973676443
1341848063.777773 -0.855128765 -0.077690609 0.490903497 0.066545278 0.173036188 0.124893174 0.974695861
1341848063.809840 -0.851424396 -0.072319791 0.500255883 0.066220030 0.174121812 0.123527221 0.974698722
1341848063.845733 -0.843178570 -0.074255437 0.505534947 0.067230918 0.171163335 0.123199008 0.975194991
1341848063.877902 -0.831568778 -0.082195073 0.501617134 0.064817809 0.168878570 0.121323578 0.975991428
1341848063.913769 -0.814747751 -0.089493237 0.515061855 0.062807210 0.170913339 0.118652150 0.976097167
1341848063.945802 -0.810412765 -0.084468544 0.518611372 0.068222620 0.171175480 0.115679726 0.976044476
1341848063.977856 -0.810994089 -0.082341306 0.524748981 0.072822317 0.169480637 0.118911378 0.975619495
1341848064.013951 -0.792826951 -0.088446304 0.526944160 0.070786484 0.165821716 0.118620262 0.976433158
1341848064.045815 -0.777570605 -0.098751687 0.553071499 0.071089134 0.166281551 0.117910907 0.976418853
1341848064.081699 -0.767701507 -0.097859807 0.541041553 0.074018344 0.161965758 0.114536844 0.977327824
1341848064.113685 -0.756591380 -0.097873479 0.540147305 0.072104722 0.162403464 0.114048734 0.977455378
1341848064.145823 -0.747456670 -0.101617016 0.561234415 0.072877370 0.162890702 0.117163636 0.976948500
1341848064.181846 -0.736489177 -0.105702601 0.554660261 0.073871866 0.158175528 0.118456438 0.977492511
1341848064.213863 -0.724737704 -0.111110374 0.554088771 0.071068518 0.157887056 0.116747767 0.977952421
1341848064.249771 -0.709428132 -0.114243917 0.573097706 0.071087644 0.161197156 0.116501302 0.977440298
1341848064.282977 -0.700279295 -0.112826377 0.579519391 0.075686321 0.160778239 0.117392033 0.977057397
1341848064.313795 -0.685664237 -0.122336380 0.571905196 0.072892226 0.159021452 0.116083592 0.977713406
1341848064.349790 -0.675671697 -0.126176119 0.580441535 0.071967147 0.161077261 0.116093017 0.977444291
1341848064.382619 -0.662301302 -0.125930339 0.582405269 0.073968329 0.161458984 0.115613088 0.977288783
1341848064.418063 -0.650473595 -0.123795666 0.587130249 0.073896550 0.162570328 0.115305446 0.977146268
1341848064.449767 -0.637221575 -0.131299555 0.585546136 0.070205875 0.162080541 0.113122188 0.977754831
1341848064.481773 -0.624147713 -0.145739153 0.594452977 0.068313450 0.164271757 0.108459234 0.978051543
1341848064.518010 -0.617669523 -0.142178133 0.597413123 0.071373641 0.166759133 0.106216304 0.977658093
1341848064.549704 -0.599946141 -0.141189456 0.601946294 0.072279543 0.166050524 0.105831794 0.977753818
1341848064.581714 -0.587599158 -0.149653897 0.608573020 0.073080748 0.165497720 0.107753277 0.977578163
1341848064.617693 -0.578577578 -0.148808777 0.612021089 0.076239713 0.165374279 0.108378470 0.977288663
1341848064.649724 -0.564013839 -0.139450744 0.607995927 0.079344675 0.162864402 0.110514909 0.977223635
1341848064.685821 -0.561796844 -0.139493287 0.611139119 0.080091000 0.161372095 0.113216221 0.977101147
1341848064.749892 -0.543293476 -0.141038641 0.602239430 0.077279367 0.160854727 0.109626494 0.977821946
1341848064.778913 -0.538807213 -0.139648572 0.609714806 0.078814700 0.160513788 0.108138748 0.977921069
1341848064.810737 -0.535192370 -0.137355536 0.609137893 0.079889439 0.159057006 0.109777994 0.977889240
1341848064.842702 -0.524226665 -0.137602523 0.602696359 0.077695787 0.156250775 0.108837180 0.978623331
1341848064.878850 -0.521133244 -0.137379423 0.610910177 0.078933269 0.155944407 0.110945918 0.978336334
1341848064.910832 -0.513975739 -0.137416661 0.602958560 0.079016201 0.152998343 0.113051273 0.978553772
1341848064.946850 -0.514157116 -0.136581540 0.604131579 0.077525094 0.153294876 0.116214916 0.978255987
1341848064.978809 -0.488750607 -0.137111023 0.619981587 0.077458091 0.149794757 0.117562816 0.978642344
1341848065.010770 -0.476120770 -0.135827005 0.609932721 0.079247147 0.146843806 0.118671238 0.978812516
1341848065.046751 -0.473052859 -0.133213297 0.613694251 0.078336522 0.148384795 0.120156109 0.978472233
1341848065.078713 -0.474798083 -0.133269921 0.618652344 0.078969747 0.148078769 0.122439377 0.978184640
1341848065.110686 -0.463548839 -0.134652704 0.612009883 0.078281209 0.144566968 0.123703599 0.978606105
1341848065.146689 -0.454074919 -0.132703647 0.610571861 0.076587990 0.144127131 0.123331703 0.978851855
1341848065.178847 -0.435801148 -0.145157263 0.621843874 0.076161869 0.143244267 0.121562399 0.979236007
1341848065.214760 -0.429550320 -0.135828316 0.601975143 0.080381840 0.140584901 0.120781340 0.979380727
1341848065.246768 -0.430489361 -0.127639934 0.612206638 0.080155894 0.141667128 0.119511604 0.979399085
1341848065.278735 -0.421573818 -0.139812052 0.615662694 0.077667065 0.142044455 0.119261533 0.979575396
1341848065.314761 -0.408430874 -0.129126489 0.608896017 0.081420772 0.138243005 0.116716288 0.980120838
1341848065.346776 -0.404080212 -0.130752429 0.607297599 0.079878077 0.138304383 0.113649182 0.980599463
1341848065.382824 -0.394588530 -0.132309720 0.603364289 0.080534950 0.137839928 0.113172904 0.980666220
1341848065.414914 -0.387471527 -0.130049676 0.602218151 0.081240669 0.136868298 0.111938007 0.980885804
1341848065.446728 -0.368879676 -0.136059120 0.595905662 0.079842106 0.133779690 0.107215308 0.981953740
1341848065.482830 -0.361724257 -0.132808059 0.592588186 0.082475901 0.134534642 0.105954722 0.981769741
1341848065.514745 -0.360380620 -0.132261842 0.597693622 0.083505660 0.136307627 0.106048033 0.981427968
1341848065.546916 -0.348041922 -0.133184895 0.597297609 0.083661914 0.133961409 0.105349340 0.981812954
1341848065.582742 -0.338091373 -0.136014909 0.586679518 0.083923064 0.132825181 0.103470445 0.982144773
1341848065.614763 -0.339973152 -0.135514885 0.602379203 0.085694216 0.135583401 0.103127465 0.981650829
1341848065.650809 -0.322170019 -0.125048906 0.600318253 0.088062488 0.130200967 0.103101894 0.982172489
1341848065.682873 -0.320372194 -0.125886470 0.600162208 0.088789143 0.128959253 0.100448988 0.982545733
1341848065.714808 -0.311101496 -0.123830460 0.589542985 0.088197030 0.126258239 0.098471664 0.983149827
1341848065.750674 -0.313921809 -0.122515269 0.596395552 0.087197356 0.125521794 0.097107477 0.983468950
1341848065.782722 -0.310960025 -0.125265285 0.595441639 0.085883081 0.121370435 0.094004154 0.984406769
1341848065.814742 -0.294573665 -0.114767805 0.584714115 0.086292960 0.116383262 0.090340734 0.985315740
1341848065.850746 -0.296191692 -0.117738694 0.583705187 0.083153158 0.115947805 0.084237941 0.986177266
1341848065.882795 -0.292699933 -0.113868237 0.585613191 0.083392143 0.110609680 0.083764806 0.986810386
1341848065.918698 -0.288602978 -0.110706151 0.589510679 0.081680402 0.103210114 0.084874310 0.987660110
1341848065.950762 -0.282380313 -0.104755253 0.596189559 0.078659214 0.097784594 0.082188256 0.988683999
1341848065.982774 -0.281657338 -0.107495479 0.593238235 0.076518983 0.093681999 0.078262113 0.989567399
1341848066.018773 -0.276603907 -0.100738853 0.592089951 0.076846868 0.088742778 0.075125515 0.990240097
1341848066.050717 -0.269465119 -0.102663875 0.582401872 0.071881987 0.084465347 0.070756227 0.991308331
1341848066.082818 -0.266591489 -0.102370225 0.589934409 0.071196496 0.082191005 0.071051672 0.991527855
1341848066.118721 -0.267352164 -0.096103229 0.592293501 0.072853044 0.078750171 0.071673617 0.991641998
1341848066.150964 -0.252477884 -0.104192697 0.582459927 0.067733370 0.073028803 0.068320975 0.992678881
1341848066.186782 -0.257091016 -0.104351953 0.591568708 0.066189967 0.074883208 0.070281163 0.992507935
1341848066.218688 -0.258850187 -0.101202875 0.599344790 0.067569479 0.072493635 0.069918625 0.992618024
1341848066.250777 -0.247477904 -0.104582123 0.594348550 0.066145107 0.068527341 0.068421140 0.993099928
1341848066.286736 -0.242881671 -0.109704360 0.595302343 0.063028246 0.068564273 0.064532995 0.993560195
1341848066.318695 -0.226828650 -0.110307373 0.598979414 0.064595625 0.065645784 0.063281834 0.993737161
1341848066.354797 -0.221167594 -0.110452875 0.597144961 0.066286661 0.064477071 0.063157499 0.993710220
1341848066.386761 -0.215488806 -0.112081803 0.599243045 0.066811815 0.064338923 0.061554063 0.993784666
1341848066.418820 -0.212934837 -0.111386813 0.606677413 0.070055522 0.064283639 0.061960470 0.993539512
1341848066.454695 -0.204147875 -0.112697572 0.608521521 0.072070666 0.060867153 0.060548641 0.993697643
1341848066.486874 -0.192114264 -0.118482418 0.605074525 0.070118792 0.058066420 0.058359191 0.994135737
1341848066.522806 -0.190320835 -0.121269546 0.615217388 0.070325293 0.058162242 0.056870513 0.994201839
1341848066.555107 -0.184584171 -0.119759746 0.618104339 0.072449893 0.055168495 0.052986428 0.994434476
1341848066.586881 -0.173138514 -0.124668993 0.614530146 0.071366467 0.053460959 0.049231876 0.994799018
1341848066.623500 -0.158348635 -0.128723100 0.621844471 0.072251372 0.052822866 0.044968542 0.994971037
1341848066.655239 -0.154419139 -0.130649626 0.622530758 0.073685095 0.051394448 0.041806381 0.995078564
1341848066.697724 -0.144250587 -0.129615769 0.623053432 0.074754901 0.051002815 0.039329067 0.995119929
1341848066.732527 -0.142759264 -0.134838447 0.631893277 0.075457819 0.052950080 0.036047742 0.995089471
1341848066.764415 -0.134740800 -0.137603998 0.632882059 0.078143783 0.052482113 0.033236019 0.995004773
1341848066.795253 -0.127346084 -0.131826475 0.635739326 0.081820361 0.052932225 0.029629596 0.994799316
1341848066.833355 -0.123604380 -0.136103258 0.639672101 0.081777155 0.052411556 0.025694119 0.994939923
1341848066.862103 -0.115401581 -0.132533923 0.638629913 0.084038503 0.051161092 0.025317574 0.994826198
1341848066.905023 -0.111882105 -0.133544445 0.639331758 0.082207106 0.051842157 0.022968225 0.995000958
1341848066.930221 -0.110153936 -0.136676580 0.655779600 0.082153164 0.051431358 0.021657433 0.995056093
1341848066.997936 -0.079866216 -0.130720899 0.648541033 0.081615672 0.048441734 0.017763851 0.995327473
1341848067.023497 -0.082202621 -0.135148257 0.652791619 0.080047950 0.049393583 0.015389097 0.995447516
1341848067.054702 -0.074996151 -0.134590790 0.649571419 0.080714434 0.047891185 0.013391668 0.995496035
1341848067.090940 -0.069180354 -0.137286410 0.650381088 0.079469599 0.049069963 0.010663103 0.995571733
1341848067.122963 -0.071058221 -0.140481010 0.661891937 0.082082503 0.049803369 0.010408341 0.995325923
1341848067.158821 -0.054798916 -0.141834736 0.645716488 0.083886489 0.045283318 0.009010161 0.995405138
1341848067.191143 -0.050279275 -0.145982027 0.634901106 0.082280770 0.044270933 0.008797485 0.995586574
1341848067.222948 -0.037739437 -0.148987323 0.639657080 0.082644746 0.042072214 0.009951204 0.995640874
1341848067.258733 -0.045378614 -0.141461477 0.649999738 0.086171426 0.046173569 0.014610908 0.995102525
1341848067.291049 -0.036772985 -0.139134169 0.650200546 0.086081631 0.045739707 0.015562049 0.995115936
1341848067.322816 -0.036982674 -0.138671637 0.653944850 0.086778514 0.046189401 0.019029677 0.994974375
1341848067.358674 -0.029730491 -0.136662737 0.648950577 0.087325349 0.044796318 0.021690173 0.994935751
1341848067.390706 -0.030712735 -0.138447955 0.648266673 0.085806891 0.047626626 0.024030460 0.994882703
1341848067.426869 -0.032082837 -0.138832092 0.652296543 0.086243525 0.049738560 0.027316453 0.994656742
1341848067.458745 -0.019666540 -0.135074079 0.649513185 0.086871177 0.048622891 0.030462964 0.994565904
1341848067.491527 -0.021228546 -0.134260237 0.649606943 0.084134035 0.051737405 0.032675903 0.994573832
1341848067.526659 -0.027686883 -0.134144872 0.652794659 0.083787620 0.055086330 0.034856200 0.994349182
1341848067.558770 -0.015424924 -0.132474467 0.647960603 0.083559722 0.054131042 0.034710240 0.994425893
1341848067.594659 -0.018574130 -0.136040226 0.645455539 0.080931596 0.059128165 0.032877788 0.994421005
1341848067.626656 -0.019120319 -0.131100178 0.654255271 0.084647447 0.062649541 0.033080138 0.993889093
1341848067.658983 -0.015978027 -0.134554833 0.643600285 0.085952312 0.063085109 0.033088312 0.993749321
1341848067.694893 -0.010142356 -0.134662509 0.638750672 0.086196139 0.064504646 0.033161789 0.993634641
1341848067.726732 -0.010580035 -0.139802918 0.642243981 0.087699823 0.066170663 0.034724686 0.993340075
1341848067.758667 0.000723381 -0.132930338 0.632938862 0.091507673 0.064210072 0.036367245 0.993066430
1341848067.794813 0.001450607 -0.136843503 0.629903555 0.090497844 0.067563936 0.038239442 0.992866039
1341848067.826795 -0.003624484 -0.135775134 0.637841165 0.093075506 0.070043445 0.041403167 0.992328942
1341848067.862808 0.005043902 -0.133899733 0.628590524 0.094333254 0.069591813 0.043097485 0.992169797
