1341847980.722988 0.000000000 0.000000000 0.000000000 -0.000000000 -0.000000000 -0.000000000 1.000000000
1341847980.754743 -0.001870953 0.002235449 0.000617442 -0.000084438 0.000445432 -0.000259545 0.999999881
1341847980.786856 -0.006061408 -0.003314266 0.000755674 -0.001023821 0.000894790 -0.001081675 0.999998510
1341847980.822978 -0.002855503 0.000006631 0.000024585 0.000597628 0.000172246 -0.001728090 0.999998331
1341847980.854676 -0.004678383 0.000009019 -0.000487544 0.000603192 0.000789671 -0.002277467 0.999996960
1341847980.890728 -0.007456464 -0.000354020 -0.000953271 0.000641322 0.001330725 -0.002271730 0.999996364
1341847980.922978 -0.007006306 0.000993645 -0.001112481 0.001298679 0.000835897 -0.002628323 0.999995351
1341847980.954645 -0.006647882 0.001811988 -0.002767236 0.001241228 0.001152870 -0.003275326 0.999993205
1341847980.990699 -0.008131574 0.000400725 -0.002744004 0.000780425 0.001628636 -0.003138729 0.999993443
1341847981.022715 -0.011003600 0.000610123 -0.003482052 0.001060796 0.001944360 -0.003161204 0.999992549
1341847981.054711 -0.010798564 -0.000387402 -0.002706414 0.000690784 0.001797096 -0.003286810 0.999992788
1341847981.090715 -0.010274009 -0.000894755 -0.004104375 0.000822213 0.002234807 -0.003402292 0.999991357
1341847981.122985 -0.015375136 0.002556977 -0.004087597 0.001812850 0.003662393 -0.003047288 0.999987006
1341847981.158632 -0.016596824 0.003133537 -0.004441370 0.001571205 0.003869454 -0.001966533 0.999989390
1341847981.190636 -0.020440096 0.000533663 -0.005072588 0.000716469 0.004283284 -0.000162042 0.999990582
1341847981.222978 -0.024129706 0.001553312 -0.005919196 0.001801964 0.004509930 0.001710417 0.999986768
1341847981.258722 -0.025864897 0.001608263 -0.006070893 0.001791540 0.004013824 0.002842740 0.999986351
1341847981.290787 -0.025455803 0.000139971 -0.006578618 0.001447898 0.003813566 0.002997104 0.999987185
1341847981.322892 -0.026635312 0.001670032 -0.009357313 0.002175856 0.004848114 0.003120888 0.999981046
1341847981.358690 -0.032559548 0.000199254 -0.010172583 0.002025587 0.006364766 0.003615077 0.999971151
1341847981.390810 -0.039080642 0.000071930 -0.008750771 0.002125859 0.007091302 0.004638314 0.999961853
1341847981.426707 -0.044262875 0.001155227 -0.010555379 0.003028932 0.007130692 0.005849722 0.999952912
1341847981.458797 -0.047413442 0.001157335 -0.013553798 0.002952453 0.006909028 0.006389022 0.999951363
1341847981.490701 -0.048704818 0.000082534 -0.014471244 0.002573457 0.006966813 0.006481045 0.999951422
1341847981.527039 -0.052495804 0.002349663 -0.017324885 0.003553837 0.007542565 0.006084876 0.999946773
1341847981.558722 -0.055917546 0.002342052 -0.018542964 0.003239632 0.008223007 0.005535640 0.999945641
1341847981.594855 -0.066665992 0.001937452 -0.018602729 0.003729701 0.010728718 0.004780838 0.999924064
1341847981.626675 -0.074723840 0.007950425 -0.021842953 0.005922698 0.012109816 0.005654403 0.999893188
1341847981.658738 -0.077411093 0.009589707 -0.025157595 0.004682977 0.012153314 0.005086775 0.999902248
1341847981.694720 -0.082443535 0.006400522 -0.024072310 0.004009232 0.013051423 0.004751023 0.999895513
1341847981.726650 -0.086666249 0.015566403 -0.026492305 0.005224571 0.013457075 0.005769823 0.999879181
1341847981.758846 -0.096440516 0.014583169 -0.027011814 0.003725843 0.014445062 0.005875376 0.999871492
1341847981.794659 -0.100338414 0.021199174 -0.027807234 0.003559464 0.014440729 0.005611606 0.999873638
1341847981.826678 -0.103209883 0.023495754 -0.028880028 0.002027552 0.014699730 0.005455496 0.999875069
1341847981.862719 -0.114288405 0.017723976 -0.027294034 0.000929827 0.015721936 0.004722823 0.999864817
1341847981.894631 -0.122120313 0.024764687 -0.033586029 0.001705263 0.015270174 0.005125896 0.999868810
1341847981.926602 -0.122308560 0.025801696 -0.032220904 -0.001233370 0.013843941 0.004954122 0.999891162
1341847981.994808 -0.130180255 0.023567719 -0.030741153 -0.002522715 0.013837217 0.004130714 0.999892592
1341847982.062739 -0.144152775 0.022065712 -0.030869903 -0.000316686 0.014310588 0.001880452 0.999895811
1341847982.094786 -0.147559449 0.025341412 -0.033492502 0.000869682 0.013676110 0.000904787 0.999905705
1341847982.130710 -0.154844463 0.016004506 -0.030891085 0.000509443 0.013736941 -0.000127201 0.999905527
1341847982.162730 -0.158551261 0.022262486 -0.034957908 0.004966908 0.012009680 0.001400857 0.999914587
1341847982.194674 -0.151445091 0.020030478 -0.040057845 0.002884168 0.010011467 0.001521820 0.999944568
1341847982.230594 -0.149599358 0.013864304 -0.039056454 0.000317113 0.011269513 0.001118444 0.999935806
1341847982.262666 -0.154574305 0.011014233 -0.038703859 0.000955513 0.013854630 0.000188892 0.999903560
1341847982.294994 -0.160670251 0.009958827 -0.037835263 0.001311859 0.016935641 -0.000515149 0.999855638
1341847982.330655 -0.171180591 0.012161536 -0.036046293 0.003763429 0.019727187 0.002164252 0.999795973
1341847982.398909 -0.177682176 0.011202103 -0.038900919 0.008561340 0.016626194 0.007513647 0.999796867
1341847982.430770 -0.174864635 0.000783678 -0.043215998 0.007366913 0.016117526 0.007999293 0.999810994
1341847982.462624 -0.158734962 0.002445227 -0.043968096 0.008543949 0.015738767 0.008410259 0.999804258
1341847982.498616 -0.163791224 0.005900777 -0.044576898 0.008817055 0.018945262 0.008654152 0.999744177
1341847982.530757 -0.169707939 0.006853483 -0.041804388 0.007654522 0.021044651 0.009401605 0.999705076
1341847982.566660 -0.170007542 0.008612673 -0.044200484 0.006378840 0.022184651 0.010547986 0.999677896
1341847982.598726 -0.176841512 0.005240960 -0.040756736 0.003123390 0.025489692 0.012078357 0.999597251
1341847982.630723 -0.183553174 0.003426166 -0.038773254 0.002186659 0.028707257 0.012115024 0.999512076
1341847982.666620 -0.183222413 0.003031039 -0.039399859 0.000884729 0.030460661 0.012812175 0.999453485
1341847982.698638 -0.184686050 0.002750164 -0.039554298 -0.000523119 0.033206809 0.013001050 0.999363840
1341847982.730674 -0.197308019 0.004733858 -0.035237908 -0.000860070 0.038276862 0.013347838 0.999177694
1341847982.766706 -0.207842588 0.004924245 -0.032943208 -0.000325016 0.041402120 0.014847125 0.999032259
1341847982.798737 -0.216348082 0.002329757 -0.030761259 -0.000660059 0.043573815 0.016440311 0.998914719
1341847982.834747 -0.230456635 -0.000067210 -0.027927641 0.000136997 0.046354428 0.016363168 0.998791039
1341847982.866670 -0.243590578 -0.005041668 -0.028114280 0.001968569 0.047773518 0.017899152 0.998695850
1341847982.898700 -0.255745798 0.009296711 -0.026931712 0.006506815 0.047810834 0.019968938 0.998635590
1341847982.934803 -0.270474195 0.015259484 -0.026656009 0.006660510 0.046767052 0.022111690 0.998638928
1341847982.966708 -0.268423796 0.005024478 -0.030415278 0.003038750 0.043523554 0.022124313 0.998802781
1341847982.998783 -0.275405020 0.002630172 -0.032601524 0.001485912 0.044803601 0.020248618 0.998789549
1341847983.034693 -0.292365700 0.009655795 -0.029327728 0.001658721 0.047616255 0.020848125 0.998646796
1341847983.066707 -0.314850241 0.011363832 -0.021142261 0.000985011 0.050258052 0.022007624 0.998493314
1341847983.102757 -0.321321785 0.004424667 -0.020917177 -0.001326345 0.049721427 0.022731692 0.998503506
1341847983.134717 -0.334766835 0.002305566 -0.019810701 -0.000852135 0.050308671 0.024132546 0.998441756
1341847983.166651 -0.348710060 0.002536376 -0.018765235 0.000450659 0.050229650 0.025057541 0.998423278
1341847983.202653 -0.348702550 0.003739379 -0.022593081 0.000599479 0.046949007 0.026133744 0.998555243
1341847983.234717 -0.357021570 0.000882127 -0.023434589 -0.000809584 0.046414930 0.026476573 0.998570979
1341847983.266753 -0.360325783 -0.000936092 -0.028783437 -0.003659614 0.046236422 0.025398960 0.998600900
1341847983.302701 -0.370609939 -0.004886897 -0.027995193 -0.006977953 0.048571337 0.024226675 0.998501480
1341847983.334718 -0.390004396 -0.004813584 -0.021081256 -0.007904734 0.053385947 0.023446236 0.998267412
1341847983.370887 -0.399733245 -0.010141898 -0.018673707 -0.008625079 0.056189980 0.023462256 0.998107195
1341847983.402670 -0.406714082 -0.008145430 -0.019262781 -0.006987312 0.056132626 0.024814852 0.998090506
1341847983.434705 -0.420838088 -0.002085421 -0.018843427 -0.006979046 0.055488918 0.027912350 0.998044729
1341847983.470674 -0.428284615 -0.018247584 -0.017924961 -0.010462297 0.055191528 0.026725493 0.998063207
1341847983.502767 -0.433014631 -0.026553206 -0.023698064 -0.010660757 0.057336256 0.023275523 0.998026669
1341847983.534806 -0.445250988 -0.017975373 -0.026878145 -0.008493240 0.061739173 0.022225006 0.997808695
1341847983.570684 -0.464407325 -0.009744775 -0.022896597 -0.007147723 0.065434836 0.022975538 0.997566760
1341847983.602741 -0.480208486 -0.019193932 -0.021604083 -0.007816226 0.066948064 0.023647210 0.997445643
1341847983.638729 -0.489780873 -0.018716745 -0.025744021 -0.006409527 0.067829162 0.023609901 0.997397006
1341847983.702857 -0.522368312 -0.004417537 -0.024124406 0.001668501 0.071876019 0.025684122 0.997081459
1341847983.738736 -0.529822350 -0.001963582 -0.030184327 0.003051598 0.070306666 0.027910840 0.997130275
1341847983.770707 -0.544011176 -0.001400935 -0.029794445 0.004238213 0.070466779 0.029036103 0.997082472
1341847983.806672 -0.555270433 -0.010391884 -0.034132916 0.004081876 0.071569473 0.027953068 0.997035503
1341847983.838719 -0.577611208 -0.006507340 -0.033939853 0.008611167 0.074178480 0.028589198 0.996797919
1341847983.870712 -0.593950331 0.003494331 -0.035487920 0.011748331 0.073320292 0.032171398 0.996720254
1341847983.906692 -0.613593280 -0.000946837 -0.037916567 0.011014653 0.072192803 0.034581460 0.996730208
1341847983.938757 -0.616088033 0.000839623 -0.044095974 0.011104291 0.069461651 0.035202459 0.996901512
1341847983.970809 -0.625938833 -0.004880624 -0.050810158 0.008101831 0.070512325 0.034228984 0.996890545
1341847984.006722 -0.638549030 -0.002619706 -0.051346652 0.007415030 0.072686069 0.033424050 0.996767104
1341847984.038718 -0.658167481 -0.003081664 -0.050554700 0.005633201 0.076207042 0.033711478 0.996506095
1341847984.074737 -0.667988062 0.007146613 -0.056562494 0.004523942 0.078218557 0.032386478 0.996399820
1341847984.106759 -0.685128629 0.016183779 -0.040606655 0.001970132 0.082331464 0.030139782 0.996147215
1341847984.138698 -0.699366093 0.020534277 -0.035670910 0.002052137 0.084187396 0.029024163 0.996025026
1341847984.174831 -0.708416402 0.021775510 -0.040726114 -0.000825117 0.084412843 0.027284579 0.996056914
1341847984.206711 -0.726908088 0.024308121 -0.032969959 -0.004816405 0.086765677 0.026538424 0.995863557
1341847984.238670 -0.735351145 0.029992417 -0.028815791 -0.004478183 0.084739104 0.028157311 0.995995224
1341847984.274795 -0.746149540 0.029674713 -0.027419779 -0.007035225 0.083553292 0.028581446 0.996068537
1341847984.306662 -0.763024569 0.032725353 -0.020421531 -0.009092240 0.084877014 0.028192962 0.995950997
1341847984.343094 -0.773764968 0.031892445 -0.014071757 -0.011099768 0.084604315 0.028523130 0.995944500
1341847984.406718 -0.794354141 0.031154105 -0.002207745 -0.015199386 0.081125058 0.031748146 0.996082246
1341847984.442894 -0.803956270 0.028106214 0.007427114 -0.017073151 0.081044234 0.032542389 0.996032834
1341847984.474640 -0.810333848 0.024836795 0.013316626 -0.017384455 0.080757841 0.032227613 0.996060908
1341847984.506747 -0.818380058 0.023654047 0.023014346 -0.018297262 0.081308722 0.031253520 0.996030867
1341847984.542747 -0.827759683 0.017490663 0.029241389 -0.019565232 0.083621942 0.031214576 0.995816410
1341847984.574807 -0.836898506 0.021550329 0.040477466 -0.020052273 0.086585902 0.032376852 0.995516241
1341847984.610792 -0.849715471 0.012507184 0.056007370 -0.020152112 0.087385550 0.032299858 0.995446861
1341847984.642667 -0.858447015 0.017286833 0.065350793 -0.015828364 0.086227104 0.033505704 0.995586157
1341847984.674804 -0.868507624 0.013361765 0.074138984 -0.015729826 0.086501107 0.034106672 0.995543540
1341847984.710651 -0.883615851 0.008131879 0.089772999 -0.014465139 0.087421514 0.034651618 0.995463490
1341847984.743352 -0.892357588 0.000605791 0.102241762 -0.012330929 0.087183692 0.034164157 0.995529890
1341847984.778881 -0.893852353 0.001733991 0.108730972 -0.011073251 0.086298771 0.034756474 0.995601296
1341847984.810639 -0.908431768 -0.001799779 0.128565550 -0.009674927 0.088524722 0.037278373 0.995329142
1341847984.842655 -0.916462302 -0.015306127 0.140219957 -0.008631190 0.089012109 0.038353812 0.995254457
1341847984.878779 -0.920428693 -0.015374671 0.150047839 -0.005756554 0.088821642 0.039832324 0.995234191
1341847984.910613 -0.926454842 -0.009976547 0.158371419 -0.003871299 0.088117525 0.042960364 0.995175779
1341847984.943053 -0.936751842 -0.022955751 0.172668174 -0.006812780 0.087324508 0.046421677 0.995074391
1341847984.979236 -0.944305539 -0.023102576 0.183231354 -0.006779902 0.086081043 0.049245778 0.995047212
1341847985.010633 -0.945488214 -0.030093091 0.193035647 -0.009797611 0.085911520 0.049531791 0.995022535
1341847985.046612 -0.946735084 -0.041790348 0.203260005 -0.014078189 0.088506743 0.049957160 0.994722426
1341847985.078667 -0.951698601 -0.045192044 0.217167333 -0.014571880 0.092238739 0.049442168 0.994401991
1341847985.110771 -0.956534326 -0.047012068 0.228178874 -0.014948031 0.095142618 0.051239811 0.994031668
1341847985.146824 -0.960088134 -0.056026850 0.240254149 -0.016309993 0.097974703 0.052690223 0.993659258
1341847985.178699 -0.962717295 -0.064317629 0.252095252 -0.016950916 0.100879572 0.053980451 0.993288517
1341847985.210840 -0.969641984 -0.071749173 0.266777992 -0.015937444 0.104150549 0.053651184 0.992985547
1341847985.246735 -0.969955087 -0.069578864 0.274542749 -0.013939334 0.106220059 0.054325506 0.992759645
1341847985.278902 -0.974614978 -0.077138118 0.284442604 -0.014620990 0.109637432 0.054667994 0.992359519
1341847985.314648 -0.980396867 -0.088178344 0.293434829 -0.014014547 0.112818368 0.054679442 0.992011011
1341847985.346842 -0.988564670 -0.087202080 0.305816978 -0.011804529 0.115669288 0.054819033 0.991703629
1341847985.378830 -0.990887642 -0.092021011 0.313207179 -0.013263590 0.116702430 0.054515827 0.991580904
1341847985.414650 -0.996684790 -0.102372169 0.326056451 -0.014894634 0.120152533 0.054906987 0.991124034
1341847985.446854 -0.997968614 -0.102849796 0.336124092 -0.012737222 0.121866010 0.055688515 0.990901232
1341847985.478685 -1.003406286 -0.104505643 0.346843690 -0.011825848 0.123667136 0.056951560 0.990617573
1341847985.514673 -1.006216049 -0.113095403 0.356142282 -0.013476556 0.125175700 0.057513773 0.990374565
1341847985.546814 -1.012120962 -0.120252900 0.369539320 -0.014451756 0.128761381 0.058096536 0.989866912
1341847985.582581 -1.014478087 -0.128432408 0.381970376 -0.014231193 0.131315216 0.059448607 0.989454269
1341847985.614773 -1.022401690 -0.132466480 0.396195710 -0.012288435 0.134218752 0.060671296 0.989016414
1341847985.647097 -1.026464581 -0.137912646 0.408935666 -0.010321493 0.136490017 0.062890701 0.988589287
1341847985.682842 -1.030770540 -0.143656597 0.419405907 -0.008148103 0.138855055 0.065035030 0.988141358
1341847985.714719 -1.044266224 -0.145094976 0.437655747 -0.003705720 0.142277211 0.068008050 0.987480819
1341847985.746954 -1.048062682 -0.156483039 0.444415987 -0.001637825 0.143155769 0.070362419 0.987194479
1341847985.782765 -1.050244808 -0.158220366 0.455285192 0.002061235 0.145023018 0.072536610 0.986763656
1341847985.814703 -1.058142662 -0.165132552 0.465908974 0.008914662 0.147750780 0.075564183 0.986093462
1341847985.850739 -1.070297122 -0.166596889 0.476759076 0.016709669 0.150299355 0.079032294 0.985334873
1341847985.882782 -1.072775960 -0.172105089 0.480234355 0.015696371 0.150099248 0.081783541 0.985157490
1341847985.914968 -1.077573895 -0.180461586 0.492661655 0.012520977 0.153039411 0.084595121 0.984513044
1341847985.950751 -1.083330512 -0.199510589 0.502249062 0.008863069 0.158565193 0.083161585 0.983800113
1341847985.982712 -1.088899255 -0.201210231 0.515103519 0.010560566 0.163600579 0.083427675 0.982936025
1341847986.018756 -1.090478182 -0.200264469 0.525364816 0.012499964 0.165566295 0.085316531 0.982421875
1341847986.051991 -1.094989896 -0.206822395 0.535454631 0.011480813 0.167158246 0.088146545 0.981914759
1341847986.082612 -1.100834966 -0.217866272 0.548059404 0.010418554 0.169099271 0.089633361 0.981459558
1341847986.118719 -1.104376316 -0.227226585 0.554072857 0.008306246 0.171837360 0.089483708 0.981017649
1341847986.150636 -1.106639147 -0.234166637 0.561105132 0.005363123 0.175951585 0.090043738 0.980257332
1341847986.182648 -1.111894131 -0.237437367 0.577178359 0.005582797 0.180646539 0.090799212 0.979332030
1341847986.218674 -1.112319827 -0.242270529 0.587994874 0.007538397 0.182974979 0.091230847 0.978846431
1341847986.250584 -1.122273564 -0.252242059 0.601987600 0.008079788 0.187590033 0.093460299 0.977757633
1341847986.286733 -1.123305082 -0.259566516 0.612078667 0.009217414 0.190509260 0.094747230 0.977059007
1341847986.326156 -1.125338197 -0.270704597 0.627582550 0.010443373 0.194335476 0.095556840 0.976213932
1341847986.359210 -1.126388073 -0.271922708 0.634883881 0.013796313 0.196885049 0.097652666 0.975453675
1341847986.394467 -1.130016446 -0.276445627 0.647068620 0.014279993 0.200050473 0.099658355 0.974599481
1341847986.425858 -1.130969048 -0.283502549 0.659604549 0.013721601 0.203224480 0.100982323 0.973814249
1341847986.457691 -1.132519007 -0.293643862 0.672041655 0.011843627 0.206790209 0.101710171 0.973012209
1341847986.493735 -1.134046316 -0.296370029 0.685838759 0.011821530 0.209730029 0.103337355 0.972211421
1341847986.525772 -1.137840271 -0.304944754 0.697210431 0.011611169 0.212284818 0.104615778 0.971522450
1341847986.561706 -1.140083432 -0.311950266 0.709244251 0.010070929 0.214792877 0.104845032 0.970963538
1341847986.593712 -1.140237212 -0.318324029 0.724434793 0.008394557 0.218006447 0.105049893 0.970240831
1341847986.625740 -1.142741323 -0.324009687 0.739842653 0.009996940 0.221830025 0.106148645 0.969238937
1341847986.661920 -1.143690348 -0.324226111 0.749602497 0.012309460 0.223408520 0.108771771 0.968558669
1341847986.693739 -1.147300482 -0.327402264 0.761349916 0.012998417 0.224731266 0.113167487 0.967739642
1341847986.725896 -1.147643924 -0.333561689 0.771813929 0.013311471 0.224678218 0.118539140 0.967104495
1341847986.762616 -1.146190643 -0.341017932 0.780532718 0.011233996 0.224383131 0.121803805 0.966793597
1341847986.793794 -1.148890734 -0.350422204 0.791164875 0.006532717 0.226978898 0.123826191 0.965973616
1341847986.829823 -1.151586413 -0.355337948 0.808195353 0.004537474 0.230714574 0.125988081 0.964819849
1341847986.886746 -1.155740619 -0.355662465 0.829113841 0.004793558 0.231928945 0.131892100 0.963737786
1341847986.922699 -1.157156825 -0.362855136 0.840958178 0.002002412 0.232735723 0.135182291 0.963097036
1341847986.954690 -1.157665968 -0.371219009 0.852531850 -0.000882628 0.234313548 0.136482820 0.962532520
1341847986.990631 -1.159597039 -0.375675589 0.863884807 -0.002152090 0.236987188 0.137511924 0.961729169
1341847987.022895 -1.161574006 -0.378256291 0.874408901 -0.001907702 0.239042401 0.139982969 0.960864127
1341847987.054629 -1.163073182 -0.379885554 0.884970963 -0.003151367 0.239934325 0.142468795 0.960273087
1341847987.091223 -1.164421916 -0.387675434 0.896972537 -0.006001911 0.241268381 0.144160762 0.959672511
1341847987.123199 -1.164293528 -0.397730380 0.909433961 -0.008831690 0.244881526 0.143296823 0.958864450
1341847987.190716 -1.168817759 -0.399646699 0.928372979 -0.011337722 0.254910946 0.141103789 0.956546724
1341847987.259261 -1.173866272 -0.409971595 0.950734735 -0.014802139 0.261877924 0.143548697 0.954250813
1341847987.290653 -1.175046206 -0.417898595 0.958180308 -0.017155111 0.266363680 0.142529234 0.953122020
1341847987.322780 -1.177685142 -0.421626687 0.969167829 -0.017398555 0.273159593 0.141041219 0.951413989
1341847987.390720 -1.185552478 -0.426000446 0.993954360 -0.012041186 0.285764635 0.136055782 0.948515892
1341847987.422820 -1.189379454 -0.426629364 1.002531290 -0.009114331 0.291971028 0.134539142 0.946873307
1341847987.458620 -1.193382263 -0.422296643 1.013547897 -0.004121303 0.297330558 0.135188892 0.945146322
1341847987.490754 -1.198457599 -0.420687914 1.024695039 0.002332250 0.300877839 0.137411609 0.943708181
1341847987.526761 -1.204123139 -0.419536173 1.025893807 0.003039645 0.302645415 0.139843583 0.942783237
1341847987.558679 -1.207416177 -0.424494952 1.044300914 0.001847342 0.308279723 0.141359895 0.940732479
1341847987.590776 -1.213448763 -0.420082122 1.055036068 0.007622424 0.313166738 0.143402979 0.938778043
1341847987.626925 -1.220034599 -0.417674094 1.062842250 0.010190263 0.316178948 0.147248551 0.937147260
1341847987.658922 -1.222667694 -0.418634862 1.073180199 0.009270581 0.318117023 0.149505928 0.936142921
1341847987.691638 -1.229559541 -0.415739506 1.086481929 0.010660342 0.320833474 0.152096316 0.934782922
1341847987.726721 -1.233092546 -0.413773715 1.095420480 0.012146275 0.320608109 0.154147238 0.934506118
1341847987.758741 -1.237736464 -0.414879382 1.103618979 0.013008764 0.321240634 0.158143267 0.933609068
1341847987.794708 -1.242290139 -0.414030135 1.114664435 0.013693570 0.321553826 0.161713377 0.932879627
1341847987.826748 -1.246959805 -0.416182131 1.128095031 0.014471321 0.321803570 0.166209400 0.931991160
1341847987.865879 -1.252074957 -0.419602275 1.139067650 0.013622490 0.321753204 0.167684361 0.931757092
1341847987.897796 -1.258511543 -0.418309331 1.152978063 0.016429268 0.322880387 0.170360312 0.930836082
1341847987.933722 -1.261041403 -0.422325641 1.160180449 0.016952220 0.321046114 0.170393646 0.931454837
1341847987.965806 -1.266453505 -0.426990718 1.169800520 0.018023998 0.321748286 0.167781144 0.931666672
1341847987.997794 -1.271960497 -0.426150858 1.175661683 0.020137807 0.322191775 0.165351525 0.931904376
1341847988.033757 -1.276656628 -0.432520866 1.189029336 0.019949846 0.324669242 0.161735177 0.931683302
1341847988.065746 -1.283062220 -0.434329242 1.200626731 0.023657158 0.326483071 0.159008756 0.931431890
1341847988.098165 -1.287563801 -0.437771797 1.206743002 0.025024178 0.327181220 0.153719991 0.932038903
1341847988.133763 -1.291198373 -0.441370785 1.215202689 0.025665093 0.329716444 0.150245503 0.931694567
1341847988.165801 -1.297206521 -0.435188740 1.222059250 0.030747904 0.330986917 0.151081622 0.930954754
1341847988.201710 -1.302008152 -0.432900637 1.226936102 0.030756613 0.328923076 0.154803857 0.931074381
1341847988.233777 -1.303732753 -0.439808428 1.236636996 0.026554594 0.328474402 0.156663775 0.931051016
1341847988.265702 -1.305181623 -0.443353564 1.247058153 0.025662210 0.330748856 0.156200290 0.930348396
1341847988.301776 -1.307885170 -0.439833790 1.252232194 0.027172768 0.331930101 0.157346979 0.929691374
1341847988.333739 -1.310438156 -0.438977748 1.263003111 0.025513487 0.332612336 0.160735235 0.928914547
1341847988.369715 -1.311238766 -0.443363011 1.273100972 0.023192357 0.333679676 0.162615150 0.928265214
1341847988.401745 -1.315140247 -0.437027067 1.280295610 0.026923299 0.333907813 0.167332739 0.927243531
1341847988.433996 -1.316640139 -0.439497709 1.286966801 0.025584096 0.333221912 0.169985056 0.927045763
1341847988.469742 -1.318124056 -0.446126163 1.293571234 0.024204658 0.335607111 0.168233514 0.926541686
1341847988.502496 -1.322786927 -0.440625519 1.296093941 0.027084591 0.337966979 0.169223562 0.925423265
1341847988.537778 -1.327822208 -0.434228331 1.302166343 0.028802933 0.338839322 0.173644394 0.924232662
1341847988.569700 -1.331416607 -0.435405850 1.305945516 0.026362026 0.337161094 0.175857142 0.924500823
1341847988.601796 -1.334484577 -0.439265192 1.306923628 0.022541339 0.337667376 0.175171480 0.924547255
1341847988.637768 -1.338289022 -0.440082401 1.311464071 0.019368658 0.340141773 0.173499405 0.924027264
1341847988.669807 -1.343081713 -0.439686745 1.317518711 0.018108036 0.342315406 0.172513440 0.923434556
1341847988.706192 -1.347823620 -0.439084888 1.319715619 0.016822705 0.343374133 0.172613025 0.923047185
1341847988.737940 -1.352956891 -0.440500736 1.324194312 0.016298391 0.345134914 0.174834758 0.921981096
1341847988.769740 -1.359520078 -0.441193551 1.329152226 0.017571883 0.345935792 0.179047734 0.920848310
1341847988.806051 -1.364163399 -0.446045637 1.330576897 0.017253393 0.345936507 0.180992350 0.920473874
1341847988.837897 -1.370323300 -0.449364185 1.330119371 0.015211276 0.347203851 0.182027310 0.919828415
1341847988.873917 -1.376704216 -0.453507483 1.335241318 0.012525911 0.350618601 0.182134718 0.918551385
1341847988.937824 -1.391959190 -0.455219805 1.337874293 0.012369612 0.354457498 0.184737712 0.916558146
1341847988.998737 -1.408139706 -0.458900660 1.345383763 0.011220326 0.357141435 0.191016525 0.914241135
1341847989.034678 -1.417751908 -0.460731626 1.346691251 0.009887883 0.357153922 0.193002120 0.913834572
1341847989.066658 -1.425534010 -0.468375236 1.351909757 0.006045548 0.358869106 0.192510143 0.913299680
1341847989.098821 -1.434600592 -0.473351985 1.358015537 0.007469996 0.360469371 0.191564456 0.912857652
1341847989.134676 -1.445467234 -0.477279097 1.357896328 0.011075811 0.359678864 0.192650452 0.912904322
1341847989.166672 -1.452665091 -0.482291967 1.362218738 0.013259200 0.359569520 0.193296239 0.912781775
1341847989.202743 -1.464794636 -0.484733880 1.364800811 0.017113224 0.358290881 0.193914056 0.913089335
1341847989.234728 -1.476559281 -0.489274293 1.364860654 0.019565118 0.355450362 0.194585726 0.914006948
1341847989.266651 -1.485514879 -0.494608313 1.367096186 0.019591738 0.354122758 0.192296565 0.915005624
1341847989.302773 -1.499171734 -0.502243698 1.367696643 0.017789066 0.353182971 0.187996268 0.916298389
1341847989.334871 -1.509633780 -0.506020546 1.367772460 0.016162043 0.351474851 0.183963105 0.917802751
1341847989.366685 -1.519030094 -0.514065266 1.368563294 0.011201062 0.351052642 0.178056613 0.919202089
1341847989.402777 -1.527701616 -0.520285904 1.371249437 0.007973194 0.352817744 0.173034906 0.919518888
1341847989.434824 -1.536390305 -0.525472403 1.376547337 0.008480075 0.353825331 0.169088334 0.919861436
1341847989.470712 -1.545534968 -0.527446866 1.372797012 0.008214803 0.352847815 0.167334363 0.920559704
1341847989.502614 -1.553006291 -0.532272160 1.375875235 0.005342172 0.354252964 0.167332172 0.920041502
1341847989.534687 -1.562629938 -0.534634531 1.376276731 0.007168626 0.353875041 0.169411629 0.919793904
1341847989.570705 -1.570339084 -0.538851678 1.374257207 0.006250614 0.353081197 0.169036806 0.920174539
1341847989.602804 -1.575785637 -0.545485675 1.378031850 0.003593141 0.355716258 0.168187782 0.919329107
1341847989.634745 -1.583165646 -0.550634682 1.378363371 0.004244639 0.359243900 0.164822459 0.918563724
1341847989.670627 -1.592897654 -0.548580527 1.374956131 0.005092444 0.361211896 0.163998649 0.917934954
1341847989.702606 -1.601400375 -0.551897943 1.377623796 0.003517373 0.362848550 0.164408281 0.917223275
1341847989.738929 -1.608967185 -0.555464566 1.379674196 0.002361441 0.365323216 0.163001373 0.916495502
1341847989.770735 -1.618852496 -0.556079984 1.378716469 0.001554961 0.367188752 0.162963435 0.915758193
1341847989.802890 -1.628129482 -0.556811750 1.380871892 0.000867643 0.368698537 0.164018333 0.914963722
1341847989.838780 -1.637640476 -0.559179068 1.382720232 0.000356590 0.370233208 0.164750800 0.914212465
1341847989.870960 -1.646732569 -0.567460060 1.386553288 -0.001494612 0.373215079 0.162523150 0.913397253
1341847989.902718 -1.661006451 -0.564817011 1.385134220 0.002506012 0.375345320 0.163483858 0.912350059
1341847989.938921 -1.673973799 -0.561700106 1.385250926 0.005651056 0.374538749 0.167706177 0.911900997
1341847989.970730 -1.685658455 -0.570286274 1.386970758 0.005076457 0.373638898 0.169034868 0.912028193
1341847990.006923 -1.696724057 -0.577205658 1.385845900 0.003263210 0.375035107 0.167415544 0.911762118
1341847990.039001 -1.709535837 -0.575597525 1.388036370 0.004759996 0.377317309 0.167588606 0.910781562
1341847990.070686 -1.722348928 -0.578337908 1.388968229 0.005489652 0.377399474 0.166827545 0.910883129
1341847990.106701 -1.734561920 -0.581768572 1.388711214 0.005391158 0.377763718 0.166702986 0.910755575
1341847990.139194 -1.747428775 -0.582391679 1.390814304 0.006565924 0.379114300 0.167633459 0.910015523
1341847990.171055 -1.759873390 -0.582593858 1.391714454 0.009906990 0.378393948 0.168887377 0.910053253
1341847990.207022 -1.772702694 -0.584342301 1.392395973 0.012442404 0.376484275 0.170277596 0.910555005
1341847990.238920 -1.785049677 -0.591288388 1.391545177 0.010469127 0.375856876 0.171128675 0.910679460
1341847990.274709 -1.796741128 -0.591863453 1.393853307 0.012944379 0.375341773 0.172345951 0.910630524
1341847990.306743 -1.810159206 -0.594011307 1.392741323 0.013391927 0.374527097 0.171167314 0.911181569
1341847990.339079 -1.821118832 -0.597148240 1.393988490 0.011478798 0.374620497 0.171180263 0.911166847
1341847990.374663 -1.831448555 -0.596609831 1.398431301 0.012816069 0.374843717 0.171538725 0.910989821
1341847990.406760 -1.843318582 -0.600122869 1.396548152 0.011456260 0.373543143 0.171202406 0.911605239
1341847990.442575 -1.853157520 -0.600942969 1.399006128 0.009280032 0.373396993 0.173674390 0.911222160
1341847990.474644 -1.861175537 -0.603958726 1.404863358 0.009024988 0.373391658 0.173765585 0.911209583
1341847990.506783 -1.871022820 -0.606234014 1.403555155 0.007926890 0.373503804 0.173207581 0.911280036
1341847990.542835 -1.880318642 -0.603014410 1.405946970 0.007801445 0.374647200 0.176461205 0.910186887
1341847990.574711 -1.888500452 -0.604006529 1.408713818 0.008763193 0.374403596 0.180039316 0.909577429
1341847990.642783 -1.904225111 -0.611072540 1.411702871 0.005273832 0.376803219 0.180935606 0.908434868
1341847990.674787 -1.913425446 -0.609619141 1.414719820 0.005890119 0.379030019 0.183386818 0.907012105
1341847990.710795 -1.921890020 -0.610289812 1.419263244 0.008241456 0.379260153 0.187372133 0.906082571
1341847990.742712 -1.929484487 -0.612051725 1.418404460 0.007425684 0.378666937 0.191354409 0.905505240
1341847990.774671 -1.935484171 -0.615050316 1.423592567 0.006973606 0.379514068 0.194446802 0.904494822
1341847990.810771 -1.943431139 -0.616864622 1.424453735 0.008790315 0.381497383 0.194677070 0.903594732
1341847990.842713 -1.952528477 -0.616937876 1.426194429 0.009028983 0.383238852 0.196285531 0.902506769
1341847990.874745 -1.957930326 -0.621773660 1.430555582 0.007152052 0.384844363 0.197215050 0.901637375
1341847990.910825 -1.964927316 -0.622745097 1.433808088 0.007425342 0.387082905 0.197602972 0.900591373
1341847990.942685 -1.972219467 -0.625436425 1.437068701 0.005580611 0.389741659 0.197124302 0.899562359
1341847990.978824 -1.977084756 -0.627872825 1.440052390 0.004527701 0.392159760 0.197506219 0.898432851
1341847991.010797 -1.983076096 -0.629847169 1.445723891 0.006046107 0.394373626 0.197792336 0.897391319
1341847991.042752 -1.989457965 -0.633312345 1.448045135 0.006053618 0.396159321 0.198507339 0.896446407
1341847991.078680 -1.994736671 -0.636308968 1.453697681 0.006736664 0.398247242 0.200520098 0.895067334
1341847991.111319 -2.000185490 -0.639732361 1.458275557 0.008490399 0.399658084 0.202869505 0.893893361
1341847991.142784 -2.006484985 -0.644536555 1.462557316 0.007849467 0.401259989 0.203084409 0.893132448
1341847991.178778 -2.012737751 -0.646586776 1.467722774 0.008294340 0.403629690 0.203966051 0.891858816
1341847991.210687 -2.019093037 -0.651250720 1.476268411 0.009715541 0.406244218 0.204768836 0.890472412
1341847991.246842 -2.027555466 -0.653533757 1.480594039 0.010350710 0.407750428 0.203844115 0.889988840
1341847991.278726 -2.034705400 -0.659056604 1.487440586 0.010094780 0.410421848 0.204812691 0.888540268
1341847991.310807 -2.043078423 -0.659414947 1.492731571 0.013795277 0.412210524 0.206767842 0.887208700
1341847991.346722 -2.053935051 -0.659217954 1.498727560 0.017850876 0.410893679 0.211260229 0.886688769
1341847991.378800 -2.058596611 -0.665796280 1.503246546 0.016130043 0.408437937 0.217923909 0.886243463
1341847991.414715 -2.063056946 -0.668229043 1.510092258 0.014144109 0.408889771 0.220852703 0.885343611
1341847991.446744 -2.070285320 -0.673524141 1.515631080 0.011514374 0.411440879 0.221139744 0.884127319
1341847991.478824 -2.075933933 -0.677161217 1.522847772 0.009431908 0.414690971 0.221920326 0.882436335
1341847991.514709 -2.081376076 -0.680856764 1.529943228 0.008622756 0.417382300 0.224159762 0.880607784
1341847991.546725 -2.087763548 -0.683878779 1.535944462 0.009551153 0.419363201 0.227771714 0.878728211
1341847991.578804 -2.092445135 -0.685226917 1.537997484 0.010406223 0.420311302 0.232601643 0.876998663
1341847991.614853 -2.095900059 -0.690702260 1.541841745 0.010423449 0.422555745 0.237149119 0.874699056
1341847991.646714 -2.096862078 -0.694981456 1.544574261 0.011463205 0.426085949 0.240753680 0.871984601
1341847991.689872 -2.101393461 -0.699947059 1.546915054 0.011701928 0.431684613 0.242690533 0.868684530
1341847991.746823 -2.110442162 -0.706400156 1.553332329 0.013238581 0.438846499 0.246922359 0.863867998
1341847991.782657 -2.112357616 -0.711869597 1.556423903 0.011891727 0.441466331 0.249862313 0.861704648
1341847991.814748 -2.114186764 -0.717272282 1.561076045 0.010772119 0.445389330 0.250236481 0.859589458
1341847991.846729 -2.115608215 -0.722751975 1.564248562 0.010728506 0.449750543 0.248460665 0.857832551
1341847991.882784 -2.122600555 -0.725379825 1.568474174 0.011047672 0.453964323 0.249424502 0.855325580
1341847991.915817 -2.127136946 -0.729978204 1.573301315 0.011745169 0.455855221 0.251770645 0.853621483
1341847991.950761 -2.130051613 -0.736591876 1.576956153 0.011158304 0.457479358 0.251561284 0.852821827
1341847991.982826 -2.133185387 -0.743117213 1.580711007 0.009124457 0.460529506 0.249747783 0.851736724
1341847992.014724 -2.137387276 -0.746516109 1.588390350 0.008865516 0.464865774 0.248957247 0.849612653
1341847992.050647 -2.145147562 -0.747253835 1.591350555 0.009360965 0.466848135 0.249248981 0.848434031
1341847992.082793 -2.149077892 -0.754374385 1.598898649 0.007547110 0.468349636 0.249084935 0.847672343
1341847992.114842 -2.153940439 -0.759109437 1.605351090 0.006810094 0.470789462 0.248733416 0.846429348
1341847992.150789 -2.159971714 -0.761520147 1.611377001 0.007537941 0.473202437 0.249074116 0.844976246
1341847992.182813 -2.168324947 -0.764176130 1.618046522 0.008299669 0.474834859 0.249884620 0.843813181
1341847992.218736 -2.173073292 -0.770779312 1.624986649 0.007708429 0.476424068 0.251202017 0.842530906
1341847992.250652 -2.178998947 -0.776782811 1.631560206 0.007002849 0.479826868 0.250887156 0.840697825
1341847992.318683 -2.194900990 -0.784244299 1.645884991 0.008392425 0.487081856 0.252221107 0.836101294
1341847992.350695 -2.202239513 -0.787788451 1.651746988 0.008595688 0.489440292 0.253524065 0.834326088
1341847992.382858 -2.208827019 -0.793481231 1.661482811 0.008948749 0.492171794 0.255958706 0.831968784
1341847992.418855 -2.217432976 -0.797472000 1.665158391 0.011149842 0.494350374 0.259115905 0.829670012
1341847992.450822 -2.227563620 -0.800696254 1.670899868 0.012291528 0.496815175 0.261294544 0.827495515
1341847992.486713 -2.235494375 -0.803978086 1.676787138 0.013207471 0.498653233 0.264646530 0.825307667
1341847992.518735 -2.242731094 -0.809693158 1.684407473 0.013966489 0.500530124 0.266495794 0.823562145
1341847992.550596 -2.252758741 -0.813935816 1.691043377 0.014479002 0.502429008 0.266851842 0.822280705
1341847992.586730 -2.262057781 -0.818482101 1.698600769 0.013118775 0.503971279 0.267719299 0.821076930
1341847992.618832 -2.271497011 -0.821504593 1.705358267 0.013099456 0.505382061 0.269363672 0.819671094
1341847992.654692 -2.280946255 -0.824109375 1.713181973 0.013338637 0.506632745 0.271391064 0.818225086
1341847992.686829 -2.286066055 -0.830816269 1.720568061 0.011623844 0.507407725 0.271728009 0.817659020
1341847992.718718 -2.295429230 -0.837047100 1.726869345 0.011536709 0.509692430 0.270804703 0.816544771
1341847992.754765 -2.304924011 -0.839905560 1.733384252 0.012605887 0.511242509 0.271930039 0.815184832
1341847992.786631 -2.312828064 -0.844104290 1.741210938 0.012595234 0.511533976 0.273021340 0.814637244
1341847992.818723 -2.318915844 -0.848223567 1.746081591 0.011203978 0.512309968 0.271852672 0.814560711
1341847992.854856 -2.325479984 -0.851364136 1.752531528 0.008889645 0.514156342 0.271699488 0.813476324
1341847992.886610 -2.331778049 -0.852289200 1.761782765 0.007878999 0.516007483 0.273332894 0.811765611
1341847992.922713 -2.335524082 -0.857188463 1.768985271 0.006859416 0.516567826 0.274254799 0.811107159
1341847992.954645 -2.338556290 -0.863427281 1.774643183 0.005053957 0.517877281 0.274673313 0.810143292
1341847992.986720 -2.342120647 -0.867023230 1.783652544 0.005491115 0.520063877 0.275517017 0.808451533
1341847993.022736 -2.349796295 -0.867721140 1.788986444 0.007073299 0.520913005 0.276268661 0.807635665
1341847993.054757 -2.353387356 -0.871471882 1.796055436 0.005939723 0.521777213 0.277213991 0.806762457
1341847993.086751 -2.357779026 -0.875113130 1.803350329 0.004650250 0.523110807 0.277329683 0.805867136
1341847993.122668 -2.362071991 -0.877509058 1.809761524 0.002791374 0.524387777 0.277197748 0.805090785
1341847993.154688 -2.363686800 -0.883834958 1.818869352 -0.000311200 0.526493788 0.276628673 0.803915977
1341847993.190779 -2.364655733 -0.889354348 1.828885436 -0.000872687 0.529541016 0.276541293 0.801941752
1341847993.222703 -2.371131182 -0.888902664 1.834074378 0.003308112 0.531417310 0.278443307 0.800033808
1341847993.261799 -2.374629974 -0.894876838 1.843998909 0.005924657 0.532554328 0.280770630 0.798447728
1341847993.322794 -2.379856586 -0.906921566 1.859105825 0.008859195 0.535990417 0.282500744 0.795505643
1341847993.354702 -2.384844780 -0.910722494 1.867557526 0.009399126 0.538181603 0.282958329 0.793855727
1341847993.390722 -2.386763811 -0.916799545 1.877211213 0.008329424 0.540755868 0.283344537 0.791978300
1341847993.422745 -2.387847185 -0.918547153 1.886218309 0.008452304 0.543314517 0.284085602 0.789957821
1341847993.458848 -2.389162779 -0.922764480 1.896906734 0.009362049 0.546089053 0.285229385 0.787618816
1341847993.490680 -2.393799305 -0.926341534 1.906973124 0.011490348 0.548093021 0.287291765 0.785446167
1341847993.522707 -2.399682522 -0.928506017 1.914868832 0.013864509 0.548732042 0.290291309 0.783857107
1341847993.558719 -2.402242661 -0.934136212 1.923757315 0.013746189 0.548985064 0.294595748 0.782074094
1341847993.590981 -2.405373573 -0.939280927 1.935543895 0.012924957 0.549243808 0.297385693 0.780849576
1341847993.626764 -2.408133268 -0.944201231 1.945683002 0.011091083 0.549544394 0.299046457 0.780031562
1341847993.658928 -2.411792755 -0.947196782 1.958724380 0.008087096 0.550221145 0.301046401 0.778821170
1341847993.690739 -2.412266493 -0.951254666 1.971498609 0.003957435 0.550186634 0.303551257 0.777904630
1341847993.727062 -2.405824423 -0.961214960 1.981835127 -0.001153308 0.551449955 0.303179592 0.777163982
1341847993.790887 -2.412470341 -0.965877533 1.999884605 -0.002638752 0.557653129 0.301953524 0.773201227
1341847993.826735 -2.415555000 -0.972972035 2.007173061 -0.003021914 0.557360172 0.303445488 0.772826910
1341847993.858891 -2.416385174 -0.980783701 2.014390945 -0.005880788 0.557655334 0.302990139 0.772776186
1341847993.901726 -2.414794922 -0.987082183 2.025330544 -0.008826964 0.559459269 0.303175539 0.771370292
1341847993.933661 -2.417167187 -0.992213905 2.032450438 -0.007751156 0.560792863 0.303301960 0.770363092
1341847993.965821 -2.420131683 -1.000345349 2.038184166 -0.010400904 0.561600566 0.302345246 0.770119548
1341847994.001991 -2.416190147 -1.007889271 2.045551062 -0.014245033 0.564594448 0.301685363 0.768125117
1341847994.034008 -2.418319464 -1.012507677 2.052711248 -0.011693547 0.568153024 0.301183879 0.765737355
1341847994.065706 -2.423451424 -1.017475724 2.057978630 -0.009937360 0.569737673 0.301317453 0.764531314
1341847994.101772 -2.424453497 -1.023383737 2.064260721 -0.010012131 0.571728051 0.302128732 0.762722194
1341847994.133885 -2.425318718 -1.029218435 2.072192192 -0.008071925 0.574636400 0.301206052 0.760922372
1341847994.169705 -2.430649996 -1.032539129 2.076575279 -0.005162269 0.576582074 0.300806433 0.759632707
1341847994.201675 -2.431063652 -1.037870646 2.084543228 -0.003662805 0.578374088 0.303649634 0.757143915
1341847994.233618 -2.429831743 -1.047649026 2.092058659 -0.000305361 0.580148816 0.305454254 0.755066156
1341847994.269680 -2.439377308 -1.051620483 2.097023964 0.003370600 0.582551420 0.304541439 0.753576219
1341847994.301751 -2.443058014 -1.057055712 2.105210543 0.002700438 0.584816515 0.305043042 0.751619041
1341847994.333755 -2.444742441 -1.065271974 2.113530397 0.004483819 0.587731600 0.305360287 0.749203980
1341847994.369712 -2.452083349 -1.071931362 2.122978926 0.006701389 0.590323031 0.304170638 0.747632265
1341847994.401655 -2.455450296 -1.078330994 2.130772114 0.008052183 0.591741264 0.305015624 0.746152103
1341847994.433802 -2.461026192 -1.085475802 2.140613794 0.011552614 0.593307495 0.306868225 0.744099915
1341847994.469690 -2.466781616 -1.092188001 2.150508165 0.013681210 0.594442785 0.307373971 0.742948115
1341847994.501736 -2.474081278 -1.098450780 2.159537554 0.014938755 0.595625639 0.309072137 0.741270125
1341847994.537738 -2.478019238 -1.104366302 2.170781374 0.016772663 0.597455680 0.310253441 0.739261925
1341847994.569734 -2.484977961 -1.109236002 2.181019783 0.018434767 0.598706543 0.311682135 0.737607539
1341847994.601688 -2.491305828 -1.113468528 2.191146374 0.017508822 0.600087106 0.313857973 0.735582769
1341847994.637836 -2.493501902 -1.120889068 2.206386805 0.016194038 0.602230310 0.315952152 0.732960284
1341847994.669750 -2.499259710 -1.127091885 2.217269897 0.016693262 0.603454828 0.317052215 0.731465340
1341847994.701643 -2.504261971 -1.130972028 2.228104830 0.014443990 0.604515672 0.318469316 0.730020165
1341847994.769803 -2.507798433 -1.142532229 2.249365568 0.012800642 0.609145880 0.319263816 0.725843072
1341847994.831306 -2.523432016 -1.150094628 2.267840385 0.007378818 0.613240242 0.325547546 0.719653249
1341847994.866828 -2.523630857 -1.154765010 2.277024984 0.005925127 0.612821877 0.328831762 0.718529105
1341847994.898727 -2.527795076 -1.158251047 2.287642002 0.005020159 0.613576055 0.330100268 0.717309654
1341847994.930711 -2.530124903 -1.162418842 2.296251774 0.001469102 0.615095556 0.330362231 0.715902388
1341847994.966673 -2.528582573 -1.166682243 2.305165052 -0.000446394 0.617372155 0.331424206 0.713448942
1341847994.998679 -2.531408072 -1.170617580 2.315147877 0.001465859 0.620243847 0.333104074 0.710166991
1341847995.030768 -2.534506083 -1.173804283 2.323472977 0.001106121 0.622847915 0.335637510 0.706687272
1341847995.066673 -2.532290220 -1.177599669 2.331092834 0.001740183 0.625185728 0.337613106 0.703674018
1341847995.098711 -2.533441305 -1.182638645 2.337233067 0.003521919 0.628670871 0.337881655 0.700426042
1341847995.134939 -2.537756681 -1.185653329 2.343256950 0.003621951 0.631942749 0.338601619 0.697125673
1341847995.166644 -2.535875082 -1.190900922 2.352445126 0.004469363 0.634777844 0.339745045 0.693981647
1341847995.198787 -2.537282944 -1.194500566 2.359890223 0.006300342 0.637504935 0.339265794 0.691698253
1341847995.234663 -2.541969538 -1.199770212 2.365245819 0.006314640 0.639537394 0.340140283 0.689388633
1341847995.266776 -2.540985107 -1.205347180 2.371821880 0.006791698 0.640945733 0.341481388 0.687410295
1341847995.298812 -2.540824413 -1.210443735 2.379591703 0.009511707 0.643479943 0.341889441 0.684802771
1341847995.334686 -2.547556400 -1.213825822 2.385435104 0.009525345 0.644862711 0.342122853 0.683383763
1341847995.366701 -2.544191837 -1.217341304 2.393164396 0.007648773 0.646455288 0.342724741 0.681598783
1341847995.402793 -2.545314550 -1.222497106 2.401973486 0.007775094 0.648333073 0.342388630 0.679980755
1341847995.434743 -2.547060013 -1.225312710 2.410932541 0.006746370 0.649471402 0.342404157 0.678896844
1341847995.466776 -2.544464588 -1.229653835 2.418561935 0.005967371 0.650854051 0.342754513 0.677401483
1341847995.502702 -2.544301510 -1.234466195 2.427725315 0.007944589 0.652200699 0.343270510 0.675822914
1341847995.534752 -2.543250799 -1.239999413 2.440670013 0.010722263 0.652186275 0.345052630 0.674890220
1341847995.566681 -2.544608593 -1.242363334 2.450309038 0.014068650 0.651355207 0.349473625 0.673354864
1341847995.602698 -2.544364214 -1.246730208 2.459930182 0.014944662 0.649837196 0.354127944 0.672370195
1341847995.634814 -2.541974306 -1.249784708 2.466603756 0.014032742 0.649147749 0.357011437 0.671530485
1341847995.670769 -2.542180538 -1.250940084 2.472679377 0.012210744 0.649623692 0.358146191 0.670500755
1341847995.702780 -2.540144444 -1.252480984 2.479245663 0.010455808 0.650270641 0.361669630 0.668007374
1341847995.734774 -2.534284353 -1.256617308 2.488560677 0.009999343 0.650744021 0.364055425 0.666255116
1341847995.770704 -2.533080101 -1.258330822 2.494908810 0.010192435 0.651079535 0.364846349 0.665491343
1341847995.802752 -2.532757282 -1.260441303 2.499707937 0.009870646 0.651786983 0.366380662 0.663959026
1341847995.838779 -2.530247688 -1.265126944 2.506800890 0.010288209 0.653001547 0.367465645 0.662157178
1341847995.870641 -2.531382799 -1.268460870 2.511357546 0.010352149 0.653798163 0.366877198 0.661696315
1341847995.902803 -2.533978224 -1.270342827 2.516129017 0.008133865 0.655259192 0.366681844 0.660389066
1341847995.938733 -2.529421091 -1.272652388 2.520932674 0.007451096 0.656884253 0.367452353 0.658351183
1341847995.970733 -2.529190063 -1.276849627 2.523655176 0.008567034 0.658792496 0.367749989 0.656261504
1341847996.002709 -2.531375170 -1.278242111 2.528655291 0.006670026 0.661131024 0.367146969 0.654266298
1341847996.038762 -2.526122332 -1.281095386 2.531802177 0.006346672 0.663132966 0.367844492 0.651847303
1341847996.070721 -2.525427818 -1.285133839 2.535760880 0.008388963 0.665312052 0.367482275 0.649804771
1341847996.106729 -2.531009674 -1.288610816 2.537100315 0.008365183 0.666954100 0.366505444 0.648672581
1341847996.138845 -2.526401281 -1.291081190 2.539594650 0.007660588 0.669139922 0.366739988 0.646293223
1341847996.170714 -2.524470568 -1.294006824 2.542200565 0.009793656 0.672216773 0.366386861 0.643264651
1341847996.206643 -2.530678988 -1.296008825 2.546388149 0.009755933 0.674875796 0.364003897 0.641832352
1341847996.239003 -2.532474756 -1.298233271 2.548990726 0.008933825 0.676625550 0.364655435 0.639628410
1341847996.270754 -2.531146526 -1.299591660 2.553445101 0.009953860 0.677969873 0.366641611 0.637049258
1341847996.338944 -2.534271002 -1.304049611 2.558589458 0.010265701 0.680224061 0.368077368 0.633805156
1341847996.374711 -2.534311533 -1.305620790 2.562576056 0.009833794 0.682280362 0.368827015 0.631160438
1341847996.406705 -2.532928467 -1.310119629 2.566543818 0.011092438 0.684317648 0.370373070 0.628020823
1341847996.438632 -2.539443493 -1.312165260 2.569738388 0.012405052 0.685970724 0.371404558 0.625578880
1341847996.474783 -2.537938833 -1.313835621 2.575739861 0.012635290 0.687447250 0.372567505 0.623257637
1341847996.506707 -2.534990311 -1.317387938 2.580566406 0.015264098 0.689002752 0.373526543 0.620902777
1341847996.538771 -2.540149212 -1.318445206 2.590852499 0.016969711 0.691422045 0.372478634 0.618795037
1341847996.574796 -2.545827866 -1.320178270 2.596416473 0.015734931 0.691794276 0.373758912 0.617638648
1341847996.607104 -2.543280840 -1.323884964 2.602548361 0.016039301 0.692667782 0.375259727 0.615738869
1341847996.642752 -2.551454067 -1.324861646 2.611258984 0.015886413 0.693567336 0.376299202 0.614093602
1341847996.674774 -2.548907518 -1.324503422 2.620053768 0.012294583 0.693621457 0.378108203 0.613002717
1341847996.706896 -2.550006628 -1.329735518 2.622779369 0.009876549 0.695409715 0.379131615 0.610382795
1341847996.742663 -2.554092884 -1.330691814 2.632687330 0.005289767 0.698937178 0.379250228 0.606323421
1341847996.774747 -2.551159382 -1.330921173 2.640901089 0.001895446 0.700790763 0.380902827 0.603159904
1341847996.806787 -2.552453041 -1.332934022 2.649545670 0.002872314 0.702759981 0.382791787 0.599658728
1341847996.842763 -2.556241274 -1.335892320 2.658664942 0.003240007 0.704213858 0.384605557 0.596783876
1341847996.874766 -2.553067446 -1.343011618 2.665343285 0.002608328 0.704256773 0.387265831 0.595013380
1341847996.910785 -2.553387165 -1.349326849 2.675236702 0.004862277 0.704985917 0.388423622 0.593378782
1341847996.942686 -2.560321569 -1.352752447 2.685254097 0.008080436 0.705290496 0.389265358 0.592429399
1341847996.974782 -2.562527895 -1.360035896 2.694061756 0.009543017 0.705730319 0.389417201 0.591783643
1341847997.010744 -2.564429522 -1.364613771 2.705563545 0.011805707 0.707225561 0.388551265 0.590525687
1341847997.042675 -2.567978621 -1.369626760 2.717470646 0.012216998 0.707866132 0.388102293 0.590044856
1341847997.078725 -2.568991423 -1.376525998 2.729359150 0.012885163 0.708521903 0.387456417 0.589667976
1341847997.142993 -2.574570417 -1.386314034 2.750189304 0.011501130 0.709307730 0.385454535 0.590063751
1341847997.178794 -2.573233128 -1.389259100 2.761440754 0.011729819 0.709733248 0.383291900 0.590955615
1341847997.210888 -2.579872847 -1.394469261 2.772039413 0.011111408 0.710099936 0.381956607 0.591391504
1341847997.242959 -2.580743551 -1.401359200 2.782073975 0.009023185 0.710309327 0.382105947 0.591078937
1341847997.278756 -2.580849171 -1.405788183 2.790964603 0.008754042 0.710173309 0.383254349 0.590502679
1341847997.311412 -2.582710505 -1.410573483 2.798597336 0.007369385 0.710313320 0.383250356 0.590355754
1341847997.346642 -2.579007626 -1.414899349 2.805207253 0.006955973 0.711638987 0.383407742 0.588659525
1341847997.378668 -2.581171751 -1.419570208 2.812747955 0.007488701 0.713900506 0.382712632 0.586362660
1341847997.410817 -2.579834700 -1.425436974 2.818396568 0.007031583 0.715489745 0.382899672 0.584305525
1341847997.446693 -2.573544741 -1.432417035 2.824806929 0.008045326 0.717614055 0.381909013 0.582332313
1341847997.478752 -2.577985287 -1.439615726 2.832579136 0.008048962 0.720959842 0.379747927 0.579606533
1341847997.510941 -2.575230360 -1.443014622 2.840790033 0.007544878 0.723294139 0.379989088 0.576538861
1341847997.546599 -2.569702387 -1.448780894 2.848917961 0.007579700 0.725244880 0.379673660 0.574291289
1341847997.578740 -2.568324089 -1.456679463 2.856291533 0.006712058 0.727508247 0.378151983 0.572440267
1341847997.614736 -2.562793493 -1.459785461 2.866965771 0.005321502 0.730743349 0.376524717 0.569398761
1341847997.646995 -2.556199312 -1.467217207 2.875847816 0.005188086 0.733063638 0.376080126 0.566704988
1341847997.678842 -2.549701452 -1.473811150 2.886469841 0.007125091 0.734313190 0.374889910 0.565854251
1341847997.714639 -2.547077894 -1.477923632 2.895477295 0.008435654 0.735599995 0.373330444 0.565195560
1341847997.746602 -2.542516708 -1.485433102 2.905692101 0.008677820 0.738209605 0.371672243 0.562877417
1341847997.778734 -2.538240194 -1.491590977 2.916302204 0.010458183 0.740768909 0.370003760 0.560579419
1341847997.846906 -2.528593779 -1.503934979 2.937359095 0.014196834 0.742990077 0.370314628 0.557343125
1341847997.882641 -2.528558254 -1.510480523 2.947777748 0.015853684 0.744094610 0.372164756 0.554585695
1341847997.915169 -2.521176100 -1.515208960 2.958001614 0.017452709 0.744594157 0.374335855 0.552401781
1341847997.946999 -2.517656565 -1.521938801 2.967814922 0.019631743 0.744814634 0.376741946 0.550391972
1341847997.982715 -2.509524107 -1.527503490 2.977430344 0.020391032 0.744722843 0.378521472 0.549266398
1341847998.014866 -2.501299858 -1.533636093 2.985766172 0.021336516 0.745139837 0.379539430 0.547960937
1341847998.050805 -2.497503996 -1.540616393 2.995133162 0.022247553 0.745518684 0.380311698 0.546872973
1341847998.082631 -2.493090391 -1.545909405 3.009119272 0.023524500 0.745151222 0.380809098 0.546974123
1341847998.122275 -2.489562988 -1.551586628 3.016892910 0.025601333 0.742860079 0.383603424 0.548043787
1341847998.154051 -2.487830639 -1.556704044 3.026221752 0.025001843 0.742261529 0.384648383 0.548149943
1341847998.185663 -2.481425524 -1.562368870 3.033285379 0.023169680 0.741467893 0.384829611 0.549176395
1341847998.253760 -2.470749378 -1.573004007 3.051638603 0.019702908 0.741258979 0.384135365 0.550079048
1341847998.318804 -2.461742401 -1.584607244 3.068172932 0.019152975 0.740061224 0.382340491 0.552954257
1341847998.351206 -2.459145308 -1.590536356 3.080698490 0.017874490 0.739287794 0.382672638 0.553801239
1341847998.382723 -2.452773809 -1.597720623 3.090990305 0.016779907 0.737877548 0.382945627 0.555524826
1341847998.419237 -2.450784206 -1.597798347 3.099627733 0.014463404 0.737584412 0.380437911 0.557698011
1341847998.450786 -2.445932865 -1.605257273 3.110559702 0.010805733 0.737140477 0.380189180 0.558536768
1341847998.484037 -2.441561460 -1.609522104 3.123024702 0.009296923 0.735826254 0.380159408 0.560314417
1341847998.518722 -2.441736698 -1.614144325 3.135176659 0.007131279 0.735065937 0.379267126 0.561946452
1341847998.550746 -2.436478376 -1.618768811 3.144711494 0.004115599 0.734528959 0.378617495 0.563115537
1341847998.586740 -2.433012009 -1.624610901 3.157114744 0.002483025 0.734576643 0.378239125 0.563317120
1341847998.618771 -2.430358887 -1.631509304 3.169054985 0.001452564 0.734118819 0.378415287 0.563799024
1341847998.650736 -2.433111906 -1.634239435 3.181045294 -0.001005020 0.734344006 0.377620399 0.564039707
1341847998.686862 -2.425068855 -1.639663219 3.192204237 -0.003795754 0.734714091 0.378680855 0.562833607
1341847998.718741 -2.418887138 -1.643705368 3.201399326 -0.002581253 0.734657586 0.379260719 0.562523782
1341847998.750838 -2.420485497 -1.648214459 3.216726303 -0.002023978 0.734738410 0.379280716 0.562407017
1341847998.786762 -2.417078018 -1.653501272 3.227895021 -0.002660368 0.734430015 0.381167173 0.561531007
1341847998.818756 -2.416601419 -1.657575846 3.239161968 -0.002362997 0.736016810 0.380828917 0.559681237
1341847998.854711 -2.415126562 -1.661221504 3.254416704 -0.004327861 0.737724841 0.379864156 0.558073938
1341847998.886699 -2.412257671 -1.669137716 3.265163660 -0.004927164 0.737487853 0.381620467 0.557183385
1341847998.918666 -2.412324190 -1.672649384 3.280704498 -0.003472882 0.736849904 0.384290695 0.556202233
1341847998.954799 -2.412009239 -1.676457167 3.292722702 -0.003184989 0.735793293 0.387830943 0.555144370
1341847998.986722 -2.405822754 -1.680390000 3.302349091 -0.004126414 0.734426737 0.390257448 0.555247247
1341847999.018809 -2.404174328 -1.682199121 3.313050747 -0.004357471 0.734351456 0.390976548 0.554838955
1341847999.054894 -2.403953791 -1.688155413 3.325342894 -0.004605904 0.734730601 0.392956972 0.552932799
1341847999.086763 -2.400736332 -1.691077352 3.337626934 -0.007095428 0.733649254 0.394546121 0.553210557
1341847999.122718 -2.396275759 -1.690756798 3.344725370 -0.008225360 0.732981980 0.395478010 0.553413928
1341847999.154891 -2.396278381 -1.695550799 3.356632710 -0.009119284 0.734517276 0.396327466 0.550750196
1341847999.186738 -2.391202450 -1.698346376 3.365438938 -0.009560716 0.736739576 0.397023946 0.547261775
1341847999.222717 -2.384951830 -1.701955318 3.372471571 -0.009865609 0.739277244 0.395791858 0.544720650
1341847999.290995 -2.379391670 -1.712098837 3.387133598 -0.005047122 0.746539533 0.395089567 0.535310745
1341847999.322701 -2.372907639 -1.718060732 3.394308567 -0.000677755 0.747537851 0.397536725 0.532119751
1341847999.354861 -2.370540142 -1.721641660 3.398775578 0.004349350 0.747702539 0.399323612 0.530530572
1341847999.390790 -2.370932102 -1.726917982 3.411019802 0.006697938 0.750660956 0.399086267 0.526491523
1341847999.423935 -2.367352486 -1.729543686 3.416868925 0.007028528 0.753390908 0.398664773 0.522895098
1341847999.454933 -2.361409664 -1.730542302 3.423524380 0.008556092 0.757064044 0.397446156 0.518476009
1341847999.490878 -2.362513781 -1.730018377 3.426808357 0.010154582 0.760365188 0.396091074 0.514639318
1341847999.522673 -2.354302883 -1.737494230 3.435955048 0.013630905 0.764855087 0.400354862 0.504506648
1341847999.558926 -2.345214367 -1.739776373 3.438888550 0.018173059 0.766294181 0.403794050 0.499413073
1341847999.590686 -2.342781067 -1.744059563 3.446843624 0.019563405 0.768551767 0.404264867 0.495495111
1341847999.622896 -2.337517738 -1.745539546 3.451846600 0.019149167 0.771303952 0.405299813 0.490362853
1341847999.658843 -2.325399876 -1.749530196 3.455359459 0.020364650 0.773661196 0.407046527 0.485125601
1341847999.691111 -2.319170237 -1.752278328 3.463648319 0.021927390 0.776445091 0.406740636 0.480847418
1341847999.722697 -2.311102390 -1.753254771 3.470649958 0.020966288 0.778394938 0.407351702 0.477206856
1341847999.758778 -2.299235821 -1.754946113 3.470514536 0.022182304 0.780012906 0.408628821 0.473402888
1341847999.791003 -2.289304018 -1.754635572 3.477092505 0.024710206 0.783157468 0.408020973 0.468585819
1341847999.826747 -2.284282207 -1.755705118 3.483334780 0.025362728 0.784934700 0.408569932 0.465085894
1341847999.858757 -2.276008844 -1.756357908 3.488687515 0.026583252 0.787135005 0.411382467 0.458776981
1341847999.897730 -2.266353130 -1.758429766 3.489730835 0.029402828 0.787850916 0.417215228 0.452059627
1341847999.958786 -2.251000404 -1.754266739 3.496879101 0.030140180 0.789463997 0.424968481 0.441859752
1341847999.990848 -2.238238573 -1.755460978 3.498425722 0.030210961 0.789729834 0.430813789 0.435676038
1341848000.026656 -2.228959322 -1.753209352 3.499912262 0.031264059 0.790193319 0.433864743 0.431715816
1341848000.058724 -2.222269535 -1.753652573 3.508525133 0.029146777 0.791615963 0.435745925 0.427340865
1341848000.094780 -2.213301659 -1.754140377 3.511201620 0.026950475 0.792273700 0.439735383 0.422147959
1341848000.126737 -2.206132412 -1.751236200 3.510735512 0.025617065 0.793200910 0.442673147 0.417392612
1341848000.158633 -2.197015047 -1.749647498 3.510988951 0.022203444 0.794018447 0.445886850 0.412585467
1341848000.194808 -2.186487198 -1.749348283 3.510425329 0.020784885 0.794283509 0.449492335 0.408213645
1341848000.227063 -2.179028034 -1.748309255 3.509606838 0.020439111 0.794307053 0.452653080 0.404677451
1341848000.266975 -2.170672417 -1.747672677 3.511998177 0.018513305 0.794719636 0.455072314 0.401232243
1341848000.327132 -2.156526804 -1.745247722 3.512647390 0.017924611 0.795447528 0.459986240 0.394150645
1341848000.362696 -2.145286560 -1.745184898 3.514110327 0.016474033 0.794802904 0.463113338 0.391845763
1341848000.394654 -2.136385918 -1.741728902 3.515280485 0.016829273 0.795454383 0.464396924 0.388979048
1341848000.426772 -2.130807161 -1.740631938 3.516007185 0.017394455 0.795805752 0.465895474 0.386435151
1341848000.462696 -2.121951580 -1.737512589 3.515554667 0.015744289 0.795776129 0.467291921 0.384877682
1341848000.494711 -2.110796452 -1.736185670 3.519346952 0.014254752 0.797730803 0.466976553 0.381254852
1341848000.530849 -2.102232695 -1.738556981 3.519108295 0.014821542 0.798725188 0.467874020 0.378037512
1341848000.562770 -2.092826605 -1.736109138 3.518666744 0.015276506 0.799291551 0.467874676 0.376819551
1341848000.594838 -2.085232258 -1.735255003 3.520371199 0.015651630 0.801413119 0.466801971 0.373614728
1341848000.630641 -2.075372696 -1.734319091 3.519751310 0.016021876 0.803183615 0.466189772 0.370549053
1341848000.662663 -2.067577362 -1.735174298 3.518871307 0.016948132 0.805151582 0.465071380 0.367630750
1341848000.695377 -2.058275700 -1.736125708 3.520252228 0.017812286 0.807510853 0.464666426 0.362896949
1341848000.730805 -2.048965454 -1.735728264 3.519175291 0.018814893 0.808809221 0.464988083 0.359527260
1341848000.762655 -2.037242889 -1.737981319 3.520974398 0.020204773 0.810835421 0.464849174 0.355039507
1341848000.798741 -2.028663158 -1.739728212 3.520716429 0.023873607 0.812028706 0.465646654 0.351016492
1341848000.830729 -2.017069817 -1.741378069 3.525876045 0.025159137 0.813892841 0.464970976 0.347487301
1341848000.862750 -2.008375406 -1.743276834 3.528576136 0.026483871 0.816397905 0.463298023 0.343726724
1341848000.898723 -1.999435902 -1.747925282 3.530731678 0.027881959 0.817765355 0.464334667 0.338933200
1341848000.930722 -1.987872601 -1.750342846 3.533162117 0.030416517 0.818069637 0.465834826 0.335908920
1341848000.963197 -1.976385117 -1.747285604 3.531718254 0.031082744 0.818383694 0.466108739 0.334700972
1341848000.998783 -1.966278434 -1.750660181 3.536227942 0.030486286 0.819878101 0.465267181 0.332260430
1341848001.030740 -1.954478621 -1.749961615 3.537812710 0.032032497 0.820828855 0.465583056 0.329311997
1341848001.067042 -1.945877552 -1.751945019 3.539163828 0.034172609 0.820783079 0.466924697 0.327305228
1341848001.098800 -1.932838082 -1.753230572 3.541604996 0.035424158 0.821243107 0.467884421 0.324636936
1341848001.130714 -1.922724724 -1.751912355 3.544430971 0.036666371 0.822488904 0.467651695 0.321666777
1341848001.205951 -1.902140021 -1.753835917 3.550568104 0.034486521 0.825255573 0.466563404 0.316358179
1341848001.266775 -1.881051898 -1.750882864 3.553817749 0.027482731 0.828646898 0.464786023 0.310745776
1341848001.299150 -1.871598840 -1.749259472 3.557518721 0.025764609 0.830739617 0.463896126 0.306607664
1341848001.334803 -1.860960484 -1.745563269 3.558602333 0.023985531 0.832946658 0.463386834 0.301491767
1341848001.366701 -1.851710677 -1.742815971 3.561424732 0.020425435 0.835362911 0.462179691 0.296886414
1341848001.399276 -1.843053341 -1.740647316 3.557617426 0.018456528 0.836550057 0.462940961 0.292453557
1341848001.434718 -1.832885742 -1.738175869 3.556834936 0.018550552 0.838606536 0.463318497 0.285886258
1341848001.466720 -1.821762919 -1.735985279 3.555714607 0.016273564 0.840430379 0.463945806 0.279582232
1341848001.502686 -1.811695337 -1.733927488 3.554753065 0.012116773 0.841963172 0.465153813 0.273099184
1341848001.534905 -1.803595066 -1.729595184 3.551376343 0.011589383 0.843992829 0.464849681 0.267313689
1341848001.567011 -1.796837568 -1.724433661 3.548794270 0.011488011 0.847380877 0.462580264 0.260448217
1341848001.602899 -1.789471030 -1.721544027 3.546597958 0.009130080 0.849435568 0.463326156 0.252397984
1341848001.634657 -1.777500153 -1.716952801 3.543615818 0.009147761 0.851158500 0.464358836 0.244574100
1341848001.666646 -1.769478440 -1.714558601 3.541350603 0.010857738 0.853491604 0.462933272 0.239012673
1341848001.734859 -1.752964139 -1.712220669 3.537116051 0.008008267 0.855971932 0.463166535 0.229618803
1341848001.770725 -1.742222667 -1.707159758 3.531889677 0.010413385 0.858142197 0.461575031 0.224570826
1341848001.802763 -1.736208081 -1.709622860 3.531482220 0.010265934 0.859616995 0.461073875 0.219918519
1341848001.834761 -1.724730849 -1.708510399 3.528764725 0.008711774 0.859952569 0.463978618 0.212437198
1341848001.870724 -1.714447021 -1.702102184 3.525192499 0.010878497 0.861420989 0.463449776 0.207484677
1341848001.902749 -1.707668662 -1.704592466 3.519386053 0.008498259 0.861764133 0.464134127 0.204621404
1341848001.934732 -1.701207161 -1.702540398 3.517106533 0.009630948 0.861414313 0.467141062 0.199127778
1341848001.970708 -1.688007355 -1.697541952 3.512004375 0.014244624 0.861910820 0.468128026 0.194327146
1341848002.002731 -1.680791855 -1.699948072 3.507749796 0.016061515 0.862155557 0.469208449 0.190455481
1341848002.038858 -1.671657801 -1.697948217 3.507784128 0.017403649 0.862681687 0.470194012 0.185459137
1341848002.070767 -1.661736131 -1.696631908 3.500652075 0.019196024 0.863225698 0.471102476 0.180376038
1341848002.102720 -1.653691530 -1.696081638 3.502902746 0.020860823 0.864522398 0.469972700 0.176894039
1341848002.138653 -1.643980503 -1.694984436 3.497331619 0.019004233 0.864593267 0.470497131 0.175356552
1341848002.171849 -1.634253740 -1.693048954 3.494930029 0.019218419 0.865137815 0.471750736 0.169169918
1341848002.202698 -1.626347184 -1.689063549 3.492495060 0.021659825 0.865652323 0.472136170 0.165119469
1341848002.238731 -1.616588831 -1.687587738 3.487704277 0.020457225 0.865722537 0.472876310 0.162769929
1341848002.270763 -1.608835220 -1.687668562 3.485687494 0.016464802 0.865919769 0.473925352 0.159080714
1341848002.306708 -1.601012111 -1.682376385 3.485205412 0.015053855 0.866268456 0.474526465 0.155489504
1341848002.338850 -1.593706012 -1.681533813 3.483463049 0.013499675 0.865975976 0.476430118 0.151386127
1341848002.370786 -1.584713221 -1.677754164 3.480380058 0.012227029 0.865481496 0.479278177 0.145205691
1341848002.406793 -1.574916363 -1.669969559 3.480022907 0.014060350 0.865719736 0.480027825 0.141085356
1341848002.438766 -1.566432714 -1.667364120 3.472690821 0.011633418 0.865918577 0.480349094 0.138976544
1341848002.474697 -1.563850164 -1.664952993 3.476988792 0.011316308 0.865894079 0.481251925 0.135999978
1341848002.506756 -1.554494023 -1.657641888 3.473559856 0.011111240 0.865557730 0.482420534 0.134003073
1341848002.538812 -1.549106240 -1.656601191 3.470385790 0.009607298 0.865285933 0.483795583 0.130880877
1341848002.574707 -1.542322636 -1.652823925 3.471277237 0.007867220 0.864385784 0.486353278 0.127420023
1341848002.606780 -1.532421231 -1.644987106 3.469007969 0.007043553 0.863813043 0.487947553 0.125238404
1341848002.639359 -1.524272680 -1.641193867 3.465727091 0.003437047 0.863649011 0.488574028 0.124072880
1341848002.674651 -1.519157171 -1.637837172 3.471070766 0.002237303 0.863079548 0.490080148 0.122107342
1341848002.713789 -1.509377956 -1.630438328 3.467561483 0.002426507 0.861647725 0.492807180 0.121237323
1341848002.774760 -1.495518923 -1.623810530 3.469826698 -0.000901797 0.860016286 0.496163994 0.119132429
1341848002.806780 -1.485110283 -1.615662813 3.464046955 0.000094042 0.859205306 0.497936904 0.117580406
1341848002.842833 -1.475667834 -1.611580610 3.464836359 0.002499430 0.860052109 0.496501029 0.117434911
1341848002.875238 -1.467465162 -1.611151218 3.464449644 0.002620025 0.860234737 0.495800942 0.119040728
1341848002.906656 -1.457689762 -1.609009266 3.463188648 0.003715830 0.860339999 0.495656729 0.118852131
1341848002.943323 -1.446707010 -1.602228165 3.465394735 0.004995814 0.861625195 0.492332697 0.123229869
1341848002.974597 -1.438652039 -1.604622841 3.465117693 0.003686638 0.860986114 0.492126673 0.128455356
1341848003.010885 -1.431210995 -1.600964069 3.462951899 0.003092293 0.861255288 0.491126537 0.130477980
1341848003.042638 -1.421365499 -1.600255251 3.462972403 0.003821514 0.862832665 0.488217592 0.130953446
1341848003.074988 -1.412153721 -1.601167679 3.465550900 0.002109837 0.863076627 0.487164527 0.133285612
1341848003.110641 -1.401946545 -1.597179413 3.463061810 0.000612149 0.862371743 0.487838864 0.135380834
1341848003.142626 -1.393835783 -1.596729755 3.461455345 -0.001090535 0.862869680 0.486921906 0.135505721
1341848003.242926 -1.370446801 -1.591201782 3.463488817 -0.010338427 0.864583373 0.483718783 0.135664374
1341848003.278886 -1.360451579 -1.589615107 3.462162018 -0.012816046 0.864110410 0.483858645 0.137948275
1341848003.310739 -1.351895809 -1.585839510 3.461916447 -0.016131129 0.864527524 0.482643068 0.139239296
1341848003.342708 -1.342918277 -1.583605766 3.461878300 -0.018035848 0.864835441 0.481666178 0.140471131
1341848003.378999 -1.334137201 -1.580213547 3.460937738 -0.020830352 0.865630031 0.479083240 0.143979475
1341848003.410779 -1.323988199 -1.579248190 3.465404987 -0.023723004 0.866083562 0.476883769 0.148048431
1341848003.442728 -1.314495206 -1.573565483 3.465420008 -0.022820547 0.865760207 0.476022243 0.152778581
1341848003.478703 -1.305332899 -1.573791981 3.466746569 -0.023530914 0.865054011 0.475232005 0.159004644
1341848003.510700 -1.296346664 -1.569022179 3.466022015 -0.025229819 0.863529682 0.474487126 0.168943495
1341848003.546854 -1.287196994 -1.565822124 3.465415478 -0.026151817 0.862903476 0.474296361 0.172501236
1341848003.578749 -1.277708888 -1.564814091 3.465106726 -0.024178794 0.862399817 0.473993719 0.176101848
1341848003.617886 -1.269385099 -1.562425852 3.462869167 -0.023999918 0.861406565 0.472909033 0.183738664
1341848003.649972 -1.262691259 -1.557696819 3.461032629 -0.023809668 0.860617518 0.471504688 0.190929145
1341848003.685816 -1.250982046 -1.557485580 3.458622694 -0.025025945 0.860260963 0.470742792 0.194232091
1341848003.717853 -1.243605733 -1.555488586 3.457161665 -0.028127613 0.860129118 0.468342990 0.200104132
1341848003.753761 -1.234878302 -1.552256346 3.457736492 -0.031893529 0.859455943 0.466898918 0.205727324
1341848003.785807 -1.226898670 -1.549231768 3.453179121 -0.030153314 0.857974589 0.467767268 0.210152715
1341848003.817941 -1.220585108 -1.546934605 3.451784611 -0.029966632 0.856929779 0.467337459 0.215334907
1341848003.853971 -1.214921832 -1.542069197 3.447084188 -0.030978048 0.855622113 0.467444837 0.220105618
1341848003.885751 -1.204839706 -1.537130237 3.443056107 -0.033914711 0.855486453 0.466627568 0.221926734
1341848003.921688 -1.195340753 -1.537241936 3.439096212 -0.034378350 0.854030073 0.467455268 0.225690991
1341848003.953824 -1.190747142 -1.528246999 3.437647820 -0.034356475 0.853613734 0.465376288 0.231491342
1341848003.985789 -1.181775331 -1.525588155 3.430185080 -0.034118369 0.851882756 0.467937708 0.232735991
1341848004.021643 -1.176366091 -1.519401908 3.421607256 -0.031094057 0.850650907 0.467397958 0.238674313
1341848004.053778 -1.167967319 -1.513779879 3.424089909 -0.033546451 0.851517856 0.464763165 0.240389690
1341848004.089723 -1.159743786 -1.511558056 3.412536144 -0.031976525 0.848507702 0.469363421 0.242301837
1341848004.121698 -1.150488257 -1.506566644 3.408288240 -0.031671587 0.848137140 0.467907816 0.246419653
1341848004.153695 -1.143367767 -1.502340198 3.405022860 -0.031632099 0.847248733 0.467259139 0.250674903
1341848004.189785 -1.135355592 -1.498524427 3.399390936 -0.029511668 0.845388472 0.468869954 0.254181713
1341848004.221773 -1.128116488 -1.492308736 3.395883560 -0.030053841 0.844037235 0.468814582 0.258671284
1341848004.257760 -1.120371699 -1.485148430 3.392254114 -0.032767341 0.843172610 0.467188746 0.264047384
1341848004.289843 -1.111196399 -1.483793020 3.388677835 -0.033237882 0.841538131 0.468355566 0.267117679
1341848004.321820 -1.101856947 -1.480134130 3.385887384 -0.034812916 0.838873625 0.469133615 0.273848236
1341848004.357934 -1.094419003 -1.471400857 3.384236336 -0.035883170 0.837297559 0.467403829 0.281387568
1341848004.389781 -1.086846590 -1.465693474 3.383601189 -0.039008148 0.835705996 0.466477603 0.287180483
1341848004.421857 -1.079387188 -1.461246610 3.380725384 -0.041416291 0.833255768 0.466470391 0.293896109
1341848004.457752 -1.071560621 -1.455204129 3.379481077 -0.043524869 0.831224024 0.466158211 0.299781173
1341848004.489793 -1.063563108 -1.450855732 3.378764629 -0.046339847 0.828957081 0.466448814 0.305136621
1341848004.525726 -1.057678938 -1.446146011 3.378737688 -0.047472160 0.826783955 0.466800034 0.310278058
1341848004.557784 -1.049990654 -1.441724896 3.380525827 -0.048299469 0.824645996 0.467503518 0.314748615
1341848004.589761 -1.043209791 -1.436437726 3.379892349 -0.049972072 0.821805835 0.470347404 0.317665309
1341848004.625757 -1.034529686 -1.433922291 3.375581980 -0.051907580 0.818530917 0.473060459 0.321755499
1341848004.657882 -1.031430721 -1.428993344 3.378313303 -0.053476043 0.817168176 0.472644240 0.325551748
1341848004.689871 -1.023752689 -1.425336123 3.377797842 -0.055753134 0.813880920 0.476333380 0.328018218
1341848004.725815 -1.017961264 -1.422019720 3.375690937 -0.056013182 0.811163545 0.477870256 0.332440078
1341848004.757723 -1.014899969 -1.416157007 3.380258083 -0.058171302 0.810867071 0.475179642 0.336623013
1341848004.789709 -1.008950710 -1.414651155 3.379145622 -0.061043102 0.808111548 0.477890879 0.338894874
1341848004.825782 -1.003284454 -1.413935304 3.376399040 -0.060310233 0.805532038 0.480074108 0.342066795
1341848004.857706 -1.001633406 -1.410883069 3.379573345 -0.061181936 0.804407954 0.479131281 0.345858186
1341848004.889791 -0.997108698 -1.408872485 3.377777100 -0.061891820 0.802224517 0.481018811 0.348175466
1341848004.925788 -0.993834734 -1.406832576 3.379027128 -0.062178183 0.800833762 0.481093198 0.351210028
1341848004.957758 -0.988632202 -1.406375408 3.379777670 -0.063118786 0.799072444 0.481855005 0.353998750
1341848004.993849 -0.988330126 -1.402111053 3.378703117 -0.061319038 0.796713591 0.482650071 0.358519793
1341848005.025661 -0.986284971 -1.400497317 3.379624128 -0.062466573 0.795642734 0.481982231 0.361584991
1341848005.057739 -0.981413126 -1.398997307 3.379895210 -0.064793676 0.794647872 0.480365783 0.365493327
1341848005.093879 -0.981487751 -1.398944259 3.383119106 -0.064886473 0.794329047 0.479061961 0.367873341
1341848005.125700 -0.976356030 -1.396610975 3.382644176 -0.064606443 0.791918159 0.481268853 0.370232254
1341848005.157668 -0.971254110 -1.399763703 3.383193970 -0.063554049 0.790225387 0.481804967 0.373321354
1341848005.193749 -0.972538471 -1.395939708 3.384841681 -0.062273264 0.789191484 0.479615420 0.378507525
1341848005.225713 -0.971479654 -1.394236088 3.384727478 -0.062359631 0.788005114 0.479182184 0.381501883
1341848005.257748 -0.964113712 -1.396111608 3.389745235 -0.065267287 0.788185179 0.476859629 0.383548170
1341848005.293718 -0.963788748 -1.394388437 3.392966747 -0.064831302 0.787318945 0.474301159 0.388541281
1341848005.325870 -0.961704731 -1.392004967 3.393975973 -0.065745443 0.785657048 0.474410981 0.391605467
1341848005.357655 -0.953879118 -1.395898104 3.392635345 -0.066207416 0.783214390 0.476594746 0.393763006
1341848005.393694 -0.952656269 -1.393990874 3.394747257 -0.063844979 0.781730413 0.474839479 0.399185359
1341848005.425692 -0.952765465 -1.389225125 3.397995472 -0.062904604 0.780603170 0.473599523 0.402995259
1341848005.461850 -0.945837021 -1.393913627 3.396154165 -0.064739950 0.777905643 0.475949943 0.405145943
1341848005.493689 -0.945177078 -1.392708778 3.399809837 -0.063330293 0.776880562 0.474449217 0.409076840
1341848005.525844 -0.941724539 -1.390194654 3.399673700 -0.063969612 0.774416864 0.475312203 0.412631482
1341848005.561789 -0.935885906 -1.390633225 3.401322365 -0.065397717 0.773219049 0.474427015 0.415661544
1341848005.593673 -0.933867216 -1.391152143 3.403255224 -0.065687783 0.771939576 0.473428339 0.419118255
1341848005.629831 -0.930221796 -1.391204715 3.404398918 -0.066350654 0.770470798 0.472632140 0.422600657
1341848005.661802 -0.926269293 -1.391773462 3.404773712 -0.066579022 0.768967211 0.472353786 0.425603807
1341848005.693760 -0.921784639 -1.392818689 3.406881571 -0.066298015 0.767882347 0.470895559 0.429207057
1341848005.729741 -0.920502424 -1.394187093 3.406555653 -0.065038338 0.766408801 0.469648272 0.433379918
1341848005.761746 -0.916166782 -1.395372272 3.406137466 -0.065856434 0.765316844 0.468475997 0.436444074
1341848005.797852 -0.909133673 -1.398659229 3.413202286 -0.066012971 0.765956700 0.465865910 0.438088566
1341848005.829917 -0.909977198 -1.396903515 3.415839672 -0.064034425 0.764540315 0.463367194 0.443473399
1341848005.861699 -0.906909943 -1.397818804 3.414609909 -0.063335449 0.762299955 0.464081556 0.446671873
1341848005.897793 -0.900974751 -1.399496794 3.418024778 -0.063673474 0.762187779 0.461827755 0.449144363
1341848005.929656 -0.900995731 -1.398799181 3.420961857 -0.061356053 0.761009395 0.459800154 0.453523993
1341848005.965681 -0.898166180 -1.399229288 3.421936512 -0.061800215 0.759401321 0.459091336 0.456864864
1341848005.997804 -0.890406847 -1.404417515 3.425909758 -0.063477352 0.759321332 0.457929164 0.457933098
1341848006.029768 -0.887614012 -1.406675816 3.427373409 -0.061069082 0.758213222 0.455225855 0.462766469
1341848006.065849 -0.889560938 -1.403811812 3.425969601 -0.058144704 0.756101549 0.453210354 0.468540341
1341848006.097854 -0.883320332 -1.405061841 3.426126003 -0.057845172 0.755774438 0.451034307 0.471197367
1341848006.133683 -0.880537510 -1.408493280 3.428125858 -0.055016942 0.756648540 0.447023004 0.473947912
1341848006.165815 -0.879330635 -1.407380819 3.432562351 -0.050300360 0.756955087 0.444184303 0.476643682
1341848006.197589 -0.876933575 -1.408547401 3.433786869 -0.047263622 0.755981266 0.442705542 0.479864895
1341848006.233778 -0.872502327 -1.409265757 3.432135105 -0.043644499 0.754324317 0.440994710 0.484369308
1341848006.265787 -0.871936321 -1.406436682 3.436568737 -0.041542996 0.754729986 0.435933262 0.488486469
1341848006.301762 -0.869014263 -1.410389185 3.437785864 -0.038972389 0.753418803 0.435948551 0.490703821
1341848006.333717 -0.864204407 -1.413638949 3.439319849 -0.035816703 0.751282692 0.435950994 0.494204730
1341848006.366035 -0.864047050 -1.407791138 3.445210934 -0.036549728 0.750829935 0.430675060 0.499437243
1341848006.401760 -0.858847141 -1.410578609 3.446486473 -0.038277738 0.750075102 0.431107998 0.500068128
1341848006.433710 -0.854616165 -1.413900018 3.450791121 -0.037534256 0.749485016 0.430042416 0.501923323
1341848006.469715 -0.854221344 -1.411507130 3.454092503 -0.036161646 0.748042643 0.429468632 0.504659593
1341848006.501659 -0.848539829 -1.413133144 3.455727577 -0.036438201 0.746763945 0.430867344 0.505340636
1341848006.533741 -0.843393326 -1.414170027 3.454818726 -0.035230748 0.745150626 0.431058317 0.507639706
1341848006.569740 -0.841526031 -1.412385821 3.462031841 -0.035767678 0.745955050 0.427635282 0.509313107
1341848006.601774 -0.837526321 -1.418941736 3.464264393 -0.036453169 0.744976044 0.429664195 0.508989811
1341848006.637780 -0.831431866 -1.422502756 3.465812683 -0.034965567 0.744583130 0.429741055 0.509603798
1341848006.670119 -0.831880093 -1.420634031 3.470518351 -0.033089861 0.744654655 0.427994877 0.511092007
1341848006.701798 -0.825648308 -1.424025297 3.472643614 -0.034629501 0.744373262 0.429093987 0.510477841
1341848006.737817 -0.819326401 -1.432522416 3.480237007 -0.035211459 0.745863914 0.428436875 0.508811414
1341848006.769742 -0.815593243 -1.434465647 3.482764244 -0.032594435 0.745409608 0.429636210 0.508640289
1341848006.801940 -0.812980652 -1.436139226 3.487630844 -0.030985065 0.746016920 0.428584844 0.508737326
1341848006.837619 -0.808905125 -1.438929558 3.490828037 -0.029492564 0.746476531 0.429210663 0.507623076
1341848006.870724 -0.804801464 -1.443561077 3.494989395 -0.027704148 0.747404933 0.428768873 0.506730318
1341848006.901756 -0.803151131 -1.448418498 3.500513554 -0.026929110 0.748878837 0.427603453 0.505579591
1341848006.937738 -0.800105095 -1.450024366 3.502599955 -0.025070488 0.750306547 0.426705658 0.504315317
1341848006.969708 -0.796887398 -1.454921722 3.508880615 -0.023849286 0.752893686 0.426209241 0.500927210
1341848007.005802 -0.793315887 -1.459831834 3.513048410 -0.021264181 0.754255474 0.427842945 0.497591108
1341848007.037835 -0.792338371 -1.462749958 3.518702269 -0.018276377 0.756047964 0.428532481 0.494385928
1341848007.069678 -0.791768074 -1.467535377 3.523806334 -0.017732358 0.757577837 0.430180579 0.490618050
1341848007.105687 -0.788898468 -1.472739577 3.528366804 -0.017969610 0.759426773 0.431939512 0.486185551
1341848007.137866 -0.785299778 -1.477646470 3.533955336 -0.016981229 0.761395752 0.432720929 0.482432187
1341848007.169651 -0.785640717 -1.484632254 3.541753292 -0.016887400 0.763105929 0.434065789 0.478509367
1341848007.205747 -0.782766819 -1.488704681 3.546336412 -0.016155412 0.764205039 0.436780185 0.474291891
1341848007.237921 -0.779555798 -1.496312737 3.553168774 -0.014502065 0.765372336 0.439158022 0.470250070
1341848007.298875 -0.776504040 -1.502546072 3.562806129 -0.010992907 0.765435934 0.443440557 0.466205508
1341848007.331423 -0.775464535 -1.509022236 3.570824385 -0.011118627 0.767682374 0.441876590 0.463988394
1341848007.366699 -0.771707535 -1.515302420 3.575362682 -0.011859729 0.768969953 0.440996438 0.462673545
1341848007.398700 -0.767832756 -1.523136377 3.580396175 -0.011317213 0.769816935 0.441169977 0.461110592
1341848007.434791 -0.765088081 -1.529022098 3.584787846 -0.009845468 0.770420969 0.440427482 0.460845262
1341848007.466689 -0.767120361 -1.531392813 3.595285416 -0.009506712 0.772402525 0.437232524 0.460577607
1341848007.498756 -0.762922764 -1.538738489 3.604161263 -0.010650815 0.773602664 0.439111382 0.456734836
1341848007.534834 -0.755167484 -1.549133062 3.607889652 -0.009869054 0.773540914 0.441969037 0.454092979
1341848007.566719 -0.755902290 -1.551843166 3.616524935 -0.008508711 0.774298131 0.440660775 0.454101503
1341848007.598725 -0.753513813 -1.551705003 3.621262550 -0.011078673 0.776049316 0.439559072 0.452120095
1341848007.634799 -0.747802258 -1.559501171 3.624077320 -0.011165047 0.777641654 0.441072553 0.447888196
1341848007.666675 -0.746548176 -1.564714313 3.633535385 -0.007596571 0.778848171 0.444002151 0.442944735
1341848007.702797 -0.741827965 -1.567013025 3.637716770 -0.005800508 0.778531551 0.450194538 0.437241405
1341848007.734605 -0.732670784 -1.576749086 3.629939795 -0.004046415 0.777702987 0.455284029 0.433449298
1341848007.766913 -0.732455254 -1.576821566 3.641969681 -0.002371114 0.782986641 0.449497491 0.429974735
1341848007.802889 -0.729041576 -1.584154487 3.649218082 -0.003949292 0.784430563 0.451836944 0.424848884
1341848007.834962 -0.722190380 -1.586297154 3.652064800 -0.002064149 0.785280943 0.454585016 0.420335680
1341848007.866745 -0.720079422 -1.589107275 3.659195662 -0.002103327 0.787500918 0.454541206 0.416209310
1341848007.902779 -0.719115257 -1.586378217 3.666026831 -0.005109228 0.790425539 0.454345226 0.410818368
1341848007.934851 -0.704635143 -1.602653623 3.662944078 -0.003674442 0.790537655 0.463379741 0.400394648
1341848007.970690 -0.699834824 -1.610835075 3.668340683 0.002114481 0.790804148 0.465687752 0.397189200
1341848008.002709 -0.699285507 -1.609027743 3.679462910 0.003214982 0.793162227 0.464141250 0.394279420
1341848008.034820 -0.693833351 -1.612959504 3.679428339 0.003604747 0.793488204 0.468313664 0.388646096
1341848008.070825 -0.685879707 -1.619732857 3.683457613 0.004102101 0.794184744 0.471035689 0.383899957
1341848008.103209 -0.682343960 -1.619551063 3.691371202 0.003577026 0.795710742 0.470892996 0.380908698
1341848008.138809 -0.674112082 -1.622360945 3.693598747 0.002407117 0.797123492 0.472366035 0.376110077
1341848008.171058 -0.669119120 -1.623932719 3.699997425 0.002975723 0.798987746 0.472319752 0.372187972
1341848008.202734 -0.661309719 -1.626939774 3.708567619 0.004396089 0.800536036 0.474008948 0.366658241
1341848008.238657 -0.654232979 -1.631568909 3.716586351 0.004356885 0.801194191 0.476636231 0.361783028
1341848008.270710 -0.647574425 -1.632688403 3.720458031 0.004459389 0.801389098 0.479736537 0.357223392
1341848008.302748 -0.641722202 -1.635820389 3.724545956 0.004932841 0.801605940 0.482857227 0.352494776
1341848008.338769 -0.634068251 -1.638078570 3.727522850 0.005680639 0.801556110 0.485644847 0.348747224
1341848008.370731 -0.628810406 -1.641005158 3.734604836 0.004646652 0.802580714 0.486250430 0.345547676
1341848008.438870 -0.614454746 -1.650185704 3.741601944 0.006323289 0.804044068 0.490157485 0.336480021
1341848008.470807 -0.608321905 -1.653233051 3.749478817 0.007069956 0.805282295 0.490792960 0.332554847
1341848008.506855 -0.604564667 -1.655233145 3.752392769 0.007858224 0.806044459 0.492304862 0.328430533
1341848008.538786 -0.596070766 -1.663697720 3.752323627 0.009765772 0.806301117 0.495471865 0.322941035
1341848008.570727 -0.591092587 -1.667914867 3.760010242 0.012191443 0.807191908 0.495987028 0.319827318
1341848008.606698 -0.586250305 -1.669677734 3.763353348 0.014537380 0.807266414 0.498394907 0.315772355
1341848008.638714 -0.579638243 -1.677194357 3.764955997 0.015355546 0.807869732 0.500138938 0.311402917
1341848008.674639 -0.575575590 -1.679571152 3.769788027 0.017059436 0.808810472 0.500358284 0.308506578
1341848008.706785 -0.568879604 -1.681061983 3.772527933 0.016456733 0.810395479 0.500123262 0.304737806
1341848008.738678 -0.563622713 -1.688115001 3.775299072 0.016412282 0.811817586 0.500347257 0.300558656
1341848008.775071 -0.558625221 -1.690506339 3.779679060 0.015568017 0.812696457 0.500076532 0.298673213
1341848008.806865 -0.554345369 -1.692334175 3.780488491 0.014805354 0.813760340 0.499681741 0.296467781
1341848008.838798 -0.549065590 -1.694780588 3.785797119 0.013647673 0.815342784 0.498980850 0.293339491
1341848008.874631 -0.542840719 -1.701234341 3.788624763 0.013348052 0.815497160 0.500967503 0.289513290
1341848008.906680 -0.538049698 -1.702524424 3.792843580 0.013908287 0.816452503 0.501310527 0.286181092
1341848008.943051 -0.534397125 -1.702071190 3.795572519 0.012764254 0.818017125 0.500768602 0.282694012
1341848008.974723 -0.526619196 -1.710296154 3.797107458 0.011309065 0.818553269 0.502634287 0.277851641
1341848009.006825 -0.519047976 -1.715050697 3.802560806 0.012028199 0.819005370 0.503598809 0.274725109
1341848009.042740 -0.514537334 -1.714727759 3.812588453 0.010097677 0.820201159 0.503056347 0.272217542
1341848009.110807 -0.501765728 -1.716754913 3.814886808 0.008331249 0.821536064 0.504542351 0.265417039
1341848009.142732 -0.496695518 -1.715673447 3.819628954 0.004959177 0.823998511 0.502652705 0.261423141
1341848009.174693 -0.493624210 -1.714210272 3.821411610 0.004918287 0.826293588 0.502069116 0.255228013
1341848009.210697 -0.486684799 -1.718489647 3.829902411 0.005842950 0.827784300 0.503914297 0.246595547
1341848009.242869 -0.479843378 -1.718607903 3.834624529 0.007998437 0.827393711 0.508213639 0.238902986
1341848009.274683 -0.477278471 -1.714889050 3.834050179 0.009129664 0.827350080 0.511176348 0.232609689
1341848009.310898 -0.471615791 -1.715756655 3.840003252 0.007201423 0.829432011 0.511608899 0.224158511
1341848009.342882 -0.465754986 -1.716848135 3.837739944 0.008053754 0.828492045 0.515893042 0.217693701
1341848009.378700 -0.459377289 -1.716009617 3.841914892 0.008711926 0.829103887 0.517026782 0.212588966
1341848009.442927 -0.444175243 -1.719927311 3.846609354 0.006716988 0.828988254 0.521537125 0.201822728
1341848009.479022 -0.438128948 -1.718949318 3.853041172 0.006278771 0.829831660 0.521719038 0.197861597
1341848009.510631 -0.428259373 -1.720230341 3.852866888 0.005080679 0.828721523 0.524807215 0.194351152
1341848009.542815 -0.424258709 -1.719097853 3.852422476 0.004988417 0.829192340 0.524312317 0.193679601
1341848009.578814 -0.417932510 -1.716773987 3.858212471 0.004098921 0.830120325 0.523471415 0.191992596
1341848009.610955 -0.409439325 -1.716747046 3.856718302 0.002712299 0.829407573 0.524941802 0.191080719
1341848009.646873 -0.400667667 -1.717340469 3.858419180 0.002476636 0.830590606 0.523134112 0.190902919
1341848009.678666 -0.392966509 -1.714409828 3.861320972 0.000084976 0.831864476 0.520620406 0.192239225
1341848009.710835 -0.384129286 -1.713063478 3.862834930 -0.001833664 0.832487464 0.519705057 0.192010313
1341848009.746819 -0.374531031 -1.713666677 3.862486601 -0.002363812 0.833076060 0.518613577 0.192402676
1341848009.778767 -0.365303516 -1.712325335 3.865619421 -0.002118560 0.834256589 0.516318440 0.193460166
1341848009.810661 -0.359877348 -1.708394766 3.866739511 -0.001282229 0.834385395 0.516023934 0.193697423
1341848009.846800 -0.345726490 -1.707325697 3.866077662 -0.000056788 0.833627880 0.518160880 0.191242948
1341848009.878688 -0.341730833 -1.704930305 3.864573717 0.001752646 0.833307505 0.517935693 0.193230823
1341848009.914782 -0.336365700 -1.700376272 3.865530252 0.000037882 0.833295584 0.517679930 0.193974435
1341848009.946990 -0.326488972 -1.700381041 3.861116886 -0.000834122 0.832859755 0.518790662 0.192873701
1341848009.978905 -0.314439297 -1.697777510 3.858567715 -0.001293838 0.833265603 0.517526686 0.194506735
1341848010.014819 -0.308659077 -1.691538334 3.860695839 -0.000650644 0.834233940 0.515591443 0.195496187
1341848010.046835 -0.300285101 -1.689232826 3.856122732 -0.000919976 0.833539605 0.517360747 0.193775013
1341848010.082650 -0.292422533 -1.684864044 3.853463888 -0.001061445 0.833778560 0.517220676 0.193119332
1341848010.114748 -0.288965940 -1.677635670 3.848941803 -0.000039762 0.833646297 0.517738283 0.192304403
1341848010.146752 -0.279186249 -1.673927784 3.842326164 -0.000505116 0.832109690 0.521262825 0.189415678
1341848010.182709 -0.269547224 -1.671601772 3.831135750 -0.000690879 0.830906868 0.523899257 0.187411025
1341848010.214739 -0.265908957 -1.664900541 3.824177504 -0.000018546 0.831663132 0.523028791 0.186486751
1341848010.246831 -0.258006573 -1.661561012 3.815802336 0.000249952 0.831335008 0.524697483 0.183234185
1341848010.282749 -0.251572132 -1.655392885 3.808128595 0.001583011 0.831380367 0.525273204 0.181362107
1341848010.314754 -0.245299578 -1.652691364 3.802758455 0.001858464 0.831182718 0.526660442 0.178215101
1341848010.351054 -0.239129782 -1.648862362 3.793553352 0.001943221 0.831076741 0.527465880 0.176316351
1341848010.382819 -0.232094765 -1.646221876 3.786017895 0.002335556 0.831032991 0.528562188 0.173207328
1341848010.414692 -0.228235483 -1.642627716 3.777305603 0.003611776 0.829872966 0.530904770 0.171575129
1341848010.450872 -0.224780560 -1.638282776 3.765257120 0.003893121 0.829081595 0.532756567 0.169644088
1341848010.483088 -0.221024275 -1.634962559 3.758715868 0.004275860 0.829762161 0.532683074 0.166509375
1341848010.514760 -0.215893507 -1.630835772 3.757430792 0.003696656 0.830206692 0.533356190 0.162093595
1341848010.550631 -0.209600210 -1.630800962 3.744162560 0.003903070 0.828142941 0.537528455 0.158830866
1341848010.582861 -0.209444523 -1.625659704 3.739507437 0.004670828 0.829735816 0.535585582 0.157050297
1341848010.618690 -0.206785321 -1.623739481 3.734279394 0.002555724 0.828967214 0.537826180 0.153459772
1341848010.650956 -0.198969007 -1.625242710 3.719865799 0.003325638 0.827408314 0.541374981 0.149324164
1341848010.682633 -0.200219750 -1.619587898 3.719792604 0.004241085 0.829236925 0.538843632 0.148309559
1341848010.718753 -0.199694276 -1.618027210 3.713836193 0.003317579 0.828805447 0.540249407 0.145606175
1341848010.750922 -0.196126103 -1.617873430 3.705103874 0.002104325 0.828079581 0.542222619 0.142388508
1341848010.782711 -0.194060683 -1.618689060 3.697577477 0.003135747 0.828656495 0.542521775 0.137799665
1341848010.818844 -0.192169905 -1.616036892 3.695330858 0.004051616 0.830964148 0.540006816 0.133696929
1341848010.850765 -0.191444635 -1.614470005 3.689955711 0.004820091 0.831085742 0.540673137 0.130176574
1341848010.886687 -0.189593554 -1.613859415 3.684339285 0.006718236 0.831721425 0.540464938 0.126854494
1341848010.918833 -0.193017125 -1.609619141 3.681090832 0.007614058 0.832659066 0.539261699 0.125769123
1341848010.950793 -0.189973116 -1.609048605 3.676155806 0.006789108 0.832909822 0.539870739 0.121469162
1341848010.986761 -0.183439493 -1.608285904 3.673842192 0.005559126 0.833748639 0.539477825 0.117456667
1341848011.018704 -0.182669640 -1.605855227 3.672273636 0.006720526 0.833990693 0.539413750 0.115962185
1341848011.051016 -0.182970881 -1.604561090 3.667599916 0.007529014 0.833707273 0.540179610 0.114374898
1341848011.086749 -0.179852486 -1.606202841 3.663902044 0.007702338 0.833673775 0.540944278 0.110941581
1341848011.118701 -0.178280830 -1.604364634 3.663733482 0.008125711 0.834327102 0.540388167 0.108687170
1341848011.154630 -0.174208760 -1.602279425 3.664086103 0.008723411 0.835040808 0.539970577 0.105179019
1341848011.186671 -0.177688122 -1.599477291 3.661639452 0.010247178 0.834583998 0.540642798 0.105213650
1341848011.219095 -0.178150177 -1.599151611 3.656858206 0.008071369 0.833618879 0.542521834 0.103366211
1341848011.254693 -0.173249722 -1.597609043 3.653380632 0.005415459 0.834396660 0.542178571 0.098971702
1341848011.286627 -0.169139147 -1.596536398 3.653687000 0.004064399 0.835422337 0.541288435 0.095183395
1341848011.322712 -0.167859197 -1.595143795 3.648637772 0.004447686 0.835434139 0.542042136 0.090666510
1341848011.354750 -0.163935423 -1.594139338 3.643453598 0.005445654 0.836074114 0.541751862 0.086345226
1341848011.386749 -0.162845671 -1.591849804 3.645672083 0.006621012 0.837556839 0.540039361 0.082536578
1341848011.422722 -0.159771264 -1.590667725 3.639219761 0.006947689 0.836342633 0.542564452 0.078145303
1341848011.454654 -0.160450399 -1.588794231 3.634869337 0.008391515 0.837090254 0.541871548 0.074731715
1341848011.486754 -0.157668769 -1.586620569 3.637731075 0.007515558 0.838376105 0.540617526 0.069294974
1341848011.522854 -0.154779732 -1.583472490 3.636010885 0.008078716 0.837965190 0.541891694 0.064051740
1341848011.554674 -0.150357783 -1.584863186 3.627536297 0.008640071 0.836496711 0.544677436 0.059373043
1341848011.590867 -0.151799440 -1.579988003 3.629655838 0.008159890 0.837913394 0.542644501 0.058066100
1341848011.622723 -0.150529802 -1.575688839 3.629456758 0.007148551 0.838012278 0.542943954 0.053817060
1341848011.654892 -0.147326112 -1.574871540 3.623886824 0.008242916 0.837105215 0.544690073 0.049996696
1341848011.690778 -0.149128437 -1.571158409 3.624230623 0.008886020 0.837104440 0.544806957 0.048607085
1341848011.722610 -0.149731457 -1.569973469 3.621154070 0.007677975 0.836178601 0.546600342 0.044434898
1341848011.754796 -0.144733816 -1.566323042 3.617668390 0.004667148 0.835550368 0.547987580 0.039286092
1341848011.790831 -0.145042717 -1.561824799 3.613669872 0.005192740 0.834867775 0.549269140 0.035668381
1341848011.822705 -0.146067396 -1.556485891 3.609839439 0.006667808 0.834127188 0.550655007 0.031089609
1341848011.858763 -0.146049976 -1.554030180 3.602835894 0.008711169 0.833007574 0.552550673 0.026653659
1341848011.890689 -0.149533197 -1.550493956 3.599263191 0.010991762 0.832608640 0.553196430 0.024816332
1341848011.922914 -0.148649111 -1.547704935 3.593096972 0.011828458 0.831182003 0.555472255 0.021144044
1341848011.958828 -0.147975877 -1.543583632 3.588999033 0.012168682 0.831717730 0.554754913 0.018562606
1341848011.990755 -0.151025057 -1.540056229 3.587511063 0.011062602 0.832026362 0.554335415 0.017944930
1341848012.022737 -0.150476322 -1.535443068 3.580835819 0.009173267 0.830664873 0.556457579 0.016334567
1341848012.058861 -0.152319074 -1.530340433 3.575647593 0.008265297 0.830006540 0.557462990 0.015998563
1341848012.090822 -0.152957469 -1.525480986 3.568791866 0.006439913 0.829130173 0.558823764 0.014754909
1341848012.126859 -0.152790189 -1.520234585 3.561050653 0.004883326 0.828535080 0.559750319 0.013615506
1341848012.190967 -0.149070680 -1.509773731 3.550110102 0.004286373 0.827318132 0.561532557 0.014406314
1341848012.226750 -0.149553388 -1.503602266 3.542137146 0.003977032 0.825698078 0.563875020 0.015872095
1341848012.258713 -0.148954377 -1.498106956 3.535204411 0.002862836 0.824727893 0.565233529 0.018077180
1341848012.295247 -0.149867997 -1.490280628 3.531306982 0.000352121 0.824423552 0.565558374 0.021667711
1341848012.326868 -0.150010034 -1.485349417 3.522728205 -0.003106215 0.822794080 0.567814529 0.024229456
1341848012.358782 -0.150049418 -1.478519917 3.515381813 -0.007034450 0.822522759 0.568036020 0.027238443
1341848012.394721 -0.147804916 -1.471339703 3.512185574 -0.010753280 0.822121739 0.568448603 0.029436219
1341848012.426830 -0.148903728 -1.466571093 3.500575781 -0.012457117 0.819123030 0.572569251 0.032355379
1341848012.458805 -0.147043422 -1.460475683 3.491646528 -0.015382910 0.818524301 0.573274732 0.033727180
1341848012.494697 -0.146619737 -1.454548120 3.486396074 -0.017870987 0.818518460 0.573079705 0.035887744
1341848012.526756 -0.143980771 -1.449681044 3.478260279 -0.020384565 0.816765308 0.575386524 0.037540082
1341848012.562690 -0.143052250 -1.445391417 3.467258215 -0.021235064 0.815317333 0.577186227 0.040776744
1341848012.594669 -0.143950582 -1.441217899 3.464068651 -0.024208887 0.816137314 0.575582683 0.045149010
1341848012.626774 -0.139401704 -1.436498642 3.457880020 -0.028727034 0.815278888 0.576433837 0.047108155
1341848012.662763 -0.134820104 -1.428672552 3.454565048 -0.030546043 0.816081703 0.574916661 0.050482139
1341848012.695339 -0.135149121 -1.424854279 3.449217081 -0.030851504 0.814953625 0.575981736 0.056070074
1341848012.726854 -0.133865476 -1.420529842 3.444272518 -0.035025019 0.814138949 0.576332152 0.061580833
1341848012.762672 -0.127734840 -1.416322947 3.441296101 -0.038408410 0.814244449 0.575643659 0.064538069
1341848012.794727 -0.123876214 -1.413797617 3.438060522 -0.039978497 0.813373268 0.575945377 0.071502306
1341848012.830669 -0.125374794 -1.410452366 3.432978153 -0.042275183 0.811917543 0.576516569 0.081434146
1341848012.862795 -0.122154236 -1.407527685 3.423932314 -0.047974836 0.811334610 0.575896025 0.088195205
1341848012.894740 -0.121242523 -1.402609348 3.426672935 -0.051221769 0.813946724 0.570909739 0.094494015
1341848012.930848 -0.119200945 -1.399687290 3.422652245 -0.053628027 0.812998712 0.570868433 0.101323351
1341848012.962752 -0.119943500 -1.397182703 3.418383598 -0.056666873 0.812842369 0.569510996 0.108320825
1341848012.994842 -0.116662979 -1.393374443 3.421132326 -0.061538812 0.814433932 0.565858305 0.112760209
1341848013.030944 -0.112923622 -1.390733004 3.419046879 -0.063629851 0.813144088 0.566462219 0.117764801
1341848013.062714 -0.111651659 -1.385747194 3.416705132 -0.065064631 0.812848032 0.565221906 0.124775268
1341848013.098784 -0.110447049 -1.383795500 3.416126251 -0.065964043 0.813094795 0.563229680 0.131521955
1341848013.130817 -0.107596517 -1.380485773 3.418890238 -0.066815309 0.813444495 0.561174750 0.137574077
1341848013.162759 -0.104755282 -1.380105972 3.416621685 -0.064645387 0.811250865 0.562990308 0.143996224
1341848013.198719 -0.105973005 -1.375950813 3.418081045 -0.060777701 0.810404778 0.562366843 0.152622923
1341848013.230855 -0.103915691 -1.375079632 3.417676926 -0.060233705 0.809071124 0.562908888 0.157827482
1341848013.262723 -0.099373341 -1.372361183 3.421726227 -0.060961455 0.808486402 0.562069535 0.163435653
1341848013.298709 -0.097673655 -1.370131969 3.420772791 -0.059614174 0.805654049 0.563838542 0.171621397
1341848013.330754 -0.098516464 -1.366595984 3.421393633 -0.060803398 0.804821193 0.562574029 0.179098621
1341848013.366705 -0.095938206 -1.365556240 3.424695492 -0.064328045 0.804099977 0.561221063 0.185246110
1341848013.398748 -0.088084221 -1.366509199 3.431313992 -0.067017630 0.802997172 0.561159194 0.189220801
1341848013.430850 -0.082816362 -1.365509987 3.434074402 -0.066376977 0.799397171 0.563995600 0.196130723
1341848013.466959 -0.083643198 -1.363673925 3.428593159 -0.065920681 0.793944597 0.567564726 0.207790300
1341848013.498782 -0.083118200 -1.363624096 3.427396297 -0.068466358 0.792191446 0.566475749 0.216449440
1341848013.534779 -0.076671362 -1.362602234 3.430689335 -0.073272370 0.791483104 0.564344168 0.222938195
1341848013.566664 -0.069929361 -1.359936595 3.435491562 -0.076556571 0.790793836 0.561524451 0.231245711
1341848013.598764 -0.067792177 -1.361706853 3.437645435 -0.076192327 0.789221168 0.560265481 0.239639580
1341848013.634812 -0.058776855 -1.362732410 3.440093517 -0.080190212 0.787013888 0.560612440 0.244729340
1341848013.666669 -0.054626465 -1.362050891 3.438239098 -0.080093220 0.785324335 0.558799982 0.254152179
1341848013.698821 -0.052640438 -1.362677693 3.441168308 -0.080702767 0.786353350 0.553347409 0.262568414
1341848013.734623 -0.046538115 -1.364665031 3.441708088 -0.083517276 0.786031425 0.550192952 0.269197434
1341848013.766827 -0.044483662 -1.361219525 3.445444345 -0.083235405 0.787394643 0.544602215 0.276568145
1341848013.802717 -0.040774584 -1.362803221 3.448957443 -0.082328618 0.787010908 0.542514026 0.281982958
1341848013.834802 -0.039109707 -1.361671686 3.448432922 -0.081943236 0.784498930 0.542207956 0.289581269
1341848013.866791 -0.036035061 -1.361096144 3.446516275 -0.081578709 0.783421576 0.540784895 0.295206964
1341848013.902735 -0.034860611 -1.358888030 3.450843096 -0.083974972 0.783816457 0.535654962 0.302743614
1341848013.966740 -0.023728609 -1.358549356 3.454554081 -0.085902937 0.780127883 0.534724236 0.313195258
1341848014.002717 -0.019012213 -1.361029029 3.455375671 -0.086438328 0.778028131 0.534628630 0.318391025
1341848014.034942 -0.013430119 -1.358070970 3.460071564 -0.087161504 0.776878595 0.532121599 0.325129628
1341848014.070990 -0.012336731 -1.353893638 3.460099697 -0.087699316 0.774134696 0.529974937 0.334889501
1341848014.102686 -0.009647369 -1.347921371 3.462863445 -0.092034444 0.772731721 0.525908530 0.343271852
1341848014.134725 0.000029087 -1.349446893 3.466165543 -0.096928336 0.770765960 0.524696171 0.348164707
1341848014.170724 0.006881714 -1.347115159 3.469347954 -0.098386414 0.767848492 0.524304807 0.354729891
1341848014.202658 0.014525890 -1.349115372 3.464507103 -0.100925528 0.762262881 0.526705325 0.362423778
1341848014.234751 0.027474880 -1.349525452 3.469115496 -0.104639098 0.761551321 0.523231924 0.367856801
1341848014.270714 0.032442570 -1.346148610 3.475730419 -0.105710283 0.759974837 0.519037187 0.376648486
1341848014.302738 0.041050434 -1.346841097 3.475043535 -0.105190277 0.756323159 0.519762039 0.383089691
1341848014.338694 0.050200939 -1.346348286 3.479413509 -0.104984403 0.754600286 0.517389536 0.389698476
1341848014.370553 0.057277203 -1.346720576 3.483738899 -0.106503211 0.750814438 0.514667451 0.400065213
1341848014.438848 0.075799942 -1.344876766 3.493554592 -0.110306203 0.746975362 0.506697178 0.416075021
1341848014.470783 0.083641052 -1.345745325 3.494881630 -0.112195268 0.742884755 0.502828360 0.427432090
1341848014.506633 0.091681480 -1.343843460 3.503395557 -0.113565899 0.741964102 0.496669412 0.435788512
1341848014.538728 0.099040031 -1.348767996 3.502826691 -0.115054607 0.736768782 0.494486839 0.446561337
1341848014.570790 0.103006363 -1.347891688 3.504336357 -0.113061555 0.735825181 0.488125801 0.455534428
1341848014.606858 0.109158039 -1.344119906 3.515745640 -0.111740492 0.736072719 0.481080890 0.462895572
1341848014.638688 0.115923405 -1.348490715 3.516634464 -0.111157455 0.731458783 0.480382144 0.471004337
1341848014.670828 0.127198219 -1.352090120 3.517619371 -0.110398136 0.728636920 0.478579909 0.477348775
1341848014.706765 0.135829926 -1.354638934 3.520742655 -0.110592693 0.727213144 0.474324644 0.483680099
1341848014.738691 0.141175747 -1.353237867 3.523609638 -0.108447731 0.727110445 0.468505234 0.489951372
1341848014.774750 0.149853230 -1.356550217 3.530722141 -0.105482899 0.726554334 0.465586394 0.494187742
1341848014.806669 0.151978493 -1.353264093 3.530775547 -0.098263383 0.722855508 0.464065939 0.502461076
1341848014.838740 0.159432888 -1.354849577 3.531837463 -0.095652677 0.719924271 0.463356763 0.507799327
1341848014.874686 0.171103477 -1.355620980 3.545275927 -0.096717127 0.720231354 0.458532959 0.511527300
1341848014.906647 0.167642593 -1.354505301 3.543525219 -0.091345720 0.716124594 0.455177546 0.521186233
1341848014.938697 0.172715664 -1.350351810 3.545481205 -0.087470844 0.713076115 0.455293000 0.525908351
1341848014.974705 0.184975624 -1.350243449 3.553090572 -0.087566897 0.710358858 0.456038326 0.528915286
1341848015.006657 0.180314541 -1.346794963 3.549258709 -0.085407332 0.704241395 0.455730468 0.537642539
1341848015.042593 0.183088303 -1.342926860 3.550855160 -0.090546064 0.699142873 0.457598954 0.541852355
1341848015.074864 0.194058418 -1.343741536 3.554846287 -0.101563141 0.694908023 0.457383513 0.545516312
1341848015.106838 0.198564053 -1.341153979 3.555664778 -0.108180381 0.690831006 0.455639988 0.550855577
1341848015.142691 0.202713013 -1.338228703 3.557371855 -0.111727662 0.687147260 0.455874324 0.554548740
1341848015.174708 0.209167957 -1.333515406 3.559633970 -0.113014929 0.683153808 0.457043827 0.558246851
1341848015.207238 0.213825703 -1.332937241 3.560746431 -0.114929751 0.678374290 0.456738770 0.563905299
1341848015.243495 0.220301151 -1.331962943 3.559385777 -0.119188480 0.673395455 0.456031740 0.569532931
1341848015.274780 0.223927498 -1.329017997 3.562168837 -0.118624605 0.669790745 0.453837574 0.575621486
1341848015.310598 0.226195812 -1.326048732 3.563843727 -0.115461066 0.665084600 0.451438010 0.583553672
1341848015.342895 0.229513168 -1.324800491 3.562520742 -0.114968665 0.659340262 0.450163096 0.591105640
1341848015.374733 0.231920719 -1.323315620 3.563947678 -0.112353049 0.653717935 0.449731320 0.598140001
1341848015.410655 0.238649368 -1.322009444 3.563640594 -0.111956790 0.646975756 0.448457062 0.606444120
1341848015.442783 0.237789631 -1.319557905 3.560676336 -0.108455643 0.640011847 0.447636634 0.615015209
1341848015.474959 0.244458199 -1.320797920 3.562635660 -0.111714676 0.634168267 0.444563627 0.622666538
1341848015.510927 0.248288155 -1.319834948 3.562505722 -0.112259872 0.628727555 0.439769268 0.631428897
1341848015.542834 0.246182919 -1.318677068 3.562108517 -0.108600035 0.622494698 0.438014328 0.639413655
1341848015.581753 0.251223326 -1.318820834 3.562136889 -0.110425100 0.614009261 0.436857939 0.648038685
1341848015.617769 0.255861282 -1.320554256 3.564929008 -0.113586590 0.608720124 0.430696994 0.656550109
1341848015.650094 0.257165194 -1.319813967 3.564800739 -0.114524767 0.602214992 0.425646007 0.665617585
1341848015.685811 0.259528399 -1.318692088 3.567043304 -0.115184121 0.596603274 0.422724664 0.672384679
1341848015.718057 0.260848999 -1.316075563 3.567506552 -0.111862093 0.592057824 0.416739821 0.680648506
1341848015.749815 0.260291338 -1.317317963 3.566542625 -0.108856425 0.586559355 0.412881702 0.688205779
1341848015.785761 0.264856100 -1.319941282 3.568383455 -0.108525522 0.581343710 0.410369009 0.694160640
1341848015.817883 0.266423225 -1.322502017 3.568145275 -0.108369760 0.577511311 0.404033840 0.701065838
1341848015.853811 0.263988018 -1.319192410 3.568007469 -0.102302663 0.573532283 0.400197089 0.707415819
1341848015.885654 0.266596794 -1.323613524 3.566488504 -0.105096303 0.568302214 0.394011378 0.714662433
1341848015.917793 0.265455961 -1.322474480 3.567240000 -0.104279876 0.566218734 0.387008816 0.720240414
1341848015.954005 0.265665293 -1.324151754 3.569957256 -0.103392176 0.565066159 0.378885984 0.725572705
1341848015.986663 0.265318394 -1.326540470 3.567049980 -0.101299688 0.560457826 0.374463350 0.731712162
1341848016.021677 0.264801502 -1.326078057 3.568186283 -0.097710311 0.557315528 0.371383011 0.736156762
1341848016.053936 0.264674187 -1.326426148 3.569692135 -0.095357381 0.555613220 0.365194708 0.740833163
1341848016.085724 0.264230013 -1.329590321 3.567559719 -0.094440773 0.552406907 0.360956401 0.745411396
1341848016.121844 0.264064074 -1.330976248 3.567414045 -0.095534198 0.549526513 0.360125333 0.747799158
1341848016.153821 0.265412807 -1.331971884 3.568824530 -0.098293610 0.548316419 0.357326269 0.749670208
1341848016.185769 0.264058113 -1.332005024 3.566360474 -0.099448577 0.545710027 0.354607135 0.752704740
1341848016.221734 0.262992144 -1.333283544 3.567417145 -0.101195440 0.544547021 0.355128765 0.753068149
1341848016.253686 0.263806343 -1.333332539 3.571149111 -0.100824371 0.545539916 0.353457868 0.753185451
1341848016.289960 0.265944958 -1.338755727 3.568395138 -0.106452025 0.544010282 0.352887094 0.753784776
1341848016.322013 0.265017271 -1.339316368 3.571564198 -0.108332835 0.547404230 0.356164306 0.749506295
1341848016.353746 0.259590149 -1.335003257 3.574460506 -0.098877773 0.552022278 0.357185572 0.746935844
1341848016.389789 0.259542704 -1.341487646 3.571901798 -0.099928483 0.550998151 0.361852437 0.745304108
1341848016.421705 0.258620977 -1.342041492 3.574899197 -0.096431866 0.553175390 0.366395056 0.741924882
1341848016.453901 0.256403446 -1.343315125 3.578191042 -0.092142552 0.556549788 0.368846476 0.738724947
1341848016.490058 0.255075693 -1.344757795 3.579217672 -0.088247776 0.557687283 0.369059354 0.738236010
1341848016.521813 0.253773689 -1.346881390 3.579540253 -0.087150998 0.559365928 0.368892163 0.737179160
1341848016.554210 0.248123884 -1.346488476 3.585335255 -0.080055527 0.564587176 0.368787289 0.734049261
1341848016.589825 0.248784065 -1.351639986 3.586033821 -0.079426020 0.563072145 0.369261861 0.735042214
1341848016.621860 0.247780323 -1.356316328 3.589480162 -0.078760907 0.564588547 0.372904718 0.732105613
1341848016.657837 0.244393587 -1.354727864 3.595121145 -0.069951884 0.566143155 0.375263035 0.730593145
1341848016.689891 0.239701748 -1.359597206 3.594615936 -0.068543203 0.562997520 0.375749499 0.732903779
1341848016.757848 0.239235401 -1.362641335 3.606414318 -0.067614995 0.566784620 0.373712063 0.731110692
1341848016.818817 0.230335712 -1.372737646 3.613007069 -0.067075439 0.566133499 0.375080496 0.730964005
1341848016.850754 0.228405714 -1.376245022 3.616606236 -0.067507915 0.565049887 0.374563634 0.732026994
1341848016.882757 0.223452568 -1.381168604 3.620430470 -0.068337806 0.565099597 0.374944896 0.731716335
1341848016.918907 0.219129086 -1.384302497 3.627141476 -0.067253292 0.565673828 0.377125293 0.730251133
1341848016.950706 0.215016365 -1.386500001 3.632471323 -0.066614136 0.565604448 0.376662970 0.730601966
1341848016.986658 0.211110353 -1.392304778 3.636029005 -0.070152462 0.566179335 0.376206964 0.730060279
1341848017.018678 0.206780672 -1.394501686 3.642714262 -0.069437273 0.568254113 0.377414465 0.727890193
1341848017.050760 0.200828552 -1.398942590 3.646915436 -0.069403000 0.569332600 0.377822250 0.726838410
1341848017.086845 0.196412086 -1.401406050 3.651311159 -0.069807298 0.571678817 0.378269941 0.724722087
1341848017.118641 0.193874121 -1.407181501 3.655274868 -0.071496680 0.574985504 0.379859000 0.721101284
1341848017.150678 0.188110352 -1.412586451 3.658182383 -0.070851311 0.578626931 0.382193863 0.717006922
1341848017.186855 0.182375669 -1.414942503 3.660840034 -0.069003098 0.581700206 0.383703470 0.713887393
1341848017.218765 0.178004265 -1.418588877 3.666442871 -0.067392215 0.587401211 0.383797228 0.709308088
1341848017.254693 0.172209263 -1.424773216 3.665452003 -0.066015795 0.590284765 0.385234863 0.706257701
1341848017.286638 0.164444208 -1.426636219 3.671350002 -0.060531713 0.596061707 0.386589259 0.701138496
1341848017.318695 0.161196470 -1.428546906 3.679837465 -0.054087259 0.602676392 0.384099543 0.697368920
1341848017.354737 0.156291246 -1.441186666 3.673722744 -0.053368006 0.604034007 0.384370983 0.696099043
1341848017.386825 0.147680998 -1.443983078 3.673106194 -0.050044034 0.607421219 0.386482179 0.692218721
1341848017.418824 0.137945890 -1.447507977 3.677587986 -0.042873949 0.612912714 0.387008667 0.687549353
1341848017.454792 0.127079487 -1.451322794 3.680422068 -0.041024443 0.615882277 0.387597740 0.684670746
1341848017.486699 0.122418880 -1.452020526 3.684397697 -0.037979666 0.619898856 0.388401031 0.680755198
1341848017.522694 0.116597176 -1.455374122 3.684876442 -0.037540369 0.622382939 0.386842281 0.679399252
1341848017.554797 0.111648083 -1.462616682 3.685996532 -0.038480535 0.625993550 0.388020933 0.675345242
1341848017.587838 0.107008934 -1.464359045 3.687885046 -0.036374129 0.628796518 0.389258862 0.672138035
1341848017.622714 0.102818966 -1.468062043 3.688211918 -0.034455270 0.631709039 0.388357788 0.670025945
1341848017.654814 0.096619129 -1.470965743 3.690406322 -0.032682203 0.635141432 0.389547914 0.666167915
1341848017.686820 0.097558498 -1.474634051 3.692746162 -0.030241560 0.638790250 0.388526440 0.663385034
1341848017.722837 0.087240696 -1.477934718 3.692682505 -0.025343509 0.642183363 0.387502223 0.660908639
1341848017.754780 0.086620331 -1.479286790 3.695260763 -0.022414513 0.643950582 0.389351517 0.658202589
1341848017.790699 0.085060596 -1.485718489 3.696645975 -0.020018108 0.646221757 0.388571322 0.656512797
1341848017.822756 0.077806950 -1.489076138 3.697317600 -0.017264795 0.648959458 0.387143791 0.654731512
1341848017.854726 0.073848248 -1.491871357 3.700344563 -0.015766030 0.650742292 0.387511432 0.652779400
1341848017.890737 0.070227146 -1.494175196 3.700388670 -0.014177217 0.651173174 0.387748271 0.652245224
1341848017.922823 0.065011501 -1.496556163 3.702754736 -0.015135458 0.652717531 0.387432992 0.650865912
1341848017.958643 0.064471722 -1.497996092 3.705063105 -0.015889933 0.654257894 0.387730628 0.649121881
1341848017.990683 0.056582928 -1.501238823 3.710164547 -0.015048868 0.656799674 0.386473060 0.647322416
1341848018.022671 0.054583073 -1.502354145 3.712548733 -0.016154330 0.657270789 0.389153421 0.645208299
1341848018.058766 0.056235790 -1.504508972 3.715275288 -0.019021491 0.659719527 0.388842613 0.642813921
1341848018.090894 0.050939560 -1.506185651 3.716614485 -0.018326439 0.662371457 0.389199764 0.639884293
1341848018.122747 0.050019741 -1.508297563 3.720529556 -0.018094512 0.664000750 0.392898768 0.635929346
1341848018.159145 0.052899361 -1.510745883 3.723859310 -0.017526530 0.665463924 0.395580083 0.632745683
1341848018.190824 0.047945023 -1.512502193 3.725926399 -0.017083209 0.668062150 0.395306110 0.630185843
1341848018.226660 0.048655510 -1.513974905 3.729386568 -0.017574046 0.670589983 0.396910995 0.626467884
1341848018.258766 0.047282219 -1.517688036 3.733677387 -0.015427971 0.672538519 0.399284542 0.622917116
1341848018.290747 0.044880390 -1.520671129 3.739486217 -0.013963711 0.674008727 0.402268887 0.619432926
1341848018.333905 0.047683716 -1.523135900 3.744172812 -0.017157579 0.676162899 0.403062344 0.616482079
1341848018.367205 0.049007893 -1.528161168 3.749462605 -0.018607222 0.680101991 0.402853459 0.612228870
1341848018.397728 0.043411732 -1.532385349 3.755570173 -0.016457468 0.683006823 0.403358549 0.608714044
1341848018.433770 0.042366028 -1.537431479 3.762633562 -0.013235602 0.684253335 0.408834964 0.603718638
1341848018.465663 0.043480873 -1.540739298 3.768959045 -0.009682333 0.684778512 0.414583921 0.599253654
1341848018.501822 0.043383598 -1.545725107 3.776254416 -0.010646599 0.687337339 0.415685564 0.595533013
1341848018.534507 0.043172359 -1.547843337 3.784838200 -0.009385246 0.690543592 0.416649699 0.591155350
1341848018.565849 0.040469646 -1.551307440 3.793345451 -0.008037952 0.692577183 0.418741018 0.587306023
1341848018.601739 0.042081833 -1.555555582 3.801656961 -0.008865059 0.695016325 0.419700712 0.583716571
1341848018.633687 0.038796902 -1.560189724 3.810008287 -0.009124010 0.698747993 0.420127213 0.578931093
1341848018.669811 0.038086891 -1.565217972 3.820312023 -0.009011667 0.700855613 0.422141045 0.574906230
1341848018.701756 0.037084103 -1.569157958 3.829449177 -0.009398025 0.702309072 0.424295604 0.571530402
1341848018.733853 0.039093018 -1.576102853 3.837006330 -0.011252825 0.704160929 0.426034003 0.567913532
1341848018.769715 0.036345482 -1.583560705 3.846151829 -0.011569483 0.706392348 0.425742716 0.565348744
1341848018.802234 0.036784649 -1.590073347 3.856750965 -0.011681639 0.707847834 0.426499784 0.562950313
1341848018.833759 0.038407803 -1.595736146 3.862557411 -0.012600092 0.708987594 0.425870001 0.561972082
1341848018.869787 0.038284779 -1.602896214 3.870341539 -0.011766635 0.711879551 0.423642874 0.560014248
1341848018.901964 0.034165382 -1.610141873 3.881005287 -0.009851168 0.713992238 0.423305660 0.557611406
1341848018.933795 0.037611485 -1.615588307 3.888154507 -0.006713828 0.713917136 0.426516950 0.555302322
1341848018.969688 0.033986568 -1.622456074 3.893219948 -0.004902352 0.714379370 0.426760286 0.554539323
1341848019.002336 0.032557011 -1.628551364 3.899739504 -0.006235394 0.715875983 0.427207977 0.552246511
1341848019.069833 0.031240940 -1.641098499 3.910881996 -0.006236405 0.719052970 0.425824523 0.549178898
1341848019.130792 0.029469490 -1.652790308 3.922105312 -0.008129660 0.723045051 0.426669687 0.543224454
1341848019.162652 0.028404713 -1.655864954 3.930701256 -0.007836671 0.725368738 0.427237898 0.539672673
1341848019.198644 0.025023460 -1.662112117 3.937141895 -0.008531072 0.726971447 0.429454803 0.535731554
1341848019.231114 0.026430607 -1.666548729 3.943395615 -0.010529750 0.729786336 0.430576235 0.530947447
1341848019.262728 0.024132729 -1.673437119 3.952344179 -0.011205614 0.732987940 0.430090815 0.526901364
1341848019.298715 0.019571304 -1.676531076 3.961503029 -0.011911842 0.735254765 0.431107074 0.522881806
1341848019.330680 0.022494316 -1.682788849 3.969784737 -0.013670339 0.737597585 0.433649719 0.517407775
1341848019.362697 0.019734383 -1.689162850 3.980031490 -0.013757640 0.740989327 0.432741761 0.513303161
1341848019.398715 0.015965939 -1.695139170 3.990562201 -0.015135568 0.743576407 0.434131742 0.508325338
1341848019.431028 0.019912243 -1.701323390 3.998971462 -0.015852137 0.745826185 0.435792416 0.503564298
1341848019.467021 0.013067722 -1.709514022 4.008980751 -0.016893093 0.749091148 0.433844209 0.500356138
1341848019.498756 0.014339924 -1.716899991 4.019770622 -0.016699610 0.752465367 0.434359491 0.494822145
1341848019.530821 0.012228012 -1.723482847 4.031894684 -0.012997481 0.755265117 0.434614241 0.490424484
1341848019.567087 0.009983540 -1.728347659 4.045385361 -0.011609199 0.756937683 0.435977221 0.486656487
1341848019.598737 0.011507034 -1.736138940 4.055335522 -0.010834524 0.757958770 0.437485218 0.483722806
1341848019.630654 0.008182526 -1.741728783 4.068557739 -0.010975987 0.760744214 0.436092257 0.480594754
1341848019.666875 0.009658337 -1.748118639 4.085452080 -0.011271036 0.762555182 0.437233835 0.476664633
1341848019.698668 0.009961128 -1.752049327 4.095198154 -0.010373598 0.762427747 0.439303994 0.474982619
1341848019.734756 0.008196354 -1.758349419 4.104999065 -0.012124809 0.764305592 0.439207226 0.472003102
1341848019.766703 0.009596825 -1.764804840 4.113292694 -0.013175219 0.766350985 0.439692050 0.468191832
1341848019.798719 0.011360168 -1.767971039 4.124645710 -0.012864262 0.768197834 0.439827919 0.465035647
1341848019.834660 0.010391235 -1.773429155 4.130514145 -0.011761553 0.769232810 0.441425622 0.461829156
1341848019.898833 0.010585308 -1.782847166 4.143945217 -0.009317903 0.773665488 0.442736566 0.453143775
1341848019.934782 0.010922432 -1.786127329 4.151341915 -0.006283992 0.775318861 0.445435673 0.447692126
1341848019.966705 0.012527466 -1.789506674 4.156254768 -0.005280520 0.776652634 0.447980970 0.442827255
1341848020.002811 0.014773846 -1.792573333 4.161923885 -0.005352790 0.779512107 0.448587060 0.437152058
1341848020.034693 0.013865948 -1.796734571 4.169322968 -0.005935193 0.782813191 0.448261082 0.431544244
1341848020.066696 0.017477036 -1.799689651 4.175500393 -0.004230972 0.784428120 0.451058179 0.425677359
1341848020.102776 0.020391941 -1.800128460 4.181603909 -0.003178644 0.786028564 0.451747805 0.421986967
1341848020.134758 0.020837307 -1.804935455 4.186035633 -0.004592222 0.788221598 0.452338725 0.417223334
1341848020.170835 0.023826122 -1.811010361 4.191784382 -0.006111452 0.791116834 0.452206433 0.411832780
1341848020.202706 0.025323391 -1.814530373 4.198790073 -0.006175171 0.793379247 0.452199459 0.407464117
1341848020.234873 0.028317928 -1.817209244 4.204060555 -0.006555884 0.795424640 0.453330666 0.402179003
1341848020.271152 0.034310341 -1.820472479 4.207170486 -0.007169089 0.797984540 0.453460306 0.396917135
1341848020.302754 0.036079407 -1.824322581 4.214917183 -0.006556315 0.800906658 0.452711284 0.391864806
1341848020.334861 0.040912628 -1.827876806 4.221870422 -0.005731824 0.803444266 0.453481674 0.385744542
1341848020.370812 0.047137260 -1.830424786 4.225707531 -0.004309373 0.805775762 0.454395682 0.379778147
1341848020.438816 0.056052208 -1.842401981 4.240165234 -0.004419218 0.811962366 0.452846766 0.368276298
1341848020.471200 0.062109470 -1.846861959 4.244197845 -0.004457146 0.815678835 0.450991005 0.362291843
1341848020.502691 0.065017223 -1.852282047 4.252384186 -0.001887276 0.819533348 0.449167013 0.355823785
1341848020.538748 0.070839882 -1.853737831 4.261594772 0.000718825 0.822117150 0.450009316 0.348732859
1341848020.570790 0.077114105 -1.855823755 4.266219139 0.003707993 0.823777258 0.451479405 0.342846334
1341848020.602764 0.079667568 -1.860747695 4.275677681 0.005613255 0.825635791 0.452556551 0.336877823
1341848020.638929 0.086355686 -1.861738443 4.282861710 0.008276162 0.825909495 0.456995279 0.330091566
1341848020.670809 0.095302105 -1.865984559 4.287408352 0.008993411 0.826512754 0.459130496 0.325568885
1341848020.706669 0.094488144 -1.871571064 4.294978619 0.007562695 0.828029275 0.458517998 0.322601527
1341848020.738994 0.103438854 -1.874384046 4.301208496 0.006187196 0.828798175 0.461364299 0.316541344
1341848020.770817 0.113578796 -1.876003265 4.305302143 0.008732621 0.828712285 0.463957161 0.312895447
1341848020.807216 0.115592957 -1.879091978 4.310999870 0.009888849 0.828899384 0.465204149 0.310504705
1341848020.839066 0.121372223 -1.883951426 4.314739704 0.008752535 0.829235673 0.466973275 0.306965172
1341848020.870955 0.130127907 -1.887074232 4.319256306 0.008246663 0.830550551 0.466485262 0.304153472
1341848020.906582 0.132138729 -1.896249413 4.327827454 0.009991798 0.831142247 0.467489868 0.300925225
1341848020.938790 0.141354561 -1.896455407 4.330150127 0.010055599 0.831253350 0.469344079 0.297712952
1341848020.974874 0.146577835 -1.902451873 4.332182884 0.010270759 0.832502365 0.468951911 0.294819355
1341848021.006632 0.151116371 -1.906059146 4.339854240 0.009250020 0.834265172 0.467632085 0.291952819
1341848021.039636 0.158730984 -1.907790422 4.344846725 0.009699947 0.834870458 0.469261378 0.287560433
1341848021.074762 0.164958477 -1.911318898 4.347054005 0.011877351 0.835213184 0.470974743 0.283656001
1341848021.106691 0.170372486 -1.910838008 4.352409363 0.009881064 0.836699784 0.469980001 0.280988961
1341848021.142795 0.177581787 -1.915516973 4.357780933 0.008191710 0.838122785 0.470521241 0.275849462
1341848021.175038 0.187285900 -1.920425057 4.360868454 0.009106234 0.839016259 0.471558958 0.271295130
1341848021.206698 0.193122387 -1.922382355 4.367654800 0.009635033 0.840095699 0.472007096 0.267125070
1341848021.242671 0.202348709 -1.924085140 4.369932175 0.007354116 0.841904044 0.471475869 0.262400478
1341848021.274899 0.208626270 -1.929758430 4.376529694 0.007869599 0.844426811 0.470462561 0.256020367
1341848021.307283 0.218893051 -1.932042599 4.379469872 0.009027633 0.846186817 0.470163137 0.250665247
1341848021.343359 0.227959633 -1.932870030 4.382338524 0.009384950 0.848931253 0.468352616 0.244690493
1341848021.384830 0.234737396 -1.938012123 4.385577679 0.009425014 0.852738202 0.464496225 0.238729924
1341848021.414272 0.243113995 -1.943361759 4.394026756 0.011767817 0.856245756 0.462098360 0.230586022
1341848021.455728 0.253324509 -1.948531151 4.397989750 0.016015105 0.858626962 0.461590350 0.222345725
1341848021.487906 0.260725975 -1.954381704 4.405132294 0.019221997 0.861623764 0.459051728 0.215653732
1341848021.514696 0.269027233 -1.960539222 4.411437035 0.022166681 0.863612711 0.458486855 0.208498403
1341848021.550755 0.280408144 -1.962967396 4.417812824 0.024226710 0.864798605 0.458671927 0.202871069
1341848021.617752 0.296562195 -1.965601921 4.428538799 0.018170880 0.867546022 0.456228554 0.197203904
1341848021.678764 0.319595337 -1.976832151 4.439853668 0.011612191 0.870029926 0.455591917 0.188013569
1341848021.710743 0.326605320 -1.979888678 4.446637154 0.011879588 0.870774448 0.455331326 0.185159758
1341848021.742811 0.334555864 -1.981873989 4.450826645 0.012469471 0.870674849 0.457074225 0.181253970
1341848021.778676 0.343107700 -1.986239672 4.452872276 0.013385058 0.870994747 0.458257794 0.176603600
1341848021.810867 0.351441622 -1.985364914 4.458758354 0.011507072 0.871734262 0.458386242 0.172711208
1341848021.844563 0.362912893 -1.984501123 4.458866119 0.008518764 0.872151256 0.459619045 0.167421728
1341848021.878887 0.374124765 -1.985712528 4.459956169 0.007776397 0.873062432 0.459519744 0.162920624
1341848021.910628 0.384438038 -1.988183737 4.463052750 0.007321792 0.873953104 0.459076405 0.159377649
1341848021.946714 0.396747112 -1.987011909 4.463378906 0.006034965 0.875266373 0.457891345 0.155589208
1341848021.978747 0.409815073 -1.992147684 4.462756157 0.004754982 0.876535475 0.456810117 0.151616529
1341848022.010782 0.417535782 -1.993541002 4.466868401 0.004032506 0.878009439 0.454972148 0.148605555
1341848022.046709 0.429664373 -1.993920565 4.465741158 0.003018236 0.878940463 0.454636335 0.144084617
1341848022.078665 0.439814568 -1.994594812 4.467494965 0.002662401 0.880065739 0.453702062 0.140113086
1341848022.110954 0.450244427 -1.996529579 4.465998650 0.001191530 0.880779028 0.453737468 0.135459810
1341848022.146749 0.464234829 -1.995136499 4.463881493 0.000448642 0.881971657 0.452999592 0.130066082
1341848022.178988 0.474949837 -1.995420933 4.460748196 -0.000070984 0.883191824 0.451809704 0.125858158
1341848022.214773 0.485509872 -1.995635509 4.458343029 -0.000577583 0.884387136 0.450739950 0.121213078
1341848022.246774 0.495126486 -1.996549606 4.455038548 -0.000355042 0.886376917 0.448395461 0.115227491
1341848022.278764 0.506258011 -1.997825861 4.456761837 0.002157462 0.888031423 0.446834058 0.108327866
1341848022.314757 0.519923687 -1.996801376 4.450638771 0.007566548 0.888193965 0.448207617 0.100817584
1341848022.354110 0.525559664 -1.998814344 4.443218231 0.010460650 0.889147818 0.447347820 0.095847405
1341848022.387191 0.536672115 -2.000262737 4.444220543 0.010309401 0.890995502 0.445193261 0.088452078
1341848022.417848 0.548382282 -2.002006769 4.437797546 0.012664283 0.891425967 0.445420682 0.082460470
1341848022.454164 0.558546305 -2.002368450 4.432242393 0.014459387 0.893298328 0.442456633 0.077724859
1341848022.485638 0.567121387 -2.005597830 4.431689262 0.013270684 0.894760787 0.440414697 0.072539084
1341848022.521730 0.579659224 -2.008855343 4.427134991 0.014617504 0.895428419 0.439986706 0.066378295
1341848022.554231 0.588676572 -2.010036945 4.420394421 0.017177870 0.896023750 0.439228803 0.062645309
1341848022.586067 0.593025684 -2.011160851 4.418899059 0.016109599 0.897218823 0.437288940 0.059307139
1341848022.621801 0.605051994 -2.012715816 4.414052486 0.014612850 0.897777915 0.437058836 0.052544706
1341848022.654208 0.615523100 -2.016697645 4.407219887 0.016687309 0.898802102 0.435435623 0.047668070
1341848022.690287 0.622164845 -2.016353607 4.409810543 0.017549025 0.899830163 0.433775812 0.042852413
1341848022.721700 0.628532410 -2.014313459 4.404977322 0.017484011 0.898887515 0.436419100 0.035128206
1341848022.782985 0.644120812 -2.023268223 4.401096344 0.019519327 0.898456514 0.437928677 0.024769031
1341848022.814772 0.650140285 -2.022610188 4.395512581 0.016730003 0.896090925 0.443267256 0.015977014
1341848022.850799 0.667540967 -2.014272213 4.387131214 0.014402471 0.895849168 0.444046557 0.008341255
1341848022.882710 0.668930590 -2.009185076 4.392236710 -0.014013907 -0.896195829 -0.443414897 -0.004474767
1341848022.918835 0.678258240 -2.006697893 4.384843826 -0.007519446 -0.890104055 -0.455630422 0.007692826
1341848022.950815 0.695282519 -2.006437302 4.359261513 -0.004453743 -0.887400568 -0.460595995 0.018758863
1341848022.982728 0.693331957 -2.002576590 4.368007183 0.003358435 -0.892171323 -0.451105714 0.022866305
1341848023.018822 0.706778824 -2.010123730 4.368090630 0.008496854 -0.888991177 -0.456453025 0.035681497
1341848023.050766 0.730297923 -1.992280245 4.353166580 0.006872241 -0.887010694 -0.458963782 0.050171372
1341848023.082738 0.736460805 -1.992541075 4.352385998 0.002939462 -0.887531757 -0.457419366 0.055194356
1341848023.118789 0.740831017 -1.994887114 4.352417946 0.002639399 -0.886482954 -0.458580971 0.062004440
1341848023.150992 0.756706178 -1.987507343 4.337894440 0.001631076 -0.884656906 -0.460231096 0.074612111
1341848023.186687 0.767681003 -1.988806486 4.344935417 0.001877006 -0.885434687 -0.457575828 0.081402332
1341848023.218702 0.776930571 -1.985051632 4.345005989 -0.000615164 -0.882651806 -0.461256802 0.090374433
1341848023.286758 0.797682703 -1.975905657 4.336834908 0.000105710 -0.876892924 -0.469419599 0.103460416
1341848023.318763 0.801922917 -1.973268270 4.333934307 0.005507571 -0.874346852 -0.473164439 0.107715674
1341848023.354762 0.818272889 -1.963681698 4.330840588 0.011047979 -0.872324467 -0.474682182 0.116640292
1341848023.386908 0.830947220 -1.955628633 4.325021744 0.013457558 -0.870593965 -0.476414680 0.122123264
1341848023.418717 0.837639689 -1.953284025 4.326255798 0.012373175 -0.869223833 -0.477846593 0.126330987
1341848023.454710 0.844896436 -1.949937582 4.321300030 0.010200165 -0.866598606 -0.481023252 0.132361040
1341848023.487092 0.853763759 -1.944226027 4.317010880 0.008942117 -0.865524352 -0.481673658 0.137033582
1341848023.518675 0.859865665 -1.944718838 4.311537743 0.011567073 -0.864047050 -0.483275622 0.140476570
1341848023.555068 0.865799308 -1.938241005 4.307397842 0.013172265 -0.863571286 -0.482326537 0.146397755
1341848023.586796 0.876631737 -1.930265188 4.299513340 0.014024436 -0.863374233 -0.480935127 0.151953027
1341848023.622845 0.880218148 -1.931018591 4.295065880 0.012286025 -0.863358796 -0.479986072 0.155158296
1341848023.687172 0.892228007 -1.927822113 4.283736229 0.012844445 -0.862609923 -0.477777332 0.165735066
1341848023.722693 0.900452733 -1.918895245 4.275968552 0.011092390 -0.862875342 -0.475216925 0.171732411
1341848023.754690 0.902848125 -1.921984911 4.270796299 0.010150537 -0.862088084 -0.475711346 0.174355596
1341848023.786854 0.908905029 -1.918141603 4.260931492 0.012181685 -0.860588193 -0.476345241 0.179818809
1341848023.822788 0.914815068 -1.912611008 4.255531788 0.013571475 -0.860894918 -0.473776489 0.184964135
1341848023.854825 0.919258595 -1.907220840 4.247669697 0.013319066 -0.859897852 -0.473899007 0.189256534
1341848023.890666 0.922729015 -1.902445555 4.236509800 0.014058134 -0.858727217 -0.474109977 0.193932101
1341848023.922784 0.927922368 -1.901030540 4.224828720 0.015079140 -0.857960761 -0.473458886 0.198778063
1341848023.954826 0.930487871 -1.897241592 4.216191769 0.014406518 -0.858024955 -0.471009046 0.204294324
1341848023.990739 0.936718941 -1.895765066 4.210188866 0.010698915 -0.856955945 -0.469793916 0.211673766
1341848024.022671 0.941764355 -1.889547348 4.201934814 0.005259896 -0.855143130 -0.470199853 0.218208209
1341848024.054725 0.946593761 -1.883095980 4.186634064 0.003643096 -0.854018271 -0.470342696 0.222299963
1341848024.122843 0.951715946 -1.881155491 4.174691677 -0.003178139 -0.852273583 -0.469232827 0.231171384
1341848024.158762 0.957288742 -1.873373270 4.161031723 -0.005053050 -0.850671291 -0.469628483 0.236182034
1341848024.190945 0.957262754 -1.871721745 4.155157089 -0.006936135 -0.851085663 -0.467793405 0.238273978
1341848024.222838 0.958976746 -1.873314619 4.149527550 -0.007283306 -0.848755598 -0.469765127 0.242655665
1341848024.258826 0.963456154 -1.867568970 4.138837337 -0.008272144 -0.846060097 -0.471182168 0.249201387
1341848024.290769 0.966373920 -1.861004114 4.133458138 -0.009771204 -0.845763862 -0.469846874 0.252650082
1341848024.322705 0.967583895 -1.861893892 4.127138615 -0.008911691 -0.842924714 -0.473425537 0.255473733
1341848024.358743 0.970327616 -1.854306221 4.116803646 -0.006771080 -0.840839565 -0.474617094 0.260156989
1341848024.390878 0.972892523 -1.852649450 4.110222340 -0.005452459 -0.839785099 -0.474382252 0.263994098
1341848024.426783 0.976428509 -1.850077391 4.105902672 -0.005518963 -0.838277876 -0.474732488 0.268121183
1341848024.458795 0.979118347 -1.844568729 4.096921921 -0.005708539 -0.836398780 -0.475971162 0.271764547
1341848024.491019 0.981832981 -1.841419458 4.092935562 -0.005256921 -0.834868073 -0.476319343 0.275839865
1341848024.526783 0.986053944 -1.835485697 4.088000298 -0.004705580 -0.832901478 -0.477153540 0.280316889
1341848024.558627 0.990777731 -1.825334549 4.079362869 -0.004168710 -0.831440568 -0.477518350 0.284016728
1341848024.594736 0.995256424 -1.825638771 4.077226162 -0.004319308 -0.830163419 -0.478026986 0.286880195
1341848024.626657 1.000069618 -1.819023132 4.070424080 -0.002165536 -0.827443242 -0.480103046 0.291262954
1341848024.658717 1.004943609 -1.812234163 4.062712193 -0.001791464 -0.825532854 -0.480663091 0.295728564
1341848024.694820 1.010847330 -1.809205770 4.060264587 -0.003006530 -0.824373364 -0.480068296 0.299890041
1341848024.727054 1.016881704 -1.803171635 4.055308342 -0.003812872 -0.821719944 -0.482082397 0.303905189
1341848024.758938 1.022625685 -1.795006514 4.044631481 -0.003493741 -0.819778740 -0.482488632 0.308472812
1341848024.794701 1.029604435 -1.791815639 4.042461395 -0.002928418 -0.819291651 -0.480641454 0.312628478
1341848024.826727 1.037374258 -1.788510442 4.037877083 -0.002918175 -0.817546248 -0.480841547 0.316861451
1341848024.862797 1.045413494 -1.777764797 4.029713154 -0.004489433 -0.817070782 -0.478466094 0.321629256
1341848024.894777 1.053809881 -1.777419090 4.027202606 -0.007614584 -0.816666424 -0.477005422 0.324752092
1341848024.926754 1.062163115 -1.771209121 4.021206856 -0.009257101 -0.815417171 -0.475915641 0.329413891
1341848024.962678 1.071889877 -1.767999649 4.017896652 -0.011981186 -0.815650165 -0.473176837 0.332678646
1341848024.994729 1.080796480 -1.770111203 4.018692017 -0.014903421 -0.814586520 -0.473200023 0.335124671
1341848025.026872 1.090489388 -1.761670709 4.010354996 -0.016492631 -0.811744750 -0.474626660 0.339894086
1341848025.062647 1.099661827 -1.759829760 4.005636215 -0.015778296 -0.810837805 -0.474111468 0.342799634
1341848025.131056 1.117146015 -1.748370528 3.999002934 -0.013746944 -0.807623565 -0.473776102 0.350843906
1341848025.163080 1.125814199 -1.747990131 3.995695591 -0.016386088 -0.807186842 -0.472350121 0.353647083
1341848025.194910 1.135265589 -1.742688179 3.992762089 -0.016967431 -0.805709124 -0.472233266 0.357128501
1341848025.230646 1.142510414 -1.739924550 3.987202644 -0.018638182 -0.803572476 -0.472518533 0.361455709
1341848025.262679 1.151094437 -1.735880256 3.983003378 -0.020439768 -0.803379297 -0.470448881 0.364474773
1341848025.294743 1.158641577 -1.734524608 3.980376244 -0.021311138 -0.802669108 -0.470282644 0.366200000
1341848025.330653 1.165246248 -1.730291486 3.974405527 -0.020005032 -0.801086247 -0.470942229 0.368882298
1341848025.363022 1.172903776 -1.725166202 3.968791485 -0.018890299 -0.800644696 -0.469618917 0.371576965
1341848025.398825 1.180000067 -1.720932841 3.966142893 -0.021076743 -0.800129473 -0.468551189 0.373909742
1341848025.430687 1.184835434 -1.719229102 3.960715771 -0.021094227 -0.798325717 -0.470135123 0.375771165
1341848025.462832 1.190299749 -1.717924356 3.954962730 -0.018505272 -0.797086775 -0.470214486 0.378429174
1341848025.498683 1.196818113 -1.716648340 3.951875448 -0.017283726 -0.796333611 -0.469626814 0.380794913
1341848025.530800 1.202625513 -1.712668538 3.947546721 -0.017637828 -0.794950187 -0.469815969 0.383426994
1341848025.566751 1.207570314 -1.710544348 3.942458153 -0.016873045 -0.793539345 -0.470257014 0.385835439
1341848025.598738 1.212054729 -1.707591176 3.938821316 -0.016773378 -0.792667687 -0.469652623 0.388359487
1341848025.630731 1.217181921 -1.702028990 3.933583736 -0.016543629 -0.791420996 -0.469427317 0.391174078
1341848025.666677 1.221265554 -1.700185180 3.930037737 -0.017869197 -0.790327549 -0.469420850 0.393328398
1341848025.698755 1.226793051 -1.695483088 3.926613808 -0.016689040 -0.788618505 -0.469386250 0.396836132
1341848025.730719 1.230785131 -1.692539692 3.921071529 -0.015335785 -0.786635160 -0.470823199 0.399118364
1341848025.766716 1.234230518 -1.688027501 3.916204691 -0.014307435 -0.786146522 -0.469699889 0.401436269
1341848025.798909 1.239080191 -1.685837150 3.912992716 -0.015007942 -0.785391152 -0.468484998 0.404298574
1341848025.834828 1.242327452 -1.680556178 3.907217503 -0.016797164 -0.784101784 -0.468076080 0.407194197
1341848025.866679 1.246615648 -1.679567814 3.902385235 -0.018701416 -0.783679783 -0.466808319 0.409373075
1341848025.898725 1.251348972 -1.675921082 3.899096966 -0.020640759 -0.782987475 -0.465526104 0.412055850
1341848025.934824 1.254465342 -1.671904683 3.893185616 -0.022161275 -0.781299353 -0.465732038 0.414938420
1341848025.967138 1.259285688 -1.669371963 3.889524460 -0.023393739 -0.780709624 -0.464226604 0.417658806
1341848025.998679 1.265628338 -1.664326668 3.885226250 -0.023944652 -0.778967619 -0.464291990 0.420795739
1341848026.034640 1.268781424 -1.659843922 3.878530025 -0.026236024 -0.777178884 -0.464157730 0.424101770
1341848026.066857 1.273206234 -1.655816078 3.874263763 -0.027114267 -0.776828945 -0.461949378 0.427088439
1341848026.102823 1.280161619 -1.652576566 3.870717049 -0.028178254 -0.774976134 -0.461366177 0.430997998
1341848026.134670 1.283701420 -1.646033764 3.862886667 -0.031402312 -0.772884786 -0.461120665 0.434776783
1341848026.166699 1.289851189 -1.643480778 3.859872341 -0.034627456 -0.772832751 -0.458793640 0.437079936
1341848026.202754 1.294909477 -1.639849782 3.856215477 -0.035974294 -0.770437658 -0.459683210 0.440253437
1341848026.234940 1.299756527 -1.636828303 3.849990368 -0.038208753 -0.767894149 -0.460038215 0.444121033
1341848026.267001 1.306984425 -1.630816340 3.846901655 -0.041384704 -0.766797185 -0.458137631 0.447682261
1341848026.302861 1.309401989 -1.626750827 3.842053890 -0.044964790 -0.763988674 -0.460256815 0.449959219
1341848026.334824 1.312674046 -1.621406436 3.836842060 -0.045921531 -0.762493908 -0.459342331 0.453320056
1341848026.371024 1.319064617 -1.619024277 3.832725525 -0.045845669 -0.761511624 -0.458041340 0.456285536
1341848026.402725 1.323686600 -1.614391565 3.827934027 -0.047216088 -0.760318398 -0.457189530 0.458981931
1341848026.434734 1.327270508 -1.613452554 3.823873043 -0.050025232 -0.759553611 -0.455451280 0.461670965
1341848026.470839 1.331425190 -1.608682156 3.818968058 -0.050193660 -0.759256542 -0.453347117 0.464205235
1341848026.502672 1.335267544 -1.604860544 3.814621925 -0.050474115 -0.758201420 -0.451814741 0.467382580
1341848026.534739 1.340175152 -1.602902412 3.809387684 -0.050279859 -0.757290363 -0.450356305 0.470279127
1341848026.570847 1.344554901 -1.599365711 3.803793192 -0.048781462 -0.757137656 -0.449117780 0.471864522
1341848026.602721 1.349515915 -1.595507979 3.800708771 -0.046601776 -0.757121742 -0.448273182 0.472912461
1341848026.641972 1.355007648 -1.594176292 3.795139313 -0.046920516 -0.755750418 -0.448166728 0.475169927
1341848026.702795 1.366174698 -1.584958911 3.784044027 -0.044868380 -0.755531847 -0.446061462 0.477689892
1341848026.738795 1.373492241 -1.582576752 3.779401779 -0.043954011 -0.755151212 -0.445579648 0.478825212
1341848026.770813 1.381484032 -1.578598499 3.774677277 -0.044074364 -0.754547596 -0.445771664 0.479586393
1341848026.806747 1.388517857 -1.575805902 3.770330191 -0.044890992 -0.753756881 -0.446625143 0.479959816
1341848026.838668 1.395121574 -1.572103977 3.765815735 -0.044079013 -0.753510773 -0.447961926 0.479174942
1341848026.878025 1.404185772 -1.570740938 3.761346817 -0.043237142 -0.752554357 -0.449043542 0.479742169
1341848026.938881 1.421211720 -1.560521603 3.751317024 -0.041413993 -0.751947165 -0.450636297 0.479361355
1341848026.970651 1.431620121 -1.556441307 3.747978687 -0.041451670 -0.752130687 -0.450666487 0.479041725
1341848027.006815 1.439404488 -1.552985668 3.744244576 -0.040905371 -0.751552701 -0.452020854 0.478719682
1341848027.038669 1.451034069 -1.549931049 3.737978935 -0.041409351 -0.750951529 -0.451033205 0.480547845
1341848027.074785 1.463395119 -1.546136856 3.736283064 -0.041264921 -0.751192331 -0.450475395 0.480707109
1341848027.106663 1.470078230 -1.543855190 3.732752800 -0.043217931 -0.749990046 -0.450897872 0.482014894
1341848027.138671 1.481453180 -1.541301012 3.726740837 -0.042956810 -0.749855101 -0.448287994 0.484675169
1341848027.174831 1.494284630 -1.539973974 3.724784374 -0.041230299 -0.750355363 -0.446737349 0.485481888
1341848027.207212 1.504915237 -1.539032936 3.721475124 -0.041792922 -0.749691308 -0.445642710 0.487461686
1341848027.238696 1.515309334 -1.536927223 3.717908859 -0.042547293 -0.749132276 -0.443625808 0.490088493
1341848027.274701 1.526242256 -1.535433888 3.715786934 -0.042616088 -0.749190211 -0.442438245 0.491066575
1341848027.306705 1.537418604 -1.533717394 3.712466478 -0.042321652 -0.748776495 -0.441089243 0.492932945
1341848027.342775 1.549312830 -1.532636285 3.707862377 -0.042864610 -0.748659849 -0.439552575 0.494433790
1341848027.374943 1.558843374 -1.530511618 3.704495430 -0.043310136 -0.750027955 -0.436841130 0.494724274
1341848027.406837 1.569767714 -1.528313756 3.702417374 -0.042182345 -0.751541972 -0.435079843 0.494075865
1341848027.442959 1.580373049 -1.527963877 3.697158337 -0.042278770 -0.752858579 -0.433139563 0.493767798
1341848027.474800 1.591388464 -1.527530074 3.694175959 -0.041244719 -0.755398870 -0.430449575 0.492325693
1341848027.506714 1.602977037 -1.523972988 3.689098358 -0.040116057 -0.757216036 -0.428514212 0.491314739
1341848027.543310 1.610968351 -1.523332596 3.685371637 -0.040492214 -0.759488463 -0.427096814 0.489005238
1341848027.574717 1.620056868 -1.520203233 3.682970047 -0.038669460 -0.762058377 -0.425372213 0.486652017
1341848027.610716 1.628705978 -1.520600557 3.680358887 -0.037859645 -0.763439775 -0.425105453 0.484780133
1341848027.642684 1.636596918 -1.517787576 3.674885273 -0.037352480 -0.764262140 -0.425008088 0.483607680
1341848027.674731 1.648515224 -1.517007351 3.670884132 -0.035626739 -0.764898717 -0.425400913 0.482384562
1341848027.711026 1.655573368 -1.515397549 3.664597511 -0.035985515 -0.764376163 -0.426236510 0.482448608
1341848027.742789 1.662289858 -1.511857748 3.659383535 -0.035844646 -0.764827609 -0.426243991 0.481736332
1341848027.778768 1.667779922 -1.510065198 3.652757168 -0.034649618 -0.765764117 -0.426955909 0.479701459
1341848027.810746 1.674044847 -1.506414533 3.650784969 -0.033834346 -0.767111957 -0.426648527 0.477876186
1341848027.842836 1.680815935 -1.504176617 3.645755529 -0.033558074 -0.767162740 -0.428099036 0.476514906
1341848027.878669 1.685339451 -1.497601748 3.637478352 -0.032380413 -0.767235100 -0.429676533 0.475057781
1341848027.911127 1.690371513 -1.493840575 3.634280205 -0.030914504 -0.768651783 -0.429916501 0.472642183
1341848027.942732 1.695724726 -1.492421508 3.628479958 -0.029624598 -0.768370152 -0.432556033 0.470770627
1341848027.978757 1.699843168 -1.488211751 3.617798567 -0.028156120 -0.768589079 -0.433538079 0.469598502
1341848028.011034 1.703843117 -1.486437678 3.614857197 -0.026198562 -0.770783305 -0.433277547 0.466344565
1341848028.046706 1.708985090 -1.481956363 3.608046055 -0.024870409 -0.770967960 -0.433195204 0.466188520
1341848028.078967 1.714085340 -1.479760885 3.597364187 -0.024863621 -0.771433115 -0.432763249 0.465820491
1341848028.110971 1.717902660 -1.476305366 3.594017029 -0.025510609 -0.773899138 -0.430628091 0.463668942
1341848028.150637 1.719830513 -1.474044681 3.588990450 -0.026347760 -0.774504960 -0.429958940 0.463231295
1341848028.186050 1.723366261 -1.473572493 3.573979616 -0.026590414 -0.774074674 -0.429087639 0.464742005
1341848028.254235 1.730502605 -1.465838790 3.563678741 -0.026780589 -0.775048792 -0.426640242 0.465360433
1341848028.314908 1.736268520 -1.462331414 3.548045158 -0.026670478 -0.775271058 -0.424564004 0.466892898
1341848028.378956 1.741971016 -1.453390479 3.531735420 -0.027876325 -0.774619520 -0.421774894 0.470418423
1341848028.414628 1.744180441 -1.450962663 3.523051739 -0.028231245 -0.774663091 -0.420714140 0.471274585
1341848028.447632 1.747304678 -1.446928024 3.515251637 -0.028122477 -0.774278760 -0.419244677 0.473218232
1341848028.482785 1.753455639 -1.442255020 3.506565094 -0.027894486 -0.774248004 -0.417161942 0.475118786
1341848028.514701 1.759167194 -1.436124086 3.501714230 -0.030705534 -0.774763882 -0.414884835 0.476097316
1341848028.546612 1.762463093 -1.433214664 3.490945339 -0.032300968 -0.773885131 -0.416178554 0.476291925
1341848028.582747 1.767338991 -1.431272745 3.481841564 -0.031495608 -0.773883045 -0.416056812 0.476455450
1341848028.614649 1.775321484 -1.424367428 3.475740910 -0.032062061 -0.774132311 -0.414973259 0.476957470
1341848028.653766 1.778489828 -1.421877146 3.463764668 -0.033484809 -0.773326278 -0.416637450 0.476716310
1341848028.721828 1.789586306 -1.415078521 3.450924397 -0.033805262 -0.774266362 -0.415532172 0.476132154
1341848028.782861 1.798093081 -1.405704737 3.430778265 -0.035101540 -0.773864746 -0.414974600 0.477176398
1341848028.814757 1.802371979 -1.404062033 3.424035549 -0.034675792 -0.774077713 -0.415328443 0.476553798
1341848028.850773 1.806928396 -1.400608659 3.415030479 -0.034445442 -0.774202883 -0.415166825 0.476508021
1341848028.882714 1.814316750 -1.395104408 3.407987595 -0.035358533 -0.774604559 -0.414231420 0.476602376
1341848028.914838 1.819397926 -1.390377402 3.400514603 -0.036892984 -0.774022460 -0.415168107 0.476616800
1341848028.950881 1.822667599 -1.387509227 3.393618107 -0.038839664 -0.773627162 -0.416220278 0.476186097
1341848028.982690 1.824692965 -1.386030078 3.383945942 -0.039425626 -0.772885203 -0.418482751 0.475359023
1341848029.018728 1.827829123 -1.385623336 3.377366543 -0.037699185 -0.772687852 -0.420075268 0.474414468
1341848029.082877 1.836202145 -1.376521230 3.363633633 -0.034521386 -0.772035122 -0.419485837 0.476237029
1341848029.118800 1.840551615 -1.372339368 3.359098434 -0.035084125 -0.771852493 -0.419307202 0.476649165
1341848029.150715 1.843066931 -1.369910002 3.351545095 -0.035196830 -0.770454943 -0.421196282 0.477235913
1341848029.182676 1.847069979 -1.366481543 3.345994949 -0.034301218 -0.768950164 -0.422747523 0.478355199
1341848029.218708 1.850673914 -1.362833738 3.335969448 -0.033744454 -0.766973138 -0.424588472 0.479935706
1341848029.250626 1.854931593 -1.360070586 3.331798077 -0.032251913 -0.766459703 -0.425806493 0.479779303
1341848029.286969 1.859557152 -1.357193589 3.326183319 -0.029559931 -0.765192926 -0.426899880 0.481001616
1341848029.320225 1.865838289 -1.352113843 3.323868513 -0.028041264 -0.764225006 -0.426366627 0.483099818
1341848029.350954 1.871437311 -1.346757770 3.316163063 -0.029260146 -0.763498604 -0.424901336 0.485461146
1341848029.386923 1.877008915 -1.345600247 3.313016176 -0.028778480 -0.763589382 -0.424434274 0.485755682
1341848029.418757 1.882095098 -1.342498183 3.306597948 -0.028613210 -0.761778414 -0.424579412 0.488474518
1341848029.450819 1.889242411 -1.337781072 3.302191257 -0.028547937 -0.761357605 -0.422331035 0.491076499
1341848029.486788 1.894632101 -1.336264729 3.294126034 -0.028377770 -0.759984493 -0.422560215 0.493012220
1341848029.518925 1.902025700 -1.333671927 3.290493011 -0.026934346 -0.759074628 -0.421343774 0.495529711
1341848029.554721 1.910095930 -1.330807328 3.283841133 -0.027547855 -0.758097947 -0.418836743 0.499103695
1341848029.586990 1.919564009 -1.327687383 3.279039860 -0.028484721 -0.758129120 -0.416203111 0.501202404
1341848029.618715 1.926661491 -1.325948119 3.273980379 -0.029873108 -0.756615818 -0.415301949 0.504147291
1341848029.655302 1.934499025 -1.321078300 3.266817570 -0.030601375 -0.754682124 -0.413702279 0.508299947
1341848029.686830 1.943656206 -1.319078445 3.262766361 -0.030752407 -0.754290819 -0.411571264 0.510596573
1341848029.718752 1.952352047 -1.316316843 3.258846283 -0.030472539 -0.752062142 -0.411733150 0.513760507
1341848029.754791 1.959531069 -1.312014937 3.252581120 -0.031615376 -0.749906480 -0.410618544 0.517719269
1341848029.786949 1.968261242 -1.311018944 3.248658895 -0.032006275 -0.749461353 -0.408951014 0.519656181
1341848029.822778 1.977017403 -1.307390571 3.244274616 -0.032436632 -0.747482240 -0.408698440 0.522669852
1341848029.854811 1.985120058 -1.303933620 3.239520073 -0.032757565 -0.745509386 -0.408003300 0.526000023
1341848029.887992 1.993630886 -1.298963547 3.234076977 -0.033654351 -0.743895769 -0.406192899 0.529616714
1341848029.922779 2.000643730 -1.297899485 3.231497765 -0.034616929 -0.742423177 -0.406636477 0.531277895
1341848029.954640 2.007815838 -1.295291424 3.226289272 -0.035649996 -0.739943027 -0.406538635 0.534733474
1341848029.990762 2.015642881 -1.291100025 3.223357677 -0.035725620 -0.738793373 -0.405112118 0.537393868
1341848030.022873 2.023985863 -1.288239956 3.221093655 -0.036459122 -0.737359226 -0.404822737 0.539528251
1341848030.054776 2.030283928 -1.284569502 3.217001915 -0.036549680 -0.735714316 -0.405007362 0.541624963
1341848030.090782 2.038150311 -1.279890060 3.212132215 -0.036393132 -0.734143257 -0.403803796 0.544657469
1341848030.122796 2.044548273 -1.276893854 3.207863808 -0.035863977 -0.732476115 -0.403704822 0.547005475
1341848030.154918 2.050895691 -1.273440838 3.204996109 -0.036045291 -0.730813265 -0.403418988 0.549423337
1341848030.190683 2.056344032 -1.270947099 3.198725462 -0.036151513 -0.728598714 -0.403491318 0.552296758
1341848030.222713 2.058961868 -1.269127607 3.196234941 -0.036041543 -0.726590276 -0.403926224 0.554627180
1341848030.258930 2.063455582 -1.265879512 3.192130089 -0.034983609 -0.724218011 -0.403909862 0.557800412
1341848030.290864 2.068355799 -1.262272477 3.188806295 -0.035338636 -0.721947134 -0.403780371 0.560807407
1341848030.322775 2.071083069 -1.259945393 3.183903694 -0.035447229 -0.719838083 -0.404477507 0.563004971
1341848030.358886 2.077161074 -1.254339337 3.177103519 -0.035329130 -0.715958595 -0.404966116 0.567589402
1341848030.390832 2.081515074 -1.249546647 3.173474789 -0.035271041 -0.714003742 -0.403804928 0.570873320
1341848030.422795 2.086240292 -1.247975826 3.170198917 -0.035134830 -0.711763442 -0.404451758 0.573216558
1341848030.458888 2.088113546 -1.241095066 3.164116383 -0.035979465 -0.709696710 -0.403225362 0.576580882
1341848030.490846 2.092473507 -1.239919901 3.157999039 -0.035684351 -0.707712591 -0.404268354 0.578305006
1341848030.526716 2.095426321 -1.233177423 3.153254032 -0.035290439 -0.705810845 -0.403911620 0.580896854
1341848030.565795 2.097225904 -1.227354050 3.147013187 -0.035376891 -0.703897476 -0.402821332 0.583962142
1341848030.626961 2.104810238 -1.220273733 3.136767626 -0.037248425 -0.700103283 -0.400306940 0.590103745
1341848030.658903 2.108316422 -1.215177059 3.129744768 -0.039074697 -0.698785961 -0.397419512 0.593488991
1341848030.690656 2.112177134 -1.212272644 3.121650219 -0.039876759 -0.697871983 -0.395420760 0.595841408
1341848030.726765 2.115331888 -1.209013700 3.116047144 -0.040568598 -0.696425259 -0.394025415 0.598406315
1341848030.758759 2.118489504 -1.204875588 3.109523058 -0.041152526 -0.694773495 -0.391091764 0.602198958
1341848030.794692 2.122891665 -1.202136874 3.102092743 -0.040517438 -0.692930758 -0.388937384 0.605750084
1341848030.827483 2.127296448 -1.194542646 3.093933344 -0.039973676 -0.691439211 -0.385324717 0.609785974
1341848030.859838 2.133616447 -1.191016674 3.086860895 -0.041266769 -0.690135062 -0.381561399 0.613532126
1341848030.894711 2.138536215 -1.187691092 3.080448627 -0.045572981 -0.688430429 -0.378073782 0.617290020
1341848030.926741 2.140754938 -1.184218287 3.070133924 -0.049585372 -0.686934114 -0.374711186 0.620688677
1341848030.958727 2.144326210 -1.182686925 3.060611486 -0.049537595 -0.686129689 -0.371620029 0.623434663
1341848030.994735 2.150608301 -1.180572033 3.050887585 -0.049140483 -0.683620632 -0.368572652 0.628014624
1341848031.026698 2.158325195 -1.174861073 3.044902563 -0.051045455 -0.683798492 -0.363578349 0.630574942
1341848031.062783 2.162855387 -1.171981454 3.035799742 -0.053452712 -0.683932304 -0.360291153 0.632115304
1341848031.094761 2.168357372 -1.169427514 3.027385235 -0.055929545 -0.682703197 -0.357529253 0.634792209
1341848031.126776 2.173102856 -1.166993499 3.019124985 -0.058153115 -0.682577074 -0.355485350 0.635874927
1341848031.162860 2.178086042 -1.161153793 3.010321140 -0.059509490 -0.683252931 -0.352962017 0.636429012
1341848031.194685 2.183734179 -1.156969905 3.002914906 -0.060536835 -0.682831228 -0.351609319 0.637532532
1341848031.230953 2.188482761 -1.153876185 2.994431019 -0.061420694 -0.681818128 -0.351547450 0.638565540
1341848031.262715 2.193224669 -1.151727676 2.987669706 -0.062643178 -0.681887984 -0.350857168 0.638751805
1341848031.294747 2.197426558 -1.146448851 2.981655598 -0.065408126 -0.681211829 -0.350473046 0.639406681
1341848031.330754 2.199806452 -1.147874117 2.971849918 -0.067972861 -0.679654062 -0.351594448 0.640180826
1341848031.363008 2.203099251 -1.145804405 2.964662313 -0.066731103 -0.679218650 -0.350726485 0.641248822
1341848031.394753 2.208282232 -1.143549800 2.959745407 -0.064828426 -0.678503215 -0.350677669 0.642227352
1341848031.430611 2.208174467 -1.139853835 2.952071667 -0.064452536 -0.676836908 -0.349696994 0.644553959
1341848031.472150 2.213593006 -1.139129043 2.946402073 -0.063113719 -0.676046908 -0.348932445 0.645928323
1341848031.502110 2.217966318 -1.137516975 2.941265821 -0.061165418 -0.674130619 -0.349902630 0.647591650
1341848031.562876 2.225371599 -1.136028171 2.930967093 -0.059859067 -0.670528471 -0.348015875 0.652451932
1341848031.598730 2.229225636 -1.132873774 2.929456711 -0.059590153 -0.668482363 -0.347274572 0.654966235
1341848031.630816 2.230392218 -1.132128835 2.921595812 -0.059842214 -0.666290998 -0.346578687 0.657539725
1341848031.662784 2.234876156 -1.131818414 2.919456959 -0.058660280 -0.665202916 -0.345926046 0.659089684
1341848031.698757 2.241249323 -1.127302766 2.915580511 -0.057456598 -0.663299322 -0.344039798 0.662094653
1341848031.730668 2.243685961 -1.125592589 2.910857439 -0.056094583 -0.662070394 -0.342078716 0.664453506
1341848031.766658 2.251229048 -1.123498321 2.906453609 -0.053427078 -0.661007166 -0.339599967 0.666998506
1341848031.798743 2.258205175 -1.120847940 2.903450727 -0.053080548 -0.658753932 -0.337818384 0.670152664
1341848031.830821 2.261261702 -1.121702909 2.899144173 -0.054942187 -0.656600952 -0.335460693 0.673292398
1341848031.866735 2.268063784 -1.119108558 2.894925117 -0.054367382 -0.654321611 -0.332290411 0.677119315
1341848031.898722 2.272663832 -1.118109107 2.889008999 -0.052809846 -0.651577652 -0.331096679 0.680465043
1341848031.930844 2.278403282 -1.115118742 2.884749651 -0.052903987 -0.650237441 -0.327157855 0.683637500
1341848031.966694 2.285100222 -1.114181280 2.878615856 -0.053738281 -0.648344874 -0.326248735 0.685800970
1341848031.998742 2.290276527 -1.112826705 2.874650955 -0.052537262 -0.645960987 -0.325362742 0.688558996
1341848032.034711 2.294935465 -1.108304739 2.866604328 -0.050184861 -0.644028306 -0.323799431 0.691276312
1341848032.066718 2.302986860 -1.104704738 2.863451481 -0.049945630 -0.642771482 -0.322383255 0.693122923
1341848032.098732 2.307618618 -1.101855516 2.855656147 -0.050877362 -0.641345322 -0.321260303 0.694895387
1341848032.134739 2.315587521 -1.099420667 2.850235939 -0.049899597 -0.641189635 -0.320798993 0.695322931
1341848032.166964 2.322413445 -1.096317649 2.845501900 -0.049334917 -0.639726818 -0.320922136 0.696652532
1341848032.203043 2.326581240 -1.091146469 2.840019226 -0.049762804 -0.639176667 -0.319588780 0.697739124
1341848032.234663 2.333043814 -1.089039326 2.834698677 -0.049916148 -0.638814747 -0.319158673 0.698256314
1341848032.266730 2.340229988 -1.083999991 2.828956604 -0.049698688 -0.636673927 -0.319624692 0.700011730
1341848032.302842 2.343589783 -1.080191135 2.823982716 -0.049155600 -0.636141539 -0.318648100 0.700978637
1341848032.334617 2.351094246 -1.078920484 2.817879200 -0.048607998 -0.635109127 -0.318345010 0.702089906
1341848032.366699 2.354657650 -1.074974418 2.814433575 -0.048541643 -0.633002222 -0.318854302 0.703764141
1341848032.402980 2.358782291 -1.072955728 2.809889793 -0.047279283 -0.632313013 -0.316695005 0.705442607
1341848032.434730 2.366678715 -1.070044279 2.805500984 -0.046140656 -0.631404936 -0.314944029 0.707113326
1341848032.470791 2.371077776 -1.068489552 2.801192284 -0.045782998 -0.630925655 -0.314298689 0.707851112
1341848032.502972 2.375560760 -1.066306233 2.795700073 -0.045963082 -0.630596042 -0.312731475 0.708826542
1341848032.534733 2.382159233 -1.064018726 2.789726973 -0.045278806 -0.629881024 -0.311467260 0.710061967
1341848032.570910 2.383563042 -1.060765147 2.784005404 -0.045565486 -0.629113853 -0.310187131 0.711283028
1341848032.603044 2.387699604 -1.058913112 2.778581142 -0.044723973 -0.630517423 -0.308201224 0.710956872
1341848032.634746 2.392964840 -1.058424473 2.771779060 -0.043055367 -0.631221592 -0.306432724 0.711199403
1341848032.670780 2.397275686 -1.055624127 2.763219595 -0.040641014 -0.630771220 -0.305248708 0.712249398
1341848032.702791 2.401646852 -1.053281784 2.757008076 -0.038935993 -0.631583989 -0.304140687 0.712098479
1341848032.738725 2.407668114 -1.050713420 2.750502348 -0.038862731 -0.632262707 -0.302255034 0.712302983
1341848032.770741 2.411588907 -1.047035694 2.741797924 -0.039136544 -0.631340742 -0.302845716 0.712854683
1341848032.802941 2.413925648 -1.044292808 2.735416174 -0.038653489 -0.631798625 -0.302597821 0.712580562
1341848032.838781 2.422343969 -1.043107390 2.727456331 -0.038304333 -0.633086264 -0.301705927 0.711834431
1341848032.870732 2.423521519 -1.038775682 2.720090389 -0.039422177 -0.632460594 -0.301698983 0.712332308
1341848032.902707 2.425409079 -1.035851598 2.713902712 -0.040226836 -0.632368207 -0.300701082 0.712791085
1341848032.938845 2.428514719 -1.032204270 2.706442356 -0.040202077 -0.631582022 -0.300433964 0.713601768
1341848032.970816 2.430475473 -1.024619818 2.698854446 -0.038824160 -0.630215228 -0.301384419 0.714485049
1341848033.006687 2.431464195 -1.021785736 2.691394806 -0.038532004 -0.629038036 -0.300772101 0.715795100
1341848033.039238 2.431867361 -1.018139362 2.684351921 -0.038491476 -0.628339529 -0.299230337 0.717055798
1341848033.070841 2.431420088 -1.013422251 2.678731680 -0.036731225 -0.627389252 -0.298584133 0.718248606
1341848033.106948 2.432123184 -1.010639191 2.670564175 -0.035543676 -0.625472844 -0.296785951 0.720720887
1341848033.139110 2.432874203 -1.007424355 2.663841486 -0.035504244 -0.624693990 -0.293448150 0.722762167
1341848033.170741 2.436389446 -1.002747893 2.657296419 -0.037488937 -0.623447657 -0.291066945 0.724698365
1341848033.206854 2.431687593 -1.001442194 2.650979996 -0.040739454 -0.621320665 -0.290541738 0.726558030
1341848033.238728 2.431956530 -0.997688949 2.644280672 -0.040520553 -0.619326591 -0.289083898 0.728850663
1341848033.274940 2.435872555 -0.994730651 2.638018370 -0.039895389 -0.617692530 -0.288874149 0.730353355
1341848033.306665 2.434533119 -0.991036475 2.632853985 -0.041266378 -0.615411818 -0.288451016 0.732367098
1341848033.338836 2.436824560 -0.988925040 2.623781681 -0.042502932 -0.613041222 -0.286832601 0.734915793
1341848033.374810 2.438004255 -0.984640479 2.618617535 -0.042779908 -0.611099839 -0.287476361 0.736263752
1341848033.406805 2.434806585 -0.981785536 2.610558033 -0.042882003 -0.609177768 -0.287726551 0.737751424
1341848033.443097 2.437505484 -0.978268147 2.602878332 -0.042627748 -0.608496726 -0.285880208 0.739044785
1341848033.474671 2.438998938 -0.975044131 2.596091032 -0.043271802 -0.606928885 -0.285554379 0.740421295
1341848033.506807 2.438571453 -0.971558213 2.590441942 -0.043470234 -0.605779469 -0.285085529 0.741530716
1341848033.542876 2.436977863 -0.966464400 2.582488537 -0.043058150 -0.605153680 -0.283551782 0.742652953
1341848033.574826 2.438811779 -0.964005828 2.578044891 -0.043664917 -0.604071379 -0.282236725 0.743998349
1341848033.606870 2.438672304 -0.961410046 2.571900129 -0.045414958 -0.601953626 -0.280516833 0.746257126
1341848033.642934 2.440054417 -0.958622575 2.564232826 -0.046348568 -0.601214826 -0.278661907 0.747489154
1341848033.674924 2.441071987 -0.956521332 2.558989763 -0.046478566 -0.600358605 -0.278266311 0.748316288
1341848033.710808 2.442333221 -0.954974592 2.552429676 -0.047913831 -0.598739326 -0.277225584 0.749907672
1341848033.742797 2.437974691 -0.955962420 2.543467999 -0.049455266 -0.598158956 -0.275720954 0.750824869
1341848033.774817 2.443130732 -0.952692091 2.539277315 -0.047287222 -0.598562121 -0.274992764 0.750910282
1341848033.811114 2.444031715 -0.950885713 2.535597801 -0.047700789 -0.596628487 -0.274283111 0.752680540
1341848033.842774 2.443178892 -0.949419618 2.527738333 -0.049082495 -0.595036924 -0.272146553 0.754624605
1341848033.874878 2.445076704 -0.947410822 2.522924900 -0.049628347 -0.594180107 -0.271517366 0.755490184
1341848033.911229 2.447192907 -0.944164455 2.521306992 -0.048854724 -0.592055500 -0.270271808 0.757652104
1341848033.942752 2.449692965 -0.940479040 2.516513348 -0.045596920 -0.588544369 -0.268145829 0.761337221
1341848033.978916 2.449971437 -0.938907266 2.512763023 -0.042474832 -0.586040378 -0.265495062 0.764372289
1341848034.010755 2.452828169 -0.937836409 2.507045269 -0.038794890 -0.582259476 -0.263378114 0.768180311
1341848034.042713 2.453419209 -0.938977242 2.504921913 -0.037877951 -0.577706814 -0.259939879 0.772820413
1341848034.078802 2.453797340 -0.939997792 2.499514580 -0.039185937 -0.574690044 -0.256389022 0.776183367
1341848034.110771 2.458944082 -0.939295352 2.497265339 -0.038391218 -0.573764324 -0.252348334 0.778229356
1341848034.142710 2.460495710 -0.943125725 2.493058443 -0.037019689 -0.568301558 -0.248916224 0.783392370
1341848034.178809 2.463865042 -0.938014627 2.490349770 -0.033563748 -0.564772725 -0.245872706 0.787052691
1341848034.210696 2.468863726 -0.939203620 2.485616207 -0.033934921 -0.562982976 -0.242622063 0.789324462
1341848034.246723 2.473661900 -0.937575459 2.481613159 -0.035783261 -0.559621930 -0.239024192 0.792723417
1341848034.278739 2.476522446 -0.935894608 2.476480484 -0.035413526 -0.556665897 -0.236274242 0.795640349
1341848034.318061 2.480632782 -0.933038592 2.470133305 -0.033645175 -0.554556370 -0.233207420 0.798091173
1341848034.353785 2.486799717 -0.931498051 2.465390205 -0.034444183 -0.552141309 -0.230192900 0.800602794
1341848034.386162 2.488584518 -0.931391597 2.459096909 -0.036291525 -0.550649226 -0.227288648 0.802376568
1341848034.421769 2.493979216 -0.926454961 2.452927589 -0.035696775 -0.549360693 -0.225552440 0.803775311
1341848034.453838 2.498303175 -0.924583912 2.446156979 -0.036305156 -0.547267497 -0.224831313 0.805376410
1341848034.485678 2.502118349 -0.919712305 2.437694073 -0.036076613 -0.546089590 -0.223010600 0.806691349
1341848034.521747 2.508567333 -0.918632388 2.433132887 -0.035263345 -0.546682954 -0.223233685 0.806263626
1341848034.553684 2.512570143 -0.911732256 2.422350407 -0.034407899 -0.544846952 -0.223396122 0.807497501
1341848034.585774 2.518382311 -0.907705545 2.413707733 -0.035435941 -0.544715643 -0.223633334 0.807475865
1341848034.653784 2.527534723 -0.897933125 2.401351452 -0.038194466 -0.543516695 -0.226183042 0.807447910
1341848034.715163 2.538117170 -0.888333857 2.386835098 -0.039573081 -0.541805148 -0.226095840 0.808555484
1341848034.746742 2.542431355 -0.881750762 2.380341530 -0.040575132 -0.541870475 -0.226843461 0.808252573
1341848034.782798 2.544800282 -0.872307956 2.374139786 -0.041512582 -0.540606022 -0.226275533 0.809210241
1341848034.814737 2.547690153 -0.867304862 2.367040634 -0.041797828 -0.539787412 -0.225962728 0.809829235
1341848034.846851 2.552644968 -0.859524608 2.359242201 -0.040810358 -0.539514601 -0.227428958 0.809650898
1341848034.882707 2.554282665 -0.855911970 2.353971481 -0.042188067 -0.537968278 -0.227415055 0.810612559
1341848034.914816 2.558393478 -0.853005171 2.350599766 -0.042651135 -0.537028849 -0.227766871 0.811112344
1341848034.951491 2.560997248 -0.848423958 2.346687317 -0.042362172 -0.535471022 -0.228529513 0.811942458
1341848034.983028 2.563400984 -0.844999552 2.341550827 -0.042494092 -0.533355415 -0.228908584 0.813220203
1341848035.014942 2.562439203 -0.841972291 2.335556030 -0.044112366 -0.531121850 -0.228570446 0.814689696
1341848035.050945 2.564179897 -0.836354017 2.332176447 -0.044984460 -0.530155778 -0.228044763 0.815418184
1341848035.084295 2.563035250 -0.832572579 2.327490807 -0.044365901 -0.529119909 -0.228182286 0.816086233
1341848035.118886 2.566595078 -0.832193494 2.323221207 -0.045244522 -0.527656794 -0.229252219 0.816685200
1341848035.218946 2.564162254 -0.815455556 2.308463573 -0.045671731 -0.524607539 -0.229809120 0.818467379
1341848035.284261 2.563331842 -0.810508609 2.296486855 -0.046286356 -0.523983419 -0.228519917 0.819193304
1341848035.319914 2.565232515 -0.805169940 2.290590048 -0.046035182 -0.523488283 -0.226145416 0.820182383
1341848035.350991 2.561280489 -0.803870082 2.283488274 -0.046913650 -0.522899747 -0.224615097 0.820928216
1341848035.422709 2.561388969 -0.801063955 2.267157555 -0.048268311 -0.521958172 -0.220555261 0.822548032
1341848035.486822 2.559700251 -0.797715843 2.252642870 -0.049106456 -0.521719515 -0.216175497 0.823811531
1341848035.518623 2.561713219 -0.792677581 2.246076107 -0.050391912 -0.521510422 -0.213915095 0.824456096
1341848035.550852 2.557183743 -0.786575377 2.238468409 -0.052029148 -0.520394862 -0.209807515 0.826113164
1341848035.586716 2.556325197 -0.785055757 2.232141733 -0.051426016 -0.520361423 -0.206873700 0.826911569
1341848035.618790 2.556206703 -0.782196403 2.225201607 -0.051165443 -0.518601358 -0.205406934 0.828397691
1341848035.654654 2.554967403 -0.779989243 2.218672752 -0.053694926 -0.516438901 -0.202225715 0.830368936
1341848035.686693 2.552949190 -0.774148107 2.210052252 -0.055341642 -0.514432669 -0.199129939 0.832252145
1341848035.718791 2.552835941 -0.770956099 2.205322981 -0.058069564 -0.510899663 -0.197811663 0.834553778
1341848035.755991 2.550083637 -0.766962945 2.197329283 -0.059361897 -0.508271933 -0.195544377 0.836599231
1341848035.786729 2.548734903 -0.762961686 2.189657450 -0.058824491 -0.506256044 -0.194744661 0.838044763
1341848035.818784 2.549009085 -0.760880113 2.183970451 -0.060085382 -0.502845883 -0.193912596 0.840198636
1341848035.854701 2.543790340 -0.760415137 2.175423861 -0.061094131 -0.500382006 -0.191533044 0.842140436
1341848035.886689 2.542551517 -0.754094124 2.167713642 -0.061402697 -0.499743342 -0.188111678 0.843267620
1341848035.922832 2.540096760 -0.751563489 2.162544489 -0.062706009 -0.498994797 -0.185838297 0.844118714
1341848035.954633 2.539267540 -0.749247372 2.154421568 -0.063159280 -0.498941541 -0.182714224 0.844798028
1341848035.986741 2.539943695 -0.747255862 2.146056175 -0.065382876 -0.499471575 -0.179449156 0.845015526
1341848036.022779 2.536694050 -0.744485438 2.139386177 -0.068962805 -0.498923242 -0.177744761 0.845414996
1341848036.054911 2.534658909 -0.740421355 2.134041071 -0.070356809 -0.498417586 -0.176369801 0.845886230
1341848036.087013 2.533514500 -0.737761676 2.127110004 -0.070316523 -0.497173697 -0.175704062 0.846759737
1341848036.122737 2.533818007 -0.735029042 2.119620323 -0.070782647 -0.494889438 -0.177120149 0.847763419
1341848036.154810 2.529388189 -0.731011271 2.114347935 -0.072119981 -0.493142128 -0.176975608 0.848698556
1341848036.190835 2.527079821 -0.728494585 2.108163118 -0.071892783 -0.491939545 -0.175972223 0.849623919
1341848036.223282 2.525039434 -0.725131154 2.100587368 -0.071160831 -0.490143418 -0.176785544 0.850554228
1341848036.254692 2.521623611 -0.723315835 2.094467402 -0.069631919 -0.488935053 -0.178147614 0.851091921
1341848036.290758 2.520611525 -0.716944158 2.088518381 -0.066507474 -0.486348748 -0.178565428 0.852734447
1341848036.354859 2.516200542 -0.712923050 2.073277712 -0.067212090 -0.482291907 -0.178888470 0.854912877
1341848036.390843 2.513654709 -0.708819568 2.068024158 -0.067271210 -0.481767774 -0.177497640 0.855493426
1341848036.458823 2.509710789 -0.705824077 2.051407337 -0.066622131 -0.476993233 -0.177724272 0.858168423
1341848036.491205 2.506772995 -0.699765325 2.045664549 -0.064996429 -0.477348864 -0.176986337 0.858247876
1341848036.522726 2.504037380 -0.695567012 2.038606644 -0.063962057 -0.476595849 -0.176748648 0.858792901
1341848036.558942 2.503351212 -0.693308532 2.029042244 -0.062654838 -0.475407690 -0.175695270 0.859763384
1341848036.590723 2.502269745 -0.687832713 2.019933224 -0.060761824 -0.473577827 -0.174275786 0.861196876
1341848036.626802 2.499647141 -0.685749590 2.012833595 -0.061402529 -0.471693009 -0.170866594 0.862867355
1341848036.658670 2.496851444 -0.681998074 2.002625465 -0.060166594 -0.470572084 -0.167663485 0.864193797
1341848036.691175 2.496267796 -0.678081989 1.992421865 -0.057531804 -0.469490051 -0.165154308 0.865444005
1341848036.726753 2.496354580 -0.672181487 1.981353045 -0.055612013 -0.467887968 -0.162027180 0.867026746
1341848036.758851 2.493949413 -0.670333803 1.971479416 -0.056024250 -0.466633856 -0.158759102 0.868279755
1341848036.790720 2.492101908 -0.665922701 1.963286161 -0.053503316 -0.465713084 -0.156002656 0.869431973
1341848036.826992 2.494678974 -0.661575377 1.951211691 -0.051911108 -0.463036478 -0.154578030 0.871210694
1341848036.858633 2.493041754 -0.660002291 1.939141154 -0.053164657 -0.460112721 -0.152156785 0.873108387
1341848036.926846 2.488156557 -0.652138293 1.919660330 -0.053310931 -0.456644684 -0.146440208 0.875893176
1341848036.958725 2.487102509 -0.648845732 1.908202410 -0.050445966 -0.455026746 -0.145495847 0.877061486
1341848036.994836 2.486964703 -0.641256213 1.895502329 -0.049058218 -0.452510715 -0.142588675 0.878917456
1341848037.026790 2.485254049 -0.637393296 1.883559346 -0.047166366 -0.451447099 -0.141608760 0.879726052
1341848037.061042 2.483661175 -0.635375679 1.874756336 -0.043777686 -0.451445639 -0.141744584 0.879880011
1341848037.094661 2.484256268 -0.629306674 1.861309528 -0.040675387 -0.450221241 -0.138891026 0.881110489
1341848037.126709 2.483561993 -0.624286354 1.850795984 -0.039262816 -0.450537890 -0.136892140 0.881325483
1341848037.162789 2.478814602 -0.624306321 1.835283756 -0.036915112 -0.449844062 -0.134696364 0.882119358
1341848037.194724 2.476531267 -0.620574355 1.824326158 -0.027715819 -0.454467624 -0.133430496 0.880276918
1341848037.227032 2.480517387 -0.617207468 1.813621163 -0.024809485 -0.456188560 -0.131045863 0.879831493
1341848037.263738 2.479550362 -0.614126801 1.805822492 -0.022299001 -0.459701389 -0.127803236 0.878546476
1341848037.295192 2.477050304 -0.607249677 1.790261626 -0.015837632 -0.462397993 -0.128007978 0.877240717
1341848037.326868 2.479726791 -0.607465029 1.780725121 -0.016053095 -0.462404579 -0.128857523 0.877108932
1341848037.362746 2.470674515 -0.601823211 1.769998550 -0.015117631 -0.461734086 -0.128299743 0.877560437
1341848037.395057 2.471030235 -0.597548842 1.760083079 -0.011174752 -0.462763131 -0.129385099 0.876917839
1341848037.430946 2.469975471 -0.594456792 1.751137972 -0.008898828 -0.462330222 -0.130345508 0.877030075
1341848037.462765 2.464011669 -0.589686990 1.739427328 -0.007761213 -0.461673617 -0.130071193 0.877427340
1341848037.530725 2.459702253 -0.581554890 1.721754909 -0.005545286 -0.462025970 -0.131866425 0.876990616
1341848037.562958 2.454247236 -0.578983545 1.711560130 -0.005653274 -0.460249633 -0.133609325 0.877659917
1341848037.595756 2.449059010 -0.575017393 1.704092503 -0.004744589 -0.459992051 -0.133953735 0.877747834
1341848037.630756 2.447003365 -0.569401562 1.695702314 -0.003893998 -0.458263546 -0.135784313 0.878374636
1341848037.662669 2.441395998 -0.566142738 1.690105081 -0.003609004 -0.455548733 -0.137156114 0.879574120
1341848037.698670 2.434127808 -0.564031184 1.683075905 -0.002504820 -0.453626007 -0.137954354 0.880446374
1341848037.730964 2.430315971 -0.559302747 1.676872373 -0.002031524 -0.451325208 -0.137178198 0.881750286
1341848037.769764 2.425216675 -0.553075910 1.667904735 -0.002622821 -0.448657990 -0.135511369 0.883366168
1341848037.837792 2.411630154 -0.546769619 1.653579593 -0.001481433 -0.444727451 -0.132653654 0.885786891
1341848037.898921 2.402031422 -0.536556840 1.640036345 -0.008756001 -0.438938498 -0.129032627 0.889160812
1341848037.930939 2.397965193 -0.530902624 1.633793831 -0.011126785 -0.434773296 -0.127822489 0.891352832
1341848037.966864 2.390302658 -0.523547947 1.625958443 -0.013524571 -0.430506229 -0.127626672 0.893416405
1341848037.998629 2.381764889 -0.520284653 1.620775223 -0.016179837 -0.428026438 -0.127323464 0.894606233
1341848038.030908 2.377428055 -0.514068842 1.615931153 -0.016801491 -0.425401688 -0.127201676 0.895863175
1341848038.066849 2.372283459 -0.508427262 1.607903481 -0.019474424 -0.420710295 -0.127428591 0.897989750
1341848038.098674 2.365777969 -0.506739318 1.602146864 -0.023686236 -0.416991651 -0.126036629 0.899817586
1341848038.134662 2.358150959 -0.502332568 1.596880674 -0.024847971 -0.414470017 -0.126108795 0.900940537
1341848038.166674 2.356292725 -0.496639550 1.593370676 -0.024998486 -0.411932468 -0.126866177 0.901993215
1341848038.198711 2.346922874 -0.495790511 1.585186481 -0.027669560 -0.407971472 -0.126041859 0.903829157
1341848038.234726 2.338803291 -0.492846221 1.580325842 -0.028670957 -0.406607985 -0.124339648 0.904647827
1341848038.274093 2.336095095 -0.489456385 1.572233915 -0.027680160 -0.404479176 -0.124505818 0.905609667
1341848038.306525 2.330983400 -0.486184806 1.564818025 -0.027921787 -0.401975483 -0.125087425 0.906636298
1341848038.341933 2.324456453 -0.485073626 1.560684800 -0.028549863 -0.400308907 -0.124518722 0.907432020
1341848038.374117 2.321012974 -0.480661511 1.554417729 -0.026269019 -0.397987694 -0.125256300 0.908419907
1341848038.409802 2.313976288 -0.478913248 1.544466257 -0.025388980 -0.395199299 -0.126769900 0.909451663
1341848038.441825 2.309945345 -0.476487815 1.537797928 -0.025119854 -0.395040572 -0.124505654 0.909840822
1341848038.473889 2.306177378 -0.471557349 1.532298923 -0.025069529 -0.393658459 -0.123866454 0.910528243
1341848038.510185 2.297062635 -0.472426355 1.524876356 -0.024660747 -0.391136140 -0.124759011 0.911504090
1341848038.566862 2.286737919 -0.467656165 1.508943915 -0.018083699 -0.388889134 -0.122203849 0.912964642
1341848038.602989 2.283091068 -0.465054363 1.502723098 -0.017000502 -0.388649642 -0.122429229 0.913057268
1341848038.634739 2.277857304 -0.461377174 1.493681073 -0.015494753 -0.389102072 -0.121919990 0.912959516
1341848038.670685 2.278383017 -0.455125004 1.483623385 -0.014455762 -0.388596207 -0.122441500 0.913122237
1341848038.702868 2.269228697 -0.455981910 1.474133253 -0.015574824 -0.387541264 -0.123122223 0.913460553
1341848038.734794 2.265616417 -0.447793573 1.467819691 -0.011560430 -0.387417793 -0.122664697 0.913634062
1341848038.770741 2.267423153 -0.443976015 1.455359340 -0.010733238 -0.385945380 -0.122542895 0.914283454
1341848038.802800 2.262880564 -0.438010246 1.441458583 -0.012221034 -0.384990752 -0.120795697 0.914899588
1341848038.838770 2.255123615 -0.435022801 1.436231971 -0.011900944 -0.384928852 -0.119719222 0.915071309
1341848038.871141 2.256722927 -0.427902043 1.426943064 -0.009360093 -0.382342279 -0.119333804 0.916234851
1341848038.902781 2.255139112 -0.425287038 1.415876389 -0.011988216 -0.379697919 -0.117226884 0.917574883
1341848038.938767 2.248888493 -0.418699771 1.405573606 -0.012869415 -0.378635615 -0.113491245 0.918471158
1341848038.970765 2.254790783 -0.408102572 1.397732854 -0.012096740 -0.376517236 -0.111858852 0.919552147
1341848039.002634 2.252083063 -0.402819157 1.391442657 -0.013768762 -0.372298121 -0.111706175 0.921263456
1341848039.038895 2.247246027 -0.404244006 1.382264376 -0.014493744 -0.369602084 -0.109533332 0.922597826
1341848039.070805 2.250618219 -0.392389566 1.371110320 -0.012965350 -0.367547572 -0.106757708 0.923765957
1341848039.106775 2.242521763 -0.393487841 1.360271811 -0.015478976 -0.364722461 -0.106189393 0.924911797
1341848039.138656 2.241277695 -0.388887167 1.354070663 -0.014670809 -0.363916665 -0.103794910 0.925513983
1341848039.170737 2.242483139 -0.382367522 1.343004227 -0.015147569 -0.361258388 -0.102544904 0.926686347
1341848039.206814 2.238926649 -0.380140781 1.337982059 -0.016400691 -0.360245317 -0.100961648 0.927233040
1341848039.238881 2.236750841 -0.375366747 1.327922583 -0.014114215 -0.359005004 -0.099568948 0.927902043
1341848039.270959 2.239384174 -0.368793517 1.317555308 -0.013564506 -0.356964409 -0.099394619 0.928715885
1341848039.306747 2.237202644 -0.366602957 1.310898304 -0.015244463 -0.355896980 -0.098150447 0.929231703
1341848039.338889 2.236143351 -0.361883044 1.302721024 -0.014834858 -0.355158329 -0.096242510 0.929720342
1341848039.374766 2.235987425 -0.354483992 1.294143677 -0.013703750 -0.353767902 -0.096811399 0.930208623
1341848039.406886 2.234914780 -0.352962941 1.288492203 -0.014573959 -0.351815522 -0.097147003 0.930900574
1341848039.438853 2.229208469 -0.349484146 1.279674888 -0.015310605 -0.349745244 -0.096903436 0.931693912
1341848039.474867 2.227326870 -0.343309641 1.274129748 -0.015532711 -0.348047465 -0.097664520 0.932246447
1341848039.507121 2.222065687 -0.342186034 1.270455837 -0.015909810 -0.345600903 -0.098644905 0.933046699
1341848039.538659 2.219536066 -0.339652717 1.263717651 -0.014926757 -0.343740642 -0.098613545 0.933753192
1341848039.574890 2.213264942 -0.335082918 1.254545927 -0.014816276 -0.342458159 -0.098327070 0.934256315
1341848039.606721 2.209634781 -0.333138198 1.251838803 -0.014571438 -0.342494786 -0.098978311 0.934177876
1341848039.642714 2.205320597 -0.330287099 1.245784283 -0.013074900 -0.339478344 -0.100226626 0.935167432
1341848039.674760 2.200226545 -0.327942610 1.235869408 -0.011800284 -0.337662935 -0.100233719 0.935840726
1341848039.707168 2.197961807 -0.324335784 1.229150295 -0.011747804 -0.338143438 -0.099943034 0.935698867
1341848039.742862 2.192638874 -0.319395572 1.226501822 -0.011008969 -0.336350709 -0.101247340 0.936213672
1341848039.775334 2.184267759 -0.314575464 1.220237613 -0.009140964 -0.333080769 -0.102050751 0.937314928
1341848039.806875 2.180268049 -0.310903281 1.215448380 -0.006748236 -0.332301915 -0.102496602 0.937563062
1341848039.843282 2.176277876 -0.303627908 1.208623290 -0.005893414 -0.330138624 -0.101751514 0.938413799
1341848039.881803 2.166833639 -0.303156018 1.205076933 -0.005932668 -0.327743858 -0.101308875 0.939300418
1341848039.943367 2.156931162 -0.298836708 1.189011097 -0.006407167 -0.324295551 -0.097242318 0.940922618
1341848039.974815 2.147536278 -0.296267569 1.184364796 -0.008635211 -0.323062181 -0.094974555 0.941560507
1341848040.010707 2.139329433 -0.294105440 1.178731322 -0.008372634 -0.322225839 -0.092009924 0.942143679
1341848040.042768 2.135344744 -0.286687076 1.172288418 -0.008586420 -0.320306957 -0.090868033 0.942906559
1341848040.078716 2.125154018 -0.282164305 1.168228030 -0.011811675 -0.317780644 -0.088322103 0.943967819
1341848040.110819 2.119404316 -0.279477596 1.162792444 -0.014526528 -0.315048397 -0.086809635 0.944985509
1341848040.142744 2.113843679 -0.275578022 1.156249285 -0.015759038 -0.311015606 -0.086236730 0.946353137
1341848040.178810 2.106728792 -0.269436359 1.149491787 -0.016997730 -0.308014601 -0.086406872 0.947297215
1341848040.211029 2.099624395 -0.266357005 1.144963026 -0.020918215 -0.305678904 -0.084245525 0.948169589
1341848040.242681 2.093058348 -0.262748480 1.139142990 -0.023467368 -0.302168071 -0.083504327 0.949300170
1341848040.278950 2.083939552 -0.263196349 1.136368036 -0.024791962 -0.298794717 -0.082755387 0.950399280
1341848040.310719 2.076272964 -0.259885848 1.128893495 -0.023789311 -0.296297580 -0.079189837 0.951509774
1341848040.346920 2.072339296 -0.260592669 1.118250728 -0.027479675 -0.294124722 -0.076102175 0.952336073
1341848040.378809 2.061929226 -0.258368522 1.115571022 -0.029280512 -0.291566342 -0.074046277 0.953230798
1341848040.410884 2.056953430 -0.259837061 1.113877535 -0.027797585 -0.290494472 -0.070503198 0.953870893
1341848040.446720 2.051553726 -0.257131547 1.104536295 -0.027231382 -0.288934439 -0.066492781 0.954648674
1341848040.478680 2.045113087 -0.257010460 1.097313285 -0.027704051 -0.287661701 -0.063734010 0.955207467
1341848040.517796 2.036938906 -0.256510317 1.092773080 -0.025909681 -0.286321163 -0.062165264 0.955763757
1341848040.578879 2.026069880 -0.253686279 1.079651237 -0.024248369 -0.284280002 -0.061064709 0.956487358
1341848040.614917 2.020267248 -0.254005611 1.073554873 -0.025122143 -0.282750905 -0.059397604 0.957022905
1341848040.646758 2.017003536 -0.250339985 1.069227219 -0.022582242 -0.280741483 -0.059543200 0.957668483
1341848040.679034 2.010342836 -0.258334666 1.067638159 -0.023178900 -0.276348501 -0.060373440 0.958879173
1341848040.714653 2.004178524 -0.251550913 1.064875841 -0.017999478 -0.269389510 -0.056944121 0.961177766
1341848040.746821 1.996611834 -0.248163104 1.052681208 -0.013189176 -0.260230035 -0.055534087 0.963858128
1341848040.778774 1.990169406 -0.248401299 1.047796845 -0.010221693 -0.254634112 -0.054396622 0.965452254
1341848040.814675 1.989526868 -0.248677522 1.047255754 -0.009946332 -0.248723984 -0.052979421 0.967073262
1341848040.846908 1.974668503 -0.247184604 1.038072944 -0.008688365 -0.241914451 -0.052119188 0.968857884
1341848040.882827 1.974334717 -0.248156741 1.041640639 -0.007121040 -0.238897696 -0.050377559 0.969711006
1341848040.914699 1.965635180 -0.247111633 1.032251477 -0.007718740 -0.232320622 -0.047425769 0.971451700
1341848040.946862 1.961420536 -0.247064680 1.030972362 -0.007946483 -0.229444474 -0.045029949 0.972247124
1341848040.984484 1.954762340 -0.237354353 1.023485899 -0.006203134 -0.223123014 -0.041158251 0.973901272
1341848041.022638 1.945278406 -0.240100130 1.017492652 -0.010346555 -0.218440652 -0.037564993 0.975072086
1341848041.058859 1.938733578 -0.235712990 1.022679567 -0.011033354 -0.217820957 -0.031850517 0.975406587
1341848041.094347 1.938749075 -0.223373309 1.016090751 -0.010104289 -0.212720588 -0.028260607 0.976652026
1341848041.122188 1.932289720 -0.221675351 1.012553453 -0.015584479 -0.207592294 -0.024250081 0.977790713
1341848041.189954 1.920378208 -0.219037786 1.004256606 -0.022179957 -0.200645745 -0.014086884 0.979311466
1341848041.250726 1.913073897 -0.213120744 1.000733495 -0.026572635 -0.196717113 -0.009255374 0.980056465
1341848041.283054 1.905357838 -0.214759588 0.996803045 -0.031734575 -0.193090379 -0.007748350 0.980637074
1341848041.319290 1.897119522 -0.206844106 1.004067183 -0.031608533 -0.192066327 -0.005841189 0.980855465
1341848041.355465 1.890351653 -0.203447804 0.997319639 -0.030230839 -0.188371181 -0.004875420 0.981620431
1341848041.384901 1.884464860 -0.204374388 0.997029722 -0.032052856 -0.185114473 -0.006507059 0.982172549
1341848041.418768 1.869125366 -0.198096052 0.995436609 -0.030501787 -0.178794041 -0.004188878 0.983404696
1341848041.450845 1.866414666 -0.196271777 0.989272058 -0.032235377 -0.175601810 -0.001518785 0.983932257
1341848041.482801 1.856883287 -0.197283700 0.991061330 -0.036574554 -0.172403798 -0.002391468 0.984344304
1341848041.518788 1.847659469 -0.193573102 0.993609309 -0.037046779 -0.167548031 -0.001269120 0.985166848
1341848041.550730 1.843660355 -0.192028627 0.992750645 -0.036749136 -0.162768066 -0.001494310 0.985978663
1341848041.586805 1.829948545 -0.190319553 0.994576871 -0.037524678 -0.157760799 -0.002169790 0.986761749
1341848041.618743 1.819765925 -0.190414190 0.993944585 -0.037734132 -0.153875917 -0.000609071 0.987369239
1341848041.650957 1.811859250 -0.189733550 0.994973242 -0.037881594 -0.151401892 0.000098022 0.987746239
1341848041.686781 1.801312923 -0.189945623 0.998084247 -0.037357848 -0.149705395 0.001453237 0.988023579
1341848041.718789 1.786869884 -0.186932296 0.990315855 -0.035754260 -0.144961923 0.004394799 0.988781273
1341848041.750776 1.773389935 -0.185502559 0.990301549 -0.035879739 -0.142376497 0.007792687 0.989131391
1341848041.786711 1.762266636 -0.183337808 0.990644813 -0.034273557 -0.141013265 0.011310982 0.989349663
1341848041.818704 1.752132773 -0.185604841 0.989791512 -0.033933818 -0.140788570 0.014805726 0.989347219
1341848041.854747 1.741939187 -0.182726234 0.989784479 -0.033057991 -0.140907064 0.017906398 0.989308774
1341848041.886710 1.728678942 -0.190980330 0.986275017 -0.035682682 -0.138095960 0.019933237 0.989575148
1341848041.918718 1.715213060 -0.192574933 0.990245461 -0.033518523 -0.136401072 0.023557531 0.989806235
1341848041.994975 1.697084785 -0.191439867 0.983444095 -0.033373605 -0.132792205 0.030172087 0.990122318
1341848042.018871 1.686373830 -0.197169036 0.992065191 -0.034882624 -0.131766513 0.035133764 0.990043700
1341848042.054627 1.677044511 -0.197591066 0.986061156 -0.031969585 -0.129073888 0.036278229 0.990455389
1341848042.089498 1.667625546 -0.201611564 0.984089375 -0.035103347 -0.126230165 0.038042657 0.990649521
1341848042.122881 1.655460596 -0.203514963 0.990724862 -0.036146611 -0.124647439 0.042661909 0.990624309
1341848042.154788 1.648279786 -0.205853477 0.990722299 -0.034663506 -0.122687988 0.043075770 0.990903974
1341848042.186714 1.636560559 -0.210180417 0.990134716 -0.035859462 -0.118289538 0.041411407 0.991466999
1341848042.222883 1.628747821 -0.213378146 0.994846940 -0.037245907 -0.115754671 0.043482672 0.991626441
1341848042.254762 1.619836211 -0.210463032 0.994803965 -0.036150727 -0.112887315 0.044250358 0.991963446
1341848042.290694 1.609214306 -0.210218802 0.995721161 -0.036501955 -0.107406147 0.041788928 0.992665768
1341848042.322759 1.598729610 -0.213351712 0.997349918 -0.037958089 -0.103497170 0.043762844 0.992941320
1341848042.354987 1.590484619 -0.206792071 0.994681180 -0.037955508 -0.101296343 0.048208285 0.992962420
1341848042.390711 1.583718419 -0.210051358 0.997236848 -0.041450437 -0.099166140 0.048665285 0.993015468
1341848042.429737 1.569560885 -0.212336808 1.002221465 -0.042711183 -0.094151467 0.050846849 0.993340731
1341848042.490921 1.552231550 -0.203580409 1.000304341 -0.044015158 -0.086399674 0.056746457 0.993668795
1341848042.522713 1.539748549 -0.206320494 1.009092927 -0.046675876 -0.081952609 0.059504375 0.993762732
1341848042.558691 1.528256059 -0.205970943 1.006325006 -0.045258272 -0.075622179 0.061728571 0.994194448
1341848042.590841 1.520588756 -0.203888670 1.001616478 -0.046676751 -0.071011901 0.064083956 0.994319856
1341848042.622730 1.504244924 -0.203990966 1.010738611 -0.046949603 -0.065881886 0.068963207 0.994333684
1341848042.658741 1.501760006 -0.205881208 1.007345080 -0.044857603 -0.063433021 0.071975015 0.994376004
1341848042.697779 1.488205433 -0.200985998 1.005741835 -0.043789361 -0.057031635 0.074426390 0.994630933
1341848042.729778 1.478657126 -0.202322364 1.006445765 -0.044878058 -0.052771855 0.081653275 0.994250417
1341848042.761637 1.469494820 -0.194931149 1.005281210 -0.043315388 -0.048799936 0.087019414 0.994067430
1341848042.797954 1.464014411 -0.194360107 1.003450036 -0.044902846 -0.043901257 0.088571601 0.994088292
1341848042.829708 1.454898000 -0.192378342 1.007329226 -0.045854621 -0.037962824 0.091412388 0.994032204
1341848042.861726 1.446078181 -0.189400807 1.006462336 -0.046205867 -0.032059550 0.094799466 0.993906617
1341848042.897767 1.438577414 -0.188930809 1.006734252 -0.048134949 -0.027795121 0.097793505 0.993653297
1341848042.929860 1.427814245 -0.193880588 1.008473158 -0.049598891 -0.023152063 0.097842529 0.993695557
1341848042.965708 1.421894431 -0.190055937 1.007382512 -0.046738584 -0.019036315 0.100167722 0.993689895
1341848042.997994 1.411859632 -0.187688872 1.002377987 -0.046509113 -0.014788792 0.104172304 0.993361175
1341848043.030335 1.405802608 -0.187418759 1.001540303 -0.047483541 -0.012309364 0.107498668 0.992994428
1341848043.065737 1.398343444 -0.186454356 1.001735687 -0.048453741 -0.008648866 0.110107578 0.992700279
1341848043.097862 1.390348911 -0.186191112 1.003214836 -0.049632594 -0.004907821 0.110586822 0.992614329
1341848043.133955 1.380652666 -0.187991619 1.004586577 -0.050373804 -0.001307435 0.112192862 0.992407978
1341848043.165792 1.377587914 -0.185366049 1.004843235 -0.051012814 0.000537758 0.113489397 0.992228627
1341848043.201879 1.370124936 -0.188949347 1.011556506 -0.052363355 0.002074394 0.112399846 0.992280304
1341848043.233861 1.353315473 -0.192232579 1.013062954 -0.050295372 0.007827070 0.112892017 0.992302656
1341848043.265717 1.343074203 -0.191232190 1.010177970 -0.049237017 0.012025301 0.115543887 0.992008507
1341848043.301798 1.334944844 -0.192883968 1.013265133 -0.049905408 0.014425870 0.116601728 0.991819322
1341848043.334034 1.323113203 -0.194909081 1.018398046 -0.048448347 0.018355634 0.117588639 0.991710007
1341848043.369819 1.316465259 -0.190495163 1.018520355 -0.046281930 0.020275472 0.119266286 0.991575718
1341848043.401743 1.303640842 -0.194427341 1.023459196 -0.046693552 0.021954259 0.120242409 0.991402805
1341848043.433949 1.294254065 -0.196112663 1.024183869 -0.045909598 0.023879182 0.121259034 0.991271079
1341848043.469625 1.287669301 -0.199188456 1.027278543 -0.046591278 0.026214464 0.121960521 0.991094232
1341848043.501696 1.273827672 -0.201616973 1.031483054 -0.047057442 0.029887674 0.126634002 0.990381837
1341848043.537825 1.264075518 -0.201940313 1.038758993 -0.044363141 0.029517336 0.128373727 0.990293324
1341848043.569664 1.259020805 -0.204201311 1.037902355 -0.045046493 0.031050747 0.130681217 0.989913702
1341848043.601838 1.244026899 -0.208790392 1.041729450 -0.046861462 0.033730276 0.132870659 0.989450276
1341848043.637798 1.236108899 -0.209477305 1.047241211 -0.048038386 0.033989176 0.134893179 0.989111245
1341848043.670144 1.227685809 -0.213261753 1.053988934 -0.049609832 0.035532627 0.135875747 0.988844872
1341848043.701979 1.215330124 -0.218243226 1.057755113 -0.050530158 0.038495984 0.136173904 0.988646269
1341848043.737757 1.207329750 -0.215099841 1.063163638 -0.049478594 0.038971554 0.137969747 0.988431871
1341848043.769828 1.198357821 -0.218080699 1.068666101 -0.052481797 0.041255970 0.140612617 0.987811625
1341848043.805817 1.185828447 -0.226023450 1.079516649 -0.055479668 0.044036269 0.143884122 0.987056315
1341848043.837855 1.177341461 -0.234480456 1.087143064 -0.054963198 0.046069678 0.144056290 0.986967325
1341848043.869697 1.170975685 -0.233756989 1.085291386 -0.052741438 0.048569962 0.143979743 0.986979842
1341848043.905731 1.160059333 -0.236127317 1.090321898 -0.054603372 0.050167624 0.145841241 0.986525238
1341848043.938034 1.154138088 -0.241696060 1.098979235 -0.054831490 0.049467187 0.146691352 0.986421883
1341848043.969826 1.148914456 -0.240621477 1.102920532 -0.053822991 0.051095210 0.144966185 0.986649513
1341848044.005919 1.137567043 -0.244504094 1.111499310 -0.055782802 0.053961687 0.144355670 0.986477554
1341848044.037703 1.131659389 -0.253929138 1.117990851 -0.056340691 0.053629041 0.145494089 0.986296713
1341848044.073762 1.123471856 -0.250393361 1.115587711 -0.053245734 0.055138495 0.144414738 0.986544013
1341848044.105804 1.112123609 -0.256012529 1.120469570 -0.057151578 0.056619734 0.144886628 0.986172318
1341848044.137722 1.106853843 -0.261776626 1.126627684 -0.057503954 0.055664577 0.146247178 0.986005366
1341848044.173825 1.102599382 -0.259912848 1.128220677 -0.056402039 0.056290124 0.145471632 0.986148238
1341848044.205750 1.093110800 -0.264133006 1.135088921 -0.058010641 0.060013913 0.145500138 0.985831082
1341848044.237767 1.086098909 -0.265038103 1.139756083 -0.057480160 0.061216101 0.147507206 0.985489905
1341848044.273822 1.082529664 -0.269374877 1.141532183 -0.058883920 0.062080029 0.147925809 0.985290229
1341848044.305742 1.073899746 -0.270099938 1.149084806 -0.059920989 0.064669974 0.149405047 0.984837830
1341848044.337838 1.065863013 -0.274783522 1.151777148 -0.060642336 0.067681096 0.149711460 0.984544694
1341848044.373688 1.060325384 -0.273939282 1.154237390 -0.060058828 0.069413647 0.152037859 0.984103262
1341848044.405874 1.053397417 -0.272328049 1.162633896 -0.060283117 0.072129659 0.154475689 0.983514369
1341848044.441696 1.049225330 -0.276082695 1.167881846 -0.061789550 0.075556017 0.158014968 0.982600987
1341848044.473716 1.042942286 -0.277027875 1.171353936 -0.061909813 0.079547279 0.161410958 0.981726050
1341848044.505687 1.045109510 -0.277194679 1.176968575 -0.062550418 0.081918873 0.164335310 0.981004953
1341848044.541856 1.039079666 -0.278415084 1.182804823 -0.063112102 0.087703660 0.168605804 0.979743421
1341848044.573760 1.034280539 -0.282882333 1.186696529 -0.064060517 0.092292100 0.171599582 0.978740096
1341848044.605829 1.029425740 -0.283650815 1.191500068 -0.063480288 0.096872099 0.175087437 0.977716982
1341848044.641741 1.020859480 -0.283199757 1.198616147 -0.063845254 0.102317758 0.181908920 0.975891471
1341848044.705966 1.008969426 -0.292058319 1.207306504 -0.064676955 0.110052884 0.189263657 0.973593593
1341848044.771011 0.994274080 -0.298648894 1.216694236 -0.062919445 0.118676692 0.195555553 0.971449971
1341848044.802833 0.988817453 -0.294603944 1.218634009 -0.059985295 0.120585144 0.196732685 0.971162856
1341848044.834852 0.979472697 -0.300089628 1.223631024 -0.061989412 0.125233665 0.198531210 0.970082104
1341848044.870686 0.974992156 -0.305640310 1.228947163 -0.060998965 0.126792401 0.204234168 0.968757570
1341848044.902692 0.959682226 -0.302436888 1.231113791 -0.056707907 0.130069226 0.206809536 0.968037188
1341848044.970797 0.942650437 -0.306958556 1.237173438 -0.056164190 0.132721096 0.213291973 0.966300845
1341848045.002641 0.935393393 -0.307812423 1.236940384 -0.056095548 0.132122010 0.214506581 0.966118038
1341848045.038733 0.928111613 -0.305531442 1.242977619 -0.058000341 0.132102236 0.215937227 0.965689480
1341848045.070849 0.923243701 -0.309726536 1.250162125 -0.060974874 0.132495910 0.217121243 0.965186715
1341848045.102831 0.921215236 -0.308151126 1.252403259 -0.060608834 0.133177191 0.216619372 0.965228736
1341848045.138762 0.913189888 -0.311463743 1.257359028 -0.063815556 0.136256889 0.216714293 0.964570701
1341848045.170759 0.908281028 -0.319214880 1.268644810 -0.066365153 0.136899561 0.218056932 0.964004934
1341848045.202698 0.902690530 -0.316330433 1.270798683 -0.063611716 0.137827545 0.216701791 0.964363754
1341848045.238872 0.894481480 -0.319190204 1.278925300 -0.064790696 0.140727997 0.215201080 0.964202464
1341848045.270833 0.886156321 -0.323374420 1.286935329 -0.063993581 0.142706245 0.216012895 0.963783324
1341848045.306816 0.882508457 -0.322794616 1.288738728 -0.063486621 0.141728595 0.216364294 0.963882208
1341848045.338698 0.877734482 -0.326742917 1.296507478 -0.065859020 0.142750561 0.215001300 0.963877261
1341848045.370799 0.871361077 -0.332950801 1.306014538 -0.066363148 0.144777492 0.213719085 0.963825464
1341848045.406703 0.861029625 -0.330766767 1.309495687 -0.064211853 0.145317912 0.214111477 0.963802814
1341848045.438695 0.853372574 -0.333123922 1.319229364 -0.066616118 0.144056112 0.213640109 0.963933647
1341848045.474692 0.852301896 -0.340187699 1.329290271 -0.069221228 0.141341701 0.213150620 0.964260221
1341848045.538886 0.844468951 -0.344858646 1.345993638 -0.068150118 0.140750051 0.210718364 0.964957416
1341848045.606920 0.830928743 -0.352921426 1.359642506 -0.067659043 0.138648197 0.210671529 0.965306401
1341848045.645890 0.821890891 -0.357783079 1.366300702 -0.069200851 0.139382288 0.210096151 0.965216815
1341848045.706968 0.809762657 -0.364166558 1.386355996 -0.069165327 0.136932597 0.206903979 0.966258943
1341848045.743092 0.805063546 -0.364455521 1.391733885 -0.068685077 0.135295063 0.205254942 0.966875374
1341848045.774776 0.801726103 -0.367613018 1.401068211 -0.071189567 0.133320212 0.204496533 0.967129290
1341848045.807609 0.792993188 -0.372595966 1.413192034 -0.070758089 0.132343933 0.203731999 0.967456341
1341848045.842865 0.789586067 -0.373614967 1.419265628 -0.069079563 0.129391104 0.200615898 0.968627572
1341848045.874777 0.779749870 -0.372242600 1.426237583 -0.069668122 0.130394831 0.198695809 0.968846500
1341848045.906765 0.776754677 -0.385835648 1.437659740 -0.076364674 0.128269002 0.199794397 0.968399584
1341848045.942758 0.773226321 -0.386426568 1.443593383 -0.072262764 0.121667504 0.197247982 0.970086813
1341848045.974768 0.767959833 -0.382232755 1.450227976 -0.069868289 0.118940175 0.194100708 0.971234620
1341848046.010763 0.754942179 -0.390182257 1.458544493 -0.072837964 0.120415159 0.191521749 0.971346676
1341848046.042828 0.754861355 -0.394181907 1.463289618 -0.072798245 0.113189571 0.190136507 0.972489953
1341848046.074722 0.747424185 -0.384729266 1.470116377 -0.067797735 0.107966177 0.185287997 0.974379361
1341848046.110817 0.738867760 -0.384385526 1.475664258 -0.070023298 0.107873462 0.181421563 0.974959612
1341848046.142773 0.737717569 -0.396878749 1.482245684 -0.075265802 0.105003677 0.180210471 0.975106895
1341848046.181848 0.725415885 -0.384630561 1.484890461 -0.067022540 0.104123630 0.174211279 0.976891339
1341848046.219718 0.717832208 -0.384186268 1.486877322 -0.069855422 0.102985457 0.171001822 0.977380514
1341848046.249730 0.714538872 -0.393144369 1.493893504 -0.075599231 0.098468438 0.169278145 0.977718592
1341848046.283599 0.707896471 -0.389030933 1.496944308 -0.073568091 0.095247395 0.166330099 0.978698134
1341848046.317731 0.695823371 -0.387861967 1.501858354 -0.074159853 0.096055247 0.161287338 0.979418278
1341848046.349732 0.691376269 -0.393418908 1.502866387 -0.077638701 0.093982860 0.160274908 0.979515970
1341848046.382309 0.685198307 -0.384302437 1.507320523 -0.073268078 0.090010487 0.157625377 0.980654955
1341848046.417763 0.673674464 -0.376727790 1.509880900 -0.071898103 0.091022462 0.153877780 0.981258035
1341848046.449782 0.668860555 -0.384747148 1.512267709 -0.078464150 0.090200916 0.153139412 0.980946243
1341848046.485848 0.663086772 -0.381996214 1.513134837 -0.077463031 0.086839147 0.150791049 0.981692672
1341848046.517760 0.652852178 -0.375605524 1.515079379 -0.076796211 0.086528063 0.147893652 0.982213199
1341848046.549658 0.648775041 -0.380818695 1.515991569 -0.080950432 0.084331334 0.146230429 0.982319713
1341848046.586076 0.639940202 -0.382994652 1.515051246 -0.080208130 0.081328236 0.144543096 0.982883394
1341848046.617769 0.631803632 -0.374569416 1.512428522 -0.076374531 0.079629607 0.141852275 0.983719528
1341848046.653748 0.614466608 -0.376454413 1.514132977 -0.077314086 0.082915366 0.141985223 0.983355343
1341848046.714925 0.602536559 -0.367690146 1.508834600 -0.071466826 0.073882058 0.140775904 0.984690905
1341848046.746888 0.590381086 -0.365523398 1.505898118 -0.070213675 0.074528947 0.140153870 0.984821022
1341848046.778736 0.585352480 -0.366625696 1.503868937 -0.069670193 0.071554609 0.139478639 0.985176027
1341848046.814747 0.582015336 -0.356168419 1.499838710 -0.064940840 0.067614712 0.137982652 0.985987723
1341848046.846853 0.567189574 -0.360221773 1.496110320 -0.068395950 0.071534134 0.136048704 0.985746205
1341848046.878793 0.559203327 -0.357514083 1.492700100 -0.067402765 0.071306504 0.136145115 0.985817850
1341848046.915079 0.552678227 -0.358084440 1.486483216 -0.068795696 0.070367053 0.135394216 0.985892534
1341848046.946882 0.543689907 -0.353887826 1.483623266 -0.067774311 0.070661888 0.135964885 0.985863686
1341848046.982780 0.534330606 -0.349989951 1.481117487 -0.066574320 0.070320211 0.135595813 0.986020625
1341848047.015086 0.527037144 -0.347598135 1.475096345 -0.067724757 0.069856860 0.134980723 0.986059666
1341848047.047884 0.520617425 -0.349074334 1.473123550 -0.070171095 0.068834811 0.135442033 0.985897243
1341848047.089866 0.511601329 -0.342275143 1.469434977 -0.067893602 0.067879312 0.134038106 0.986314714
1341848047.147565 0.489102215 -0.335700423 1.465554237 -0.070087589 0.069275059 0.133547306 0.986130774
1341848047.214887 0.471073836 -0.328831643 1.457844377 -0.068594158 0.067344986 0.129875198 0.986859679
1341848047.250668 0.462222338 -0.327002227 1.454733491 -0.069728263 0.065090798 0.130245462 0.986882627
1341848047.282779 0.452384263 -0.326593339 1.451937079 -0.070567414 0.062409405 0.129492387 0.987095237
1341848047.314815 0.444730759 -0.329847425 1.446032524 -0.072491981 0.061240006 0.126827121 0.987375081
1341848047.350637 0.429329097 -0.325158715 1.444755316 -0.070347905 0.062214185 0.125486150 0.987640500
1341848047.383038 0.417695373 -0.325876325 1.440626264 -0.070097722 0.059143141 0.125361577 0.987862825
1341848047.414781 0.410745680 -0.324311256 1.434499145 -0.069052108 0.055057198 0.123457223 0.988412321
1341848047.450847 0.400861710 -0.325144231 1.431867242 -0.067638330 0.053909276 0.121324599 0.988837302
1341848047.482648 0.394572556 -0.322057545 1.425840616 -0.065966703 0.050039165 0.120950893 0.989199400
1341848047.518733 0.386111110 -0.320557564 1.422929287 -0.066313095 0.046998195 0.119737074 0.989472985
1341848047.550836 0.377715558 -0.325063050 1.418740511 -0.067947865 0.045098633 0.118221432 0.989632726
1341848047.582955 0.369741678 -0.319726437 1.415289998 -0.064253695 0.042691931 0.117608942 0.990059137
1341848047.618981 0.360035479 -0.319653422 1.411811471 -0.064506888 0.043753926 0.115725107 0.990218341
1341848047.650752 0.341616213 -0.327818751 1.412344933 -0.066234387 0.047070503 0.115176380 0.990016103
1341848047.689728 0.339304447 -0.318925679 1.407085896 -0.060643911 0.040253390 0.114596017 0.990742028
1341848047.750845 0.328912348 -0.322294295 1.401516795 -0.063849583 0.037831929 0.113661148 0.990743756
1341848047.786695 0.316238016 -0.324230731 1.400771022 -0.064580284 0.039164517 0.113531314 0.990659475
1341848047.818804 0.311769098 -0.320580661 1.399426699 -0.063025370 0.036034558 0.112369582 0.991010845
1341848047.850811 0.299594820 -0.321074963 1.400035262 -0.064117037 0.039652195 0.110034935 0.991064608
1341848047.886853 0.289833069 -0.325908542 1.399798751 -0.065520085 0.041115534 0.109483443 0.990974247
1341848047.918858 0.282866985 -0.323750883 1.397265911 -0.062885188 0.039782356 0.110144824 0.991126120
1341848047.954723 0.278372914 -0.321099162 1.395167112 -0.062125124 0.038142174 0.109861650 0.991269946
1341848047.986771 0.268291652 -0.327002108 1.396644592 -0.064547591 0.041085329 0.109224379 0.991068006
1341848048.018897 0.254307985 -0.331371009 1.394650459 -0.063545331 0.043008044 0.108972989 0.991078854
1341848048.054937 0.250940293 -0.325154275 1.391987324 -0.060479116 0.040046863 0.109281301 0.991360843
1341848048.086776 0.241173357 -0.326802492 1.391124606 -0.061951287 0.042824987 0.109124757 0.991170943
1341848048.118790 0.227926388 -0.329832107 1.391371012 -0.062187415 0.045725010 0.109208390 0.991017461
1341848048.154692 0.226904154 -0.328684807 1.389481664 -0.060628187 0.042988427 0.110873908 0.991051614
1341848048.186720 0.218000278 -0.327400029 1.389325976 -0.060058184 0.046366517 0.110481091 0.990977824
1341848048.222966 0.202931017 -0.333246976 1.391564012 -0.060779646 0.050803330 0.111094251 0.990647733
1341848048.254953 0.199293867 -0.332420558 1.390308261 -0.056518894 0.049997292 0.113780133 0.990636170
1341848048.286640 0.195247352 -0.331668198 1.385400653 -0.055589683 0.051278275 0.112659223 0.990751386
1341848048.322843 0.183205768 -0.335202843 1.384965420 -0.056941546 0.055215579 0.113234691 0.990397334
1341848048.354699 0.179690495 -0.336989939 1.383575082 -0.055763558 0.054996703 0.115060627 0.990266025
1341848048.386709 0.170898512 -0.335215300 1.381290197 -0.053478483 0.057505809 0.112375207 0.990557909
1341848048.422649 0.159995198 -0.343207985 1.380678296 -0.054916494 0.061364900 0.110600226 0.990447462
1341848048.454923 0.154818833 -0.339187533 1.376024842 -0.049686268 0.061471041 0.111723825 0.990590930
1341848048.490668 0.145684272 -0.338765800 1.373780727 -0.049400058 0.062705822 0.111945808 0.990502834
1341848048.522793 0.135114819 -0.346515626 1.375356436 -0.050953966 0.065381750 0.112379767 0.990201831
1341848048.554990 0.127679080 -0.347491384 1.373579144 -0.047040675 0.066796742 0.112738296 0.990260303
1341848048.590630 0.117372878 -0.346783519 1.370370507 -0.043507230 0.068000309 0.112261482 0.990394115
1341848048.622652 0.113569401 -0.350427598 1.369307637 -0.042903077 0.067030318 0.113239571 0.990375221
1341848048.658741 0.105597451 -0.351870149 1.367036819 -0.038992886 0.069016851 0.115003176 0.990197241
1341848048.690791 0.098910570 -0.351564109 1.363029599 -0.035311900 0.068909273 0.114318259 0.990422130
1341848048.722708 0.094557881 -0.350878567 1.360800028 -0.032814018 0.068085790 0.116298914 0.990334392
1341848048.758833 0.091335960 -0.352109671 1.359626532 -0.030046256 0.067720778 0.117275685 0.990332067
1341848048.791156 0.083490521 -0.352254689 1.357148290 -0.027297588 0.069170125 0.116942041 0.990350902
1341848048.822736 0.077206776 -0.357455343 1.356552482 -0.026286276 0.069544092 0.117410474 0.990296662
1341848048.858661 0.072005242 -0.352081925 1.352484345 -0.020431053 0.068218477 0.115997069 0.990693450
1341848048.891041 0.064152166 -0.358938009 1.351993084 -0.020463383 0.069419459 0.113322347 0.990918875
1341848048.926768 0.053638544 -0.361116439 1.349372745 -0.016983753 0.070155889 0.111014605 0.991193950
1341848048.958953 0.046937235 -0.360438973 1.345466852 -0.013183733 0.068053663 0.108888045 0.991634190
1341848048.990810 0.038740721 -0.365784794 1.344422221 -0.011509321 0.067942671 0.108457953 0.991709769
1341848049.026707 0.031942792 -0.370936900 1.341845155 -0.008605200 0.067374751 0.104609504 0.992191255
1341848049.058792 0.024467461 -0.369629174 1.335666656 -0.003148902 0.067875355 0.100934282 0.992570102
1341848049.090709 0.012862224 -0.365938425 1.333115697 0.000896843 0.068343975 0.101102479 0.992525399
1341848049.126753 0.007496892 -0.369352132 1.329334140 0.001483804 0.065093666 0.101253897 0.992727757
1341848049.158854 0.003985205 -0.370484263 1.326675892 0.003044243 0.064319924 0.098810308 0.993020773
1341848049.194708 -0.003303838 -0.368537158 1.322570086 0.006566662 0.064599499 0.096657611 0.993197501
1341848049.226742 -0.015714619 -0.364832550 1.319704652 0.009211917 0.065081708 0.095996857 0.993209064
1341848049.258792 -0.020513074 -0.364146560 1.316747427 0.009077790 0.062740982 0.096032895 0.993357420
1341848049.294747 -0.026863407 -0.366296351 1.314182043 0.009576001 0.063416146 0.093227074 0.993577123
1341848049.326837 -0.034871634 -0.360945731 1.309792042 0.012662685 0.064395078 0.093050905 0.993496120
1341848049.358802 -0.046744153 -0.360258669 1.305047393 0.012525366 0.065304749 0.095003158 0.993253648
1341848049.394779 -0.053353585 -0.366415709 1.304354310 0.010587390 0.065325744 0.096687861 0.993112266
1341848049.426763 -0.058440313 -0.363400429 1.298920751 0.014084945 0.065683834 0.096750848 0.993039072
1341848049.462746 -0.067784086 -0.355235368 1.293004513 0.017075712 0.067531258 0.098785065 0.992667913
1341848049.494728 -0.077703595 -0.365945041 1.290720224 0.014163559 0.068952918 0.102878131 0.992200136
1341848049.526803 -0.079498544 -0.359055012 1.282716036 0.018002678 0.066952728 0.103342779 0.992226541
1341848049.562799 -0.090147384 -0.358339041 1.276709437 0.017171951 0.069798581 0.104234397 0.991951883
1341848049.594759 -0.106300548 -0.356234729 1.276402354 0.018319894 0.071790494 0.106338866 0.991565764
1341848049.626829 -0.110804081 -0.356185883 1.269579053 0.018211745 0.068950400 0.107682399 0.991624236
1341848049.662690 -0.118351467 -0.351341665 1.263175368 0.018883822 0.069329560 0.106411688 0.991722405
1341848049.695064 -0.138846606 -0.343766510 1.265061736 0.020802148 0.072888434 0.106131576 0.991458833
1341848049.730793 -0.152928084 -0.342969328 1.261086345 0.019882517 0.070946477 0.106942654 0.991531432
1341848049.762702 -0.156552956 -0.341227442 1.252327919 0.018628133 0.065520175 0.104752660 0.992162824
1341848049.794722 -0.167548016 -0.339006215 1.248473287 0.018079311 0.066124938 0.102978133 0.992318571
1341848049.830816 -0.182732776 -0.333613724 1.247378349 0.019677345 0.065181814 0.102473609 0.992402792
1341848049.869834 -0.190125525 -0.326349109 1.239840150 0.019207271 0.060608577 0.102077521 0.992742598
1341848049.930835 -0.208209187 -0.335466117 1.235170245 0.015022343 0.059054881 0.098144278 0.993304908
1341848049.963022 -0.221581250 -0.325048834 1.229174376 0.018629637 0.057238724 0.096342437 0.993526459
1341848049.998757 -0.228766188 -0.318951070 1.225873470 0.018941473 0.053794034 0.096707791 0.993677557
1341848050.030786 -0.238638386 -0.327729464 1.224572897 0.014659327 0.051600877 0.095445700 0.993988276
1341848050.062661 -0.240728915 -0.326597124 1.219143629 0.015677612 0.046755835 0.093039602 0.994440436
1341848050.098678 -0.254122496 -0.314555705 1.216834188 0.019175641 0.047015544 0.091857225 0.994476795
1341848050.130710 -0.269764245 -0.319048315 1.221193910 0.016487377 0.046818245 0.089952335 0.994708419
1341848050.166738 -0.269437671 -0.312499374 1.216633797 0.017747020 0.041186094 0.086887404 0.995208263
1341848050.198726 -0.282907993 -0.316368848 1.216724277 0.014332211 0.042618457 0.083635963 0.995481431
1341848050.230806 -0.292850584 -0.312526762 1.216343880 0.015480980 0.039136879 0.080967769 0.995827794
1341848050.266732 -0.295424014 -0.311062336 1.212326169 0.014952525 0.034418561 0.078362674 0.996218383
1341848050.298842 -0.303606749 -0.308722347 1.211871386 0.014618848 0.032988273 0.074910738 0.996537328
1341848050.330688 -0.317015231 -0.308516890 1.213404775 0.014885451 0.031918082 0.071581051 0.996812880
1341848050.366746 -0.322197020 -0.305229634 1.208266020 0.015483275 0.027431952 0.069940716 0.997053683
1341848050.398693 -0.330759257 -0.304161429 1.207646847 0.013981003 0.025013879 0.066788308 0.997355640
1341848050.434780 -0.341347933 -0.307503551 1.208688021 0.012235764 0.023450881 0.064170673 0.997588336
1341848050.466655 -0.347061962 -0.306668222 1.206708789 0.012711833 0.019397227 0.061783232 0.997820139
1341848050.498791 -0.351257801 -0.308542222 1.205187082 0.012448300 0.015383782 0.057327416 0.998159349
1341848050.534849 -0.359158427 -0.306519657 1.204555273 0.014319508 0.013621954 0.054067194 0.998341739
1341848050.566840 -0.369910359 -0.304256767 1.202980995 0.015586688 0.011380346 0.052657090 0.998426139
1341848050.598790 -0.373932928 -0.304374635 1.199749470 0.014449487 0.005158353 0.050302133 0.998616219
1341848050.634752 -0.383605063 -0.308364719 1.201874256 0.013369853 0.003115049 0.047012061 0.998800039
1341848050.666816 -0.389258593 -0.307946056 1.197910428 0.015486686 -0.000267679 0.044511866 0.998888850
1341848050.702846 -0.398627400 -0.307501256 1.197274446 0.015858756 -0.003668185 0.041850884 0.998991311
1341848050.734789 -0.414014965 -0.304333329 1.197826385 0.017558612 -0.003681028 0.042860810 0.998919964
1341848050.766882 -0.419138640 -0.304781705 1.197114825 0.016806325 -0.009267985 0.041741572 0.998944104
1341848050.802875 -0.427860975 -0.308081597 1.197242737 0.016487373 -0.013033803 0.038672362 0.999030888
1341848050.834769 -0.434441954 -0.305356562 1.193771005 0.018481564 -0.016879236 0.037026923 0.999000788
1341848050.870719 -0.443410158 -0.301347315 1.193458915 0.019099968 -0.019745782 0.034754701 0.999018252
1341848050.902725 -0.450013101 -0.310485721 1.194563985 0.016147751 -0.024820358 0.031845015 0.999054074
1341848050.934794 -0.456620395 -0.310756892 1.190947056 0.017352931 -0.027786463 0.027800541 0.999076545
1341848050.970852 -0.470114380 -0.307435513 1.193101168 0.019319968 -0.028264100 0.025154291 0.999097168
1341848051.002763 -0.476133257 -0.308228612 1.191787720 0.020103473 -0.032520890 0.023340935 0.998996198
1341848051.035007 -0.483325928 -0.306933045 1.189025044 0.021700721 -0.035625290 0.022242939 0.998881996
1341848051.070784 -0.492873162 -0.307052821 1.188704491 0.022252137 -0.037790228 0.019825669 0.998841166
1341848051.102734 -0.495179832 -0.308913231 1.187747240 0.023086645 -0.042359531 0.018198678 0.998669863
1341848051.138713 -0.503685117 -0.307776570 1.183285117 0.024508642 -0.044159822 0.016307570 0.998590708
1341848051.170672 -0.508411050 -0.303209454 1.182871103 0.026476996 -0.046547875 0.016400618 0.998430431
1341848051.238747 -0.519745767 -0.308699131 1.181293845 0.027145235 -0.053361833 0.015629446 0.998083889
1341848051.270842 -0.520779133 -0.318507612 1.178718328 0.025685336 -0.057054333 0.011909024 0.997969568
1341848051.302718 -0.525021493 -0.316237986 1.177633166 0.030588169 -0.058383871 0.009393980 0.997781277
1341848051.338668 -0.525357306 -0.310059637 1.179752231 0.036966845 -0.062901974 0.009370337 0.997290850
1341848051.370895 -0.530889809 -0.315520704 1.173382759 0.037551064 -0.066730984 0.006042755 0.997045875
1341848051.406688 -0.533397317 -0.314785004 1.171943545 0.039601024 -0.068315059 0.004502552 0.996867418
1341848051.440006 -0.534588635 -0.313011676 1.171610236 0.042264439 -0.071996473 0.002370697 0.996506214
1341848051.470890 -0.537387490 -0.314931393 1.169963360 0.043029115 -0.075015046 -0.000235568 0.996253610
1341848051.506718 -0.539130151 -0.308930635 1.168657780 0.045712296 -0.079088189 -0.003792637 0.995811760
1341848051.538932 -0.543476045 -0.319819629 1.169097304 0.043164931 -0.083143361 -0.009855526 0.995553553
1341848051.570738 -0.542771518 -0.318719238 1.165076256 0.047923964 -0.087761007 -0.017219463 0.994839132
1341848051.606760 -0.547576189 -0.312742710 1.165526748 0.051963564 -0.090790510 -0.023504827 0.994235635
1341848051.638863 -0.548336685 -0.317250043 1.167811990 0.053734150 -0.099145353 -0.031834356 0.993111014
1341848051.674718 -0.550504386 -0.310198486 1.159610748 0.060557358 -0.102486305 -0.036109336 0.992232621
1341848051.706714 -0.558672547 -0.306307733 1.155214071 0.060433835 -0.105399571 -0.038883999 0.991829991
1341848051.738793 -0.559168518 -0.313316792 1.156721473 0.058393855 -0.113687150 -0.043662928 0.990837514
1341848051.774823 -0.556566179 -0.304923952 1.148799419 0.062610708 -0.118906178 -0.048260648 0.989753604
1341848051.806694 -0.555550933 -0.308852583 1.150120258 0.061422564 -0.123329490 -0.057085186 0.988816738
1341848051.838757 -0.557844043 -0.301791966 1.151577950 0.068683594 -0.125513822 -0.066407152 0.987481117
1341848051.874951 -0.555037618 -0.297691256 1.139051557 0.071369894 -0.126590848 -0.070360638 0.986879170
1341848051.906707 -0.553094387 -0.290628493 1.141671062 0.070282966 -0.130436838 -0.077568136 0.985915720
1341848051.942680 -0.549458921 -0.293809712 1.141193271 0.067738183 -0.135640115 -0.082120404 0.985022664
1341848051.974762 -0.543661416 -0.292511553 1.129534006 0.065117292 -0.135997504 -0.087144978 0.984718323
1341848052.006755 -0.544605911 -0.287952423 1.131303668 0.062403925 -0.133779138 -0.090866834 0.984861493
1341848052.042751 -0.545006096 -0.283389568 1.135789156 0.064523235 -0.132592767 -0.093325898 0.984655380
1341848052.074871 -0.535095036 -0.283202589 1.123506188 0.063671701 -0.132049143 -0.096786045 0.984449863
1341848052.143014 -0.528747976 -0.278220654 1.126798749 0.063764550 -0.127139628 -0.102525093 0.984509170
1341848052.178064 -0.519991279 -0.278163671 1.116657853 0.062088676 -0.126777053 -0.107248165 0.984159827
1341848052.211397 -0.517910421 -0.271313608 1.116526723 0.061312884 -0.122580521 -0.109813690 0.984457076
1341848052.242872 -0.510217547 -0.270456821 1.114195228 0.062117502 -0.122402981 -0.112941317 0.984074831
1341848052.311125 -0.502551138 -0.261028707 1.104061365 0.058644861 -0.116026156 -0.118378371 0.984421313
1341848052.342876 -0.496496946 -0.257273674 1.100153446 0.060306046 -0.114750102 -0.122178435 0.984006107
1341848052.379476 -0.488328874 -0.252635866 1.092822909 0.061145246 -0.111752182 -0.124183834 0.984048367
1341848052.412309 -0.485804051 -0.252148271 1.088740706 0.057933014 -0.108706631 -0.122265697 0.984823704
1341848052.444722 -0.480952799 -0.251535743 1.090162992 0.058922578 -0.109433003 -0.125957623 0.984219134
1341848052.481496 -0.470624596 -0.246769667 1.079584837 0.061533555 -0.106826514 -0.126932085 0.984220564
1341848052.543277 -0.462449342 -0.242921695 1.071346402 0.063747652 -0.103521414 -0.129209772 0.984136403
1341848052.579155 -0.452679843 -0.235795557 1.060373068 0.063596398 -0.101913139 -0.131317392 0.984035075
1341848052.617750 -0.448445499 -0.237608820 1.064308167 0.061282650 -0.098851584 -0.136841506 0.983741462
1341848052.678720 -0.434504926 -0.227108806 1.049110889 0.066418469 -0.095999777 -0.146963701 0.982229292
1341848052.710822 -0.426704913 -0.227342814 1.049031854 0.064736560 -0.094712339 -0.148272291 0.982269883
1341848052.746833 -0.421737224 -0.227316588 1.042713881 0.062653147 -0.095034108 -0.145274252 0.982821703
1341848052.778710 -0.409734666 -0.220093325 1.033768773 0.061749320 -0.095894217 -0.144460171 0.982915342
1341848052.810890 -0.404677540 -0.218559369 1.035389662 0.058121331 -0.092293546 -0.144717231 0.983443379
1341848052.846856 -0.397628099 -0.219404668 1.032381177 0.060669359 -0.089300282 -0.148370430 0.983021319
1341848052.878813 -0.385046214 -0.214556426 1.022462010 0.063893653 -0.085924409 -0.148507595 0.983097196
1341848052.914694 -0.380214483 -0.212380320 1.014650941 0.060758974 -0.080826871 -0.147684991 0.983851910
1341848052.946675 -0.375511557 -0.208567932 1.016525626 0.062272180 -0.077646360 -0.147273883 0.984075010
1341848052.978684 -0.362259537 -0.209746107 1.002998114 0.061296664 -0.076303154 -0.145291939 0.984535873
1341848053.014784 -0.352554798 -0.210244715 0.999475121 0.059185825 -0.070647135 -0.144213498 0.985245466
1341848053.046693 -0.348860979 -0.211622849 0.997843266 0.059526112 -0.066522598 -0.140456438 0.986054540
1341848053.082651 -0.339350432 -0.203356892 0.986670434 0.061495405 -0.063773803 -0.139540628 0.986245215
1341848053.114846 -0.329291195 -0.205921426 0.980329335 0.058517646 -0.057815667 -0.138374716 0.986957729
1341848053.146985 -0.322905809 -0.206412852 0.975821376 0.058407109 -0.052366704 -0.134350911 0.987824023
1341848053.183210 -0.314258814 -0.199620247 0.971076369 0.058834463 -0.049588967 -0.130709708 0.988430321
1341848053.214816 -0.312931925 -0.197160631 0.971251070 0.058319326 -0.043025382 -0.128132954 0.989105523
1341848053.247961 -0.300766736 -0.199047580 0.970355511 0.060218804 -0.040235322 -0.126584068 0.989308536
1341848053.289822 -0.298416972 -0.195349723 0.961615264 0.061966363 -0.035266086 -0.123570435 0.989771128
1341848053.321709 -0.289150745 -0.192590505 0.955934048 0.062619328 -0.032530010 -0.120008312 0.990261972
1341848053.353831 -0.284054726 -0.190497473 0.953303218 0.062937140 -0.028230572 -0.115363978 0.990925372
1341848053.386096 -0.277337432 -0.189767614 0.950658798 0.063371606 -0.024815658 -0.112317003 0.991339087
1341848053.421775 -0.268676728 -0.191690296 0.939450622 0.062283050 -0.021254463 -0.109275378 0.991830647
1341848053.453749 -0.266004443 -0.189658329 0.934320629 0.059954021 -0.015340517 -0.103999794 0.992650151
1341848053.485736 -0.259055346 -0.181548208 0.934179902 0.059906442 -0.013338245 -0.098265842 0.993265867
1341848053.521747 -0.256280303 -0.181329921 0.927320302 0.057991568 -0.009405642 -0.095389843 0.993704915
1341848053.553915 -0.247498468 -0.179612413 0.917916179 0.055679213 -0.004601403 -0.092116579 0.994179666
1341848053.589737 -0.242064252 -0.174319521 0.921055615 0.054206539 0.000827787 -0.086887665 0.994741976
1341848053.621911 -0.240699336 -0.170124531 0.916456580 0.051618807 0.005448344 -0.080480702 0.995403826
1341848053.653792 -0.222673759 -0.172190636 0.905266941 0.044757336 0.007950493 -0.072936028 0.996300101
1341848053.689724 -0.227529332 -0.172628164 0.908509672 0.041329402 0.017085463 -0.068655036 0.996637583
1341848053.721697 -0.224238902 -0.169487208 0.905081034 0.040617980 0.022455061 -0.062712461 0.996951878
1341848053.758007 -0.220897138 -0.167839825 0.899086177 0.037683595 0.029378362 -0.056606051 0.997252524
1341848053.789882 -0.216775343 -0.173446834 0.899904072 0.033712991 0.035940968 -0.051963024 0.997432530
1341848053.821625 -0.215338320 -0.170514375 0.895899355 0.034762118 0.043007400 -0.046023596 0.997408509
1341848053.857784 -0.214772329 -0.168578386 0.891099453 0.034081716 0.050439719 -0.038782664 0.997391760
1341848053.889790 -0.192726746 -0.153037935 0.874189794 0.040792808 0.047706258 -0.029426748 0.997594178
1341848053.951067 -0.208367944 -0.171067297 0.879225612 0.036215868 0.062243994 -0.019036338 0.997222066
1341848053.986823 -0.209611818 -0.170183793 0.872458637 0.037263628 0.066308096 -0.012593085 0.997023642
1341848054.051032 -0.213555098 -0.163661212 0.860081136 0.039649162 0.067079738 0.005495384 0.996944427
1341848054.086777 -0.218189284 -0.160497919 0.855629623 0.038346604 0.069536440 0.012905088 0.996758640
1341848054.118853 -0.226289868 -0.168281659 0.849129975 0.035093848 0.070878960 0.020044912 0.996665835
1341848054.155032 -0.226049200 -0.162738606 0.842168629 0.035208248 0.069662526 0.027015459 0.996582985
1341848054.186687 -0.225091353 -0.169357583 0.833595574 0.030388115 0.068877369 0.029865213 0.996714890
1341848054.219030 -0.227241546 -0.177768633 0.828265548 0.028675493 0.069322020 0.029976584 0.996731520
1341848054.254827 -0.230134636 -0.179996073 0.819197774 0.031218184 0.071126439 0.028773503 0.996563435
1341848054.286801 -0.224116787 -0.160535246 0.808970749 0.036570825 0.070728518 0.029854091 0.996377885
1341848054.322895 -0.238875464 -0.158300832 0.804112971 0.031815223 0.075688653 0.032493003 0.996093988
1341848054.354790 -0.249409854 -0.173557445 0.800394475 0.025285773 0.078095406 0.033547614 0.996060431
1341848054.387103 -0.246630102 -0.170757532 0.789008498 0.023769388 0.077531010 0.033819076 0.996132672
1341848054.422878 -0.250125855 -0.167519510 0.784216583 0.021311276 0.079794280 0.034734804 0.995978057
1341848054.454739 -0.267771155 -0.173969388 0.783984542 0.018658565 0.083150715 0.036513995 0.995693028
1341848054.486883 -0.260885745 -0.161638975 0.773717582 0.021946346 0.077725947 0.038132016 0.996003568
1341848054.522689 -0.263546258 -0.173800498 0.763259411 0.016738174 0.078991845 0.039051246 0.995969415
1341848054.554861 -0.263705909 -0.171297789 0.762785733 0.019640347 0.081095241 0.039744042 0.995719969
1341848054.590790 -0.264223963 -0.165831089 0.753564239 0.022942500 0.082074575 0.043639962 0.995405972
1341848054.622694 -0.264926434 -0.164385900 0.745861292 0.021850679 0.082243279 0.045675024 0.995325327
1341848054.656449 -0.263471901 -0.170158654 0.738383889 0.019821916 0.082516216 0.046285566 0.995316982
1341848054.691021 -0.268074542 -0.166694313 0.735633016 0.020937687 0.087851472 0.047874674 0.994762182
1341848054.722739 -0.264022052 -0.171455547 0.727946579 0.020568173 0.089702100 0.046657678 0.994662583
1341848054.754741 -0.267527431 -0.167476624 0.721724212 0.024014438 0.093206309 0.048420202 0.994178712
1341848054.790887 -0.269769549 -0.166838512 0.719573379 0.026727686 0.096070647 0.051401097 0.993687093
1341848054.822877 -0.261826813 -0.157890812 0.706340969 0.029466126 0.096646428 0.056051217 0.993302345
1341848054.858903 -0.268388748 -0.160780087 0.704682469 0.029042078 0.100505635 0.061356969 0.992618024
1341848054.890895 -0.266390026 -0.164297476 0.696015894 0.030516505 0.101223417 0.065273218 0.992250979
1341848054.922754 -0.266772211 -0.157752007 0.691739798 0.034393586 0.104766287 0.069944985 0.991437793
1341848054.958727 -0.271401525 -0.153226525 0.682402611 0.035447847 0.108305492 0.073830709 0.990738332
1341848054.991052 -0.276931643 -0.168757319 0.676783681 0.033036683 0.110213794 0.074601598 0.990553498
1341848055.023048 -0.269794911 -0.157608181 0.665274262 0.038759086 0.110331900 0.076374799 0.990197718
1341848055.058739 -0.278657138 -0.155477881 0.658140004 0.040250607 0.116121411 0.078493111 0.989310205
1341848055.090735 -0.281761706 -0.150911242 0.652236342 0.043814637 0.116704158 0.082158700 0.988792419
1341848055.126977 -0.282480747 -0.145907328 0.640363097 0.046073571 0.116364241 0.085003830 0.988489211
1341848055.159212 -0.287146151 -0.147805735 0.629932404 0.044923969 0.120023720 0.087054178 0.987926006
1341848055.190986 -0.293749839 -0.147703141 0.619967282 0.046699170 0.123598807 0.089435726 0.987189889
1341848055.226768 -0.296956867 -0.132118210 0.607334852 0.052971490 0.123101197 0.092160329 0.986684680
1341848055.258881 -0.299760431 -0.124885365 0.595921040 0.053256843 0.122679263 0.093377568 0.986607432
1341848055.294725 -0.307741433 -0.126164645 0.587165892 0.051812805 0.124040827 0.095845655 0.986277342
1341848055.326795 -0.316519767 -0.126157641 0.575598300 0.052422367 0.124894790 0.097820342 0.985943437
1341848055.358938 -0.315139413 -0.115559258 0.562919915 0.054218378 0.123612538 0.096830770 0.986105561
1341848055.394711 -0.317210644 -0.108355954 0.549967229 0.054038871 0.125294089 0.096035115 0.985980988
1341848055.426823 -0.331093669 -0.111251377 0.541502953 0.052236103 0.130100980 0.095415369 0.985515594
1341848055.458813 -0.340889066 -0.105979510 0.533132374 0.053443015 0.132512227 0.095774584 0.985094786
1341848055.494734 -0.340658396 -0.093397751 0.520636976 0.054209072 0.132827863 0.097267814 0.984864056
1341848055.526713 -0.350943655 -0.093519740 0.511822402 0.052708913 0.136270940 0.097475827 0.984454453
1341848055.562613 -0.350802392 -0.094080381 0.501537561 0.052818835 0.137460589 0.097779691 0.984253049
1341848055.594685 -0.355149418 -0.083786540 0.490317464 0.054261204 0.140150666 0.098042667 0.983768880
1341848055.626675 -0.369570047 -0.076703757 0.487227350 0.054161351 0.145026326 0.099752948 0.982895434
1341848055.662951 -0.379719883 -0.078573428 0.481143624 0.053087100 0.146760657 0.100723006 0.982597589
1341848055.694797 -0.376718879 -0.069768637 0.467548877 0.053450271 0.147791803 0.100327231 0.982463837
1341848055.726774 -0.386154413 -0.061259240 0.459771782 0.051083267 0.155787274 0.104167514 0.980953634
1341848055.762799 -0.401238471 -0.068534054 0.465412945 0.048659250 0.160950154 0.106953114 0.979943097
1341848055.794951 -0.392924547 -0.065454572 0.452350348 0.050325967 0.158534944 0.109683350 0.979950845
1341848055.830810 -0.399877191 -0.067484714 0.445995182 0.049322151 0.163044125 0.112670422 0.978922606
1341848055.862804 -0.405626506 -0.067429110 0.443121344 0.051071636 0.166630551 0.116889529 0.977733493
1341848055.894792 -0.413759083 -0.069397047 0.439005196 0.052895524 0.169623196 0.119250461 0.976836383
1341848055.930676 -0.419537932 -0.068556823 0.434354037 0.053432394 0.172124684 0.119396791 0.976351678
1341848055.962765 -0.430222660 -0.058313400 0.434605598 0.056638949 0.174139023 0.122124381 0.975475967
1341848055.994709 -0.439570934 -0.050214469 0.430151969 0.058098815 0.174799770 0.125074938 0.974897921
1341848056.030693 -0.443328202 -0.051053468 0.427802533 0.055648737 0.174768195 0.127549902 0.974725842
1341848056.062776 -0.457946122 -0.058299348 0.429068208 0.054145020 0.176897496 0.128728196 0.974271417
1341848056.098792 -0.467934996 -0.051339701 0.426045775 0.055809155 0.177486286 0.130307600 0.973860323
1341848056.130649 -0.479947209 -0.053382784 0.426858962 0.055466030 0.179624990 0.130745009 0.973429084
1341848056.162731 -0.501628339 -0.052912846 0.433478683 0.057353102 0.182498306 0.131566852 0.972674251
1341848056.198744 -0.511421323 -0.052199185 0.432521731 0.058292825 0.180283532 0.133091599 0.972823977
1341848056.230727 -0.523656666 -0.045322612 0.433325589 0.059282459 0.178741246 0.134362221 0.972874045
1341848056.263915 -0.537301004 -0.046435513 0.432523757 0.058882579 0.176670164 0.134028494 0.973322630
1341848056.298771 -0.549669087 -0.047380090 0.429292232 0.058926146 0.174990639 0.133094952 0.973751426
1341848056.330676 -0.566087425 -0.041833296 0.432147503 0.059514731 0.175569773 0.134419069 0.973429382
1341848056.366737 -0.584223866 -0.043385260 0.436255813 0.058964595 0.175286889 0.136320591 0.973249376
1341848056.398744 -0.604505539 -0.039337326 0.437937766 0.060289618 0.172264576 0.138894096 0.973344028
1341848056.430750 -0.617478788 -0.031050399 0.438795894 0.057661586 0.168795824 0.143669784 0.973417819
1341848056.466830 -0.635423362 -0.039301623 0.436203957 0.049401913 0.166072175 0.150946289 0.973239362
1341848056.498895 -0.649316311 -0.041359745 0.441811413 0.046400748 0.163197502 0.151669443 0.973760784
1341848056.534778 -0.661450386 -0.036535151 0.440202326 0.044771247 0.161507726 0.151134461 0.974201858
1341848056.566729 -0.675564408 -0.041265324 0.443689674 0.041269168 0.161680669 0.150465563 0.974431336
1341848056.598948 -0.697677255 -0.031294420 0.450922608 0.043729533 0.160961166 0.154706970 0.973778784
1341848056.634801 -0.715090096 -0.035523646 0.443957657 0.039969705 0.156149194 0.155860186 0.974539578
1341848056.666759 -0.725393951 -0.042513538 0.450874031 0.036118928 0.152825415 0.157779023 0.974908054
1341848056.698889 -0.737675965 -0.046875004 0.454719961 0.035402372 0.151207119 0.158074185 0.975138783
1341848056.734784 -0.750657976 -0.042369023 0.457430542 0.035516646 0.149012178 0.156172246 0.975778818
1341848056.766724 -0.761282086 -0.044102561 0.455846280 0.034828130 0.145942748 0.154929787 0.976465285
1341848056.802861 -0.770795941 -0.050615795 0.450297654 0.030467767 0.143773764 0.151463866 0.977476180
1341848056.834980 -0.784422338 -0.058024995 0.458308488 0.026953191 0.143542334 0.149961457 0.977844954
1341848056.866661 -0.788650751 -0.061917037 0.457513958 0.026770541 0.140464425 0.149205491 0.978412449
1341848056.902748 -0.796002507 -0.062529154 0.458329290 0.027704990 0.140789568 0.149403617 0.978309453
1341848056.934715 -0.804490745 -0.064963654 0.458854079 0.025106208 0.143047363 0.146939009 0.978425324
1341848056.966788 -0.815118313 -0.067118615 0.463693112 0.025377441 0.144306839 0.147275805 0.978182733
1341848057.002703 -0.822954476 -0.067682110 0.461372763 0.024369478 0.144633546 0.147250503 0.978163898
1341848057.034763 -0.832599521 -0.070241332 0.461758554 0.020704929 0.148122817 0.146595702 0.977824450
1341848057.070964 -0.841396809 -0.068480484 0.467644602 0.020800754 0.149344608 0.146167994 0.977700591
1341848057.102757 -0.852222323 -0.067563906 0.467517942 0.020944593 0.149808183 0.144691288 0.977846265
1341848057.134714 -0.863173485 -0.065785944 0.466963351 0.018161142 0.151663110 0.145401746 0.977510571
1341848057.170739 -0.878660917 -0.068272211 0.473845154 0.015785471 0.153424054 0.144620776 0.977392793
1341848057.202641 -0.885012209 -0.070139706 0.472821057 0.014845707 0.153206289 0.141406879 0.977911890
1341848057.234679 -0.898331881 -0.066454932 0.474152893 0.012946418 0.156281337 0.140274748 0.977615297
1341848057.270814 -0.908472240 -0.064069070 0.477370709 0.010046990 0.157025203 0.141426474 0.977364242
1341848057.302860 -0.923890054 -0.065386452 0.481049567 0.007709203 0.157576084 0.141227111 0.977325618
1341848057.338756 -0.934222698 -0.061447643 0.479258925 0.006079454 0.159059733 0.140695989 0.977173328
1341848057.370841 -0.948853135 -0.060930129 0.483997256 0.002166484 0.162325755 0.142001659 0.976463675
1341848057.402722 -0.964732349 -0.063667350 0.488736093 0.000487361 0.163972691 0.142759964 0.976080120
1341848057.438870 -0.975395381 -0.063284352 0.487953424 -0.000831401 0.166097745 0.143244639 0.975649476
1341848057.470699 -0.992883801 -0.061314583 0.487464368 -0.003194863 0.171259597 0.145951807 0.974350095
1341848057.506720 -1.007101417 -0.059582934 0.489943385 -0.002677103 0.172717705 0.149695426 0.973525941
1341848057.538788 -1.020109773 -0.060475755 0.487857342 -0.004097316 0.172571510 0.151497453 0.973268092
1341848057.571069 -1.032953858 -0.061257958 0.485934764 -0.007825661 0.174723044 0.154507712 0.972387791
1341848057.606668 -1.046300888 -0.061408620 0.490461409 -0.011013845 0.178203076 0.158882976 0.971019387
1341848057.638819 -1.061658859 -0.064399928 0.492197752 -0.012929191 0.182504579 0.161032185 0.969842017
1341848057.670943 -1.072713852 -0.064456753 0.490294337 -0.015212607 0.186814725 0.163184762 0.968627751
1341848057.706823 -1.086849332 -0.065960661 0.493232727 -0.015984051 0.191537470 0.168245032 0.966825485
1341848057.738890 -1.099691868 -0.064657837 0.493420959 -0.015252612 0.193256274 0.170039698 0.966181159
1341848057.774986 -1.112524509 -0.062242962 0.492604077 -0.016006006 0.195335954 0.171819046 0.965435624
1341848057.806842 -1.130355120 -0.062686451 0.496055424 -0.015856562 0.199508384 0.177456632 0.963563263
1341848057.838760 -1.142378569 -0.063409477 0.496610075 -0.013345036 0.199420109 0.183019802 0.962578535
1341848057.874817 -1.154749155 -0.063811108 0.495719403 -0.012256946 0.200199649 0.184595719 0.962130070
1341848057.906831 -1.170611501 -0.061205201 0.494832784 -0.011484701 0.201822475 0.185086846 0.961706161
1341848057.938847 -1.188020468 -0.056758627 0.497391045 -0.010489196 0.201674625 0.187304899 0.961319029
1341848057.975316 -1.200771093 -0.056458447 0.501926661 -0.011260123 0.200601578 0.189583093 0.961088181
1341848058.006833 -1.215235353 -0.060116183 0.508867204 -0.011159267 0.200190693 0.190063819 0.961080074
1341848058.042753 -1.229229927 -0.064707026 0.509762287 -0.008712847 0.197714582 0.188896894 0.961847723
1341848058.075970 -1.243192196 -0.064902574 0.507961631 -0.006717237 0.195752814 0.188494503 0.962343812
1341848058.106790 -1.258875966 -0.075598508 0.515983939 -0.008213784 0.194652930 0.187727690 0.962705076
1341848058.142699 -1.278973699 -0.078525178 0.525496244 -0.005012095 0.193461701 0.185444921 0.963409424
1341848058.174743 -1.281044722 -0.077077299 0.520718694 -0.003005198 0.187555164 0.182893619 0.965072036
1341848058.207081 -1.295915723 -0.080123760 0.525446892 -0.002933185 0.186654359 0.181291670 0.965549052
1341848058.242740 -1.311865211 -0.079504214 0.526385665 -0.001238339 0.184003949 0.177809075 0.966708362
1341848058.274694 -1.322192550 -0.091421068 0.537227511 -0.001303950 0.183606818 0.176664919 0.966993451
1341848058.310701 -1.334543824 -0.095750734 0.538164973 0.001582679 0.185456395 0.175258160 0.966896117
1341848058.343169 -1.343916893 -0.092589885 0.541792333 0.005583083 0.184237972 0.170574948 0.967951119
1341848058.374887 -1.354881763 -0.089644991 0.541072667 0.007486266 0.183553025 0.172244355 0.967772841
1341848058.410669 -1.363763094 -0.088994808 0.547525764 0.007347558 0.183067411 0.175054535 0.967361569
1341848058.442794 -1.374028802 -0.102144293 0.554535568 0.004607420 0.183515042 0.176638439 0.967005670
1341848058.474732 -1.378340840 -0.110521242 0.558417678 0.004872846 0.183782920 0.178757936 0.966563940
1341848058.542970 -1.396948695 -0.112696290 0.568141580 0.009874715 0.188406125 0.184349582 0.964583278
1341848058.578948 -1.403144121 -0.112523325 0.573922217 0.011523627 0.188117787 0.188393354 0.963839710
1341848058.610842 -1.406759262 -0.119895399 0.573794484 0.010131899 0.190314949 0.191408798 0.962829351
1341848058.643060 -1.415858626 -0.118403941 0.583470106 0.011026792 0.193475321 0.191945165 0.962082505
1341848058.678730 -1.418579578 -0.124006115 0.592116356 0.012423568 0.193615168 0.192589119 0.961908638
1341848058.710728 -1.427443147 -0.128107488 0.592939913 0.015363649 0.199345037 0.190127105 0.961185336
1341848058.746819 -1.433762550 -0.125169411 0.594834566 0.015094548 0.203609645 0.188095614 0.960695326
1341848058.778710 -1.443531275 -0.119976610 0.603455663 0.015995916 0.202689677 0.190909654 0.960320055
1341848058.810874 -1.446320534 -0.130216777 0.607048333 0.013745697 0.200605765 0.194837913 0.960003436
1341848058.846829 -1.448568344 -0.133835852 0.610137880 0.011350177 0.202456668 0.195637181 0.959483504
1341848058.879577 -1.457838535 -0.137619719 0.618650913 0.012248660 0.206970945 0.198040858 0.958015025
1341848058.946807 -1.466036797 -0.143977791 0.624685526 0.012138582 0.209587932 0.202359617 0.956543863
1341848058.978865 -1.468345642 -0.147721812 0.628517330 0.013087002 0.212211609 0.203755304 0.955656230
1341848059.014660 -1.471401691 -0.148855433 0.631499171 0.016567864 0.213868484 0.204347312 0.955106258
1341848059.046707 -1.474841833 -0.150477856 0.633089721 0.017497960 0.216317832 0.204695314 0.954463363
1341848059.078771 -1.475172758 -0.152576119 0.634810925 0.017345805 0.219430760 0.205035284 0.953682244
1341848059.114675 -1.475476623 -0.152518153 0.634088993 0.017812923 0.222970694 0.203811407 0.953114748
1341848059.146706 -1.480105639 -0.151592538 0.637811422 0.017839877 0.226146579 0.203940243 0.952338099
1341848059.178722 -1.480066776 -0.158560067 0.640677571 0.015984744 0.228719831 0.203338772 0.951885045
1341848059.214738 -1.480373740 -0.158456057 0.639510989 0.016292728 0.232288584 0.202698901 0.951151788
1341848059.246762 -1.480581760 -0.154861361 0.641140997 0.018762726 0.237344801 0.202144980 0.949975193
1341848059.282693 -1.481990576 -0.155486882 0.643702745 0.020960437 0.240555823 0.203743264 0.948779345
1341848059.314667 -1.482588172 -0.155703664 0.640852094 0.023560906 0.243496642 0.205809876 0.947521269
1341848059.346758 -1.483251214 -0.158702731 0.640674591 0.022689251 0.246193081 0.207429707 0.946492016
1341848059.382694 -1.482704401 -0.162122399 0.643405735 0.023035230 0.247761488 0.209493935 0.945619345
1341848059.414736 -1.480317354 -0.160441652 0.638623416 0.025668114 0.249822319 0.210075870 0.944879949
1341848059.446788 -1.482112885 -0.162812531 0.637836695 0.025009187 0.254515231 0.208751097 0.943938375
1341848059.482693 -1.483417988 -0.161437690 0.640806496 0.025733462 0.258468777 0.209675893 0.942638755
1341848059.514652 -1.485138774 -0.160671383 0.641356707 0.027332775 0.259796500 0.212318555 0.941636622
1341848059.550754 -1.483552217 -0.158313274 0.636615336 0.027603718 0.260656863 0.212291226 0.941397130
1341848059.582695 -1.485586643 -0.161726832 0.640790880 0.027969884 0.265157431 0.212759182 0.940022767
1341848059.614734 -1.488130808 -0.158882454 0.640585244 0.031826537 0.265654236 0.214273065 0.939415753
1341848059.650722 -1.489870906 -0.157143921 0.639146030 0.034354497 0.264669836 0.215226680 0.939386606
1341848059.682731 -1.490690351 -0.157879755 0.633136213 0.033193354 0.265346736 0.213205606 0.939698219
1341848059.718703 -1.493325114 -0.160930365 0.639590025 0.032694690 0.269277990 0.212537557 0.938748240
1341848059.750904 -1.495878696 -0.157435179 0.640547335 0.036552906 0.268935561 0.213026911 0.938593149
1341848059.782774 -1.497234583 -0.157786906 0.637807369 0.036581736 0.269102424 0.211312503 0.938931704
1341848059.818759 -1.496738553 -0.159780592 0.637241006 0.033724762 0.271464556 0.211144283 0.938396335
1341848059.850685 -1.499305844 -0.166146219 0.641235471 0.035146777 0.273711145 0.210990027 0.937726080
1341848059.882730 -1.504536390 -0.157756865 0.640415728 0.040170323 0.273683757 0.209140658 0.937946558
1341848059.918755 -1.507076025 -0.159681052 0.636776805 0.040774409 0.273018926 0.207946837 0.938379645
1341848059.950805 -1.508670688 -0.156829134 0.636886299 0.042829081 0.272838950 0.208218589 0.938280165
1341848059.986776 -1.510884047 -0.159301952 0.637711465 0.045074631 0.272600025 0.208666503 0.938144863
1341848060.018660 -1.510548711 -0.164897457 0.636526465 0.045979604 0.273120880 0.205304325 0.938691080
1341848060.050701 -1.512653708 -0.157884508 0.636550486 0.051456902 0.276153773 0.203349128 0.937944770
1341848060.086783 -1.521349549 -0.155488744 0.634475112 0.056181811 0.276657850 0.201902270 0.937837660
1341848060.118813 -1.519327760 -0.153232887 0.632288218 0.059053089 0.273829758 0.198407426 0.939236164
1341848060.150800 -1.518533468 -0.150933340 0.629403532 0.058285795 0.276116163 0.195705011 0.939181685
1341848060.186872 -1.520684958 -0.151077881 0.632996559 0.059123211 0.277899981 0.195428386 0.938660681
1341848060.218851 -1.518512487 -0.150079861 0.630082846 0.062514365 0.276718736 0.192163855 0.939463556
1341848060.254799 -1.518198848 -0.143631473 0.627072215 0.062080521 0.279377908 0.189202979 0.939306259
1341848060.287466 -1.516920805 -0.142170608 0.628967226 0.060535572 0.281454504 0.188942179 0.938839555
1341848060.318914 -1.515922427 -0.141910776 0.630175054 0.063260563 0.280851603 0.188214540 0.938986540
1341848060.354641 -1.513451576 -0.137209147 0.620866716 0.062325642 0.280587524 0.184761345 0.939813495
1341848060.387254 -1.511983395 -0.139488399 0.627107382 0.059825484 0.284512907 0.182729632 0.939192891
1341848060.418639 -1.509735584 -0.136978701 0.627145469 0.062414464 0.283423364 0.181605488 0.939571798
1341848060.454775 -1.508843184 -0.137952179 0.622612655 0.062220495 0.283312559 0.177017361 0.940493286
1341848060.486697 -1.505069137 -0.137350723 0.622598946 0.060667489 0.286394596 0.173755169 0.940269470
1341848060.522925 -1.502315044 -0.138514087 0.628046811 0.063111760 0.287492722 0.172007471 0.940094888
1341848060.554710 -1.501059413 -0.132978171 0.622147322 0.067080155 0.287303448 0.169137612 0.940398574
1341848060.586692 -1.498384714 -0.131294250 0.618985236 0.064522326 0.290503293 0.165161163 0.940301299
1341848060.622697 -1.496524215 -0.129307836 0.625122547 0.066329539 0.292302221 0.166333348 0.939411104
1341848060.656087 -1.493333578 -0.126266658 0.620316625 0.069717444 0.290556341 0.165571764 0.939841747
1341848060.687258 -1.490044475 -0.126218349 0.615924478 0.068070590 0.291193545 0.163999587 0.940040946
1341848060.723165 -1.488431215 -0.123581402 0.619879067 0.069526970 0.292366564 0.165718347 0.939268470
1341848060.757863 -1.487249613 -0.121153116 0.621506751 0.073140636 0.289993823 0.165995777 0.939680517
1341848060.790920 -1.482373953 -0.121374309 0.618928313 0.073544465 0.286856532 0.165975839 0.940614998
1341848060.823967 -1.481441021 -0.123765878 0.619585574 0.074359447 0.285178900 0.166158676 0.941028714
1341848060.862432 -1.479752779 -0.124116272 0.617180586 0.076735206 0.282222629 0.165134400 0.941909075
1341848060.923126 -1.470939159 -0.127450824 0.620038390 0.078456052 0.277723312 0.166037291 0.942945421
1341848060.960845 -1.464613438 -0.125930384 0.616278350 0.080583513 0.274805486 0.165215462 0.943764865
1341848060.996857 -1.459136367 -0.128729254 0.616079211 0.080921188 0.272961378 0.166020334 0.944129825
1341848061.030587 -1.453195095 -0.130497620 0.616057396 0.082081430 0.270698845 0.166292965 0.944633007
1341848061.062246 -1.446124554 -0.133230627 0.615399539 0.081797883 0.269439131 0.165316045 0.945189059
1341848061.100583 -1.439217329 -0.139312461 0.616920710 0.081925742 0.269953370 0.164320499 0.945204854
1341848061.129837 -1.431684136 -0.143691123 0.619942844 0.084949061 0.270320266 0.163156360 0.945034802
1341848061.197947 -1.419079304 -0.146014735 0.616772890 0.090770610 0.270552307 0.162859827 0.944478095
1341848061.259408 -1.407163262 -0.148022830 0.610080600 0.097156964 0.269741565 0.161693379 0.944275022
1341848061.290885 -1.400848627 -0.155290246 0.612774372 0.098535120 0.269533753 0.162821516 0.943997622
1341848061.326612 -1.396907926 -0.156781435 0.609483838 0.101870231 0.270111173 0.163186565 0.943415403
1341848061.358867 -1.388401270 -0.158199519 0.608061850 0.102555752 0.270346433 0.162563697 0.943381310
1341848061.390845 -1.385807753 -0.157688901 0.609421670 0.105068348 0.271097004 0.164562240 0.942542493
1341848061.426913 -1.378682613 -0.155078739 0.604503512 0.106915794 0.269930184 0.166104227 0.942399085
1341848061.458837 -1.374011278 -0.156954795 0.606192708 0.106234848 0.271189541 0.167101890 0.941938102
1341848061.494657 -1.371352434 -0.158080727 0.605579555 0.107678153 0.272395253 0.166264907 0.941574335
1341848061.526736 -1.368357301 -0.160075128 0.605356395 0.108281992 0.272774309 0.165592656 0.941513777
1341848061.558821 -1.363551974 -0.156906977 0.602846861 0.107605986 0.272656292 0.166536257 0.941459119
1341848061.594750 -1.359063387 -0.156017467 0.602732003 0.107390985 0.273599595 0.167297289 0.941075027
1341848061.626731 -1.357903957 -0.163722306 0.604301274 0.107439540 0.274809241 0.165895239 0.940965235
1341848061.658831 -1.353710055 -0.165753826 0.600919783 0.105292849 0.276089609 0.165242806 0.940947831
1341848061.694894 -1.349270701 -0.163936630 0.605299175 0.105521873 0.278060704 0.167208016 0.939994097
1341848061.726726 -1.345988870 -0.157273769 0.601781487 0.108378738 0.276860833 0.167341247 0.939999521
1341848061.762815 -1.341395140 -0.161878765 0.597981572 0.105030760 0.277713031 0.164727226 0.940589666
1341848061.794816 -1.340101242 -0.156030983 0.601867676 0.106438674 0.279378593 0.165876478 0.939735830
1341848061.826740 -1.338552475 -0.156024367 0.602036953 0.107103199 0.279112041 0.165998429 0.939718008
1341848061.862883 -1.337793112 -0.157164842 0.601186156 0.105183125 0.279204547 0.165162548 0.940054655
1341848061.894834 -1.335250497 -0.154813901 0.602177620 0.104239434 0.279378533 0.164928988 0.940149069
1341848061.930667 -1.332894325 -0.155489072 0.605716527 0.104703650 0.279251575 0.163631648 0.940361857
1341848061.962828 -1.331297278 -0.153252736 0.605575562 0.104029655 0.278674334 0.163519889 0.940627277
1341848061.997188 -1.330815792 -0.153416142 0.610259414 0.102780662 0.277936488 0.163582101 0.940972030
1341848062.030704 -1.328569055 -0.154663026 0.612181425 0.101328067 0.276624709 0.161388263 0.941894531
1341848062.063265 -1.324897528 -0.154302165 0.613003254 0.100276798 0.276133806 0.160048202 0.942379594
1341848062.094872 -1.324347615 -0.154431239 0.617945731 0.099106871 0.274603277 0.158848494 0.943153203
1341848062.130773 -1.320083618 -0.159648314 0.622781575 0.096760675 0.272796124 0.158112392 0.944044590
1341848062.163385 -1.315977097 -0.163257584 0.624016285 0.095419191 0.271239400 0.155260757 0.945102394
1341848062.198718 -1.313054800 -0.161029041 0.625134230 0.095597468 0.270209044 0.151166514 0.946042776
1341848062.230750 -1.312313437 -0.158849895 0.630443394 0.095678046 0.269033372 0.149707183 0.946601629
1341848062.262814 -1.309818149 -0.157152295 0.629681408 0.094075717 0.264915586 0.150314271 0.947826564
1341848062.299276 -1.306583166 -0.158429414 0.631136298 0.092125192 0.262397915 0.149166629 0.948899150
1341848062.330839 -1.303316593 -0.159597918 0.633269846 0.090802163 0.261435181 0.146974325 0.949634254
1341848062.362763 -1.304597378 -0.157740444 0.637129903 0.091932766 0.260839731 0.145843610 0.949863553
1341848062.398825 -1.300936103 -0.160487473 0.638487101 0.091932893 0.257651240 0.145651326 0.950762808
1341848062.430832 -1.298354626 -0.160202295 0.637868345 0.091534413 0.255826443 0.148078322 0.950919092
1341848062.466855 -1.296807647 -0.159114361 0.641265750 0.091840282 0.253301799 0.149642661 0.951320469
1341848062.498723 -1.293961406 -0.158364370 0.640012860 0.092830926 0.250411361 0.152396724 0.951552331
1341848062.530743 -1.288506150 -0.158117205 0.634869576 0.092519335 0.247983843 0.152060702 0.952271938
1341848062.566929 -1.285499811 -0.158409923 0.635128021 0.090744518 0.247880310 0.152159408 0.952453852
1341848062.598817 -1.285277367 -0.152913421 0.638193190 0.093268737 0.245792881 0.155235767 0.952254534
1341848062.630793 -1.277927041 -0.150867909 0.632645607 0.093300350 0.241023213 0.157707348 0.953064144
1341848062.666740 -1.270838261 -0.155115336 0.631090343 0.090813436 0.239985257 0.157867014 0.953539729
1341848062.698720 -1.265030384 -0.157495469 0.632695258 0.092359468 0.239585370 0.157496408 0.953553081
1341848062.734924 -1.261331081 -0.152181461 0.629487634 0.094600685 0.237852901 0.157325819 0.953795254
1341848062.766819 -1.253553152 -0.149613500 0.625593543 0.092595004 0.236287564 0.158809483 0.954135239
1341848062.798717 -1.249855042 -0.151333749 0.629852235 0.093561955 0.235493958 0.159256220 0.954162598
1341848062.834828 -1.243757367 -0.148601592 0.626450598 0.094198957 0.232146874 0.157503635 0.955210507
1341848062.866781 -1.237825274 -0.147433430 0.623227179 0.091852710 0.231089845 0.156561047 0.955850005
1341848062.899075 -1.233034253 -0.145074248 0.622612715 0.091941424 0.229417995 0.155198246 0.956466258
1341848062.934962 -1.224787474 -0.148249269 0.619054079 0.091617532 0.226117656 0.149706706 0.958157063
1341848062.966930 -1.219946265 -0.146610588 0.615442514 0.089126788 0.226119220 0.145261899 0.959075332
1341848063.002905 -1.214740157 -0.139851362 0.619325280 0.089581728 0.225464672 0.145410612 0.959164560
1341848063.034972 -1.206308603 -0.140809566 0.615838170 0.090483189 0.220298231 0.145036280 0.960336387
1341848063.066737 -1.197308898 -0.144008458 0.613444865 0.088768229 0.218193412 0.143539160 0.961201549
1341848063.102822 -1.188477993 -0.145065263 0.612128019 0.089615263 0.216894791 0.142190620 0.961617231
1341848063.135045 -1.183257222 -0.137985229 0.609845042 0.092144109 0.214073077 0.141824380 0.962064505
1341848063.170739 -1.175613642 -0.138250604 0.609309494 0.090946347 0.210811362 0.142016649 0.962870002
1341848063.202662 -1.165552139 -0.140747324 0.606394887 0.089958452 0.208577439 0.141326889 0.963550568
1341848063.234990 -1.156450629 -0.145178661 0.602485955 0.089264832 0.207246810 0.137324333 0.964480460
1341848063.270800 -1.149940729 -0.151987061 0.604710937 0.087210834 0.208280772 0.134966195 0.964778543
1341848063.302788 -1.143455386 -0.144044161 0.604044735 0.088227771 0.207756817 0.133590460 0.964990497
1341848063.334854 -1.137012959 -0.143318057 0.604846120 0.087450668 0.205259740 0.130866170 0.965968370
1341848063.370653 -1.127126098 -0.150638998 0.596615434 0.082531884 0.204302490 0.128503338 0.966920853
1341848063.402698 -1.120656252 -0.143170774 0.597521126 0.082191601 0.205362290 0.125923380 0.967064738
1341848063.439276 -1.114490271 -0.138216347 0.602775872 0.081939466 0.205287218 0.123484001 0.967416584
1341848063.470742 -1.106207848 -0.139196366 0.597863734 0.079368748 0.204636857 0.121848270 0.967975974
1341848063.502776 -1.100739002 -0.139140740 0.602268636 0.073992878 0.207093090 0.120672822 0.968026638
1341848063.541802 -1.092210054 -0.140259549 0.609340727 0.075123474 0.206222594 0.122048706 0.967952967
1341848063.577805 -1.083867908 -0.136476353 0.601259351 0.075470358 0.204554871 0.123612024 0.968081415
1341848063.609732 -1.079434156 -0.130813584 0.608615339 0.073110677 0.205184832 0.125688374 0.967861772
1341848063.643039 -1.073147297 -0.132924169 0.612581193 0.073198237 0.203395247 0.126760378 0.968093097
1341848063.677955 -1.065800905 -0.126687601 0.608926892 0.072453439 0.200929821 0.127696127 0.968540907
1341848063.709890 -1.058920264 -0.127860591 0.614646435 0.067131028 0.199250981 0.128371090 0.969181836
1341848063.745768 -1.054930687 -0.130275622 0.622318506 0.065692537 0.196936607 0.129132047 0.969652176
1341848063.777773 -1.043584824 -0.132754877 0.617102623 0.063745476 0.194088459 0.125979856 0.970770478
1341848063.809840 -1.039761543 -0.128916293 0.624020934 0.062651798 0.194876179 0.124417216 0.970885396
1341848063.845733 -1.034223795 -0.130385622 0.632296681 0.064057380 0.193025157 0.124120660 0.971201420
1341848063.877902 -1.020993948 -0.134455025 0.627693534 0.062597148 0.190000027 0.122893177 0.972048879
1341848063.913769 -1.010391712 -0.142583013 0.632062733 0.060122218 0.191660240 0.119107239 0.972350359
1341848063.945802 -1.005875945 -0.141464278 0.644023061 0.064625889 0.193587750 0.116993122 0.971936166
1341848063.977856 -0.999215007 -0.142417938 0.649476886 0.067637242 0.190965116 0.118043229 0.972123146
1341848064.013951 -0.987168372 -0.144617453 0.650464714 0.067246661 0.188068435 0.119145140 0.972580433
1341848064.045815 -0.978212297 -0.155298665 0.660056710 0.066961147 0.186710924 0.117810220 0.973024130
1341848064.081699 -0.963811040 -0.154025003 0.657862961 0.070088990 0.183244914 0.114428945 0.973865926
1341848064.113685 -0.953626215 -0.153277487 0.660403430 0.068805523 0.184159905 0.114514410 0.973774791
1341848064.145823 -0.947155356 -0.159419239 0.677011728 0.068522595 0.184651941 0.117075816 0.973396897
1341848064.181846 -0.935131431 -0.165120885 0.678471804 0.069628641 0.181074187 0.118684731 0.973795652
1341848064.213863 -0.917377770 -0.165828437 0.671130180 0.068030700 0.178654000 0.117795572 0.974463344
1341848064.249771 -0.903465033 -0.173372537 0.685868680 0.066660739 0.181892753 0.117632560 0.973978400
1341848064.282977 -0.893256903 -0.174258456 0.692454696 0.070245102 0.181506574 0.117561705 0.973807156
1341848064.313795 -0.877630055 -0.176291987 0.684281468 0.069407374 0.179547384 0.116686888 0.974335492
1341848064.349790 -0.861251831 -0.180254668 0.698580682 0.068597235 0.181256682 0.117167793 0.974018574
1341848064.382619 -0.848583758 -0.180778518 0.700496316 0.070524566 0.182084501 0.116671465 0.973786116
1341848064.418063 -0.837149322 -0.178298235 0.703188300 0.070017815 0.182887614 0.115949102 0.973758459
1341848064.449767 -0.821323991 -0.183755636 0.707963705 0.066953458 0.182580903 0.113263786 0.974347413
1341848064.481773 -0.806682765 -0.197589040 0.707324803 0.064649388 0.183112293 0.108236708 0.974974513
1341848064.518010 -0.794850945 -0.193515584 0.707409501 0.067554377 0.184209302 0.106115825 0.974803984
1341848064.549704 -0.783842325 -0.193607718 0.714462042 0.068616435 0.185107648 0.107118927 0.974449873
1341848064.581714 -0.774478555 -0.199186698 0.721052170 0.070421502 0.184861794 0.109110937 0.974146664
1341848064.617693 -0.764602959 -0.198090509 0.717196345 0.073348746 0.183622092 0.109502792 0.974121153
1341848064.649724 -0.755653262 -0.195064127 0.718476236 0.074826837 0.183470175 0.110813752 0.973889112
1341848064.685821 -0.747114480 -0.196144566 0.723016858 0.075371936 0.181181550 0.114032321 0.973904014
1341848064.749892 -0.727641523 -0.195802525 0.718617260 0.073365241 0.180535510 0.111286163 0.974494696
1341848064.810737 -0.714100301 -0.193180948 0.721460581 0.075159013 0.177167043 0.111121356 0.974994957
1341848064.842702 -0.704891324 -0.191790909 0.721580684 0.073918670 0.175416514 0.110779203 0.975445032
1341848064.878850 -0.697232723 -0.194152713 0.724501073 0.073848970 0.174069881 0.111839660 0.975570619
1341848064.910832 -0.689585090 -0.188007161 0.719752252 0.076048546 0.170891419 0.114756674 0.975624740
1341848064.946850 -0.681323767 -0.187231570 0.718656242 0.074070841 0.168870166 0.117803745 0.975765705
1341848064.978809 -0.673909903 -0.193807289 0.719886243 0.072618157 0.168050379 0.118448056 0.975938439
1341848065.010770 -0.662361503 -0.190934032 0.716712534 0.075300321 0.166180417 0.119795553 0.975890875
1341848065.046751 -0.656164289 -0.183176607 0.718110144 0.075373925 0.166091770 0.120835088 0.975772142
1341848065.078713 -0.651215851 -0.188248947 0.721137285 0.074391261 0.164544240 0.123362556 0.975793421
1341848065.110686 -0.640642583 -0.183828637 0.712193668 0.075329646 0.160830513 0.125199735 0.976106644
1341848065.146689 -0.632186294 -0.182887003 0.714534044 0.073796242 0.160772160 0.125032321 0.976254761
1341848065.178847 -0.623118222 -0.194378525 0.716038346 0.073466979 0.160191312 0.123393148 0.976583660
1341848065.214760 -0.612562835 -0.182163656 0.712683380 0.078972593 0.158650935 0.122922853 0.976464689
1341848065.246768 -0.608640432 -0.175574020 0.712432146 0.077484049 0.158081323 0.120530598 0.976974368
1341848065.278735 -0.599850953 -0.184555113 0.714971125 0.075769395 0.157729164 0.119676590 0.977270782
1341848065.314761 -0.590716362 -0.178995296 0.711565852 0.078367449 0.155769214 0.117869221 0.977599859
1341848065.346776 -0.581394196 -0.177600756 0.708103001 0.077572480 0.154297173 0.115396142 0.978191495
1341848065.382824 -0.569674611 -0.179046512 0.708211720 0.078315377 0.153361112 0.114959955 0.978330851
1341848065.414914 -0.564972281 -0.176418066 0.703725100 0.078926586 0.152763397 0.113430426 0.978553772
1341848065.446728 -0.556258023 -0.183194622 0.701708317 0.078002796 0.151823357 0.109609224 0.979209483
1341848065.482830 -0.543231905 -0.179308683 0.698774219 0.080362976 0.151530683 0.107719034 0.979273677
1341848065.514745 -0.536782086 -0.178010955 0.697963715 0.081318058 0.151350424 0.107724108 0.979222119
1341848065.546916 -0.528333485 -0.178325817 0.697984457 0.081683151 0.149787575 0.106973067 0.979514360
1341848065.582742 -0.518394589 -0.180194512 0.694103181 0.082405284 0.149339318 0.104919434 0.979744434
1341848065.614763 -0.511938214 -0.178147554 0.695336819 0.083505623 0.148830816 0.104332052 0.979791284
1341848065.682873 -0.500955105 -0.180005401 0.695184112 0.083820634 0.144919142 0.101210415 0.980677843
1341848065.714808 -0.492487401 -0.172752216 0.690527499 0.084953770 0.142575443 0.099463642 0.981102586
1341848065.750674 -0.492808878 -0.173145518 0.694515169 0.083175331 0.141573146 0.098069847 0.981540263
1341848065.782722 -0.487728268 -0.172616184 0.693383873 0.082573272 0.136778638 0.094972745 0.982574940
1341848065.814742 -0.480320990 -0.168085694 0.688239157 0.081840210 0.134139836 0.091511510 0.983328223
1341848065.850746 -0.477845311 -0.168436170 0.690523505 0.079813704 0.132986218 0.086732641 0.984084308
1341848065.918698 -0.470994949 -0.157401457 0.689069450 0.078512736 0.119234987 0.086013749 0.986012399
1341848065.950762 -0.467122525 -0.156481996 0.687706232 0.073635310 0.113872550 0.081224404 0.987427711
1341848065.982774 -0.464937150 -0.162480325 0.690942705 0.071108766 0.110208265 0.079055756 0.988204420
1341848066.018773 -0.457772613 -0.151441142 0.686803102 0.072180852 0.104690216 0.075881019 0.988975227
1341848066.050717 -0.453463614 -0.147962391 0.688599229 0.069119975 0.101884186 0.072154082 0.989765584
1341848066.082818 -0.447984189 -0.150589272 0.689125359 0.067270108 0.098514691 0.071777433 0.990261376
1341848066.118721 -0.442999214 -0.147263259 0.690457225 0.067959905 0.093682282 0.072481580 0.990631938
1341848066.150964 -0.434199154 -0.143974885 0.686903059 0.066396274 0.088930398 0.070334092 0.991330445
1341848066.186782 -0.429325938 -0.143030271 0.689716637 0.064765207 0.088325188 0.071026504 0.991443098
1341848066.218688 -0.425564647 -0.147952408 0.692867517 0.063502364 0.084729455 0.070496976 0.991876304
1341848066.250777 -0.415608644 -0.144911677 0.689822197 0.063889995 0.081018001 0.069017157 0.992265522
1341848066.286736 -0.409142375 -0.146306977 0.692330718 0.062775701 0.080509610 0.067470409 0.992484331
1341848066.318695 -0.403445244 -0.152996778 0.694050789 0.062698312 0.079619884 0.065632835 0.992684245
1341848066.354797 -0.393029481 -0.151291177 0.694302499 0.064778201 0.077606589 0.065687120 0.992706537
1341848066.386761 -0.384578437 -0.157235414 0.696778238 0.064149350 0.077234305 0.064202942 0.992873490
1341848066.418820 -0.381359220 -0.160796940 0.701199114 0.066094242 0.076903507 0.064512998 0.992751479
1341848066.454695 -0.373667985 -0.158128545 0.705756307 0.069287822 0.074085735 0.063305080 0.992825806
1341848066.486874 -0.364497870 -0.160079405 0.705977619 0.068541273 0.071957543 0.061315008 0.993158996
1341848066.522806 -0.361003369 -0.164759696 0.710887134 0.067595720 0.071237564 0.059370164 0.993393838
1341848066.555107 -0.350801170 -0.164099008 0.714196444 0.069670208 0.067402959 0.055971988 0.993715286
1341848066.623500 -0.334698617 -0.168748155 0.719862640 0.070518851 0.067130573 0.047240667 0.994127274
1341848066.655239 -0.325004041 -0.170936227 0.723696470 0.072192594 0.065205023 0.043803982 0.994292617
1341848066.697724 -0.312242866 -0.171135619 0.723837852 0.072720811 0.063874602 0.041412722 0.994442940
1341848066.732527 -0.309372246 -0.178621143 0.731378555 0.072872624 0.064993173 0.037959680 0.994497120
1341848066.764415 -0.298183113 -0.181239098 0.732986152 0.075655393 0.063950151 0.035417352 0.994450748
1341848066.795253 -0.290184736 -0.179890364 0.733359694 0.077669270 0.064729124 0.031038864 0.994391441
1341848066.833355 -0.283224136 -0.181307778 0.738771379 0.078543380 0.063674234 0.027719881 0.994488895
1341848066.862103 -0.271772623 -0.178620219 0.738455355 0.080305785 0.061523393 0.026012823 0.994529665
1341848066.905023 -0.265419871 -0.177724272 0.740150213 0.078945182 0.061595894 0.024325252 0.994676828
1341848066.930221 -0.262312412 -0.184450820 0.744572461 0.077343076 0.060613204 0.022618044 0.994903326
1341848066.997936 -0.240860924 -0.177977666 0.743318021 0.077216804 0.059212636 0.018816551 0.995076597
1341848067.054702 -0.231307909 -0.183715984 0.748354495 0.076003380 0.057918482 0.014831253 0.995313525
1341848067.090940 -0.224674046 -0.184323877 0.749693334 0.075406611 0.058968876 0.012881915 0.995324373
1341848067.122963 -0.223642632 -0.192165881 0.754634678 0.076153800 0.059116784 0.011430180 0.995276451
1341848067.158821 -0.214208797 -0.187794164 0.749208808 0.080112346 0.057000976 0.011636129 0.995086670
1341848067.191143 -0.210530087 -0.184505880 0.752954721 0.081088796 0.057028636 0.012189187 0.994999409
1341848067.222948 -0.205774128 -0.188588217 0.751878679 0.081055075 0.055915862 0.013335125 0.995050609
1341848067.258733 -0.198829859 -0.185455993 0.748504102 0.082740009 0.055367284 0.015258435 0.994914949
1341848067.322816 -0.195965394 -0.188590586 0.750172615 0.081802629 0.056569155 0.020087678 0.994839072
1341848067.358674 -0.186363548 -0.186268821 0.748258352 0.082512841 0.054684099 0.022824271 0.994826794
1341848067.390706 -0.181317627 -0.188855201 0.743452549 0.080543116 0.056355108 0.024726100 0.994849503
1341848067.426869 -0.178826779 -0.188472465 0.745789647 0.081007510 0.057487279 0.027923698 0.994662404
1341848067.458745 -0.173906490 -0.182408422 0.742992103 0.082314163 0.057662435 0.030880075 0.994457603
1341848067.491527 -0.168456703 -0.180248588 0.740557373 0.080032222 0.059263259 0.033113431 0.994477868
1341848067.526659 -0.168340623 -0.185431093 0.740505159 0.077819407 0.061374221 0.034199916 0.994488716
1341848067.558770 -0.162451431 -0.180995405 0.737225115 0.078565821 0.061984874 0.034646392 0.994376659
1341848067.594659 -0.159907162 -0.183023080 0.736930668 0.076409295 0.065758757 0.032986522 0.994358778
1341848067.626656 -0.160333887 -0.188206881 0.736334860 0.076761298 0.068336330 0.032219216 0.994183004
1341848067.658983 -0.153686598 -0.182952806 0.734474182 0.080749564 0.068346828 0.032848127 0.993845701
1341848067.694893 -0.149912015 -0.181353152 0.729976773 0.081690505 0.070325136 0.033340715 0.993614376
1341848067.726732 -0.150910363 -0.189910710 0.731485784 0.082178794 0.071694948 0.035196312 0.993412137
1341848067.758667 -0.143479154 -0.182195917 0.723094106 0.086243771 0.071335748 0.036468830 0.993047476
1341848067.794813 -0.141158223 -0.179293334 0.723781884 0.087096982 0.073768072 0.038504735 0.992718399
1341848067.826795 -0.141976014 -0.183988497 0.722703338 0.087681152 0.075134151 0.040775880 0.992473781
1341848067.862808 -0.131812409 -0.177715272 0.718404353 0.090332925 0.074547738 0.042760875 0.992196679
