1341847980.722988 0.000000000 0.000000000 0.000000000 -0.000000000 -0.000000000 -0.000000000 1.000000000
1341847980.754743 -0.001207270 0.001606742 0.000994638 -0.000256079 0.000380232 -0.000153640 0.999999940
1341847980.786856 -0.005093046 -0.001692472 0.001335112 -0.000680686 0.000703631 -0.001023726 0.999999046
1341847980.822978 -0.002834736 0.000819883 0.000581739 0.000757949 0.000111414 -0.001669574 0.999998331
1341847980.854676 -0.004450688 0.000533717 -0.000540130 0.000697082 0.000698314 -0.002224330 0.999997079
1341847980.890728 -0.005750528 -0.000095239 -0.001104901 0.000672395 0.000890848 -0.002160544 0.999997079
1341847980.922978 -0.008447061 0.000754016 -0.000990046 0.001241460 0.001046362 -0.002529451 0.999995530
1341847980.954645 -0.007203425 0.002215826 -0.003078068 0.001269382 0.001147837 -0.003076066 0.999993801
1341847980.990699 -0.008542369 -0.001268349 -0.002479086 0.000419831 0.001652090 -0.003097057 0.999993742
1341847981.022715 -0.010291710 0.002305745 -0.002789940 0.001373730 0.001701029 -0.003002472 0.999993086
1341847981.054711 -0.010461261 0.000721602 -0.002715262 0.000922283 0.001643262 -0.003112997 0.999993384
1341847981.090715 -0.011569434 0.000102166 -0.004594262 0.001021310 0.002330801 -0.003367330 0.999991119
1341847981.122985 -0.013863698 0.002284997 -0.004798454 0.001715535 0.003259166 -0.002844187 0.999989212
1341847981.158632 -0.016422149 0.005114548 -0.004423349 0.001912928 0.003637405 -0.001775871 0.999989986
1341847981.190636 -0.019910112 0.003053765 -0.004614694 0.001168350 0.003951194 0.000069793 0.999991536
1341847981.222978 -0.022114078 0.002241006 -0.006264374 0.001876126 0.003832357 0.001907288 0.999989092
1341847981.258722 -0.024442252 0.002393524 -0.007282237 0.001899976 0.003388909 0.003126940 0.999987543
1341847981.290787 -0.024766173 -0.000028455 -0.007289247 0.001428980 0.003288680 0.003181303 0.999988556
1341847981.322892 -0.028165391 0.000999503 -0.009478973 0.002012550 0.004708248 0.003260922 0.999981582
1341847981.358690 -0.033352818 0.002931722 -0.009727734 0.002535571 0.006058985 0.003739456 0.999971449
1341847981.390810 -0.039546978 0.000042942 -0.008713122 0.002064627 0.006632153 0.004790107 0.999964416
1341847981.426707 -0.043149177 0.001573691 -0.010980661 0.003087301 0.006348990 0.005938331 0.999957442
1341847981.458797 -0.048854221 0.001185505 -0.014420678 0.002937450 0.006526093 0.006568593 0.999952793
1341847981.490701 -0.051284477 0.001348038 -0.014589432 0.002808298 0.006775836 0.006661219 0.999950945
1341847981.527039 -0.056711972 0.004023751 -0.016496802 0.003826162 0.007569556 0.006358108 0.999943852
1341847981.558722 -0.062180586 0.003431473 -0.018365147 0.003400559 0.008556408 0.005697730 0.999941409
1341847981.594855 -0.071348876 0.003574179 -0.018687114 0.004056766 0.010627092 0.005141140 0.999922097
1341847981.626675 -0.076847710 0.011151836 -0.021251289 0.006423877 0.011521847 0.005796362 0.999896228
1341847981.658738 -0.082342222 0.012079624 -0.024604101 0.005078324 0.012049371 0.005346758 0.999900222
1341847981.694720 -0.088300616 0.006862588 -0.024484359 0.004028157 0.013022198 0.004871897 0.999895275
1341847981.726650 -0.094368733 0.017724596 -0.027933903 0.005444180 0.013690045 0.006072224 0.999873042
1341847981.758846 -0.101610281 0.017729953 -0.027801773 0.004107767 0.014127683 0.005906930 0.999874353
1341847981.794659 -0.105703697 0.021992635 -0.029314727 0.003454510 0.014193835 0.005792076 0.999876559
1341847981.826678 -0.112385824 0.022899089 -0.030069185 0.001629474 0.014998452 0.005728857 0.999869823
1341847981.862719 -0.121874198 0.021945871 -0.027064320 0.001484323 0.015682470 0.004806117 0.999864399
1341847981.894631 -0.125396222 0.029575419 -0.033889532 0.002257340 0.014422835 0.005380622 0.999879003
1341847981.926602 -0.128647745 0.029119866 -0.032752939 -0.000965258 0.013490658 0.005085117 0.999895632
1341847981.962757 -0.136156291 0.026741717 -0.030074423 -0.002297783 0.013919258 0.005323471 0.999886334
1341847981.994808 -0.139426008 0.026208581 -0.030706437 -0.002389593 0.013799257 0.004363906 0.999892414
1341847982.027112 -0.146659613 0.023140360 -0.029438635 -0.002005614 0.013981946 0.003520114 0.999894083
1341847982.062739 -0.154961988 0.022281663 -0.030050667 -0.000621265 0.014305561 0.002060930 0.999895394
1341847982.094786 -0.153204024 0.029417263 -0.033162292 0.001269565 0.012899740 0.000951355 0.999915540
1341847982.130710 -0.237904117 0.014744670 0.108628593 0.004258194 0.028332327 0.004482089 0.999579489
1341847982.162730 -0.236413851 0.024463369 0.105034113 0.009258857 0.025805198 0.005305065 0.999610066
1341847982.194674 -0.232178241 0.023522032 0.099264011 0.007543981 0.024239687 0.005637298 0.999661863
1341847982.230594 -0.234195903 0.013179966 0.101186544 0.004342169 0.026218241 0.005483321 0.999631763
1341847982.262666 -0.239216924 0.014006518 0.102602631 0.005653380 0.028863467 0.004651132 0.999556601
1341847982.294994 -0.242926568 0.012966669 0.102837391 0.005908339 0.031377148 0.003863536 0.999482691
1341847982.330655 -0.252733618 0.008214137 0.102828257 0.006906295 0.033858418 0.006673785 0.999380589
1341847982.362722 -0.261000425 0.013239352 0.105144478 0.010951506 0.033697724 0.010341521 0.999318600
1341847982.398909 -0.260601729 0.012823892 0.103460908 0.013149726 0.030996293 0.012153376 0.999359131
1341847982.430770 -0.256497800 0.007038562 0.099346384 0.013031140 0.030210441 0.012570218 0.999379575
1341847982.462624 -0.256016701 0.006418488 0.096148551 0.013677030 0.032705590 0.013268192 0.999283373
1341847982.498616 -0.262505382 0.004288680 0.094262652 0.012656036 0.036149766 0.013469046 0.999175489
1341847982.530757 -0.273728669 0.019822102 0.100648470 0.014605935 0.039222140 0.014356419 0.999020636
1341847982.566660 -0.270128369 0.019429769 0.097915128 0.013056614 0.039710980 0.015452797 0.999006450
1341847982.598726 -0.277422011 0.012192308 0.100412451 0.009038461 0.043110784 0.016881384 0.998886764
1341847982.630723 -0.280326635 0.012393821 0.102301598 0.008367092 0.045483075 0.016945912 0.998786390
1341847982.666620 -0.285724640 0.008330748 0.102647975 0.006448874 0.048232928 0.017527908 0.998661518
1341847982.698638 -0.286021501 0.008293669 0.103062011 0.005050333 0.050738141 0.017567879 0.998544753
1341847982.730674 -0.306681961 0.004815434 0.110325135 0.003719639 0.057164062 0.017873943 0.998197913
1341847982.766706 -0.315783232 0.009751992 0.114649750 0.005292305 0.059977178 0.019277040 0.997999609
1341847982.798737 -0.324055016 0.009616613 0.114303380 0.005491716 0.061839979 0.021391073 0.997841716
1341847982.834747 -0.340588689 0.011280014 0.119532660 0.007099594 0.065000303 0.021391807 0.997630715
1341847982.866670 -0.350628376 0.009775074 0.121454075 0.009685671 0.065804772 0.023020446 0.997519910
1341847982.898700 -0.361424416 0.017775724 0.121266626 0.012806489 0.065416493 0.024854643 0.997466266
1341847982.934803 -0.372808456 0.019574901 0.122470088 0.012025739 0.063707985 0.027070191 0.997528911
1341847982.966708 -0.367183000 0.014928569 0.120200224 0.009761741 0.060029559 0.027061189 0.997781992
1341847982.998783 -0.371692747 0.008493069 0.119184554 0.007399997 0.060747668 0.025599666 0.997797430
1341847983.034693 -0.394691706 0.012002201 0.123452745 0.006731885 0.064579628 0.025746765 0.997557700
1341847983.066707 -0.407643557 0.011380146 0.125030831 0.005518886 0.064767577 0.027058754 0.997518182
1341847983.102757 -0.416285306 0.011209935 0.129104704 0.004644779 0.064631037 0.027747406 0.997512639
1341847983.134717 -0.431960404 0.006642572 0.131017968 0.004757803 0.065404013 0.028896175 0.997429013
1341847983.166651 -0.448070794 0.010511709 0.129560962 0.006707886 0.065347232 0.029943332 0.997390687
1341847983.202653 -0.451264530 0.013550703 0.130746529 0.007400051 0.062846810 0.031418223 0.997501075
1341847983.234717 -0.465473026 0.014581429 0.130654052 0.006871713 0.063202113 0.031796936 0.997470438
1341847983.266753 -0.468895286 0.011783790 0.128678679 0.003811483 0.063073546 0.030682633 0.997529924
1341847983.302701 -0.478486806 0.005108601 0.129149690 0.000150703 0.065251373 0.030019492 0.997417271
1341847983.334718 -0.486230195 0.001224453 0.130140334 -0.001563774 0.067614898 0.029223058 0.997282267
1341847983.370887 -0.503994048 0.000297757 0.138281807 -0.001197030 0.071923971 0.029185349 0.996982336
1341847983.402670 -0.515658915 0.004352427 0.136819363 0.000748076 0.072353706 0.030550243 0.996910810
1341847983.434705 -0.527015924 0.010070634 0.137247860 0.000611930 0.071068436 0.033640683 0.996903896
1341847983.470674 -0.537488937 -0.000294403 0.139949575 -0.001677801 0.071404092 0.031986196 0.996933103
1341847983.502767 -0.537517488 -0.011992365 0.128167778 -0.002493837 0.072376542 0.028734492 0.996960282
1341847983.534806 -0.551724970 -0.009306237 0.129547775 -0.001497467 0.077102199 0.027711194 0.996636927
1341847983.570684 -0.568129003 0.003208382 0.136712551 0.000595266 0.080340102 0.028508158 0.996359646
1341847983.602741 -0.587980390 0.003099691 0.137695879 0.001769832 0.082188345 0.029257629 0.996185720
1341847983.638729 -0.596018851 -0.004362377 0.133012712 0.001834266 0.082830764 0.028998012 0.996140003
1341847983.670715 -0.611046672 -0.003546294 0.139799222 0.004409629 0.085180871 0.029532686 0.995917976
1341847983.702857 -0.623878360 -0.004222285 0.134487599 0.007084407 0.085653991 0.031663768 0.995796561
1341847983.738736 -0.639121890 0.000210583 0.131230086 0.008881913 0.085471697 0.033703301 0.995730817
1341847983.770707 -0.648304760 -0.004150950 0.127012208 0.009132312 0.084389284 0.034864269 0.995780885
1341847983.806672 -0.662745476 -0.005911379 0.127903163 0.010635727 0.086135909 0.034321532 0.995635271
1341847983.838719 -0.682229936 -0.002125118 0.129179493 0.015006103 0.088090181 0.034882315 0.995388448
1341847983.870712 -0.694208801 0.011931218 0.123932764 0.018752892 0.086072154 0.038158946 0.995381236
1341847983.906692 -0.704942048 0.012398724 0.122977406 0.019264517 0.083290450 0.041043017 0.995493352
1341847983.938757 -0.719250977 0.009863295 0.116357394 0.018586589 0.082342401 0.041523926 0.995565236
1341847983.970809 -0.731310368 0.010137646 0.113938734 0.016931139 0.083876505 0.040470343 0.995510042
1341847984.006722 -0.741912603 0.013662763 0.113636032 0.016371135 0.085440546 0.040131576 0.995400190
1341847984.038718 -0.763481438 0.012033924 0.115975820 0.014418409 0.089316957 0.039861154 0.995100856
1341847984.074737 -0.776639700 0.024257345 0.121582255 0.013613079 0.092470892 0.037858214 0.994902313
1341847984.106759 -0.792337954 0.028903237 0.128431424 0.010024587 0.095274381 0.037082672 0.994709671
1341847984.138698 -0.800676823 0.026614051 0.128636271 0.009012930 0.095764257 0.036835883 0.994681418
1341847984.174831 -0.815531492 0.038475759 0.122023731 0.008017517 0.096696116 0.034517430 0.994682968
1341847984.206711 -0.834830642 0.038439579 0.134753078 0.003521089 0.099134043 0.033330731 0.994509518
1341847984.238670 -0.838568747 0.044514924 0.139638782 0.003916263 0.096299298 0.035256390 0.994720101
1341847984.274795 -0.844850063 0.043827258 0.141081139 0.001430959 0.094263822 0.035926022 0.994897783
1341847984.306662 -0.857125998 0.042431246 0.146171153 -0.001456290 0.094611131 0.035730027 0.994871914
1341847984.343094 -0.872626722 0.043802720 0.156087056 -0.002903586 0.094964497 0.036019854 0.994824588
1341847984.374794 -0.889954269 0.044267967 0.159689084 -0.004208962 0.094161250 0.038017001 0.994821906
1341847984.406718 -0.894506514 0.043082505 0.166331649 -0.006835439 0.091216780 0.039501756 0.995023847
1341847984.442894 -0.911701083 0.040385857 0.185166940 -0.008659417 0.092870548 0.040182061 0.994829357
1341847984.474640 -0.919522285 0.035138950 0.190526709 -0.009280683 0.092874974 0.039869864 0.994835973
1341847984.506747 -0.929790318 0.035858035 0.199893594 -0.009866055 0.093657352 0.038844917 0.994797468
1341847984.542747 -0.935392022 0.028334733 0.206519440 -0.011390021 0.095253631 0.038646925 0.994637370
1341847984.574807 -0.950279117 0.029974606 0.220567003 -0.012349698 0.099199973 0.039602600 0.994202435
1341847984.610792 -0.962451756 0.023593860 0.236813694 -0.011566530 0.099894859 0.039912991 0.994129896
1341847984.642667 -0.967722118 0.025117727 0.244902119 -0.008047380 0.097876444 0.040624548 0.994336545
1341847984.674804 -0.977706790 0.021421261 0.255404890 -0.007724321 0.098143242 0.041462127 0.994278193
1341847984.710651 -0.989825010 0.009721085 0.271627277 -0.007471941 0.098502599 0.042047475 0.994220018
1341847984.743352 -0.990824282 0.019193996 0.284853101 -0.001855383 0.096782155 0.041463763 0.994439781
1341847984.778881 -1.000038385 0.013824127 0.296017915 -0.001636574 0.097704157 0.041645132 0.994342446
1341847984.810639 -1.005609870 0.007011584 0.311248183 -0.000896884 0.097829491 0.044752881 0.994196057
1341847984.842655 -1.010599732 -0.002099779 0.322371393 0.001382519 0.097557530 0.045833986 0.994172931
1341847984.878779 -1.019308805 -0.004889721 0.335635513 0.003848045 0.098406777 0.047411777 0.994008780
1341847984.910613 -1.026226640 0.001106538 0.345918208 0.006004413 0.097854517 0.050868358 0.993881762
1341847984.943053 -1.033686757 -0.007268606 0.358957946 0.004200026 0.096294709 0.054271437 0.993863344
1341847984.979236 -1.037959814 -0.016713269 0.372139126 0.002067101 0.094674207 0.056127984 0.993922591
1341847985.010633 -1.037046313 -0.024763728 0.382365763 -0.000878259 0.094066374 0.056943297 0.993935764
1341847985.046612 -1.039988875 -0.035892960 0.396994442 -0.004996603 0.097180627 0.056836821 0.993629992
1341847985.078667 -1.045081258 -0.034000468 0.412808299 -0.004200133 0.101002418 0.056737427 0.993258119
1341847985.110771 -1.048835993 -0.036188103 0.424492627 -0.004642413 0.103548519 0.058529973 0.992889941
1341847985.146824 -1.051906109 -0.051948678 0.436565489 -0.007181851 0.106441125 0.060175724 0.992470443
1341847985.178699 -1.054874897 -0.054406285 0.449517161 -0.006606915 0.109413691 0.061266936 0.992084384
1341847985.210840 -1.062347412 -0.065130502 0.462991148 -0.006007069 0.112566225 0.062035847 0.991687596
1341847985.246735 -1.065606117 -0.068112440 0.470121533 -0.005105569 0.115417518 0.061640739 0.991389513
1341847985.278902 -1.071604013 -0.073139787 0.482108295 -0.005074082 0.118982159 0.062130440 0.990937650
1341847985.314648 -1.073666453 -0.082848467 0.490900785 -0.004009890 0.121369772 0.062360391 0.990638435
1341847985.346842 -1.077970505 -0.085646994 0.500777066 -0.002623882 0.123312980 0.062510803 0.990393639
1341847985.378830 -1.080454946 -0.092665687 0.510198474 -0.004377122 0.124457926 0.062207773 0.990263224
1341847985.414650 -1.087218285 -0.102632962 0.525131822 -0.005766063 0.127995431 0.062721603 0.989772737
1341847985.446854 -1.091719985 -0.103768148 0.535718560 -0.003779667 0.130559027 0.062691614 0.989449263
1341847985.478685 -1.095588803 -0.108070999 0.545447707 -0.003408262 0.131783947 0.063963063 0.989206851
1341847985.514673 -1.100473523 -0.118037544 0.558996677 -0.004980544 0.134025589 0.064594731 0.988857925
1341847985.546814 -1.103610516 -0.125271380 0.570409060 -0.006088770 0.136922821 0.065115035 0.988420546
1341847985.582581 -1.110424161 -0.131161511 0.587726295 -0.005111024 0.140702039 0.066328458 0.987814486
1341847985.614773 -1.112349510 -0.129071325 0.599165082 -0.001808567 0.142282993 0.067804120 0.987499297
1341847985.647097 -1.116567731 -0.135876685 0.613134563 0.000008150 0.144708991 0.069978528 0.986996591
1341847985.682842 -1.121432543 -0.142173529 0.623968303 0.002195241 0.147084773 0.072138071 0.986487389
1341847985.714719 -1.129038692 -0.146459430 0.640939653 0.006484096 0.149131387 0.075710066 0.985893369
1341847985.746954 -1.136193156 -0.152739584 0.650809407 0.009958298 0.150570422 0.077963389 0.985470057
1341847985.782765 -1.138561249 -0.157289058 0.664433658 0.013259429 0.153000072 0.079819605 0.984908164
1341847985.814703 -1.136668682 -0.162717074 0.673711658 0.020023009 0.154485226 0.082794338 0.984316230
1341847985.850739 -1.144883394 -0.169867933 0.677974403 0.026683511 0.155093342 0.085836135 0.983801961
1341847985.882782 -1.145464778 -0.168335825 0.680865765 0.027368346 0.154164672 0.089798033 0.983575404
1341847985.914968 -1.148134947 -0.179875717 0.688659847 0.023137921 0.156395286 0.091886863 0.983138859
1341847985.950751 -1.150349617 -0.193882316 0.702610314 0.021111254 0.161544606 0.091225855 0.982413113
1341847985.982712 -1.166811585 -0.198746368 0.719521523 0.022275025 0.168591365 0.090870760 0.981235623
1341847986.018756 -1.173387170 -0.203329250 0.732369721 0.023140699 0.171608582 0.093336217 0.980460823
1341847986.051991 -1.173141479 -0.208769828 0.739666224 0.022679994 0.171865791 0.096734069 0.980097115
1341847986.082612 -1.178095579 -0.216280311 0.752162933 0.022293555 0.173614040 0.097613014 0.979710698
1341847986.118719 -1.181955457 -0.224171013 0.758441687 0.020718455 0.176439568 0.097243965 0.979277015
1341847986.150636 -1.186426401 -0.235438570 0.771206915 0.016866092 0.181587547 0.097933277 0.978340745
1341847986.182648 -1.181711316 -0.231547028 0.782015383 0.018435650 0.184120670 0.098458610 0.977786124
1341847986.218674 -1.186658263 -0.237114504 0.794319212 0.020589394 0.187523335 0.099152833 0.977025986
1341847986.250584 -1.191745043 -0.249270350 0.806092262 0.020828605 0.190565571 0.101841807 0.976155341
1341847986.286733 -1.192516685 -0.257025123 0.816816866 0.021780089 0.193611518 0.102811381 0.975433290
1341847986.326156 -1.194211721 -0.261905640 0.827583790 0.024159258 0.196666911 0.102886207 0.974757850
1341847986.359210 -1.198145390 -0.269225985 0.839543462 0.026429001 0.200071469 0.105070502 0.973772645
1341847986.394467 -1.197530270 -0.272535712 0.846806526 0.026833011 0.202050582 0.106623881 0.973183930
1341847986.425858 -1.199456930 -0.280776173 0.859839439 0.026106328 0.205325842 0.107787415 0.972389698
1341847986.457691 -1.200661778 -0.289956450 0.871180892 0.024541553 0.208768979 0.109017298 0.971559882
1341847986.493735 -1.201856256 -0.290952474 0.885505915 0.024888858 0.211625353 0.110268168 0.970791578
1341847986.525772 -1.203503966 -0.306262672 0.898209274 0.023544712 0.213980705 0.111426689 0.970176280
1341847986.561706 -1.205423951 -0.307731986 0.910459876 0.023866521 0.216045439 0.112424009 0.969595671
1341847986.593712 -1.207479596 -0.312596351 0.927580714 0.022741195 0.219908059 0.112826951 0.968707085
1341847986.625740 -1.205884933 -0.320393682 0.941677034 0.023597039 0.223095462 0.113452859 0.967884302
1341847986.661920 -1.205324292 -0.323257774 0.950238347 0.025319267 0.223962486 0.115896247 0.967350900
1341847986.693739 -1.209045291 -0.328241438 0.964229345 0.025696769 0.225642756 0.120157927 0.966430128
1341847986.725896 -1.210294247 -0.329130739 0.976267576 0.027568685 0.225712970 0.125598997 0.965669990
1341847986.762616 -1.209826231 -0.334952295 0.985863805 0.026244042 0.225449651 0.129244834 0.965287268
1341847986.793794 -1.212614059 -0.345647603 0.997309923 0.021612849 0.227915183 0.131810680 0.964475811
1341847986.829823 -1.211891532 -0.349284351 1.011493206 0.019700494 0.230843917 0.133644134 0.963567495
1341847986.861756 -1.212372661 -0.349746466 1.020562530 0.020223852 0.231841236 0.135859951 0.963007152
1341847986.886746 -1.215708137 -0.354804754 1.032343864 0.018694606 0.232185662 0.139263809 0.962468743
1341847986.922699 -1.217431784 -0.357492357 1.043433666 0.017379686 0.232293427 0.143065944 0.961909473
1341847986.954690 -1.216413379 -0.370638400 1.055417657 0.012991243 0.233815119 0.143035933 0.961614549
1341847986.990631 -1.218856335 -0.378552109 1.071327567 0.011091145 0.236719295 0.144026160 0.960779607
1341847987.022895 -1.220221162 -0.380462378 1.080269337 0.011591239 0.238314211 0.146486342 0.960007131
1341847987.054629 -1.221164823 -0.377637744 1.090775728 0.011951068 0.238865077 0.149827689 0.959349990
1341847987.091223 -1.221083641 -0.388119251 1.101285219 0.008187064 0.239922374 0.150730923 0.958984077
1341847987.123199 -1.223077655 -0.401558429 1.117171407 0.004700208 0.244398654 0.149912104 0.958005011
1341847987.154654 -1.222858310 -0.403358042 1.118115783 0.003403274 0.247349575 0.147982121 0.957553089
1341847987.190716 -1.225739121 -0.402923763 1.132174850 0.002298719 0.253192514 0.148054361 0.956016898
1341847987.222678 -1.228736997 -0.404500604 1.145846367 0.001868959 0.257075220 0.150102600 0.954661310
1341847987.259261 -1.230046868 -0.412083268 1.156293750 -0.000476071 0.260014772 0.151107043 0.953707874
1341847987.290653 -1.229310751 -0.421997517 1.161226869 -0.003558368 0.263502747 0.149503767 0.952996492
1341847987.322780 -1.233978152 -0.425313532 1.175020099 -0.003278523 0.270847499 0.148477659 0.951096952
1341847987.358780 -1.236623287 -0.428129405 1.186573744 -0.001822439 0.276556045 0.146044359 0.949833930
1341847987.390720 -1.241117477 -0.431088537 1.195367813 0.001665435 0.282776654 0.143599659 0.948374271
1341847987.422820 -1.246495962 -0.435881555 1.204951882 0.003284469 0.289574742 0.141295761 0.946663260
1341847987.458620 -1.251198888 -0.432401240 1.219677210 0.008062584 0.295507342 0.142125621 0.944674969
1341847987.490754 -1.254934311 -0.429520071 1.234150887 0.015277836 0.299174070 0.144669518 0.943044126
1341847987.526761 -1.260042667 -0.429000169 1.232441425 0.015621580 0.300393015 0.147065923 0.942280054
1341847987.558679 -1.265587330 -0.433533043 1.253958702 0.014953585 0.306698054 0.148926154 0.939964771
1341847987.590776 -1.268971682 -0.430691570 1.263307929 0.020136021 0.311140686 0.150751263 0.938115239
1341847987.626925 -1.275485754 -0.424570978 1.268403769 0.023762560 0.313151300 0.155020177 0.936664522
1341847987.658922 -1.279608846 -0.426832914 1.278969049 0.022767663 0.315100789 0.157871991 0.935558438
1341847987.691638 -1.285810113 -0.422374368 1.292698264 0.024513327 0.317535937 0.160285711 0.934279740
1341847987.726721 -1.289441466 -0.423400879 1.307093263 0.025164407 0.318023026 0.162253737 0.933756888
1341847987.758741 -1.294350147 -0.422769248 1.313423872 0.026743587 0.318255097 0.166628301 0.932863116
1341847987.794708 -1.299608946 -0.423507005 1.326296568 0.027248736 0.319045246 0.170394599 0.931897759
1341847987.826748 -1.301278949 -0.425504506 1.336808562 0.027602820 0.317674011 0.174037188 0.931682527
1341847987.865879 -1.306415439 -0.430133969 1.348241568 0.026595837 0.317460984 0.175560296 0.931498647
1341847987.897796 -1.312247992 -0.428900659 1.359499335 0.029008767 0.317782372 0.177819729 0.930888355
1341847987.933722 -1.317207336 -0.435055435 1.369385242 0.029407697 0.316963971 0.178151280 0.931091428
1341847987.965806 -1.321725845 -0.438489735 1.379623175 0.031134782 0.317563534 0.175882757 0.931262255
1341847987.997794 -1.327651739 -0.437100381 1.384180307 0.033492964 0.317981333 0.173498094 0.931485116
1341847988.033757 -1.334392905 -0.446646601 1.400993586 0.032684688 0.321381480 0.169829473 0.931022882
1341847988.065746 -1.336618423 -0.445887208 1.410580277 0.037049342 0.321813196 0.167097077 0.931204736
1341847988.098165 -1.340165615 -0.449608564 1.417532206 0.038496871 0.322767764 0.162046462 0.931708157
1341847988.133763 -1.343853235 -0.452844143 1.426548243 0.039278425 0.325469524 0.158549249 0.931337237
1341847988.165801 -1.349719167 -0.446029067 1.431929350 0.044595849 0.326191574 0.159407973 0.930698395
1341847988.201710 -1.356362820 -0.441660583 1.437192559 0.045649040 0.324406713 0.163665533 0.930532217
1341847988.233777 -1.357418656 -0.449390173 1.444860816 0.041122768 0.323399812 0.165234923 0.930816352
1341847988.265702 -1.359392881 -0.454048365 1.455025077 0.039855879 0.325725824 0.164563119 0.930179119
1341847988.301776 -1.361679792 -0.451166868 1.461910486 0.041168250 0.327201962 0.165604681 0.929418743
1341847988.333739 -1.363425016 -0.451116741 1.472760677 0.039399896 0.327166140 0.169319183 0.928838551
1341847988.369715 -1.364025474 -0.455189943 1.481044412 0.037183385 0.327716798 0.171131909 0.928403497
1341847988.401745 -1.368550539 -0.449007571 1.488873959 0.040774193 0.328096628 0.175728634 0.927259147
1341847988.433996 -1.370826960 -0.449229777 1.496053219 0.040732764 0.327194721 0.178774729 0.926997423
1341847988.469742 -1.372689605 -0.456892252 1.503904343 0.039289337 0.329936981 0.177234381 0.926383257
1341847988.502496 -1.376814604 -0.452386618 1.505802751 0.041550729 0.332407653 0.177774489 0.925297201
1341847988.537778 -1.382170200 -0.446061432 1.511899710 0.043417063 0.332929134 0.182776198 0.924048781
1341847988.569700 -1.385721803 -0.448037118 1.515576839 0.040640600 0.331327289 0.184339687 0.924440086
1341847988.601796 -1.388894200 -0.452601075 1.518103123 0.036512695 0.331846237 0.183390841 0.924614966
1341847988.637768 -1.392978668 -0.453814238 1.522547364 0.033236951 0.334512800 0.181668893 0.924117386
1341847988.669807 -1.397488832 -0.451989561 1.529926896 0.032696798 0.336771905 0.181183562 0.923411250
1341847988.706192 -1.402965307 -0.453525782 1.531796098 0.030606074 0.338035345 0.181058109 0.923045754
1341847988.737940 -1.407637596 -0.454421967 1.536755323 0.030241221 0.339719921 0.182942376 0.922067225
1341847988.769740 -1.412191868 -0.457418114 1.540369391 0.030371387 0.339425445 0.186756536 0.921406507
1341847988.806051 -1.418707371 -0.462072730 1.542967439 0.030386329 0.339872569 0.188849628 0.920814395
1341847988.837897 -1.425825477 -0.465250283 1.541877031 0.028823890 0.340976536 0.190400496 0.920136869
1341847988.873917 -1.431110620 -0.467904329 1.543250203 0.026389774 0.343353599 0.190810442 0.919240654
1341847988.937824 -1.445788026 -0.472140402 1.547289491 0.025052803 0.347652078 0.192873538 0.917229712
1341847988.966828 -1.454637527 -0.473619431 1.552709460 0.024116138 0.349656790 0.196215048 0.915782869
1341847988.998737 -1.462316036 -0.476049960 1.556704402 0.023984140 0.351035595 0.199021816 0.914652467
1341847989.034678 -1.472829819 -0.477546304 1.555855274 0.022863250 0.350168884 0.201210245 0.914534628
1341847989.066658 -1.479493380 -0.486041099 1.562179446 0.018765904 0.351612628 0.200641394 0.914198816
1341847989.098821 -1.489465237 -0.489851981 1.567750573 0.020942390 0.353138030 0.199994788 0.913705111
1341847989.134676 -1.499803185 -0.494681329 1.566895008 0.024158511 0.352380246 0.200855255 0.913729548
1341847989.166672 -1.509136915 -0.498356521 1.569842100 0.027191063 0.352047116 0.201835647 0.913556695
1341847989.202743 -1.522810459 -0.502237499 1.569638491 0.030498752 0.350577027 0.202090457 0.913961232
1341847989.234728 -1.533207655 -0.506802380 1.571374178 0.032571685 0.348119766 0.202070028 0.914833069
1341847989.266651 -1.542729139 -0.513528585 1.574073792 0.032772738 0.346664965 0.200285763 0.915770173
1341847989.302773 -1.553485513 -0.516619503 1.574906349 0.032426495 0.345453292 0.196311310 0.917100072
1341847989.334871 -1.563513756 -0.520675600 1.575744748 0.030675285 0.344004452 0.192148447 0.918585300
1341847989.366685 -1.572961092 -0.528861940 1.579247117 0.025884623 0.344140023 0.186268181 0.919892311
1341847989.402777 -1.580557585 -0.536156833 1.582541227 0.022418378 0.345803022 0.181253955 0.920361221
1341847989.434824 -1.591429472 -0.541341722 1.586977601 0.023240941 0.347304791 0.177310213 0.920543551
1341847989.470712 -1.601612568 -0.544571698 1.581770778 0.022402149 0.346304178 0.175118744 0.921360433
1341847989.502614 -1.611708403 -0.548526168 1.578130364 0.020011012 0.346358269 0.175032511 0.921411514
1341847989.534687 -1.621245623 -0.549763858 1.578786016 0.021994784 0.346059024 0.176914439 0.921119273
1341847989.570705 -1.627318263 -0.557777882 1.578285336 0.019603265 0.345569521 0.176396534 0.921456397
1341847989.602804 -1.633482337 -0.565831840 1.580716610 0.016308431 0.348147482 0.175586492 0.920704484
1341847989.634745 -1.641615987 -0.570472300 1.583012104 0.017287243 0.352142155 0.172328800 0.919782579
1341847989.670627 -1.651619434 -0.568846345 1.579368353 0.018102648 0.354132086 0.171595454 0.919139743
1341847989.702606 -1.659818172 -0.570977688 1.582097530 0.017061688 0.355543286 0.172216266 0.918498516
1341847989.738929 -1.668306589 -0.575651288 1.582338929 0.015737636 0.357958883 0.170926437 0.917824626
1341847989.770735 -1.677445889 -0.574607491 1.582051635 0.015357591 0.359807581 0.170791402 0.917133033
1341847989.802890 -1.687437057 -0.578450441 1.584388137 0.013357519 0.361509502 0.171361640 0.916388392
1341847989.838780 -1.696183801 -0.581232667 1.587798953 0.012756496 0.363228709 0.171937943 0.915608883
1341847989.870960 -1.708380699 -0.583669364 1.588965774 0.013394690 0.365654528 0.170235008 0.914952159
1341847989.902718 -1.720483541 -0.582705438 1.586720467 0.016168233 0.367546201 0.171007290 0.914004922
1341847989.938921 -1.735766172 -0.581280291 1.586668849 0.019003067 0.367051929 0.175016686 0.913389862
1341847989.970730 -1.744978428 -0.586763084 1.587494373 0.019151205 0.365754128 0.176361054 0.913648784
1341847990.006923 -1.757550120 -0.594840944 1.587241888 0.017139001 0.367536813 0.174603477 0.913310766
1341847990.039001 -1.769258976 -0.594326079 1.588493347 0.018163634 0.369503349 0.174709424 0.912476897
1341847990.070686 -1.781182051 -0.595513105 1.590936661 0.019568378 0.369878829 0.174239695 0.912385523
1341847990.106701 -1.843847394 -0.602938056 1.462170482 0.015829664 0.352173358 0.169714361 0.920282781
1341847990.139194 -1.857226491 -0.603886664 1.462625384 0.016947724 0.353192508 0.170661524 0.919696987
1341847990.171055 -1.868889451 -0.602562666 1.463063478 0.020755924 0.352318943 0.172270447 0.919654012
1341847990.207022 -1.881243944 -0.603841245 1.460722446 0.023304863 0.350007921 0.173382387 0.920266211
1341847990.238920 -1.893872619 -0.609933674 1.459140897 0.021510409 0.349264979 0.174030200 0.920469880
1341847990.274709 -1.904328227 -0.609582305 1.462305784 0.023990383 0.348830014 0.175592557 0.920276821
1341847990.306743 -1.917483807 -0.613464475 1.459429622 0.024004655 0.347954422 0.174565449 0.920803189
1341847990.339079 -1.929720402 -0.616678834 1.460363626 0.022193845 0.348321050 0.174286291 0.920762897
1341847990.374663 -1.932364225 -0.597737670 1.427544117 0.025297230 0.335919529 0.172550917 0.925604880
1341847990.406760 -1.944432020 -0.600730240 1.426053405 0.024216242 0.335266739 0.172209546 0.925934017
1341847990.442575 -1.954540253 -0.602191567 1.428420424 0.021747608 0.334900111 0.174475506 0.925703764
1341847990.474644 -1.962224603 -0.602842689 1.430894852 0.022171233 0.334603846 0.174708053 0.925756872
1341847990.506783 -1.972285867 -0.604690135 1.429156542 0.021183288 0.334748805 0.173818231 0.925895154
1341847990.542835 -1.980528831 -0.603555441 1.430427313 0.020371079 0.335465878 0.177433223 0.924967647
1341847990.574711 -1.990471601 -0.603077233 1.432828069 0.021663344 0.335342377 0.180876896 0.924315810
1341847990.606790 -1.998254418 -0.607860625 1.434368491 0.019991705 0.335677475 0.180825233 0.924242020
1341847990.642783 -2.005255461 -0.609540224 1.435192585 0.018183216 0.337532669 0.181324452 0.923505545
1341847990.674787 -2.015082836 -0.609349012 1.436264753 0.018535316 0.339618951 0.184113920 0.922180831
1341847990.710795 -2.024941444 -0.609732091 1.437004089 0.020508137 0.339709520 0.187829733 0.921356022
1341847990.742712 -2.044949055 -0.614359081 1.440239072 0.019998170 0.340259522 0.192516699 0.920196116
1341847990.774671 -2.049996614 -0.617769420 1.445011854 0.019339692 0.340981841 0.195156232 0.919386506
1341847990.810771 -2.058466911 -0.618191659 1.445978403 0.021667508 0.343064040 0.195705518 0.918442726
1341847990.842713 -2.065923691 -0.620200455 1.445942044 0.021035818 0.344433188 0.197251424 0.917613864
1341847990.874745 -2.071598291 -0.621786118 1.451001287 0.020157725 0.346058935 0.198039487 0.916851819
1341847990.910825 -2.078883410 -0.624440074 1.453408599 0.020064564 0.348104119 0.198383883 0.916004837
1341847990.942685 -2.086989880 -0.627005875 1.453241348 0.018271444 0.350692689 0.197807863 0.915179133
1341847990.978824 -2.092012405 -0.629048288 1.456633210 0.017308932 0.353118271 0.198490798 0.914116681
1341847991.010797 -2.097286463 -0.631483674 1.460899711 0.018668549 0.354946852 0.198592678 0.913359344
1341847991.042752 -2.104730606 -0.634421766 1.462059855 0.018597962 0.356646061 0.198990896 0.912611842
1341847991.078680 -2.110495090 -0.637347579 1.467707634 0.019340476 0.358863682 0.201504797 0.911174357
1341847991.111319 -2.117391586 -0.641255260 1.471203089 0.020766452 0.360403270 0.203501701 0.910090864
1341847991.142784 -2.124165773 -0.646090090 1.474081278 0.020393679 0.361969739 0.204036519 0.909357607
1341847991.178778 -2.132258892 -0.647835076 1.478633404 0.020931041 0.364654452 0.205292627 0.907989025
1341847991.210687 -2.138732433 -0.653725743 1.485066891 0.021838458 0.367018700 0.205959275 0.906863332
1341847991.246842 -2.157732010 -0.659539580 1.494554162 0.022530701 0.369240880 0.205297574 0.906094074
1341847991.278726 -2.164619923 -0.663238287 1.502304792 0.022721661 0.371956021 0.206114516 0.904792428
1341847991.310807 -2.173839331 -0.664091349 1.506659269 0.026037896 0.374128073 0.208366051 0.903290570
1341847991.346722 -2.187314272 -0.664254785 1.506481409 0.029686935 0.372309804 0.213292971 0.902779222
1341847991.378800 -2.192050934 -0.663341999 1.508461475 0.030124968 0.369052768 0.219350666 0.902650476
1341847991.414715 -2.197159052 -0.672708750 1.520141482 0.026462615 0.370319784 0.222664550 0.901434183
1341847991.446744 -2.204060316 -0.678322256 1.526819706 0.023640715 0.373118401 0.222890228 0.900301993
1341847991.478824 -2.210377693 -0.681089640 1.532300711 0.021943860 0.376068711 0.223507762 0.898963332
1341847991.514709 -2.218197346 -0.683377206 1.538960218 0.021629335 0.378846705 0.225728318 0.897248149
1341847991.546725 -2.223814964 -0.684082747 1.540430069 0.022762280 0.379958630 0.229055524 0.895905674
1341847991.578804 -2.233755589 -0.694499969 1.548785210 0.021365248 0.381652713 0.234685674 0.893760264
1341847991.614853 -2.236311436 -0.699074686 1.553444982 0.021417461 0.383797556 0.239209995 0.891638577
1341847991.646714 -2.237409115 -0.704985619 1.556681991 0.021971704 0.387252718 0.243134588 0.889065981
1341847991.689872 -2.242998123 -0.709909439 1.557669997 0.022076352 0.392982692 0.245096579 0.886005044
1341847991.714700 -2.249154568 -0.712991416 1.560358763 0.023399323 0.397605181 0.246713191 0.883456469
1341847991.746823 -2.254776478 -0.713556826 1.560577869 0.024745943 0.399993300 0.250027806 0.881407499
1341847991.782657 -2.256502390 -0.721657753 1.566732168 0.022321420 0.403086454 0.252552748 0.879340827
1341847991.814748 -2.257787466 -0.726090074 1.571384668 0.021538097 0.407042414 0.253048837 0.877393305
1341847991.846729 -2.260344982 -0.730697274 1.571211576 0.021996357 0.411156446 0.251621783 0.875872791
1341847991.882784 -2.269226313 -0.732866764 1.574635863 0.022409456 0.415324211 0.252386242 0.873673260
1341847991.915817 -2.273566723 -0.738965750 1.580665588 0.022629125 0.417561591 0.255023777 0.871833205
1341847991.950761 -2.277658701 -0.745879292 1.583012700 0.021996899 0.419232070 0.254644662 0.871158302
1341847991.982826 -2.284812450 -0.755827606 1.587143302 0.020512477 0.422138095 0.253293574 0.870184481
1341847992.014724 -2.289591312 -0.758194864 1.591768265 0.020666467 0.425934434 0.252828121 0.868464589
1341847992.050647 -2.300055981 -0.757711589 1.594878554 0.021945426 0.428411484 0.253307402 0.867074013
1341847992.082793 -2.304135561 -0.764256418 1.602178574 0.020352008 0.429811031 0.253099799 0.866480768
1341847992.114842 -2.310521126 -0.770562530 1.608168125 0.019154685 0.432499707 0.252557248 0.865327716
1341847992.150789 -2.317741394 -0.775511861 1.615159035 0.019215310 0.435395986 0.253033280 0.863733351
1341847992.182813 -2.327619791 -0.776202321 1.618737221 0.020500256 0.436766744 0.254050702 0.862712443
1341847992.218736 -2.332238674 -0.782925904 1.625532150 0.019877300 0.438203990 0.255096883 0.861688972
1341847992.250652 -2.338941813 -0.788478732 1.630271792 0.019445570 0.441445827 0.255077958 0.860048056
1341847992.282910 -2.347190380 -0.792674243 1.636263609 0.019191455 0.445434719 0.255074501 0.857995749
1341847992.318683 -2.355646372 -0.795197248 1.641986370 0.020910623 0.448525220 0.256749570 0.855843246
1341847992.350695 -2.363438368 -0.801852286 1.649212480 0.020507397 0.451245099 0.257989168 0.854048610
1341847992.382858 -2.372457981 -0.805959046 1.656046152 0.021192295 0.453728467 0.260597706 0.851921499
1341847992.418855 -2.386321545 -0.816048503 1.667232633 0.022433894 0.455767184 0.263236552 0.849987984
1341847992.450822 -2.396522522 -0.819832325 1.672623634 0.023245821 0.458274454 0.265376389 0.847950220
1341847992.486713 -2.406016350 -0.822612405 1.676298499 0.024481889 0.459890336 0.269169718 0.845842361
1341847992.518735 -2.414116859 -0.827753365 1.682918191 0.025533531 0.461759657 0.271333516 0.844099700
1341847992.550596 -2.425008774 -0.832414031 1.687001586 0.025554605 0.463430434 0.271384448 0.843166471
1341847992.586730 -2.435183525 -0.836501360 1.692095995 0.024317898 0.464814931 0.272339731 0.842132270
1341847992.618832 -2.445221901 -0.840118766 1.698578238 0.023951303 0.466412276 0.273800105 0.840785086
1341847992.654692 -2.454991341 -0.844664395 1.707110882 0.023301018 0.467946351 0.275242120 0.839479089
1341847992.686829 -2.463275671 -0.848854125 1.712953091 0.022928633 0.468556076 0.275941193 0.838919520
1341847992.718718 -2.477611542 -0.860214949 1.724500895 0.022243937 0.471093893 0.275563806 0.837639749
1341847992.754765 -2.489087105 -0.861813188 1.729807734 0.023687301 0.472712159 0.276791543 0.836282611
1341847992.786631 -2.497716427 -0.865497828 1.739247561 0.024013069 0.473224133 0.277975440 0.835590780
1341847992.818723 -2.504993439 -0.870642245 1.741947055 0.022690956 0.473800689 0.277135581 0.835579991
1341847992.854856 -2.513589144 -0.876584411 1.744930148 0.019540340 0.475535989 0.276760966 0.834797680
1341847992.886610 -2.519503117 -0.877032518 1.753251553 0.018572534 0.477136046 0.278359920 0.833373904
1341847992.922713 -2.524423599 -0.883254647 1.760008574 0.017311363 0.477865964 0.279282928 0.832673728
1341847992.954645 -2.527397633 -0.887174726 1.765684128 0.016216751 0.479006559 0.279770315 0.831876397
1341847992.986720 -2.532007694 -0.890354991 1.772907972 0.016884742 0.480990678 0.280770928 0.830379784
1341847993.022736 -2.540954590 -0.893080056 1.778426647 0.017596373 0.482156336 0.281166971 0.829554558
1341847993.054757 -2.551271439 -0.898542762 1.791239858 0.016895469 0.483265787 0.282263041 0.828550696
1341847993.086751 -2.556714535 -0.902585626 1.797768116 0.015740650 0.484649450 0.282485545 0.827688992
1341847993.122668 -2.562663555 -0.904724360 1.803484201 0.014022925 0.485954553 0.282120258 0.827079058
1341847993.154688 -2.564545155 -0.909626722 1.811992168 0.011593083 0.487856776 0.281668514 0.826150298
1341847993.190779 -2.566740751 -0.915577650 1.818298578 0.011001395 0.490393609 0.282249153 0.824456513
1341847993.222703 -2.573139191 -0.916582942 1.825561285 0.014742052 0.492577970 0.284269750 0.822399199
1341847993.261799 -2.579749346 -0.921927452 1.833045959 0.017789349 0.493523777 0.286651880 0.820943654
1341847993.291547 -2.580510139 -0.929952621 1.842131972 0.019032160 0.494437665 0.288257360 0.819802999
1341847993.322794 -2.583507538 -0.935080647 1.849667311 0.020425051 0.496844828 0.288619488 0.818185091
1341847993.354702 -2.590552330 -0.939324737 1.857447386 0.020964485 0.499170959 0.289408475 0.816475093
1341847993.390722 -2.595340729 -0.950755000 1.873157382 0.019266060 0.501978278 0.289226472 0.814858675
1341847993.422745 -2.598326683 -0.954490304 1.882684946 0.018886926 0.504799843 0.289717525 0.812947869
1341847993.458848 -2.600881577 -0.959824979 1.893736720 0.019706326 0.507688999 0.291150659 0.810613930
1341847993.490680 -2.606066227 -0.965038538 1.903126001 0.021180205 0.509645402 0.293007225 0.808677852
1341847993.522707 -2.615114212 -0.964492023 1.909272313 0.024544585 0.510270119 0.296341240 0.806972086
1341847993.558719 -2.619693279 -0.968855441 1.916909575 0.024700405 0.510520279 0.300720066 0.805187225
1341847993.590981 -2.624299288 -0.980981112 1.935259342 0.022295102 0.511266112 0.303562939 0.803716063
1341847993.626764 -2.626951218 -0.986787796 1.944748402 0.020127231 0.511302769 0.305178821 0.803137779
1341847993.658928 -2.632299900 -0.990128398 1.953603506 0.017573355 0.511479080 0.307817638 0.802077770
1341847993.690739 -2.633793592 -0.992177010 1.964228392 0.013894640 0.510711074 0.310183257 0.801727831
1341847993.727062 -2.630475283 -1.004024267 1.973985672 0.008624779 0.512389302 0.308846354 0.801247120
1341847993.758693 -2.633377790 -1.008457899 1.983228922 0.006445501 0.516241133 0.307168901 0.799437881
1341847993.790887 -2.637673616 -1.013016701 1.997704864 0.006634786 0.518985689 0.308235466 0.797245800
1341847993.826735 -2.641229153 -1.017906904 2.005758286 0.006818351 0.519018412 0.309655607 0.796672404
1341847993.858891 -2.643497944 -1.026049137 2.014072418 0.004391855 0.519632697 0.309451431 0.796368301
1341847993.901726 -2.642031193 -1.031170487 2.023833036 0.001889652 0.520856321 0.309488237 0.795564115
1341847993.933661 -2.645409584 -1.038210630 2.028985023 0.002685017 0.521965921 0.309972197 0.794645667
1341847993.965821 -2.651966572 -1.046755910 2.035532236 0.000623252 0.523250520 0.308953464 0.794201672
1341847994.001991 -2.646564007 -1.051136017 2.040132999 -0.002384304 0.525624692 0.308413714 0.792839170
1341847994.034008 -2.650889635 -1.067221522 2.053553104 -0.002021691 0.530243635 0.307528973 0.790103495
1341847994.065706 -2.657857418 -1.074025393 2.057676554 -0.000430802 0.531853616 0.307573467 0.789005816
1341847994.101772 -2.657817841 -1.078913808 2.063898325 -0.000428796 0.533625960 0.308527887 0.787434936
1341847994.133885 -2.659794569 -1.085614562 2.070393085 0.001566741 0.536452234 0.307986647 0.785723090
1341847994.169705 -2.666060209 -1.091416240 2.074537039 0.004247225 0.538487136 0.308254719 0.784214616
1341847994.201675 -2.672312737 -1.096421480 2.080762386 0.006273257 0.540390253 0.310703307 0.781922400
1341847994.233618 -2.671005487 -1.104308963 2.089554787 0.010458809 0.542365849 0.312896758 0.779631674
1341847994.269680 -2.680722952 -1.113477468 2.092391729 0.012351822 0.544491470 0.311998129 0.778481662
1341847994.301751 -2.688455343 -1.119783998 2.105530262 0.012338601 0.547314942 0.312077135 0.776467621
1341847994.333755 -2.689954281 -1.128544927 2.111889839 0.014227936 0.549603879 0.313034564 0.774430454
1341847994.369712 -2.698092222 -1.134345293 2.121009111 0.016706906 0.552221239 0.312160105 0.772870421
1341847994.401655 -2.704717636 -1.141628504 2.128689528 0.018270589 0.553941011 0.312920749 0.771295130
1341847994.433802 -2.712275982 -1.151856780 2.139349461 0.021232754 0.555823684 0.315129340 0.768962145
1341847994.469690 -2.718883753 -1.160762548 2.153028727 0.023243815 0.557211697 0.315673918 0.767674983
1341847994.501736 -2.727353573 -1.168452024 2.161809444 0.023875510 0.558385491 0.316927522 0.766285002
1341847994.537738 -2.733367682 -1.176255226 2.171542168 0.025580034 0.559915364 0.318365961 0.764515281
1341847994.569734 -2.742937565 -1.182033300 2.181175232 0.027156884 0.561220884 0.319991231 0.762823284
1341847994.601688 -2.749778748 -1.185770750 2.191301823 0.026316784 0.562601566 0.322154671 0.760922730
1341847994.637836 -2.752225399 -1.192617059 2.203183174 0.025409045 0.564247966 0.324686289 0.758655131
1341847994.669750 -2.759797096 -1.200935841 2.216229439 0.025730366 0.565324664 0.326153964 0.757211745
1341847994.701643 -2.768615246 -1.206012487 2.226251125 0.023522116 0.566371858 0.327278942 0.756014645
1341847994.769803 -2.773940325 -1.219216228 2.245065689 0.022169849 0.570583880 0.329191148 0.752047718
1341847994.798790 -2.786468983 -1.222795606 2.258862019 0.021186922 0.574290514 0.329203278 0.749244094
1341847994.831306 -2.794640541 -1.225336552 2.267428637 0.016858343 0.575122237 0.333868831 0.746647000
1341847994.866828 -2.795638561 -1.234367251 2.278895140 0.014279240 0.575349450 0.337695807 0.744802535
1341847994.898727 -2.800331831 -1.238909245 2.288794756 0.013353973 0.575932562 0.339253813 0.743660092
1341847994.930711 -2.802709818 -1.242193580 2.296615601 0.010014284 0.577336848 0.339421123 0.742546499
1341847994.966673 -2.802380323 -1.248926282 2.310893059 0.007856048 0.579968929 0.340173066 0.740173340
1341847994.998679 -2.804689646 -1.254821539 2.315090418 0.008846410 0.581740797 0.341964245 0.737943053
1341847995.030768 -2.811061859 -1.256611943 2.323745728 0.008855233 0.584626436 0.344287425 0.734574556
1341847995.066673 -2.809188604 -1.259424686 2.330913782 0.009863026 0.586841404 0.346223235 0.731880724
1341847995.098711 -2.812120438 -1.267723560 2.340322495 0.011258878 0.591117680 0.346941441 0.728069186
1341847995.134939 -2.817046165 -1.271208048 2.344956398 0.011128567 0.594333172 0.348006248 0.724938512
1341847995.166644 -2.816109896 -1.277398944 2.354132175 0.012229073 0.597324789 0.349564314 0.721705258
1341847995.198787 -2.819998503 -1.281286359 2.360046387 0.013976176 0.599851131 0.349056840 0.719821274
1341847995.234663 -2.825661182 -1.285010338 2.365157843 0.014085997 0.601928353 0.349426836 0.717903018
1341847995.266776 -2.822182417 -1.295304418 2.376396179 0.013479623 0.603498936 0.350886941 0.715881050
1341847995.298812 -2.825954914 -1.301841974 2.383955002 0.016712856 0.606117666 0.351613969 0.713238955
1341847995.334686 -2.832985640 -1.307493210 2.388996601 0.015942797 0.607515931 0.352045059 0.711852849
1341847995.366701 -2.829294443 -1.310976386 2.399357796 0.014794347 0.609490693 0.352951229 0.709737778
1341847995.402793 -2.833624601 -1.314950705 2.405132055 0.015118718 0.611006021 0.352147818 0.708826482
1341847995.434743 -2.834157228 -1.320711970 2.413375378 0.013305923 0.611914992 0.352304161 0.708000660
1341847995.466776 -2.832956553 -1.324393749 2.422866344 0.013121134 0.613716066 0.352735996 0.706227899
1341847995.502702 -2.829498053 -1.330224752 2.429769754 0.014663072 0.614298761 0.354002774 0.705056071
1341847995.534752 -2.833822727 -1.337685347 2.446599960 0.017594846 0.614459574 0.355501622 0.704094052
1341847995.566681 -2.839711189 -1.343905687 2.455324173 0.020298334 0.613565326 0.360330015 0.702344537
1341847995.602698 -2.839922905 -1.347836733 2.465422869 0.020782823 0.612096071 0.364452958 0.701484561
1341847995.634814 -2.837223291 -1.347681046 2.474037647 0.020406162 0.611315906 0.366471052 0.701124489
1341847995.670769 -2.835456133 -1.351457357 2.481266022 0.018143145 0.611718655 0.368563920 0.699737012
1341847995.702780 -2.832818985 -1.354715943 2.488335848 0.016297940 0.612343609 0.372284174 0.697261930
1341847995.734774 -2.827018261 -1.359987855 2.497197151 0.015452926 0.612652123 0.375064224 0.695518076
1341847995.770704 -2.828740358 -1.362926841 2.505064011 0.015571374 0.613417745 0.375277579 0.694725096
1341847995.802752 -2.826455116 -1.365071654 2.510013342 0.015051863 0.614000797 0.377037704 0.693266988
1341847995.838779 -2.823055506 -1.366611481 2.518290758 0.015477924 0.615204334 0.377055496 0.692180097
1341847995.870641 -2.828270674 -1.373932719 2.525032520 0.015858969 0.616129935 0.376942039 0.691409528
1341847995.902803 -2.829764128 -1.376275301 2.528954506 0.013387535 0.617207587 0.376897007 0.690524638
1341847995.938733 -2.825138569 -1.378566980 2.533911228 0.012958336 0.618887484 0.377991527 0.688427806
1341847995.970733 -2.827261686 -1.385062099 2.537545681 0.013904724 0.620961428 0.378259093 0.686391771
1341847996.002709 -2.829219580 -1.385587335 2.539858341 0.012214609 0.623177171 0.377770990 0.684682488
1341847996.038762 -2.825204611 -1.390084743 2.543002605 0.011496784 0.625219703 0.378648460 0.682344198
1341847996.070721 -2.825446129 -1.394805431 2.548113108 0.013592822 0.627660275 0.378106594 0.680362701
1341847996.106729 -2.830267429 -1.397588253 2.550577164 0.013723594 0.629486144 0.377160639 0.679197133
1341847996.138845 -2.825167656 -1.399971843 2.551350594 0.013027014 0.631546736 0.377741903 0.676971316
1341847996.170714 -2.825794220 -1.403602242 2.553345203 0.015572104 0.634741306 0.377457976 0.674081922
1341847996.206643 -2.832053661 -1.405198574 2.558876753 0.015510610 0.637890399 0.375019550 0.672469854
1341847996.239003 -2.832333565 -1.407575130 2.564328194 0.014654637 0.639799058 0.375420213 0.670449138
1341847996.270754 -2.832313061 -1.409564257 2.567184448 0.015341640 0.640947282 0.377285182 0.668286741
1341847996.306636 -2.833017588 -1.411726832 2.570979834 0.016222259 0.641791046 0.378566056 0.666729927
1341847996.338944 -2.837391376 -1.414121032 2.575243950 0.016137816 0.643813491 0.378824770 0.664631963
1341847996.374711 -2.836467743 -1.416262865 2.578967810 0.015281946 0.645871878 0.379779190 0.662105620
1341847996.406705 -2.837699175 -1.419888735 2.583243608 0.016915379 0.648001075 0.381185859 0.659170508
1341847996.438632 -2.841774464 -1.425486445 2.587362289 0.017257059 0.649904728 0.382787257 0.656353652
1341847996.474783 -2.840209723 -1.427407742 2.592547894 0.017215243 0.651324868 0.384135067 0.654155791
1341847996.506707 -2.843723297 -1.430567622 2.595305681 0.020711508 0.652490973 0.384856582 0.652466118
1341847996.538771 -2.848073006 -1.432884455 2.604328871 0.021891799 0.654855967 0.384347051 0.650355160
1341847996.574796 -2.852232218 -1.436213374 2.611216545 0.020182999 0.655341923 0.385722965 0.649105072
1341847996.607104 -2.850894213 -1.440533280 2.616793156 0.020456294 0.656130314 0.387362778 0.647321105
1341847996.642752 -2.862653255 -1.440211535 2.630417824 0.020700317 0.657599032 0.387887031 0.645506501
1341847996.674774 -2.863866806 -1.442260504 2.637642622 0.017662624 0.657216191 0.390560031 0.644373953
1341847996.706896 -2.860948086 -1.447376966 2.647072554 0.014665255 0.660080254 0.391026974 0.641230881
1341847996.742663 -2.866680861 -1.447108030 2.651865005 0.010187080 0.663213134 0.390762329 0.638239324
1341847996.774747 -2.864416122 -1.452994347 2.659492493 0.005997752 0.664991558 0.393250346 0.634905100
1341847996.806787 -2.868515015 -1.454407930 2.669694901 0.007106503 0.667192221 0.394902527 0.631550550
1341847996.842763 -2.872149467 -1.456722379 2.677533865 0.007149147 0.668459475 0.396454722 0.629233241
1341847996.874766 -2.874637127 -1.461246252 2.686929703 0.007888160 0.668793797 0.398604900 0.627508342
1341847996.910785 -2.876010895 -1.470680714 2.699275017 0.008649939 0.669578195 0.399093688 0.626350105
1341847996.942686 -2.883252144 -1.477211356 2.707528114 0.010830033 0.669713795 0.400488257 0.625280201
1341847996.974782 -2.884449005 -1.486152887 2.715626478 0.012186264 0.670005739 0.400927901 0.624660373
1341847997.010744 -2.889749050 -1.491508603 2.727720261 0.014099149 0.671420813 0.399747282 0.623856962
1341847997.042675 -2.896220207 -1.496955872 2.738573551 0.015419935 0.671947479 0.399810970 0.623217583
1341847997.078725 -2.894379377 -1.503697634 2.750191212 0.016418938 0.672546625 0.399945676 0.622458816
1341847997.110693 -2.908183813 -1.510931730 2.762957573 0.016893057 0.672972083 0.398596525 0.622851491
1341847997.142993 -2.908256769 -1.518197179 2.775044441 0.015585957 0.673540652 0.397711277 0.622836947
1341847997.178794 -2.912276745 -1.524187326 2.786666393 0.015943050 0.674029171 0.395616621 0.623632967
1341847997.210888 -2.919960260 -1.532053471 2.796817303 0.015274493 0.674348056 0.394501746 0.624011159
1341847997.242959 -2.921277046 -1.535461187 2.809067488 0.013845389 0.674654484 0.394139528 0.623942077
1341847997.278756 -2.923779011 -1.541375875 2.817195654 0.013402286 0.674391985 0.395223975 0.623549461
1341847997.311412 -2.924018860 -1.545783520 2.825966120 0.012017796 0.674654782 0.395175040 0.623324394
1341847997.346642 -2.922173023 -1.556577921 2.833867788 0.010847451 0.675826550 0.395630419 0.621785641
1341847997.378668 -2.924423695 -1.564085007 2.841523647 0.010822595 0.678072095 0.395094156 0.619678855
1341847997.410817 -2.923896551 -1.572301269 2.848381996 0.010043558 0.679899514 0.395208240 0.617613316
1341847997.446693 -2.920706511 -1.580418110 2.852330208 0.011264326 0.681694090 0.394490004 0.616071343
1341847997.478752 -2.924287319 -1.584222436 2.861985207 0.012107471 0.685403287 0.392158598 0.613422751
1341847997.510941 -2.923084497 -1.589185715 2.873873234 0.011745829 0.688144803 0.392400473 0.610197246
1341847997.546599 -2.917946815 -1.596372724 2.882519722 0.011507537 0.690177619 0.392089069 0.608102441
1341847997.578740 -2.916342020 -1.603392124 2.889952660 0.011154294 0.692490816 0.390870750 0.606260777
1341847997.614736 -2.914116621 -1.611254334 2.899614334 0.009360393 0.695715964 0.389359623 0.603565156
1341847997.646995 -2.910051584 -1.619528174 2.908376694 0.009332162 0.698025525 0.388685644 0.601329267
1341847997.678842 -2.904060125 -1.629939079 2.920700550 0.010956101 0.699435174 0.387602925 0.600361884
1341847997.714639 -2.901266575 -1.633841753 2.930053711 0.012098726 0.700692177 0.385698974 0.600100338
1341847997.746602 -2.897751093 -1.642266870 2.941789150 0.012311479 0.703573287 0.383909881 0.597868085
1341847997.778734 -2.891917229 -1.648832560 2.954060555 0.014194711 0.706175745 0.382449597 0.595690131
1341847997.814628 -2.889343739 -1.659361124 2.964118481 0.015331653 0.707418561 0.382469714 0.594172478
1341847997.846906 -2.887023926 -1.667269468 2.974103451 0.017741190 0.708226562 0.383502722 0.592474639
1341847997.882641 -2.884930849 -1.675314426 2.986969471 0.018952472 0.709308624 0.385880232 0.589591920
1341847997.915169 -2.878253222 -1.682511091 2.997309208 0.020130103 0.709887624 0.388309717 0.587256312
1341847997.946999 -2.876085520 -1.691602707 3.012084484 0.022464616 0.710134268 0.390619218 0.585338593
1341847997.982715 -2.869162560 -1.699407935 3.021270514 0.023153424 0.709832132 0.392672896 0.584303319
1341847998.014866 -2.865224838 -1.708345413 3.031317234 0.024218950 0.710470557 0.393400908 0.582992971
1341847998.050805 -2.862270355 -1.714668274 3.043925285 0.025361562 0.711279333 0.393939525 0.581592798
1341847998.082631 -2.862037182 -1.728222132 3.054872990 0.026952881 0.710202396 0.396001667 0.581436932
1341847998.122275 -2.857107639 -1.732882261 3.065968513 0.028281627 0.708221912 0.397893846 0.582496703
1341847998.154051 -2.853389263 -1.735644937 3.077251434 0.028031157 0.707346678 0.398841053 0.582924426
1341847998.185663 -2.848359108 -1.743412733 3.086659431 0.025992874 0.706630349 0.398556083 0.584081292
1341847998.253760 -2.839442253 -1.755511165 3.104827881 0.022633128 0.706178963 0.397740602 0.585321724
1341847998.283062 -2.831762552 -1.766529083 3.113808632 0.021646783 0.705434561 0.397391886 0.586492300
1341847998.318804 -2.829900026 -1.771050334 3.123220921 0.021890827 0.704992950 0.396062076 0.587912142
1341847998.351206 -2.830356836 -1.781203032 3.142683506 0.020800272 0.704627216 0.396061331 0.588390529
1341847998.382723 -2.827391148 -1.790490627 3.150992870 0.019881329 0.702739358 0.396333098 0.590493262
1341847998.419237 -2.825491667 -1.793937206 3.161096096 0.017832927 0.702452064 0.394526094 0.592108428
1341847998.450786 -2.821100473 -1.800360322 3.175944328 0.014267008 0.702419400 0.393415838 0.592981815
1341847998.484037 -2.816177607 -1.806389928 3.186717272 0.012508720 0.700642765 0.393479854 0.595077217
1341847998.518722 -2.816210032 -1.812464595 3.202954054 0.010506897 0.699991703 0.392516255 0.596516848
1341847998.550746 -2.811706781 -1.817108154 3.213543177 0.007386392 0.699419498 0.391563445 0.597859502
1341847998.586740 -2.812377453 -1.826022387 3.228852510 0.005871453 0.699686885 0.390665352 0.598150790
1341847998.618771 -2.808493376 -1.831255913 3.242245436 0.004460159 0.699235201 0.390191644 0.598999739
1341847998.650736 -2.811125278 -1.834984779 3.253637075 0.002194179 0.699305952 0.389871180 0.599138439
1341847998.686862 -2.805561543 -1.842855811 3.266527414 -0.000065168 0.699704409 0.391060084 0.597901165
1341847998.718741 -2.802773476 -1.853342295 3.278562069 0.000812013 0.699941039 0.392071694 0.596960485
1341847998.750838 -2.806723833 -1.858699083 3.294516802 0.001187029 0.699496448 0.392068237 0.597482920
1341847998.786762 -2.801887512 -1.860927582 3.307133913 0.000730358 0.699267387 0.393251330 0.596974015
1341847998.818756 -2.803400040 -1.867514133 3.319065571 0.001345632 0.700864792 0.393395036 0.595001876
1341847998.854711 -2.803957701 -1.872743368 3.334424973 -0.001201283 0.702464998 0.392055809 0.593998075
1341847998.886699 -2.803848505 -1.884471297 3.351174831 -0.002136851 0.702974439 0.393168300 0.592656016
1341847998.918666 -2.806953907 -1.894054413 3.368680239 -0.000374049 0.701978922 0.397091359 0.591222405
1341847998.954799 -2.806148052 -1.895977974 3.381031513 -0.000805093 0.700792134 0.400105506 0.590597570
1341847998.986722 -2.802014828 -1.902163267 3.389644623 -0.001849697 0.699033976 0.402728289 0.590895951
1341847999.018809 -2.802513361 -1.904601812 3.399795532 -0.002015511 0.698786199 0.403479636 0.590675890
1341847999.054894 -2.802888393 -1.910708427 3.418102503 -0.002784771 0.699905336 0.404592365 0.588582933
1341847999.086763 -2.800905228 -1.914503813 3.430834770 -0.005048504 0.698722422 0.406212300 0.588857532
1341847999.122718 -2.797237635 -1.919072151 3.444337130 -0.006003017 0.698382854 0.407502145 0.588359892
1341847999.154891 -2.797900915 -1.921537042 3.456129551 -0.006985009 0.700031340 0.407570928 0.586338997
1341847999.186738 -2.793984175 -1.927386284 3.465565681 -0.007910850 0.702259362 0.408525676 0.582988977
1341847999.222717 -2.787727356 -1.933210611 3.473333597 -0.007851407 0.704826891 0.407999068 0.580253601
1341847999.254873 -2.786226749 -1.937112808 3.479712486 -0.006639640 0.708430111 0.406546891 0.576890290
1341847999.290995 -2.783092499 -1.943481922 3.492625237 -0.003111795 0.713025033 0.406969905 0.570930064
1341847999.322701 -2.778341770 -1.954406261 3.501333237 0.001347270 0.713716626 0.410056859 0.567855835
1341847999.354861 -2.776871204 -1.956564903 3.509980440 0.005907812 0.714525878 0.411096513 0.566054463
1341847999.390790 -2.778116703 -1.959758997 3.519937038 0.008169495 0.717156768 0.410966396 0.562784374
1341847999.423935 -2.773400307 -1.964474440 3.525446653 0.008542796 0.719980657 0.411229402 0.558968127
1341847999.454933 -2.769680023 -1.969404221 3.532134056 0.009617407 0.723577261 0.410333455 0.554950476
1341847999.490878 -2.771145821 -1.978304863 3.538360357 0.010625528 0.727040052 0.410313547 0.550402284
1341847999.522673 -2.760326385 -1.981028795 3.547700405 0.014217154 0.731644571 0.414646834 0.540890217
1341847999.558926 -2.751271963 -1.988546848 3.553174496 0.017883061 0.733540833 0.418432236 0.535268724
1341847999.590686 -2.750095606 -1.994263887 3.559988976 0.019463278 0.735537291 0.419603199 0.531544328
1341847999.622896 -2.743097305 -1.994364381 3.569387436 0.018905077 0.739040792 0.420268804 0.526151597
1341847999.658843 -2.733474731 -1.995888710 3.570552111 0.020153081 0.741194248 0.421565026 0.522023022
1341847999.691111 -2.727332830 -1.998828530 3.580573559 0.021629535 0.744090021 0.421248496 0.518084884
1341847999.722697 -2.717297077 -2.002305031 3.588531017 0.021094080 0.745966733 0.422442406 0.514423072
1341847999.758778 -2.705230236 -2.004861832 3.591601849 0.021840753 0.748065710 0.423264086 0.510654807
1341847999.791003 -2.694890499 -2.006745815 3.599046707 0.024415085 0.751128376 0.423383266 0.505921721
1341847999.826747 -2.687484741 -2.010171890 3.607130051 0.024710957 0.753134251 0.424499452 0.501974523
1341847999.858757 -2.681155682 -2.007186890 3.614598989 0.026355371 0.755685270 0.426688850 0.496167243
1341847999.897730 -2.668635607 -2.006990194 3.616202593 0.028021563 0.756726563 0.431987673 0.489863634
1341847999.927117 -2.662401915 -2.010856152 3.626135826 0.028821975 0.757819176 0.436143667 0.484415203
1341847999.958786 -2.653409719 -2.007978201 3.630309582 0.028848080 0.758918822 0.440256834 0.478940457
1341847999.990848 -2.640579939 -2.010913372 3.633117914 0.028382193 0.759209335 0.446094513 0.473070234
1341848000.026656 -2.628848553 -2.009016037 3.636495829 0.028693160 0.759891808 0.449068159 0.469125777
1341848000.058724 -2.621149302 -2.008292913 3.642163754 0.027315985 0.760785282 0.452027947 0.464898229
1341848000.094780 -2.614657879 -2.008087158 3.641896963 0.025067775 0.761039317 0.456072360 0.460639596
1341848000.126737 -2.603197813 -2.004860401 3.650181532 0.022878332 0.763234556 0.457798868 0.455378741
1341848000.158633 -2.592683554 -2.003559589 3.652717590 0.019239901 0.764441550 0.460904688 0.450361937
1341848000.194808 -2.582627535 -2.004083157 3.654166222 0.017518550 0.764942527 0.464265704 0.446109205
1341848000.227063 -2.574813604 -2.006332636 3.655057669 0.017122604 0.765102565 0.467764080 0.442178339
1341848000.266975 -2.565001249 -2.002115250 3.658176899 0.014929193 0.765711844 0.469534487 0.439317465
1341848000.295643 -2.553588867 -2.002287388 3.657397509 0.013732038 0.766447186 0.471904427 0.435518473
1341848000.327132 -2.545781851 -2.002166271 3.659224987 0.013241943 0.766643941 0.474869013 0.431950420
1341848000.362696 -2.537147522 -2.001818180 3.662335157 0.012526291 0.765938044 0.477850288 0.429931492
1341848000.394654 -2.528539181 -1.995752573 3.664805651 0.012797884 0.766703248 0.478539199 0.427788198
1341848000.426772 -2.525108814 -1.998826265 3.672044516 0.013201368 0.767902374 0.479611039 0.424411267
1341848000.462696 -2.517592669 -1.995409012 3.675213575 0.011919088 0.768179595 0.480509490 0.422928870
1341848000.494711 -2.505761385 -1.992786407 3.674996853 0.010326858 0.769517541 0.480654508 0.420365840
1341848000.530849 -2.496996880 -1.994292736 3.676946163 0.010814887 0.770897031 0.481111377 0.417292148
1341848000.562770 -2.485531807 -1.992180586 3.672618389 0.011019384 0.770680785 0.481990069 0.416671664
1341848000.594838 -2.476360321 -1.990383387 3.675742388 0.011871859 0.772974133 0.481239587 0.413253576
1341848000.630641 -2.463602304 -1.992045641 3.676628351 0.011555894 0.774946094 0.480852187 0.410007745
1341848000.662663 -2.455584049 -1.995225668 3.679626942 0.012364975 0.777464390 0.479776233 0.406461626
1341848000.695377 -2.447448254 -1.993206024 3.683972359 0.013672450 0.780372977 0.478502780 0.402325988
1341848000.730805 -2.435793400 -1.998003006 3.687626123 0.014209159 0.782386780 0.478823990 0.397990733
1341848000.762655 -2.422469854 -1.997956038 3.685321331 0.016075118 0.783699334 0.479604214 0.394381553
1341848000.798741 -2.411555529 -2.001786947 3.688174486 0.019193331 0.785426140 0.480419397 0.389787972
1341848000.830729 -2.399308681 -2.001703501 3.691411734 0.021132918 0.786867559 0.480290622 0.386928678
1341848000.862750 -2.391090631 -2.005216122 3.693113565 0.022115817 0.789282918 0.478751183 0.383849800
1341848000.898723 -2.379682302 -2.008239985 3.695743084 0.023338864 0.790948987 0.479594678 0.379267663
1341848000.930722 -2.368149757 -2.009927034 3.699264288 0.025965447 0.791152656 0.481171280 0.376666397
1341848000.963197 -2.357204676 -2.012641430 3.704556227 0.026280133 0.792291820 0.481064320 0.374379843
1341848000.998783 -2.344648361 -2.015299797 3.707484961 0.025825271 0.793556213 0.480808824 0.372054368
1341848001.030740 -2.334470272 -2.021016121 3.715077639 0.027241159 0.794925869 0.481155694 0.368564814
1341848001.067042 -2.323046923 -2.024317741 3.717296124 0.028760558 0.795088172 0.482619226 0.366178095
1341848001.098800 -2.309418440 -2.025834084 3.722334146 0.029955031 0.795689881 0.483475506 0.363636911
1341848001.130714 -2.299075842 -2.023943424 3.726285219 0.031387750 0.796999931 0.483169556 0.361044616
1341848001.205951 -2.275308609 -2.023928165 3.734551907 0.029632768 0.800062418 0.482155293 0.355736434
1341848001.233611 -2.264899254 -2.022860050 3.738305092 0.026562741 0.802014530 0.481042892 0.353079170
1341848001.266775 -2.252676964 -2.024966478 3.748727322 0.022306988 0.804857135 0.479045808 0.349603504
1341848001.299150 -2.241755486 -2.023075104 3.750452995 0.020646906 0.806724727 0.478770584 0.345756710
1341848001.334803 -2.229390621 -2.020622015 3.754614830 0.019023746 0.809247315 0.478475511 0.340320617
1341848001.366701 -2.218298197 -2.015739441 3.754091740 0.015575491 0.811337829 0.477838695 0.336390644
1341848001.399276 -2.208827496 -2.015935421 3.751959324 0.013263150 0.812822342 0.478605300 0.331784517
1341848001.434718 -2.193805695 -2.012761831 3.751119852 0.012523177 0.815049708 0.479462475 0.325043112
1341848001.466720 -2.185470104 -2.012309074 3.758685350 0.010776053 0.818122804 0.478569984 0.318637252
1341848001.502686 -2.175463438 -2.005165100 3.754135847 0.007273266 0.819372714 0.479889393 0.313499063
1341848001.534905 -2.166024208 -2.002778292 3.751327276 0.005984106 0.821549535 0.479934871 0.307706296
1341848001.567011 -2.156876564 -1.998979807 3.752206564 0.006073956 0.825700641 0.477498412 0.300294727
1341848001.602899 -2.146681309 -1.997380495 3.753402472 0.003207239 0.828511238 0.478042006 0.291607112
1341848001.634657 -2.136874199 -1.994065762 3.747851133 0.001829222 0.829934001 0.479279339 0.285477906
1341848001.666646 -2.125741959 -1.994607925 3.748836040 0.003352039 0.832813144 0.478210092 0.278794289
1341848001.702767 -2.115359545 -1.992687464 3.748015165 0.002115939 0.834568024 0.477783412 0.274253309
1341848001.734859 -2.105904102 -1.986512423 3.747746468 0.001341843 0.836127460 0.477679014 0.269651383
1341848001.770725 -2.091286898 -1.980276346 3.745413065 0.004335255 0.839102447 0.475806504 0.263621986
1341848001.802763 -2.084560871 -1.982620955 3.743231058 0.004644486 0.840391517 0.475890815 0.259323299
1341848001.834761 -2.073024273 -1.980296850 3.740431309 0.003485435 0.840876162 0.478772163 0.252373666
1341848001.870724 -2.062412024 -1.972898960 3.737164259 0.005401562 0.842471123 0.478275955 0.247922346
1341848001.902749 -2.050267220 -1.978080511 3.734963417 0.002090419 0.843455970 0.478438467 0.244283587
1341848001.934732 -2.042745352 -1.974632978 3.732428551 0.003460125 0.843219876 0.481717527 0.238571823
1341848001.970708 -2.030512094 -1.969890118 3.726190329 0.007417073 0.843571842 0.482880563 0.234857246
1341848002.002731 -2.019408941 -1.974996805 3.724546432 0.008646332 0.844240367 0.484092981 0.229864061
1341848002.038858 -2.009117603 -1.972219467 3.723383188 0.010217698 0.844590425 0.485537171 0.225424528
1341848002.070767 -1.993616939 -1.969485044 3.717415333 0.011312502 0.845672548 0.486172140 0.219878852
1341848002.102720 -1.989490151 -1.972049952 3.722601175 0.013504448 0.847205102 0.485143036 0.216095760
1341848002.138653 -1.978831530 -1.970712185 3.718394041 0.012289801 0.847488165 0.485463530 0.214331284
1341848002.171849 -1.968555093 -1.968734741 3.715728760 0.012443548 0.848028243 0.486932009 0.208783433
1341848002.202698 -1.956661820 -1.963659525 3.715008020 0.014097765 0.849019349 0.487106472 0.204192951
1341848002.238731 -1.944894791 -1.962129831 3.712160587 0.013034056 0.849429548 0.487421215 0.201792479
1341848002.270763 -1.934421062 -1.960912228 3.707583904 0.008976835 0.849535823 0.488766640 0.198281422
1341848002.306708 -1.923663497 -1.956016541 3.707265615 0.007051662 0.849851131 0.489806265 0.194404662
1341848002.338850 -1.913210392 -1.953341246 3.705596447 0.005337768 0.849720240 0.491808355 0.189925089
1341848002.370786 -1.907080889 -1.951115370 3.705142975 0.004546732 0.849565864 0.494133502 0.184524387
1341848002.406793 -1.892015457 -1.942505360 3.704478264 0.004900757 0.849867344 0.495259851 0.180053309
1341848002.438766 -1.885755539 -1.941528320 3.698342800 0.003297462 0.850121737 0.495417565 0.178447828
1341848002.474697 -1.879182577 -1.939925909 3.702935457 0.002664183 0.850072145 0.496935725 0.174428463
1341848002.506756 -1.869353414 -1.931564331 3.699261189 0.002545167 0.849576771 0.498443961 0.172529712
1341848002.538812 -1.859823465 -1.929071903 3.696207047 0.000397324 0.849635541 0.499527574 0.169090196
1341848002.574707 -1.852356315 -1.924789906 3.699288368 -0.001266602 0.849025667 0.501693428 0.165703341
1341848002.606780 -1.839434624 -1.914448023 3.697416306 -0.002690233 0.848551869 0.503217995 0.163475290
1341848002.639359 -1.832553864 -1.912469625 3.696706295 -0.005691931 0.848531723 0.503558040 0.162452683
1341848002.674651 -1.824968815 -1.910087347 3.704262972 -0.007362818 0.848085284 0.505035639 0.160113081
1341848002.713789 -1.813249350 -1.899261713 3.701262474 -0.007266597 0.846814632 0.507416427 0.159313455
1341848002.742817 -1.804179430 -1.899322033 3.701383114 -0.010050196 0.846314132 0.508288145 0.159042612
1341848002.774760 -1.798344970 -1.894877911 3.703618288 -0.011406992 0.844713271 0.511315167 0.157753631
1341848002.806780 -1.785165071 -1.886631966 3.700744152 -0.010142663 0.844275653 0.512916625 0.154959157
1341848002.842833 -1.772938251 -1.881845474 3.704953432 -0.007248580 0.845540106 0.510962248 0.154683843
1341848002.875238 -1.763106227 -1.880853653 3.704184294 -0.007393066 0.845497131 0.510574281 0.156185448
1341848002.906656 -1.749930382 -1.877427340 3.704535484 -0.006019924 0.845808446 0.510174870 0.155863419
1341848002.943323 -1.743272305 -1.878266811 3.711353540 -0.004465358 0.846829772 0.506994903 0.160672262
1341848002.974597 -1.730660439 -1.879648685 3.711204290 -0.005932059 0.846143126 0.506861031 0.164616540
1341848003.010885 -1.717321634 -1.874117374 3.706288576 -0.008025387 0.845988333 0.506494880 0.166440204
1341848003.042638 -1.708250999 -1.873503685 3.708117247 -0.005760505 0.847702324 0.503391027 0.167227849
1341848003.074988 -1.693663955 -1.871657133 3.710051298 -0.009298926 0.847849667 0.502146900 0.170038298
1341848003.110641 -1.690408826 -1.868045330 3.710634708 -0.008936890 0.847192347 0.502192795 0.173169434
1341848003.142626 -1.676403403 -1.866795540 3.707620144 -0.011987918 0.847607970 0.501344264 0.173409581
1341848003.175700 -1.666619539 -1.864169836 3.711621523 -0.015846599 0.848235488 0.499595195 0.175071716
1341848003.210749 -1.655053258 -1.858849287 3.708148718 -0.018719640 0.848432064 0.499334246 0.174579382
1341848003.242926 -1.645862460 -1.860798597 3.713838577 -0.020659525 0.849518418 0.498046070 0.172747716
1341848003.278886 -1.630025268 -1.856090546 3.712288141 -0.024717482 0.849127531 0.497646481 0.175269812
1341848003.310739 -1.620400190 -1.856055737 3.710077286 -0.028574910 0.848611832 0.497903854 0.176446199
1341848003.342708 -1.614990830 -1.853663206 3.715645552 -0.028655630 0.849773943 0.495552570 0.177456632
1341848003.378999 -1.603572607 -1.850908756 3.716801405 -0.031711534 0.850528777 0.492777526 0.181012601
1341848003.410779 -1.591445923 -1.850326061 3.722989082 -0.034847014 0.850856423 0.490471274 0.185113564
1341848003.442728 -1.577933669 -1.843570471 3.723514318 -0.034644902 0.850215971 0.489859432 0.189658433
1341848003.478703 -1.567609310 -1.843972206 3.728426218 -0.033645578 0.849838138 0.488633931 0.194627821
1341848003.510700 -1.558125257 -1.838793039 3.727302551 -0.035978671 0.847600639 0.487812579 0.205712497
1341848003.546854 -1.548691988 -1.836139917 3.727810383 -0.036460657 0.846894264 0.487547696 0.209136337
1341848003.578749 -1.536854148 -1.834697962 3.729423046 -0.035188910 0.846483529 0.486979544 0.212316781
1341848003.617886 -1.528733969 -1.832198143 3.728418112 -0.033897005 0.845269322 0.485530883 0.220523477
1341848003.649972 -1.515932560 -1.829743147 3.728312016 -0.034984458 0.844195604 0.484793067 0.226021037
1341848003.685816 -1.503176212 -1.826999187 3.724754572 -0.036313199 0.843660891 0.483599573 0.230324298
1341848003.717853 -1.493795395 -1.823366880 3.724221706 -0.039336260 0.843398035 0.480427861 0.237321630
1341848003.753761 -1.485715151 -1.822734594 3.727298975 -0.041518647 0.842680812 0.479339749 0.241658330
1341848003.785807 -1.477176309 -1.820947647 3.721214771 -0.040108435 0.840622365 0.480556756 0.246598274
1341848003.817941 -1.466315985 -1.814501286 3.722790241 -0.040879723 0.840039015 0.478699744 0.252011955
1341848003.853971 -1.456853628 -1.808885336 3.718083382 -0.041621361 0.838578463 0.479146242 0.255876601
1341848003.885751 -1.449045897 -1.802044153 3.713322163 -0.043380007 0.838187218 0.477939159 0.259103209
1341848003.921688 -1.439776421 -1.801851988 3.711874247 -0.043464664 0.837170660 0.477410078 0.263316989
1341848003.953824 -1.432253718 -1.792858839 3.711944580 -0.043650921 0.836567104 0.475799739 0.268075973
1341848003.985789 -1.420139194 -1.790457249 3.701221466 -0.043579120 0.834146619 0.479344994 0.269311368
1341848004.021643 -1.411030531 -1.782967567 3.696460009 -0.041439500 0.833707929 0.477340251 0.274517924
1341848004.053778 -1.402954221 -1.776442528 3.696505308 -0.042817555 0.833601058 0.475646764 0.277554035
1341848004.089723 -1.394073248 -1.770776749 3.684823990 -0.040916983 0.830859780 0.479101419 0.280106395
1341848004.121698 -1.384395003 -1.764438272 3.684350014 -0.040714398 0.831063867 0.476249784 0.284361303
1341848004.153695 -1.373691559 -1.759056568 3.680533409 -0.040744849 0.829867542 0.476022363 0.288205653
1341848004.189785 -1.364270210 -1.753148437 3.673908472 -0.038514338 0.827788770 0.477281570 0.292377770
1341848004.221773 -1.353715897 -1.744919896 3.675074339 -0.040004469 0.827096283 0.475610167 0.296827197
1341848004.257760 -1.344664335 -1.736597300 3.669326305 -0.041797847 0.825581670 0.474590659 0.302376717
1341848004.289843 -1.333077669 -1.736282468 3.668767691 -0.043266665 0.824276984 0.475003153 0.305069566
1341848004.321820 -1.321577072 -1.733155370 3.666777134 -0.044942949 0.821273625 0.475606650 0.311910540
1341848004.357934 -1.313074350 -1.721466899 3.666163206 -0.045361750 0.819580674 0.473552316 0.319340169
1341848004.389781 -1.304025173 -1.712697387 3.666018724 -0.047710553 0.817687631 0.472253501 0.325710535
1341848004.421857 -1.294339418 -1.708516002 3.662764072 -0.050312184 0.814854741 0.472407252 0.332132369
1341848004.457752 -1.287834167 -1.707752466 3.669444561 -0.053463329 0.814148426 0.470060438 0.336670727
1341848004.489793 -1.278681278 -1.701791167 3.666084766 -0.054888703 0.810807705 0.471622556 0.342272162
1341848004.525726 -1.269490480 -1.697666526 3.664016724 -0.056180954 0.807773411 0.473314971 0.346869916
1341848004.557784 -1.259852886 -1.691348553 3.668437481 -0.057033297 0.805773020 0.473203421 0.351504773
1341848004.589761 -1.253667831 -1.687277555 3.667651653 -0.058170836 0.802588105 0.476229131 0.354505867
1341848004.625757 -1.243138552 -1.681842566 3.666376114 -0.060751755 0.799979985 0.476936370 0.358988941
1341848004.657882 -1.241004705 -1.681975126 3.672299862 -0.063217595 0.798777580 0.476492673 0.361818552
1341848004.689871 -1.231355667 -1.677646160 3.673450470 -0.065818511 0.795671821 0.479825884 0.363787532
1341848004.725815 -1.225392342 -1.674023151 3.669390678 -0.065760404 0.792174399 0.481688619 0.368932813
1341848004.757723 -1.220076323 -1.667390108 3.670437336 -0.067472048 0.790466845 0.480818272 0.373394698
1341848004.789709 -1.212180376 -1.666294217 3.671817303 -0.070476227 0.788070440 0.482926220 0.375180483
1341848004.825782 -1.204947233 -1.663147926 3.668772697 -0.069690511 0.785452664 0.484833002 0.378344357
1341848004.857706 -1.201735973 -1.662042260 3.672338247 -0.070442654 0.783855975 0.484761059 0.381594568
1341848004.889791 -1.196720123 -1.657718301 3.669607162 -0.071261369 0.781410992 0.486155033 0.384671181
1341848004.925788 -1.193583488 -1.654548883 3.671069384 -0.071232952 0.779822230 0.486115396 0.387937009
1341848004.957758 -1.187784195 -1.653414845 3.672134876 -0.071698084 0.778094709 0.486737937 0.390530705
1341848004.993849 -1.186889648 -1.649293780 3.672436714 -0.070662044 0.775749803 0.487093151 0.394916922
1341848005.025661 -1.183596849 -1.650159121 3.672503948 -0.072451591 0.774126649 0.487202823 0.397633255
1341848005.057739 -1.184883118 -1.652099133 3.673892975 -0.073577665 0.773055494 0.485509425 0.401562124
1341848005.093879 -1.185541391 -1.651389837 3.679826498 -0.073906563 0.773089290 0.483392894 0.403982818
1341848005.125700 -1.180054903 -1.651049614 3.678924799 -0.074539982 0.770271361 0.485663593 0.406517833
1341848005.157668 -1.173719168 -1.651192784 3.674455404 -0.070989639 0.767305195 0.487926960 0.410037279
1341848005.193749 -1.173870564 -1.648784399 3.677287340 -0.070445679 0.766050100 0.485897720 0.414859265
1341848005.225713 -1.171881437 -1.646177769 3.678609371 -0.071497612 0.765117645 0.484599292 0.417907476
1341848005.257748 -1.164846182 -1.649663448 3.680160999 -0.072964378 0.763915300 0.484355360 0.420130432
1341848005.293718 -1.164369345 -1.644570351 3.685177803 -0.071497560 0.763002157 0.481330782 0.425483972
1341848005.325870 -1.162261963 -1.642696023 3.683970928 -0.072266378 0.760644197 0.482362419 0.428397685
1341848005.357655 -1.153429508 -1.652263165 3.685111046 -0.073794976 0.758587897 0.483771563 0.430190444
1341848005.393694 -1.152359724 -1.646407843 3.686301231 -0.070478991 0.756549537 0.482372165 0.435870022
1341848005.425692 -1.150818110 -1.641170621 3.691301584 -0.069650896 0.755223513 0.481356293 0.439411521
1341848005.461850 -1.144258022 -1.645427942 3.687202930 -0.070423685 0.752198279 0.483804882 0.441781729
1341848005.493689 -1.143517494 -1.647246957 3.695168495 -0.070462100 0.751602173 0.481268317 0.445544720
1341848005.525844 -1.138449192 -1.642026663 3.694716692 -0.070260286 0.748829544 0.482487947 0.448913366
1341848005.561789 -1.130036831 -1.644462109 3.697724342 -0.071901500 0.747460186 0.481965125 0.451489925
1341848005.593673 -1.128316879 -1.645402670 3.697165728 -0.071539037 0.745420635 0.481771469 0.455111742
1341848005.629831 -1.123353481 -1.647141814 3.702218533 -0.073122926 0.744482040 0.480056852 0.458197564
1341848005.661802 -1.123672962 -1.646370411 3.706818104 -0.074479073 0.744454384 0.477392584 0.460800260
1341848005.693760 -1.118842125 -1.648745298 3.706904650 -0.074123167 0.742638290 0.476761520 0.464427173
1341848005.729741 -1.115964890 -1.649769664 3.709785938 -0.073562235 0.741699576 0.474375308 0.468442619
1341848005.761746 -1.111855507 -1.649402261 3.710039139 -0.073778160 0.740873754 0.472617656 0.471482098
1341848005.797852 -1.104591846 -1.655335903 3.710991383 -0.071207419 0.739137709 0.473585337 0.473626316
1341848005.829917 -1.104969978 -1.653370857 3.717021227 -0.070012972 0.738241255 0.470177144 0.478572339
1341848005.861699 -1.101596355 -1.653153539 3.716395140 -0.069557965 0.736125350 0.470169455 0.481894106
1341848005.897793 -1.094548702 -1.656890392 3.717458725 -0.068814628 0.735065818 0.469590366 0.484177381
1341848005.929656 -1.093930721 -1.660179615 3.724904299 -0.067761168 0.734443486 0.466893733 0.487864166
1341848005.965681 -1.091511250 -1.660244346 3.723786592 -0.067501351 0.732276559 0.466619819 0.491406769
1341848005.997804 -1.083091259 -1.663654208 3.727950096 -0.068088569 0.731855929 0.465247959 0.493249595
1341848006.029768 -1.078306675 -1.668941021 3.734478712 -0.066466853 0.731522501 0.461874992 0.497120202
1341848006.065849 -1.080705166 -1.666666031 3.734316349 -0.065012448 0.729802966 0.459099710 0.502382815
1341848006.097854 -1.077254772 -1.668906093 3.727298021 -0.063564509 0.727623880 0.459101111 0.505716503
1341848006.133683 -1.074021339 -1.671498299 3.730655670 -0.060357753 0.728544354 0.454776853 0.508682787
1341848006.165815 -1.072028637 -1.672336817 3.736053705 -0.055929985 0.728631496 0.452395469 0.511181295
1341848006.197589 -1.068361282 -1.672849298 3.735931873 -0.052333076 0.727300882 0.451776147 0.513997257
1341848006.233778 -1.063861370 -1.675581455 3.735845327 -0.048807643 0.725708008 0.449912429 0.518212914
1341848006.265787 -1.063422203 -1.669709206 3.741173267 -0.046226542 0.725981176 0.444660723 0.522581458
1341848006.301762 -1.060158253 -1.679940939 3.743345737 -0.044613328 0.724603176 0.445250541 0.524129689
1341848006.333717 -1.055506706 -1.683507085 3.746711016 -0.041482709 0.722385406 0.444539636 0.528037012
1341848006.366035 -1.059504032 -1.681934118 3.753187656 -0.043008979 0.721543074 0.439413249 0.533330858
1341848006.401760 -1.053050518 -1.685603619 3.754623652 -0.044483963 0.720697284 0.440233260 0.533677161
1341848006.433710 -1.046862125 -1.687100410 3.758263350 -0.042883962 0.719736934 0.439599842 0.535622835
1341848006.469715 -1.046172619 -1.688082337 3.764683247 -0.042470869 0.718468428 0.438872427 0.537950158
1341848006.501659 -1.039262772 -1.688291192 3.765233040 -0.042474635 0.716722786 0.440388292 0.539038539
1341848006.533741 -1.031814575 -1.689163089 3.766396999 -0.041348591 0.715549111 0.440225899 0.540815175
1341848006.569740 -1.031801224 -1.692096472 3.774054289 -0.041812513 0.715860486 0.437989920 0.542181134
1341848006.601774 -1.026323795 -1.697122335 3.778431177 -0.042116579 0.715300560 0.439309478 0.541828871
1341848006.637780 -1.018934727 -1.700248003 3.780941725 -0.040255059 0.714891434 0.439284712 0.542529941
1341848006.670119 -1.020038128 -1.702756763 3.791306734 -0.040979818 0.715731025 0.436263472 0.543805182
1341848006.701798 -1.013091564 -1.705052495 3.791193962 -0.041092411 0.714851379 0.438063055 0.543506861
1341848006.737817 -1.007722378 -1.712564349 3.798017502 -0.039926127 0.715860784 0.437672675 0.542578936
1341848006.769742 -1.001868725 -1.716471791 3.803084850 -0.037874192 0.715818405 0.438983679 0.541722298
1341848006.801940 -0.999028683 -1.720007420 3.806902885 -0.035758786 0.715861499 0.438840032 0.541925371
1341848006.837619 -1.000663280 -1.726704597 3.810780525 -0.035180587 0.716379285 0.438699007 0.541392863
1341848006.870724 -0.994578838 -1.734167457 3.816795349 -0.033505939 0.717438579 0.438914478 0.539919794
1341848006.901756 -0.993125439 -1.738683224 3.824190617 -0.032524031 0.719077528 0.437365651 0.539055765
1341848006.937738 -0.989471912 -1.745361805 3.828731060 -0.031258367 0.720799387 0.436918467 0.537190437
1341848006.969708 -0.987681389 -1.746813536 3.835189342 -0.029254343 0.723351002 0.435861439 0.534726501
1341848007.005802 -0.984926701 -1.754859447 3.840042114 -0.026485838 0.724885225 0.438020110 0.531016409
1341848007.037835 -0.983669758 -1.759006262 3.846434593 -0.023506699 0.726662636 0.439345479 0.527621627
1341848007.069678 -0.984230995 -1.761464357 3.853219032 -0.022817343 0.728529155 0.440187305 0.524366081
1341848007.105687 -0.979649067 -1.768969655 3.857357025 -0.023106689 0.730102003 0.442755610 0.519985259
1341848007.137866 -0.976741314 -1.777464628 3.864860296 -0.022696029 0.732295215 0.443598866 0.516186774
1341848007.169651 -0.977027416 -1.782628775 3.874302626 -0.022390427 0.734214008 0.444493711 0.512692690
1341848007.205747 -0.977183819 -1.794533968 3.880338669 -0.023376640 0.735312819 0.447170913 0.508730531
1341848007.237921 -0.973778248 -1.804448724 3.887107611 -0.021484531 0.736231029 0.450308472 0.504702568
1341848007.269907 -0.973417282 -1.812048435 3.897444963 -0.020338336 0.736497521 0.453146517 0.501812756
1341848007.298875 -0.969166756 -1.817237377 3.899178743 -0.018916354 0.736368954 0.455648333 0.499787509
1341848007.331423 -0.969306946 -1.823587418 3.906607628 -0.017682310 0.738187850 0.454770982 0.497945219
1341848007.366699 -0.966244221 -1.829808950 3.912803411 -0.018383034 0.739785790 0.453125060 0.497048020
1341848007.398700 -0.962934494 -1.841338515 3.920685530 -0.017791566 0.741074026 0.453412682 0.494883537
1341848007.434791 -0.961325645 -1.849126220 3.926244736 -0.016411502 0.741604507 0.452386796 0.495075315
1341848007.466689 -0.965140820 -1.852526307 3.939600468 -0.016163673 0.743594587 0.449092597 0.495097697
1341848007.498756 -0.961536884 -1.860599756 3.946398973 -0.017094636 0.744358242 0.451455444 0.491758674
1341848007.534834 -0.952724457 -1.873541117 3.947511673 -0.015358347 0.743609726 0.455335647 0.489365041
1341848007.566719 -0.954891682 -1.876768351 3.960927963 -0.014638793 0.744999051 0.453057885 0.489388049
1341848007.598725 -0.952942848 -1.875862002 3.967006922 -0.017260773 0.746898353 0.451604813 0.487747937
1341848007.634799 -0.943975925 -1.888653517 3.971606731 -0.017517766 0.748882592 0.454067379 0.482380480
1341848007.666675 -0.947453976 -1.898105621 3.984420061 -0.014533230 0.750161350 0.456415325 0.478259146
1341848007.702797 -0.941260338 -1.902593493 3.986738920 -0.012908923 0.749267995 0.463808924 0.472559184
1341848007.734605 -0.927738667 -1.912701368 3.977996111 -0.011765376 0.748794019 0.468814880 0.468382031
1341848007.766913 -0.928023815 -1.917700529 3.993379593 -0.010194519 0.754034519 0.464050531 0.464742064
1341848007.802889 -0.925642014 -1.923750401 4.001786232 -0.011587396 0.755920351 0.465430856 0.460243702
1341848007.834962 -0.919723988 -1.928796172 4.006447315 -0.010038781 0.756878734 0.468221515 0.455853522
1341848007.866745 -0.917317390 -1.929567814 4.014084339 -0.009748998 0.759125650 0.468124807 0.452208370
1341848007.902779 -0.915448189 -1.923860788 4.025882721 -0.012677620 0.763022959 0.466984302 0.446722418
1341848007.934851 -0.899780750 -1.949990988 4.020246506 -0.011860363 0.762663007 0.477350146 0.436281413
1341848007.970690 -0.892608643 -1.955503583 4.028770924 -0.006542459 0.763622522 0.478906959 0.432996541
1341848008.002709 -0.894167423 -1.951591849 4.041748047 -0.004651948 0.765950382 0.477379411 0.430589557
1341848008.034820 -0.886230946 -1.958531260 4.045674324 -0.005539286 0.767100215 0.481093198 0.424353480
1341848008.070825 -0.879718781 -1.968766928 4.050829887 -0.005220072 0.767716646 0.483728707 0.420226723
1341848008.103209 -0.875694275 -1.972207665 4.059857368 -0.005926325 0.769117296 0.484251916 0.417041451
1341848008.138809 -0.866310120 -1.975867152 4.065466881 -0.007426243 0.771124661 0.485152394 0.412236452
1341848008.171058 -0.857585907 -1.981417775 4.071822166 -0.007164125 0.772678971 0.486639857 0.407550693
1341848008.202734 -0.852355957 -1.984935999 4.079804420 -0.004823814 0.773687482 0.489037275 0.402774125
1341848008.238657 -0.847092628 -1.987439632 4.088830471 -0.004638322 0.774372816 0.491168976 0.398846358
1341848008.270710 -0.838967800 -1.991404057 4.095562458 -0.005124709 0.774847388 0.494114459 0.394253999
1341848008.302748 -0.832514763 -1.996291399 4.101306438 -0.004984168 0.775079489 0.497335643 0.389723241
1341848008.338769 -0.821957111 -2.002087116 4.106231689 -0.004772466 0.775121391 0.500684321 0.385330200
1341848008.370731 -0.817387581 -2.003018856 4.113796234 -0.005264767 0.776082098 0.501250744 0.382644296
1341848008.406662 -0.809443951 -2.008235455 4.116493702 -0.005286457 0.776759148 0.503732622 0.377982467
1341848008.438870 -0.798984051 -2.015997887 4.123967648 -0.004217297 0.777980566 0.505442381 0.373170912
1341848008.470807 -0.793700218 -2.020337582 4.131859303 -0.003162020 0.778972387 0.506512344 0.369644880
1341848008.506855 -0.788481712 -2.021754026 4.135175228 -0.002249073 0.779821813 0.508280396 0.365409285
1341848008.538786 -0.779588699 -2.037394047 4.137390614 -0.001274875 0.780334353 0.511361420 0.359980822
1341848008.570727 -0.775678635 -2.041676998 4.145411968 0.001537806 0.781051517 0.512145817 0.357299358
1341848008.606698 -0.768400192 -2.046496868 4.150121689 0.003163110 0.781253397 0.514997661 0.352718949
1341848008.638714 -0.759626389 -2.056369781 4.153468132 0.004005821 0.782071769 0.516959846 0.347994387
1341848008.674639 -0.754378796 -2.058335304 4.159610271 0.005889774 0.783263266 0.517125309 0.345029682
1341848008.706785 -0.747563839 -2.061083078 4.161684990 0.005875756 0.784540713 0.517614543 0.341374457
1341848008.738678 -0.739502430 -2.068918467 4.166214466 0.005320576 0.786465108 0.517575204 0.336987168
1341848008.775071 -0.734574318 -2.072783470 4.171802521 0.004288536 0.787339985 0.517332315 0.335327536
1341848008.806865 -0.729742527 -2.081507683 4.173361778 0.003229869 0.788109660 0.517683029 0.332982183
1341848008.838798 -0.724287033 -2.084249496 4.180919170 0.001655794 0.789998055 0.516593218 0.330199808
1341848008.874631 -0.718137264 -2.089093208 4.186934471 0.000980016 0.790802181 0.517464042 0.326897353
1341848008.906680 -0.712966919 -2.091713905 4.188652039 0.002053532 0.791191757 0.518830597 0.323769003
1341848008.943051 -0.708780289 -2.093725443 4.192855358 0.000956534 0.792841494 0.518625855 0.320045024
1341848008.974723 -0.698198795 -2.103050709 4.194059372 -0.000815754 0.793489218 0.520674765 0.315074563
1341848009.006825 -0.689976454 -2.108113527 4.202733517 -0.000127549 0.794364214 0.521135211 0.312095404
1341848009.042740 -0.687425613 -2.106943130 4.214065552 -0.001154653 0.795457840 0.520778418 0.309895873
1341848009.074794 -0.677394390 -2.111064672 4.213466167 -0.003298256 0.795085907 0.523586333 0.306079656
1341848009.110807 -0.671504259 -2.111318827 4.217641830 -0.002980074 0.796809435 0.522818089 0.302898049
1341848009.142732 -0.671308756 -2.114121675 4.223803520 -0.006028715 0.799169302 0.520726919 0.300225914
1341848009.174693 -0.661469460 -2.116703272 4.228775024 -0.007255558 0.802206218 0.520456553 0.292468041
1341848009.210697 -0.658826590 -2.118345261 4.236518860 -0.004890019 0.803561151 0.522705019 0.284684271
1341848009.242869 -0.650490999 -2.119102001 4.239585876 -0.003176577 0.802838087 0.527937889 0.276988328
1341848009.274683 -0.646934032 -2.116136551 4.240816116 -0.002681834 0.803124368 0.530632377 0.270949185
1341848009.310898 -0.636819363 -2.120275974 4.248877525 -0.005923620 0.805450320 0.531579792 0.261987805
1341848009.342882 -0.624554396 -2.124336243 4.248459816 -0.006105972 0.804873228 0.536236525 0.254149944
1341848009.378700 -0.620633125 -2.121838808 4.255250931 -0.005215302 0.805843055 0.536746919 0.249985129
1341848009.410753 -0.611276150 -2.124482632 4.261376858 -0.006659572 0.806168377 0.539254487 0.243418977
1341848009.442927 -0.603994370 -2.121218681 4.258724689 -0.006238234 0.805641413 0.541605115 0.239930958
1341848009.479022 -0.598057985 -2.120246649 4.270129204 -0.006969863 0.807190478 0.540939867 0.236175939
1341848009.510631 -0.585293531 -2.121944189 4.270237923 -0.008552633 0.806098998 0.544140995 0.232469365
1341848009.542815 -0.578464508 -2.120659351 4.273299694 -0.009293657 0.807158947 0.543077528 0.231246591
1341848009.578814 -0.570101976 -2.122773409 4.280997276 -0.010559466 0.807969093 0.542785466 0.229038090
1341848009.610955 -0.556881189 -2.126450062 4.279502869 -0.012219263 0.806963623 0.545086622 0.227026552
1341848009.646873 -0.548686028 -2.122176886 4.277258873 -0.011954177 0.807632864 0.543472707 0.228524908
1341848009.678666 -0.540083885 -2.120688438 4.284478664 -0.013814365 0.809205711 0.540794730 0.229208440
1341848009.710835 -0.528968096 -2.126252174 4.294526577 -0.017323371 0.810453176 0.538707972 0.229475960
1341848009.746819 -0.512979746 -2.128148556 4.292678833 -0.017599186 0.810664356 0.538716078 0.228688717
1341848009.778767 -0.501798868 -2.128198385 4.302083969 -0.018109011 0.812492371 0.535581172 0.229523569
1341848009.810661 -0.493655920 -2.121919632 4.305340767 -0.017495822 0.812859654 0.535023749 0.229570821
1341848009.846800 -0.482072353 -2.124598742 4.300730705 -0.015220780 0.811086774 0.538457096 0.227970600
1341848009.878688 -0.473347902 -2.116011620 4.304718971 -0.014028784 0.811831713 0.536618054 0.229725197
1341848009.914782 -0.462852240 -2.115270376 4.307587624 -0.016185384 0.811617136 0.536974132 0.229509175
1341848009.946990 -0.450379848 -2.116209269 4.303362846 -0.017108511 0.811098456 0.538264215 0.228250489
1341848009.978905 -0.436371803 -2.113661528 4.298053741 -0.016285865 0.810823679 0.538102806 0.229662865
1341848010.014819 -0.430653572 -2.105919123 4.304181576 -0.016005807 0.812153101 0.535438120 0.231208190
1341848010.046835 -0.420559883 -2.101974726 4.295970440 -0.015742710 0.810992241 0.537814140 0.229781881
1341848010.082650 -0.410676241 -2.094694138 4.292494774 -0.015889423 0.811224282 0.537714243 0.229186043
1341848010.114748 -0.401552200 -2.089689255 4.289746284 -0.015988007 0.811120927 0.538640201 0.227363095
1341848010.146752 -0.391203165 -2.083056688 4.284469604 -0.016911101 0.810105562 0.541149855 0.224944323
1341848010.182709 -0.380502701 -2.079259872 4.269779682 -0.016260250 0.808576345 0.544241667 0.223026901
1341848010.214739 -0.372260094 -2.072446823 4.262483597 -0.015869349 0.809218764 0.543713093 0.222011879
1341848010.246831 -0.360766888 -2.068566561 4.254554272 -0.016237859 0.809222758 0.545154870 0.218405560
1341848010.282749 -0.349565744 -2.064730883 4.247296333 -0.015505044 0.809209228 0.546334088 0.215544060
1341848010.314754 -0.342654228 -2.056980371 4.237941742 -0.014391506 0.808862805 0.547736228 0.213351637
1341848010.351054 -0.334910631 -2.051142693 4.222454071 -0.014072020 0.807919264 0.549622834 0.212092683
1341848010.382819 -0.325941324 -2.045104265 4.215374947 -0.013849557 0.808348417 0.550038874 0.209376141
1341848010.414692 -0.318716288 -2.043215036 4.204495907 -0.012163428 0.807027876 0.553001046 0.206755638
1341848010.450872 -0.312463999 -2.038862228 4.192948341 -0.012541248 0.806670725 0.554410696 0.204337433
1341848010.483088 -0.305843592 -2.033877373 4.185318470 -0.012208902 0.807415783 0.554490864 0.201172858
1341848010.514760 -0.297435760 -2.029052019 4.181925297 -0.013118302 0.807598531 0.555857837 0.196556985
1341848010.550631 -0.289282084 -2.028380871 4.162458897 -0.013064993 0.804910481 0.560777366 0.193590328
1341848010.582861 -0.287331343 -2.021728992 4.162328720 -0.013090968 0.807621062 0.557560444 0.191581115
1341848010.618690 -0.279928923 -2.023378611 4.148256302 -0.014811787 0.805119157 0.562611699 0.187167943
1341848010.650956 -0.271889210 -2.023478985 4.133265972 -0.013965382 0.804024637 0.565386951 0.183540374
1341848010.682633 -0.272808313 -2.017948866 4.131846428 -0.012741060 0.805575192 0.563455820 0.182767376
1341848010.718753 -0.269918442 -2.016771078 4.126622200 -0.014718164 0.805608749 0.564352632 0.179677635
1341848010.750922 -0.267957211 -2.010085344 4.114657879 -0.014552279 0.805039346 0.565906882 0.177339956
1341848010.782711 -0.261816025 -2.016557693 4.101866245 -0.014447303 0.804804921 0.567845523 0.172138691
1341848010.818844 -0.259906769 -2.013630390 4.100129604 -0.013183593 0.807410657 0.565441132 0.167900562
1341848010.850765 -0.257838488 -2.010201693 4.094276428 -0.012991535 0.807864428 0.565752327 0.164653197
1341848010.886687 -0.254288912 -2.009965420 4.085659027 -0.011470737 0.808321178 0.566189647 0.160980493
1341848010.918833 -0.257019997 -2.002620697 4.085507870 -0.011273433 0.810334444 0.563748360 0.159432903
1341848010.950793 -0.250780821 -2.000522614 4.078900337 -0.012325860 0.810648263 0.564544261 0.154878587
1341848010.986761 -0.245394707 -2.000427485 4.075318336 -0.012777681 0.811236024 0.564563751 0.151659623
1341848011.018704 -0.244533300 -1.996237040 4.072536469 -0.011541896 0.811403215 0.564722419 0.150267184
1341848011.051016 -0.244126797 -1.993402481 4.068131447 -0.011057163 0.811498284 0.565058589 0.148516268
1341848011.086749 -0.238733530 -2.000607967 4.059880733 -0.010512359 0.810445249 0.567579269 0.144643784
1341848011.118701 -0.237340927 -1.997929811 4.059373856 -0.010218665 0.811037183 0.567249596 0.142626181
1341848011.154630 -0.231479406 -1.997344732 4.058975220 -0.009780532 0.811516762 0.567480326 0.138964117
1341848011.186671 -0.233243227 -1.992703199 4.058254719 -0.008740275 0.811690688 0.567434490 0.138202488
1341848011.219095 -0.236340046 -1.990362883 4.052813530 -0.010477994 0.810915112 0.568812132 0.136966079
1341848011.254693 -0.229208350 -1.988538265 4.049671173 -0.013175779 0.812083542 0.568138599 0.132534251
1341848011.286627 -0.226127028 -1.987076283 4.047797203 -0.014349703 0.812715113 0.567894340 0.129554495
1341848011.322712 -0.221266866 -1.986433029 4.042348862 -0.014519269 0.812941730 0.568767786 0.124170482
1341848011.354750 -0.215667009 -1.984544992 4.037099361 -0.013677897 0.813910782 0.568324208 0.119874164
1341848011.386749 -0.215145230 -1.981257915 4.040314198 -0.012457087 0.815654397 0.566599429 0.116266750
1341848011.422722 -0.210696816 -1.977870703 4.033944607 -0.012455420 0.814948380 0.568499982 0.111856394
1341848011.454654 -0.211129785 -1.977318764 4.028970718 -0.010984838 0.815775931 0.568048239 0.108213469
1341848011.486754 -0.207645774 -1.973521233 4.030708313 -0.012107193 0.816973686 0.567240417 0.103178211
1341848011.522854 -0.203099489 -1.970010042 4.028818130 -0.011782211 0.816604495 0.568752229 0.097668670
1341848011.554674 -0.198373914 -1.969466209 4.020998478 -0.011003026 0.815894485 0.570514143 0.093321025
1341848011.590867 -0.202595472 -1.963019371 4.023197174 -0.010964235 0.817303598 0.568639219 0.092434473
1341848011.622723 -0.196467996 -1.958513498 4.024796009 -0.013347076 0.817740738 0.568775535 0.087272018
1341848011.654892 -0.188093305 -1.961369991 4.015848637 -0.013372986 0.816172779 0.571766555 0.082256481
1341848011.690778 -0.190381408 -1.957295656 4.016501904 -0.013043537 0.816245258 0.571863949 0.080902368
1341848011.722610 -0.193470001 -1.951050043 4.013156414 -0.014343175 0.815780818 0.572910428 0.077907868
1341848011.754796 -0.187655270 -1.946430445 4.007884979 -0.017076692 0.814905941 0.574710846 0.073103987
1341848011.790831 -0.190717697 -1.940938950 4.003135204 -0.016345581 0.814379632 0.575772524 0.070743956
1341848011.822705 -0.189134598 -1.935275316 3.997152805 -0.015290617 0.813372552 0.577902913 0.064958334
1341848011.858763 -0.185027301 -1.931788206 3.987603903 -0.013995026 0.812290967 0.580021620 0.059687100
1341848011.890689 -0.189072371 -1.924856186 3.988136768 -0.012695560 0.813182414 0.578952193 0.058202669
1341848011.922914 -0.185557902 -1.922590733 3.977672577 0.012014931 -0.811065018 -0.582353294 -0.053794365
1341848011.958828 -0.187176704 -1.918161631 3.971228838 0.010930573 -0.811247170 -0.582259417 -0.052274466
1341848011.990755 -0.188858569 -1.912226439 3.971415997 0.012337107 -0.812191606 -0.581036806 -0.050881021
1341848012.022737 -0.188942373 -1.906409979 3.963281155 0.014645543 -0.810688138 -0.583163798 -0.049901843
1341848012.058861 -0.189894229 -1.899380684 3.959683657 -0.014925405 0.810610354 0.583399951 0.048296981
1341848012.090822 -0.189948738 -1.892591000 3.951534510 -0.017004177 0.809810996 0.584536910 0.047261827
1341848012.126859 -0.188037753 -1.884924650 3.942113400 -0.018588699 0.809250355 0.585379362 0.045819551
1341848012.158771 -0.187009543 -1.878389597 3.934864998 -0.018571867 0.808701932 0.586156309 0.045575906
1341848012.190967 -0.184691101 -1.871288061 3.926277876 -0.018485524 0.807459950 0.587750733 0.047072738
1341848012.226750 -0.182111859 -1.861798525 3.918912411 -0.019943641 0.806302249 0.589196384 0.048234634
1341848012.258713 -0.181037128 -1.854917288 3.912152767 -0.020982971 0.805435836 0.590156794 0.050475884
1341848012.295247 -0.181254387 -1.846303225 3.907476664 -0.022989573 0.804790437 0.590689063 0.053575560
1341848012.326868 -0.178705931 -1.838416815 3.897193670 0.027332630 -0.803151846 -0.592501462 -0.056054756
1341848012.358782 -0.179033339 -1.827899694 3.888379574 0.030568510 -0.802787483 -0.592554271 -0.058967955
1341848012.394721 -0.174650133 -1.818493366 3.883657694 0.034335982 -0.802211225 -0.592931211 -0.060916230
1341848012.426830 -0.174127519 -1.809859753 3.872337580 0.036859561 -0.799832344 -0.595703423 -0.063616335
1341848012.458805 -0.176243782 -1.802517414 3.859031200 -0.037672080 0.798358500 0.597337186 0.066279210
1341848012.494697 -0.172136664 -1.793359041 3.854325533 -0.040776350 0.798724473 0.596476078 0.067770615
1341848012.526756 -0.169235528 -1.787165880 3.843239069 -0.043167096 0.796660721 0.598864555 0.069494948
1341848012.562690 -0.167305648 -1.777946234 3.827712059 -0.043182530 0.795050919 0.600590885 0.072937615
1341848012.594669 -0.165719032 -1.770866394 3.826732397 -0.047040567 0.796468556 0.597885191 0.077190764
1341848012.626774 -0.159878254 -1.765303850 3.818515062 -0.051608954 0.795265615 0.598814309 0.079439491
1341848012.662763 -0.154103875 -1.760833263 3.813098907 -0.053000834 0.794731081 0.599023700 0.082243450
1341848012.695339 -0.152613759 -1.755696535 3.808973551 -0.054135080 0.793915212 0.599196136 0.087932311
1341848012.726854 -0.149595737 -1.749170065 3.800543547 -0.058001310 0.792481720 0.599953294 0.093083978
1341848012.762672 -0.139392495 -1.742877007 3.798820734 -0.062410664 0.792819381 0.598650992 0.095704749
1341848012.794727 -0.135915279 -1.738509417 3.795522451 -0.062571116 0.791974425 0.598600090 0.102661133
1341848012.830669 -0.135451436 -1.732771158 3.789016008 -0.064984418 0.790050387 0.599168956 0.112223171
1341848012.862795 -0.127973795 -1.727057457 3.779358864 -0.071035169 0.789685786 0.597658634 0.118972972
1341848012.894740 -0.128735542 -1.721897364 3.781584024 -0.073429823 0.791785181 0.593124270 0.126047775
1341848012.930848 -0.127405167 -1.716608286 3.775323629 -0.075093806 0.790478706 0.593103528 0.133164003
1341848012.962752 -0.126998901 -1.713967800 3.769234419 -0.077854753 0.789840817 0.592037916 0.139933169
1341848012.994842 -0.122792244 -1.710558414 3.773804188 -0.082558110 0.791088879 0.588610053 0.144570798
1341848013.030944 -0.117510319 -1.707881212 3.772731066 -0.084933080 0.789812267 0.588688493 0.149762854
1341848013.062714 -0.115546703 -1.703415155 3.767203808 -0.085469067 0.788449824 0.588807881 0.156036258
1341848013.098784 -0.111411572 -1.698621273 3.768271923 -0.087712690 0.788991272 0.585857153 0.163005129
1341848013.130817 -0.108409882 -1.696157932 3.771498203 -0.088108227 0.788740337 0.584468842 0.168883950
1341848013.162759 -0.105308771 -1.691863060 3.772528410 -0.086134426 0.787462890 0.584570110 0.175387606
1341848013.198719 -0.104166508 -1.690660238 3.772641420 -0.083137885 0.785427749 0.585328639 0.183253393
1341848013.230855 -0.102962017 -1.689682722 3.771330118 -0.081287369 0.783566952 0.586266339 0.188963160
1341848013.262723 -0.097886324 -1.685765505 3.778563976 -0.081793226 0.782951415 0.585230708 0.194427550
1341848013.298709 -0.098533392 -1.679465532 3.776552200 -0.079230934 0.779834330 0.586576402 0.203737736
1341848013.330754 -0.097088814 -1.678644896 3.777830601 -0.080694884 0.778632998 0.585759461 0.210011691
1341848013.366705 -0.089539528 -1.678683281 3.783865452 -0.085398510 0.777777314 0.584353983 0.215174451
1341848013.398748 -0.085758209 -1.674980879 3.795205593 -0.086687267 0.777092338 0.582750678 0.221392363
1341848013.430850 -0.076779604 -1.672261953 3.802107334 -0.086981133 0.773819745 0.584688902 0.227543905
1341848013.466959 -0.076880455 -1.671910048 3.789892435 -0.084920868 0.766504943 0.590071201 0.238902882
1341848013.498782 -0.071909189 -1.669062376 3.794169903 -0.089062095 0.766049862 0.587113857 0.246034265
1341848013.534779 -0.065224648 -1.666279078 3.802647114 -0.093723699 0.765929997 0.583401263 0.253396988
1341848013.566664 -0.056877613 -1.666802526 3.806644917 -0.096444353 0.763836145 0.582154572 0.261436373
1341848013.598764 -0.055684090 -1.666389585 3.811389446 -0.095278651 0.762491584 0.579815924 0.270817459
1341848013.634812 -0.051307201 -1.670780301 3.809403896 -0.095372587 0.759085715 0.581452012 0.276778877
1341848013.666669 -0.039958477 -1.673122287 3.808516502 -0.096709862 0.757110894 0.580196142 0.284258157
1341848013.698821 -0.041385651 -1.674055934 3.810969830 -0.095771715 0.757407129 0.574860811 0.294444114
1341848013.734623 -0.033241749 -1.674594998 3.813375711 -0.097801499 0.757526398 0.571226299 0.300481737
1341848013.766827 -0.031378746 -1.673836589 3.817488194 -0.096520878 0.758199513 0.566375911 0.308278441
1341848013.802717 -0.028329849 -1.671670675 3.824842453 -0.096231110 0.758590698 0.562798083 0.313907683
1341848013.834802 -0.024889469 -1.672182322 3.825007200 -0.096238136 0.755983829 0.562570393 0.320532888
1341848013.866791 -0.019855976 -1.669943333 3.823338985 -0.096794821 0.754685521 0.560525298 0.326943398
1341848013.902735 -0.018432140 -1.669196129 3.830314636 -0.097686633 0.755086601 0.556076705 0.333287030
1341848013.934871 -0.016214848 -1.666785121 3.832228422 -0.098469689 0.752782702 0.554800749 0.340320647
1341848013.966740 -0.006543636 -1.666969419 3.836369276 -0.098690696 0.751329243 0.554398954 0.344102144
1341848014.002717 -0.001735687 -1.667143226 3.836729765 -0.098719254 0.749036670 0.553855956 0.349917412
1341848014.034942 0.003323078 -1.665489674 3.839530468 -0.098307364 0.746237576 0.552457035 0.358129084
1341848014.070990 0.007102966 -1.662540078 3.839441776 -0.099774115 0.742816389 0.550756991 0.367336094
1341848014.102686 0.012814045 -1.659108520 3.843850136 -0.103777073 0.740923405 0.547876179 0.374291956
1341848014.134725 0.024176121 -1.660740852 3.846649647 -0.108103968 0.738034487 0.546807826 0.380289108
1341848014.170724 0.029827118 -1.654251099 3.853271246 -0.109107308 0.735543847 0.544773459 0.387676030
1341848014.202658 0.038568974 -1.648795962 3.852770805 -0.111015774 0.731513023 0.544041157 0.395706356
1341848014.234751 0.057469368 -1.652087808 3.853995562 -0.112917490 0.728959143 0.542800069 0.401542515
1341848014.270714 0.060579777 -1.649029493 3.865099907 -0.114322700 0.727353990 0.537614048 0.410922885
1341848014.302738 0.076204777 -1.648161888 3.869213343 -0.114831135 0.724786460 0.537787795 0.415069491
1341848014.338694 0.086195946 -1.650566101 3.875441790 -0.114600465 0.722192466 0.535678864 0.422318548
1341848014.370553 0.091538429 -1.650548816 3.876977921 -0.113975398 0.717291236 0.533406734 0.433566928
1341848014.402830 0.106867790 -1.648679256 3.881450415 -0.115666375 0.714364171 0.530657113 0.441257536
1341848014.438848 0.119291306 -1.653212309 3.887199640 -0.115631677 0.711453974 0.528318763 0.448711365
1341848014.470783 0.124695778 -1.634545922 3.908285618 -0.119137503 0.713214099 0.515015543 0.460316241
1341848014.506633 0.130421638 -1.634134412 3.917611122 -0.120178081 0.710870564 0.508436680 0.470863640
1341848014.538728 0.144024372 -1.638125300 3.913689375 -0.120173402 0.704792619 0.507769346 0.480620474
1341848014.570790 0.159212589 -1.650570631 3.917912960 -0.120686769 0.703214347 0.504659414 0.486048669
1341848014.606858 0.159449577 -1.645021677 3.928389072 -0.117626965 0.701697588 0.497805744 0.495957583
1341848014.638688 0.171558857 -1.640630007 3.941465378 -0.117955014 0.700955927 0.492963165 0.501731694
1341848014.670828 0.185934544 -1.650406361 3.947659969 -0.117388472 0.699032426 0.491139472 0.506315827
1341848014.706765 0.192518234 -1.650751591 3.943493843 -0.114051051 0.695641279 0.487376481 0.515305579
1341848014.738691 0.201894283 -1.655135751 3.946612835 -0.112142131 0.695043862 0.483801186 0.519879460
1341848014.774750 0.212479591 -1.664708138 3.953653336 -0.108693413 0.693097711 0.482481807 0.524416566
1341848014.806669 0.210528851 -1.652069807 3.966010571 -0.104355156 0.692881346 0.476221234 0.531261504
1341848014.838740 0.221200466 -1.655792952 3.972119808 -0.101955369 0.690837324 0.475240827 0.535252333
1341848014.874686 0.227925301 -1.656220555 3.973173141 -0.098307677 0.686938643 0.473030448 0.542856395
1341848014.906647 0.234056950 -1.662438512 3.976018429 -0.096073784 0.683424652 0.471458107 0.549024522
1341848014.938697 0.237805367 -1.659240365 3.978234291 -0.092543617 0.679875851 0.471702486 0.553806245
1341848014.974705 0.242079258 -1.665321112 3.985538483 -0.091552153 0.675768673 0.472019076 0.558706462
1341848015.006657 0.240956783 -1.665252566 3.984937668 -0.092147559 0.670501947 0.472206891 0.564762533
1341848015.042593 0.246896267 -1.659196973 3.990981579 -0.097916983 0.665989339 0.472857416 0.568574071
1341848015.074864 0.257374763 -1.655693293 3.990061760 -0.105419181 0.660075545 0.473057926 0.573936701
1341848015.106838 0.258245468 -1.648821235 3.990115643 -0.109669730 0.655640364 0.469612062 0.581010103
1341848015.142691 0.267454147 -1.648253798 3.995436192 -0.114472002 0.651751518 0.470384449 0.583827555
1341848015.174708 0.274397373 -1.642437935 3.996070862 -0.115542658 0.646366954 0.471354336 0.588799417
1341848015.207238 0.282701492 -1.641976833 4.000249863 -0.117548890 0.642098248 0.471237630 0.593150318
1341848015.243495 0.283299923 -1.640809774 3.997764111 -0.120121725 0.637248337 0.469444305 0.599255800
1341848015.274780 0.288244247 -1.636310577 4.001418114 -0.118550830 0.633159459 0.468515158 0.604606032
1341848015.310598 0.298349857 -1.636603475 4.008128166 -0.118520796 0.628595114 0.466272265 0.611073792
1341848015.342895 0.300481796 -1.631349444 4.006342411 -0.116296753 0.622782588 0.464243531 0.618946731
1341848015.374733 0.304665089 -1.628766656 4.007932186 -0.113869123 0.616484582 0.463677526 0.626086116
1341848015.410655 0.310960293 -1.624338865 4.011488914 -0.111108035 0.611152947 0.461796999 0.633159220
1341848015.442783 0.316668034 -1.623008966 4.006814480 -0.109721899 0.603152692 0.461596876 0.641167879
1341848015.474959 0.319959164 -1.626291990 4.007066250 -0.112308763 0.596303821 0.457199007 0.650213480
1341848015.510927 0.328012943 -1.626709580 4.010299206 -0.113741830 0.591189325 0.452096224 0.658154249
1341848015.542834 0.326643944 -1.623954535 4.006881237 -0.109119587 0.583186209 0.451440424 0.666474581
1341848015.581753 0.333337784 -1.622129560 4.008926868 -0.109816797 0.575294137 0.449552268 0.674447656
1341848015.617769 0.336456776 -1.622944236 4.011930943 -0.110537440 0.569519877 0.442733407 0.683678150
1341848015.650094 0.338225126 -1.620576859 4.009890079 -0.110485204 0.562237203 0.437919229 0.692754745
1341848015.685811 0.345906496 -1.621229887 4.017471313 -0.112781033 0.557439327 0.434102178 0.698639572
1341848015.718057 0.348424911 -1.618961811 4.018916607 -0.109016098 0.553146005 0.428360105 0.706153452
1341848015.749815 0.347628355 -1.619923115 4.017044067 -0.105541743 0.547225296 0.425244629 0.713142633
1341848015.785761 0.351279259 -1.621130586 4.020403862 -0.102170289 0.542051673 0.422050327 0.719454527
1341848015.817883 0.339010954 -1.630132794 4.017024517 -0.103784554 0.539478183 0.411383748 0.727293253
1341848015.853811 0.334402800 -1.630890727 4.017754078 -0.098923124 0.535844147 0.407962173 0.732565522
1341848015.885654 0.339890480 -1.632810831 4.017401695 -0.099994950 0.530941844 0.402023822 0.739242017
1341848015.917793 0.340399504 -1.633393526 4.016870022 -0.100591891 0.528174639 0.395107716 0.744850874
1341848015.954005 0.337288380 -1.634222984 4.021001816 -0.097315751 0.526982367 0.386631638 0.750556707
1341848015.986663 0.340015411 -1.638892412 4.018469334 -0.095912591 0.523088217 0.382750362 0.755434752
1341848016.021677 0.336541891 -1.637820721 4.018059254 -0.091793574 0.519521832 0.379043072 0.760261357
1341848016.053936 0.337581873 -1.639235497 4.022210598 -0.089382276 0.517976820 0.373208523 0.764477730
1341848016.085724 0.339819193 -1.643115401 4.018645763 -0.088923760 0.514786482 0.369504392 0.768475056
1341848016.121844 0.343825340 -1.646174073 4.015915871 -0.091881879 0.510119081 0.367896348 0.772002995
1341848016.153821 0.342401981 -1.649242520 4.021631718 -0.094475172 0.511081278 0.365301132 0.772285879
1341848016.185769 0.340743303 -1.650636435 4.020445347 -0.095839404 0.509717941 0.362927377 0.774135768
1341848016.221734 0.338110924 -1.651424289 4.019712448 -0.096837588 0.507654548 0.362979829 0.775341928
1341848016.253686 0.339478254 -1.650605202 4.025119781 -0.096223123 0.508470714 0.361663103 0.775498867
1341848016.289960 0.339581490 -1.656986833 4.021609306 -0.100032464 0.508113027 0.360735923 0.775683105
1341848016.322013 0.337965012 -1.658025265 4.024534702 -0.102074891 0.510388672 0.363895476 0.772440493
1341848016.353746 0.333352566 -1.655179501 4.028309345 -0.094596922 0.514216244 0.366881996 0.769435406
1341848016.389789 0.334228754 -1.662741661 4.023902416 -0.095594965 0.513282955 0.370656252 0.768125176
1341848016.421705 0.329748869 -1.660906553 4.028275013 -0.090643235 0.516035259 0.374873459 0.764827669
1341848016.453901 0.326846123 -1.662228227 4.029477119 -0.086251296 0.517895401 0.377955347 0.762558103
1341848016.490058 0.324397326 -1.665796041 4.032590866 -0.081936479 0.519853115 0.379341096 0.761012197
1341848016.521813 0.320836544 -1.669795394 4.034945965 -0.080946259 0.522621989 0.378906161 0.759436727
1341848016.554210 0.313134193 -1.667679667 4.034729481 -0.073783047 0.524506927 0.379260212 0.758689880
1341848016.589825 0.314041376 -1.673856020 4.037031651 -0.071955033 0.523534119 0.380351365 0.758991122
1341848016.621860 0.310189009 -1.678613901 4.040677071 -0.069825366 0.524702370 0.383967102 0.756558776
1341848016.657837 0.304313660 -1.676552296 4.049097538 -0.062403224 0.527948499 0.384955555 0.754443824
1341848016.689891 0.293308020 -1.682972670 4.045765400 -0.059729882 0.524171889 0.384751797 0.757391810
1341848016.757848 0.287781715 -1.686149836 4.060533047 -0.055106401 0.527096510 0.384356380 0.755911946
1341848016.784104 0.288013220 -1.699802876 4.060462475 -0.060223687 0.526262641 0.383442283 0.756566405
1341848016.818817 0.275180817 -1.702888966 4.066259384 -0.057094011 0.526272297 0.385011882 0.756005108
1341848016.850754 0.277991295 -1.707109928 4.072468281 -0.057256289 0.525124669 0.386142910 0.756213903
1341848016.882757 0.273908138 -1.715831995 4.077708244 -0.059794951 0.525443912 0.386715084 0.755502939
1341848016.918907 0.264919758 -1.718492746 4.080000877 -0.057087317 0.523210466 0.389141798 0.756016314
1341848016.950706 0.260012150 -1.724447608 4.091792107 -0.057761740 0.525474250 0.388888627 0.754523754
1341848016.986658 0.253324747 -1.733621359 4.095164776 -0.060422149 0.525714755 0.389471799 0.753846824
1341848017.018678 0.246128321 -1.737022638 4.102116108 -0.059912574 0.527191460 0.390480101 0.752333045
1341848017.050760 0.240514278 -1.743674517 4.105689526 -0.060629178 0.527627170 0.391589761 0.751392901
1341848017.086845 0.237752676 -1.750526428 4.111433029 -0.062353257 0.530012131 0.394295275 0.748151362
1341848017.118641 0.231178522 -1.756292701 4.114225864 -0.062648147 0.532664299 0.395055175 0.745838702
1341848017.150678 0.225427628 -1.764277458 4.115278721 -0.062277608 0.535223186 0.398911446 0.741975248
1341848017.186855 0.215515852 -1.768200874 4.118683815 -0.060245078 0.538818300 0.400749832 0.738542438
1341848017.218765 0.207428455 -1.772630692 4.127960682 -0.056860935 0.546130478 0.401367754 0.733084083
1341848017.254693 0.196907282 -1.782169104 4.128623962 -0.055390928 0.550467610 0.402502179 0.729321122
1341848017.286638 0.185022593 -1.784560561 4.130904198 -0.049746931 0.554428160 0.404931217 0.725372612
1341848017.318695 0.178675652 -1.787388086 4.142329693 -0.042835541 0.561295509 0.402962595 0.721618772
1341848017.354737 0.167832375 -1.804224014 4.135311604 -0.041334718 0.564112246 0.402345508 0.719852090
1341848017.386825 0.156301022 -1.809658766 4.140027046 -0.040177055 0.570123196 0.402648419 0.714996219
1341848017.418824 0.143129349 -1.813280582 4.140907764 -0.031348471 0.574439764 0.405843377 0.710160077
1341848017.454792 0.137047768 -1.826332211 4.136677742 -0.034464635 0.574720323 0.409287244 0.707808375
1341848017.486699 0.130061150 -1.829334617 4.141611576 -0.032262262 0.578548014 0.410036713 0.704351664
1341848017.522694 0.119960308 -1.832689762 4.145848274 -0.031065982 0.583095312 0.407770634 0.701967239
1341848017.554797 0.111667156 -1.838406324 4.141660690 -0.030844895 0.585287690 0.408106267 0.699954450
1341848017.587838 0.103878975 -1.840511680 4.143383026 -0.028469469 0.588119149 0.409917593 0.696615338
1341848017.622714 0.098235130 -1.847655892 4.144116879 -0.026132908 0.591870427 0.409896016 0.693535686
1341848017.654814 0.089728355 -1.846889377 4.149909496 -0.024520848 0.596396565 0.409221709 0.690106869
1341848017.686820 0.085506439 -1.851850033 4.157152176 -0.020519698 0.601274014 0.407278895 0.687148035
1341848017.722837 0.073931217 -1.857989073 4.153884888 -0.017084084 0.604563951 0.407417506 0.684267223
1341848017.754780 0.074447632 -1.858615756 4.154166222 -0.014165343 0.605739474 0.410193443 0.681630790
1341848017.790699 0.074202538 -1.867917299 4.155923843 -0.011628204 0.607969165 0.409833431 0.679907978
1341848017.822756 0.062465668 -1.871470094 4.153573990 -0.009093357 0.610298693 0.408349782 0.678751349
1341848017.854726 0.059534550 -1.873721838 4.157588482 -0.008066334 0.612099230 0.408937365 0.676786363
1341848017.890737 0.053616524 -1.878302813 4.159264088 -0.005777640 0.613501728 0.409666657 0.675096691
1341848017.922823 0.048201084 -1.881211758 4.165630341 -0.008408248 0.616327286 0.406991094 0.674113035
1341848017.958643 0.044927120 -1.882852554 4.170593262 -0.008397927 0.618409514 0.407476515 0.671909332
1341848017.990683 0.038169384 -1.888763905 4.172656536 -0.008119309 0.620179832 0.407227695 0.670430243
1341848018.022671 0.031449795 -1.891415596 4.175355434 -0.009103296 0.620330870 0.409904659 0.668644190
1341848018.058766 0.034284592 -1.898424149 4.175030708 -0.011390679 0.621461570 0.412560433 0.665920258
1341848018.090894 0.028243065 -1.896059871 4.180397511 -0.011857398 0.625518143 0.409745932 0.663848460
1341848018.122747 0.020942688 -1.898321033 4.184944153 -0.009367597 0.627139509 0.414315075 0.659508467
1341848018.159145 0.026496410 -1.904341936 4.188758373 -0.010287776 0.628677428 0.417365432 0.656098425
1341848018.190824 0.021604538 -1.907177210 4.191841125 -0.010932910 0.631573975 0.416826129 0.653644204
1341848018.226660 0.023510456 -1.906819224 4.196743965 -0.010297339 0.633971453 0.419092864 0.649873376
1341848018.258766 0.022863865 -1.914887309 4.204607487 -0.011161644 0.636906564 0.420031965 0.646373391
1341848018.290747 0.019925594 -1.919004202 4.210772514 -0.009770693 0.638017833 0.423217356 0.643214524
1341848018.333905 0.020651340 -1.925976753 4.214927197 -0.012504071 0.640009344 0.425099939 0.639938891
1341848018.367205 0.024903297 -1.929153204 4.222963333 -0.012665341 0.644361079 0.425803095 0.635082841
1341848018.397728 0.019284725 -1.934303999 4.231915951 -0.013250386 0.648035884 0.424200714 0.632398367
1341848018.433770 0.014008999 -1.937927365 4.241104126 -0.007342338 0.649229050 0.430327088 0.627109528
1341848018.465663 0.014294624 -1.946932554 4.251151085 -0.006379913 0.650729299 0.435260266 0.622140825
1341848018.501822 0.017189026 -1.949901938 4.259671688 -0.005509892 0.652947485 0.437377661 0.618328512
1341848018.534507 0.013407230 -1.955246687 4.268555164 -0.003597317 0.655950189 0.440149635 0.613175929
1341848018.565849 0.014849186 -1.962835073 4.285231590 -0.007869235 0.659418702 0.439127147 0.610141277
1341848018.601739 0.017474651 -1.970191598 4.295699120 -0.009597164 0.662220836 0.439912707 0.606504977
1341848018.633687 0.012421131 -1.975748777 4.305839539 -0.009462181 0.665835142 0.440220773 0.602312028
1341848018.669811 0.011978626 -1.985541105 4.323140144 -0.010384611 0.669135392 0.442396164 0.597022355
1341848018.701756 0.007681847 -1.993239045 4.332853317 -0.009815644 0.670277834 0.445665687 0.593307137
1341848018.733853 0.012592316 -1.998747468 4.340346336 -0.012513293 0.672107756 0.446077287 0.590871930
1341848018.769715 0.010142803 -2.008964300 4.352123260 -0.013164050 0.674768686 0.446247935 0.587687612
1341848018.802234 0.013303757 -2.017450571 4.366373539 -0.014231622 0.676686227 0.446849614 0.584994555
1341848018.833759 0.014752865 -2.030953169 4.375993252 -0.015500114 0.678358078 0.446586341 0.583224475
1341848018.869787 0.015550613 -2.040126801 4.385921478 -0.013654566 0.681314826 0.445401311 0.580724895
1341848018.901964 0.007839680 -2.043265104 4.393999100 -0.011576056 0.682712317 0.444325060 0.579952717
1341848018.933795 0.010466576 -2.055039406 4.402996063 -0.007970318 0.682584226 0.448732436 0.576762080
1341848018.969688 0.007795334 -2.061336756 4.411231995 -0.006087890 0.683565676 0.448573291 0.575745583
1341848019.002336 0.007619858 -2.068562508 4.421625614 -0.008927774 0.685760200 0.448115706 0.573450625
1341848019.069833 0.004473686 -2.086643219 4.433773041 -0.008017242 0.689092577 0.447879136 0.569641531
1341848019.096441 0.001743317 -2.090742588 4.440381050 -0.010940231 0.690845966 0.446193337 0.568791389
1341848019.130792 0.001360893 -2.098718643 4.448287964 -0.011357333 0.693255484 0.446891367 0.565292954
1341848019.162652 -0.001727104 -2.104944229 4.456560612 -0.010693218 0.695376158 0.448286176 0.561584473
1341848019.198644 -0.003725052 -2.113254786 4.467115402 -0.012649881 0.697653592 0.449761152 0.557525158
1341848019.231114 -0.001217842 -2.118113995 4.476480961 -0.014802689 0.700844228 0.450847834 0.552570820
1341848019.262728 -0.003326416 -2.127679348 4.485516548 -0.015029295 0.704384923 0.451049417 0.547878146
1341848019.298715 -0.009754658 -2.131839991 4.498131752 -0.015932385 0.707047522 0.451875150 0.543726742
1341848019.330680 -0.008795738 -2.141999006 4.505384922 -0.017880978 0.708565772 0.454591960 0.539407969
1341848019.362697 -0.014712334 -2.152498007 4.516758442 -0.018414646 0.712241948 0.453879654 0.535131335
1341848019.398715 -0.018467426 -2.159259081 4.530536652 -0.019551707 0.714944959 0.455185860 0.530355871
1341848019.431028 -0.013761997 -2.166960716 4.544451714 -0.020999128 0.717972755 0.456192881 0.525321066
1341848019.467021 -0.024110317 -2.179635525 4.554414272 -0.021740196 0.721430600 0.454801977 0.521747470
1341848019.498756 -0.019902706 -2.184595823 4.567442894 -0.020808429 0.724655867 0.456068873 0.516180396
1341848019.530821 -0.023346901 -2.194265842 4.583322525 -0.018531049 0.727856934 0.455295742 0.512432098
1341848019.567087 -0.025292397 -2.201833725 4.603557587 -0.016470194 0.730288446 0.457100123 0.507412195
1341848019.598737 -0.023384094 -2.215315104 4.617388248 -0.016622061 0.731661439 0.458449513 0.504201651
1341848019.630654 -0.028430939 -2.218441725 4.632105350 -0.016175196 0.734783292 0.456932515 0.501043499
1341848019.666875 -0.028356552 -2.233830929 4.655135155 -0.017262952 0.736971378 0.458612204 0.496235877
1341848019.698668 -0.027348518 -2.236062288 4.661535263 -0.015299160 0.736148179 0.461412728 0.494924366
1341848019.734756 -0.029208660 -2.237101793 4.670980453 -0.017508743 0.737825394 0.460139394 0.493537098
1341848019.766703 -0.029178619 -2.247104168 4.681943417 -0.018502695 0.740158916 0.460772425 0.489398807
1341848019.798719 -0.028644562 -2.255277157 4.697714806 -0.018191963 0.742355168 0.461264163 0.485606104
1341848019.834660 -0.028593540 -2.261497498 4.704409599 -0.017636834 0.743612289 0.462696671 0.482329279
1341848019.866778 -0.027465343 -2.264408827 4.712995052 -0.017142657 0.746146381 0.463026971 0.478098184
1341848019.898833 -0.026691437 -2.269914627 4.722314358 -0.015552578 0.748552024 0.463909000 0.473515064
1341848019.934782 -0.027320862 -2.277095318 4.733806133 -0.013298128 0.750684023 0.466529936 0.467596620
1341848019.966705 -0.025762558 -2.284413576 4.738617897 -0.013131938 0.751742899 0.468912572 0.463498831
1341848020.002811 -0.020721436 -2.286269665 4.746518612 -0.013618154 0.755050182 0.469476968 0.457498908
1341848020.034693 -0.021859169 -2.291788578 4.752989769 -0.014284966 0.758015692 0.469522715 0.452500522
1341848020.066696 -0.016458988 -2.295251131 4.764044285 -0.012763115 0.760464251 0.472054929 0.445752710
1341848020.102776 -0.016039371 -2.303877592 4.772974968 -0.012061597 0.762184501 0.473348320 0.441441715
1341848020.134758 -0.015649796 -2.308028460 4.779997349 -0.014180660 0.764721453 0.473112136 0.437224180
1341848020.170835 -0.009204388 -2.311273098 4.787939548 -0.015060336 0.768083751 0.472959757 0.431427509
1341848020.202706 -0.010205269 -2.318412542 4.797253132 -0.015584312 0.770339251 0.472739071 0.427612394
1341848020.234873 -0.008430958 -2.323309183 4.805293560 -0.016139645 0.772667050 0.473714560 0.422279179
1341848020.271152 0.000332832 -2.327586174 4.808086872 -0.016278220 0.775205076 0.474461675 0.416747302
1341848020.302754 0.003181458 -2.335267305 4.815920830 -0.015836557 0.778025627 0.474498779 0.411432028
1341848020.334861 0.007153511 -2.341483355 4.826041698 -0.015671868 0.780918121 0.474912614 0.405437231
1341848020.370812 0.018236160 -2.340738535 4.831808090 -0.014449388 0.783705115 0.475456208 0.399423361
1341848020.402809 0.022744179 -2.345057011 4.841351509 -0.013349268 0.787172079 0.474668860 0.393537015
1341848020.438816 0.030661583 -2.350324631 4.846876144 -0.014961167 0.790120244 0.473725706 0.388677448
1341848020.471200 0.042650223 -2.351104736 4.854373455 -0.015216166 0.794643223 0.471314937 0.382325768
1341848020.502691 0.045917988 -2.361362457 4.865949631 -0.013024515 0.798794687 0.469825566 0.375528038
1341848020.538748 0.049057007 -2.364390373 4.875506878 -0.010154603 0.801228285 0.471030444 0.368863821
1341848020.570790 0.062427998 -2.363875389 4.884080410 -0.007660576 0.803535521 0.472391576 0.362102538
1341848020.602764 0.063071251 -2.374637127 4.898770332 -0.006940308 0.805803537 0.473252177 0.355900168
1341848020.638929 0.070698261 -2.379190445 4.906813622 -0.004293277 0.806165814 0.477869987 0.348881900
1341848020.670809 0.082855225 -2.379961967 4.914376736 -0.003503079 0.807272375 0.479674339 0.343819112
1341848020.706669 0.081756115 -2.386633396 4.921559334 -0.003969774 0.808609962 0.479696900 0.340624779
1341848020.738994 0.090903282 -2.390877962 4.924963951 -0.005124814 0.808683038 0.483074009 0.335626274
1341848020.770817 0.104484081 -2.397217751 4.934550762 -0.003199856 0.809159517 0.485643923 0.330757856
1341848020.807216 0.108816147 -2.401021481 4.944816589 -0.003063875 0.809930503 0.486290842 0.327909142
1341848020.839066 0.118215084 -2.404195547 4.946800709 -0.004613663 0.810028195 0.488282025 0.324674726
1341848020.870955 0.127531528 -2.409094334 4.952808380 -0.004771333 0.811229050 0.487965673 0.322140038
1341848020.906582 0.133264065 -2.413476467 4.960828781 -0.002384878 0.812095225 0.489122510 0.318205625
1341848020.938790 0.145063877 -2.419983864 4.969444752 -0.003489483 0.812982559 0.490228415 0.314202696
1341848020.974874 0.152429581 -2.421160460 4.968237400 -0.003079452 0.813995540 0.489911467 0.312071413
1341848021.006632 0.153338909 -2.430206776 4.976377487 -0.003745306 0.815350533 0.488913059 0.310086250
1341848021.039636 0.161744118 -2.432369709 4.982532501 -0.002750859 0.815908432 0.490839988 0.305552065
1341848021.074762 0.172672749 -2.436940670 4.985821724 -0.001593615 0.816434562 0.492548227 0.301377535
1341848021.106691 0.178592205 -2.440314054 4.994850159 -0.003358288 0.818199039 0.491600603 0.298107356
1341848021.142795 0.186687946 -2.443131447 5.000892639 -0.004798652 0.819714487 0.492048293 0.293144554
1341848021.175038 0.200777531 -2.445452452 5.004819393 -0.004614234 0.820880294 0.492897868 0.288419694
1341848021.206698 0.210214138 -2.445594788 5.013145447 -0.004763104 0.822161973 0.493124485 0.284350753
1341848021.242671 0.222292423 -2.451140881 5.021143913 -0.007616628 0.824495256 0.492192060 0.279099584
1341848021.274899 0.226619720 -2.455030918 5.025554657 -0.007054796 0.826904655 0.490918875 0.274185538
1341848021.307283 0.236797810 -2.461544752 5.029047489 -0.005758584 0.828455150 0.491120249 0.269127816
1341848021.343359 0.249413490 -2.460896969 5.038636684 -0.005506155 0.832113802 0.488498181 0.262537181
1341848021.384830 0.259898186 -2.465265751 5.037268639 -0.005408396 0.835513949 0.485655487 0.256955236
1341848021.414272 0.274452209 -2.472357273 5.049446106 -0.004031844 0.839706182 0.483113617 0.247948840
1341848021.455728 0.289443970 -2.475848913 5.055528641 -0.000192442 0.842649698 0.482472301 0.239085704
1341848021.487906 0.293567181 -2.488595963 5.064217567 0.004679914 0.845609546 0.480490208 0.232490525
1341848021.514696 0.306739807 -2.494898796 5.072769165 0.006882704 0.848057449 0.479988903 0.224414706
1341848021.550755 0.315414906 -2.495352983 5.080522537 0.008545035 0.849150121 0.479821205 0.220550761
1341848021.617752 0.343406200 -2.502516985 5.096263885 0.002269711 0.852446377 0.477728844 0.212380081
1341848021.643147 0.351696491 -2.504986048 5.102047920 -0.001967384 0.853673041 0.476886988 0.209325895
1341848021.678764 0.370453358 -2.510746717 5.108431816 -0.004344576 0.855073392 0.476585835 0.204197600
1341848021.710743 0.377854347 -2.519347906 5.119389534 -0.003940620 0.855870128 0.476432294 0.201204196
1341848021.742811 0.393781662 -2.516966343 5.126573563 -0.004442519 0.856508791 0.477509856 0.195850268
1341848021.778676 0.393845081 -2.523570061 5.127478123 -0.002195902 0.856427431 0.478677064 0.193379447
1341848021.810867 0.408691883 -2.526369572 5.133484840 -0.003975948 0.856888175 0.479950368 0.188081145
1341848021.844563 0.419227600 -2.515477657 5.135105133 -0.008172303 0.857917130 0.479379267 0.184680521
1341848021.878887 0.431374073 -2.518753529 5.136936188 -0.008414741 0.858794332 0.479481161 0.180275515
1341848021.910628 0.447216034 -2.521795511 5.141556263 -0.009181842 0.859791398 0.479188293 0.176218837
1341848021.946714 0.463366508 -2.523154974 5.141929626 -0.011014923 0.861029446 0.478333712 0.172348201
1341848021.978747 0.481031895 -2.523488045 5.143532276 -0.012347183 0.863016486 0.476303250 0.167885140
1341848022.010782 0.495021343 -2.525429487 5.145568848 -0.014060795 0.864280283 0.475128770 0.164543271
1341848022.046709 0.507142305 -2.523656607 5.147502899 -0.014206314 0.865618885 0.474035889 0.160599455
1341848022.078665 0.522308111 -2.525007248 5.147942066 -0.015076064 0.866683602 0.473617882 0.155943692
1341848022.110954 0.528182745 -2.520977736 5.145890713 -0.015560160 0.867727458 0.472803950 0.152523354
1341848022.146749 0.544479370 -2.523534298 5.144266605 -0.015961545 0.868872762 0.472388476 0.147155240
1341848022.178988 0.562467337 -2.525280714 5.144898415 -0.017657829 0.870530427 0.470801175 0.142166287
1341848022.214773 0.576648474 -2.524397135 5.139470100 -0.017595936 0.871594846 0.470320076 0.137156442
1341848022.246774 0.591442108 -2.522299051 5.135033131 -0.016979942 0.873991549 0.467608869 0.131119996
1341848022.278764 0.601258993 -2.529844999 5.138623238 -0.013686250 0.875398755 0.466845751 0.124679066
1341848022.314757 0.618297338 -2.530344963 5.130347252 -0.008108462 0.875511348 0.468829781 0.116673902
1341848022.354110 0.629132748 -2.526894569 5.120066166 -0.007080700 0.877027810 0.467269421 0.111496083
1341848022.387191 0.638442993 -2.523976088 5.124264717 -0.007449689 0.879377961 0.464211226 0.105578735
1341848022.417848 0.655588388 -2.526384592 5.115410805 -0.004822076 0.879878283 0.464746743 0.099002361
1341848022.454164 0.667299509 -2.527230024 5.107441902 -0.003265942 0.881684482 0.462230802 0.094681211
1341848022.485638 0.678051710 -2.534114122 5.107628822 -0.003529635 0.883231103 0.460385919 0.089080207
1341848022.521730 0.693814039 -2.538051128 5.102195740 -0.002495060 0.883871734 0.460327119 0.082846425
1341848022.554231 0.707103968 -2.543397903 5.095299244 0.000599701 0.884560764 0.459763438 0.078546450
1341848022.586067 0.714543343 -2.543396235 5.092108727 -0.000774512 0.885765195 0.457965046 0.075415276
1341848022.621801 0.729335070 -2.548491478 5.085493565 -0.001732990 0.886228859 0.458172172 0.068364650
1341848022.654208 0.744333029 -2.552001476 5.077944756 -0.000543186 -0.887623012 -0.456271559 -0.062781341
1341848022.690287 0.746720552 -2.551407814 5.086213589 0.000376377 0.888873875 0.454297483 0.059303399
1341848022.721700 0.757079124 -2.553206444 5.080414772 0.000271050 0.887960315 0.457050741 0.051294401
1341848022.753725 0.775578618 -2.552997828 5.068833828 0.001072678 0.887734771 0.458263069 0.043828476
1341848022.782985 0.783133864 -2.550006390 5.074754715 0.001323687 0.888291061 0.457584709 0.039415158
1341848022.814772 0.789083600 -2.551548719 5.071871758 -0.001144869 0.886384010 0.461865246 0.031663250
1341848022.850799 0.811473250 -2.547398329 5.058804989 -0.003272128 0.885386109 0.464273930 0.023033705
1341848022.882710 0.816735983 -2.544880629 5.065135479 -0.003805698 0.885422051 0.464439899 0.017574731
1341848022.918835 0.829758227 -2.544537067 5.069160461 -0.010847923 0.881055474 0.472848594 0.006142009
1341848022.950815 0.833644688 -2.519135237 5.025535583 0.014077057 -0.878212988 -0.478061497 0.000969259
1341848022.982728 0.843802035 -2.518578053 5.039963245 0.022782991 -0.882948875 -0.468872219 0.006416305
1341848023.018822 0.847064972 -2.527449846 5.041102409 0.026550373 -0.880329490 -0.473309606 0.017120019
1341848023.050766 0.885805130 -2.510501385 5.026449680 0.027468756 -0.878469706 -0.475829184 0.033512495
1341848023.082738 0.897225738 -2.499631882 5.018925190 0.022590226 -0.879076838 -0.474408567 0.040621664
1341848023.118789 0.906316578 -2.494414091 5.026118755 0.021107651 -0.879233599 -0.473419458 0.048753068
1341848023.150992 0.925600648 -2.494371414 5.004463673 0.021270366 -0.876775980 -0.476617962 0.060388733
1341848023.186687 0.946641922 -2.480199575 5.013691902 0.021684082 -0.878604531 -0.471955717 0.069582120
1341848023.218702 0.918572962 -2.476001501 5.028423786 0.013331869 -0.877373517 -0.474177569 0.072066993
1341848023.250764 0.934034407 -2.469019890 5.021319866 0.011996442 -0.873872340 -0.479317546 0.080361284
1341848023.286758 0.956016541 -2.457874298 5.018763065 0.017091867 -0.871964037 -0.481503189 0.086840667
1341848023.318763 0.967111349 -2.453222513 5.016360760 0.023611739 -0.869595885 -0.484611452 0.091637067
1341848023.354762 0.979431152 -2.444930792 5.013327122 0.028004808 -0.867487669 -0.486689776 0.099065714
1341848023.386908 0.993900955 -2.436291695 5.005685806 0.030286487 -0.865718544 -0.488647848 0.104103282
1341848023.418717 1.013000965 -2.427284956 5.003964424 0.030023158 -0.864118993 -0.489964873 0.111047357
1341848023.454710 1.022782087 -2.423955917 5.004058361 0.028260207 -0.862224281 -0.491995543 0.117094763
1341848023.487092 1.012515306 -2.420356989 4.998081207 0.023164608 -0.860956371 -0.493699163 0.120327361
1341848023.518675 1.023073792 -2.416279078 4.992116928 0.025513092 -0.859975100 -0.494149804 0.124931701
1341848023.555068 1.032577991 -2.412338495 4.984450340 0.027939824 -0.858912706 -0.494335473 0.130846724
1341848023.586796 1.048634291 -2.402725458 4.977957726 0.028423876 -0.859029055 -0.492549568 0.136587590
1341848023.622845 1.054440022 -2.404236794 4.970615864 0.026707958 -0.858891726 -0.491838485 0.140309453
1341848023.654718 1.063655376 -2.402248621 4.963672638 0.027494539 -0.858548582 -0.490786910 0.145830721
1341848023.687172 1.075618386 -2.395374775 4.954630375 0.027609995 -0.858168960 -0.489363313 0.152667075
1341848023.722693 1.087029219 -2.389192104 4.943853378 0.026404237 -0.858108699 -0.487729996 0.158340931
1341848023.754690 1.091119528 -2.388583899 4.940504074 0.025408557 -0.857698262 -0.487422913 0.161638960
1341848023.786854 1.093885660 -2.388229609 4.925334930 0.026527114 -0.855892420 -0.489041001 0.166082621
1341848023.822788 1.107371211 -2.380022764 4.916698933 0.029530691 -0.855942965 -0.486689031 0.172114551
1341848023.854825 1.114168406 -2.374713182 4.906504631 0.029269738 -0.854748607 -0.487068325 0.176953733
1341848023.890666 1.118844986 -2.372868538 4.895673752 0.029597929 -0.853670895 -0.487319440 0.181355640
1341848023.922784 1.113988161 -2.370404959 4.888523579 0.028306270 -0.854144216 -0.485342294 0.184605688
1341848023.954826 1.119625092 -2.367124557 4.875401020 0.027860908 -0.853942990 -0.483435243 0.190514147
1341848023.990739 1.125329494 -2.363193989 4.869852066 0.024235956 -0.853332400 -0.481976867 0.197318971
1341848024.022671 1.133197308 -2.356566191 4.858346462 0.019031439 -0.851422906 -0.482669979 0.204319969
1341848024.054725 1.139257431 -2.353720665 4.841870308 0.016371734 -0.850099802 -0.483385861 0.208327919
1341848024.090828 1.146646500 -2.349747181 4.831875801 0.014238017 -0.849718869 -0.481871724 0.213482335
1341848024.122843 1.153206110 -2.344735384 4.823832512 0.012091706 -0.848208725 -0.482047766 0.219147980
1341848024.158762 1.161249399 -2.337743044 4.805575371 0.008971306 -0.846470773 -0.482731849 0.224447757
1341848024.190945 1.162072659 -2.339395523 4.790374279 0.007420046 -0.845801532 -0.482882857 0.226691261
1341848024.222838 1.155517340 -2.338332891 4.798268795 0.004687034 -0.845368505 -0.481861532 0.230520308
1341848024.258826 1.162387133 -2.328573942 4.782512665 0.004179303 -0.842723608 -0.483366191 0.236973926
1341848024.290769 1.166064262 -2.326543570 4.776153564 0.002481480 -0.842190206 -0.482886046 0.239855453
1341848024.322705 1.169032812 -2.321776390 4.766537666 0.003466815 -0.839337468 -0.485817313 0.243889809
1341848024.358743 1.174231529 -2.313351870 4.754510880 0.005148278 -0.837309420 -0.486739576 0.248939931
1341848024.390878 1.179834604 -2.310462713 4.742607117 0.007387229 -0.835744202 -0.487038642 0.253516287
1341848024.426783 1.184906483 -2.306124687 4.736163139 0.007395750 -0.834259510 -0.487343907 0.257783562
1341848024.458795 1.188579321 -2.294667006 4.727182388 0.006953888 -0.832829475 -0.487453669 0.262174845
1341848024.491019 1.193702698 -2.292020798 4.721880913 0.007340543 -0.831250131 -0.487778425 0.266536266
1341848024.526783 1.197898149 -2.286861181 4.717754364 0.008036569 -0.829116344 -0.489076257 0.270750672
1341848024.558627 1.205184221 -2.278484106 4.708115578 0.008914727 -0.827500939 -0.489881843 0.274186939
1341848024.594736 1.211032391 -2.277387857 4.704282761 0.008937044 -0.826130152 -0.490394235 0.277385443
1341848024.626657 1.219803095 -2.266991615 4.694615841 0.010968456 -0.823164463 -0.492141008 0.282979220
1341848024.658717 1.228563070 -2.258934736 4.684566975 0.011991451 -0.821226358 -0.492603064 0.287725002
1341848024.694820 1.235639334 -2.257095814 4.682359219 0.010444757 -0.820157647 -0.492232084 0.291444540
1341848024.727054 1.245804071 -2.248912573 4.675315857 0.010028898 -0.817171037 -0.494304866 0.296299934
1341848024.758938 1.254065037 -2.237008095 4.660010338 0.010035264 -0.814958692 -0.494784206 0.301546395
1341848024.794701 1.262124062 -2.236105204 4.658667564 0.011452587 -0.814339161 -0.493422538 0.305376649
1341848024.826727 1.273523331 -2.229770899 4.652047157 0.011456770 -0.812610269 -0.493324935 0.310103178
1341848024.862797 1.287827015 -2.218771696 4.642215729 0.009705305 -0.811960757 -0.490961552 0.315566570
1341848024.894777 1.302559137 -2.216837883 4.637382030 0.007270225 -0.811324954 -0.489484191 0.319537669
1341848024.926754 1.314403534 -2.215447664 4.633172035 0.004709990 -0.810277700 -0.488570631 0.323614955
1341848024.962678 1.325050116 -2.200933695 4.620440483 0.002988374 -0.809749067 -0.486149013 0.328567564
1341848024.994729 1.336592197 -2.202081442 4.627001762 -0.000540278 -0.809448659 -0.484514803 0.331719667
1341848025.026872 1.350622892 -2.189861059 4.614775658 -0.001714232 -0.806416392 -0.485775828 0.337211400
1341848025.062647 1.364489555 -2.184535742 4.610857964 -0.001049308 -0.805798590 -0.484393328 0.340662092
1341848025.094714 1.379120588 -2.179908752 4.608342171 0.002543602 -0.804168880 -0.484484494 0.344355613
1341848025.131056 1.396500587 -2.170103073 4.597444057 0.003011944 -0.801438093 -0.484922707 0.350054175
1341848025.163080 1.411223888 -2.160595655 4.590341568 0.000853752 -0.800805926 -0.482511044 0.354813129
1341848025.194910 1.420419693 -2.162903547 4.588473320 -0.000845599 -0.799226940 -0.483630031 0.356844038
1341848025.230646 1.425252914 -2.154573679 4.581970215 -0.001442939 -0.797374189 -0.483184725 0.361558974
1341848025.262679 1.438847542 -2.144112825 4.575311184 -0.002770123 -0.797267914 -0.480230302 0.365698189
1341848025.294743 1.449859142 -2.137804747 4.573367119 -0.003669043 -0.796952844 -0.478892207 0.368123651
1341848025.330653 1.460538387 -2.134021044 4.561469078 -0.001507375 -0.794466078 -0.480710387 0.371132076
1341848025.363022 1.474018574 -2.124638081 4.553747177 -0.000439236 -0.793967307 -0.478619903 0.374885142
1341848025.398825 1.482019424 -2.124156952 4.551271439 -0.002418396 -0.793250382 -0.478541881 0.376491398
1341848025.430687 1.484570503 -2.129133224 4.548227310 -0.002982253 -0.791432023 -0.480683446 0.377584338
1341848025.462832 1.493021965 -2.125467777 4.539658546 -0.000824212 -0.790120304 -0.480360419 0.380740225
1341848025.498683 1.503405094 -2.118093729 4.533617020 0.000978084 -0.789193690 -0.479191810 0.384119302
1341848025.530800 1.512863636 -2.111634016 4.525977135 0.001044759 -0.787463307 -0.479318112 0.387498021
1341848025.566751 1.519820690 -2.106218338 4.518394470 0.001987505 -0.786037803 -0.479346722 0.390342742
1341848025.598738 1.526842594 -2.104282141 4.512446404 0.003103438 -0.784597635 -0.479728758 0.392756045
1341848025.630731 1.533590794 -2.097253799 4.507110596 0.003092613 -0.783512831 -0.479191333 0.395567715
1341848025.666677 1.537842751 -2.094780207 4.504403114 0.002352638 -0.782394946 -0.479010493 0.397996932
1341848025.698755 1.546022415 -2.093186140 4.499313831 0.002851939 -0.780451775 -0.479651958 0.401024729
1341848025.730719 1.551897049 -2.082642317 4.490695477 0.004792031 -0.778335035 -0.480230510 0.404413372
1341848025.766716 1.558858395 -2.077371120 4.483160496 0.005927510 -0.777510047 -0.479131609 0.407278776
1341848025.798909 1.567675114 -2.072594166 4.478887081 0.005685017 -0.776878655 -0.477436244 0.410465568
1341848025.834828 1.570531368 -2.064265251 4.470164299 0.003659845 -0.775182545 -0.477173060 0.413986146
1341848025.866679 1.573917389 -2.060294390 4.465311527 0.002535015 -0.775333107 -0.475207001 0.415969282
1341848025.898725 1.581157684 -2.055783987 4.460041046 0.000723713 -0.774384856 -0.474023402 0.419081569
1341848025.934824 1.587396145 -2.048428535 4.450372696 -0.000399224 -0.772433877 -0.474019617 0.422671527
1341848025.967138 1.594320774 -2.043704033 4.445089340 -0.001033194 -0.771849632 -0.472538233 0.425387770
1341848025.998679 1.603846073 -2.037992954 4.438774109 -0.002312688 -0.769853175 -0.472540081 0.428983331
1341848026.034640 1.608934402 -2.020472288 4.426109791 -0.002781150 -0.767655671 -0.471458197 0.434078574
1341848026.066857 1.612859249 -2.020990372 4.423120975 -0.004144207 -0.767513990 -0.469532728 0.436399072
1341848026.102823 1.621950150 -2.012969017 4.420522690 -0.005712543 -0.766147852 -0.467759162 0.440665662
1341848026.134670 1.627321720 -2.000597715 4.407008171 -0.007919442 -0.763617396 -0.467480540 0.445295125
1341848026.166699 1.638768196 -1.993591189 4.402094364 -0.011158738 -0.763487816 -0.464460909 0.448595494
1341848026.202754 1.643588543 -1.986175418 4.395833015 -0.013171834 -0.760946333 -0.464785904 0.452505618
1341848026.234940 1.647584915 -1.973530889 4.390956879 -0.014514071 -0.759277582 -0.463713288 0.456351817
1341848026.267001 1.664399147 -1.958744168 4.388535976 -0.018127793 -0.758741319 -0.459746301 0.461103350
1341848026.302861 1.656206608 -1.977505803 4.384887695 -0.023105346 -0.755046368 -0.465734124 0.460936964
1341848026.334824 1.660945892 -1.967482805 4.375623226 -0.022904579 -0.753198743 -0.464946508 0.464749306
1341848026.371024 1.668943405 -1.956673980 4.369059563 -0.022726744 -0.752463877 -0.462749362 0.468128920
1341848026.402725 1.676027298 -1.950551629 4.361498833 -0.024292035 -0.750929892 -0.461850137 0.471390158
1341848026.434734 1.682058334 -1.942038536 4.351312637 -0.025427103 -0.749602616 -0.459698468 0.475527972
1341848026.470839 1.689391136 -1.934768677 4.347569466 -0.026449405 -0.749625027 -0.456369549 0.478633225
1341848026.502672 1.692326546 -1.935414076 4.342376709 -0.026019547 -0.748367131 -0.456225753 0.480757385
1341848026.534739 1.700466156 -1.926836610 4.333664894 -0.024649616 -0.747330785 -0.454048842 0.484488130
1341848026.570847 1.707112312 -1.918903232 4.323624611 -0.023269234 -0.746818423 -0.452623606 0.486675113
1341848026.602721 1.714317799 -1.912067652 4.316644669 -0.020629326 -0.746156156 -0.452050269 0.488340110
1341848026.641972 1.723744392 -1.900717497 4.306733608 -0.019461133 -0.744526207 -0.450576812 0.492222071
1341848026.671128 1.729930878 -1.895494103 4.299630165 -0.020326890 -0.744161844 -0.449022353 0.494154841
1341848026.702795 1.730648041 -1.898929834 4.300325871 -0.019742312 -0.745070100 -0.448922276 0.492899239
1341848026.738795 1.740932465 -1.887453794 4.294019699 -0.018358126 -0.744891286 -0.446918577 0.495039195
1341848026.770813 1.750731468 -1.879446149 4.289049625 -0.018484803 -0.744592369 -0.446431160 0.495923162
1341848026.806747 1.761460304 -1.869479895 4.281849861 -0.018304117 -0.743685186 -0.446668983 0.497075677
1341848026.838668 1.770166874 -1.861875534 4.277673721 -0.017430635 -0.743577540 -0.447320879 0.496681720
1341848026.878025 1.775511742 -1.860808730 4.272891045 -0.017380973 -0.742698908 -0.448515445 0.496920645
1341848026.906905 1.789392471 -1.847559690 4.263524055 -0.015392254 -0.741400182 -0.448837876 0.498631597
1341848026.938881 1.800649643 -1.836787343 4.257588387 -0.015262178 -0.741782248 -0.448169857 0.498668253
1341848026.970651 1.817399979 -1.827056050 4.252866745 -0.014548747 -0.742074013 -0.447305739 0.499031246
1341848027.006815 1.828172207 -1.823379993 4.250267029 -0.014185348 -0.741790354 -0.448246211 0.498619288
1341848027.038669 1.840366364 -1.812943578 4.242524147 -0.013774582 -0.741413355 -0.446757346 0.500524163
1341848027.074785 1.848155499 -1.821970820 4.240265846 -0.015632587 -0.740988016 -0.448640078 0.499414146
1341848027.106663 1.857501030 -1.814414382 4.232074261 -0.016953655 -0.739061594 -0.448866040 0.502015889
1341848027.138671 1.871353626 -1.805895448 4.219012260 -0.015541204 -0.738415837 -0.446651936 0.504977763
1341848027.174831 1.887355328 -1.802266955 4.222617149 -0.014759514 -0.740152538 -0.443489254 0.505246222
1341848027.207212 1.900156975 -1.797123432 4.219327450 -0.015471054 -0.739669561 -0.441580623 0.507598519
1341848027.238696 1.913756847 -1.791958928 4.223773956 -0.018007018 -0.740664124 -0.437125564 0.509915352
1341848027.274701 1.928776741 -1.787514210 4.217979431 -0.017127734 -0.740399539 -0.436157763 0.511157215
1341848027.306705 1.942890167 -1.782202125 4.214399815 -0.016858831 -0.740156949 -0.434054583 0.513303161
1341848027.342775 1.950813770 -1.786116362 4.200043678 -0.016138708 -0.738180220 -0.435566396 0.514889777
1341848027.374943 1.965116024 -1.782920003 4.194039822 -0.017122084 -0.739364088 -0.432629049 0.515635252
1341848027.406837 1.978692532 -1.776021957 4.192859173 -0.016330037 -0.741395831 -0.429748178 0.515152514
1341848027.442959 1.991301537 -1.771093011 4.182126522 -0.015872357 -0.741997778 -0.428106457 0.515666902
1341848027.474800 2.007774353 -1.764888525 4.179574966 -0.014207111 -0.744944692 -0.424371302 0.514552891
1341848027.506714 2.018516541 -1.762519121 4.173710823 -0.013129121 -0.746572375 -0.422860205 0.513465285
1341848027.543310 2.028712749 -1.758510828 4.167862415 -0.013397924 -0.748873591 -0.421149135 0.511509836
1341848027.574717 2.041594505 -1.755550504 4.169983864 -0.011836310 -0.752109766 -0.418882906 0.508653164
1341848027.610716 2.050667286 -1.751632929 4.165111542 -0.011387789 -0.753374517 -0.418174595 0.507372916
1341848027.642684 2.060350418 -1.742509961 4.158897877 -0.010818239 -0.754528105 -0.416782022 0.506816685
1341848027.674731 2.067292690 -1.742145658 4.153661728 -0.008841487 -0.754976809 -0.418343216 0.504896939
1341848027.711026 2.073647976 -1.738870978 4.147112846 -0.009508375 -0.754800320 -0.418975860 0.504624069
1341848027.742789 2.081916332 -1.732390285 4.142671585 -0.009599522 -0.755762696 -0.418418109 0.503643692
1341848027.778768 2.087800503 -1.727057457 4.130506992 -0.008861472 -0.756208897 -0.419083923 0.502432406
1341848027.810746 2.097710133 -1.723483682 4.127457142 -0.007293535 -0.757189512 -0.419120789 0.500947833
1341848027.842836 2.104900360 -1.721197128 4.122469902 -0.006561137 -0.757117271 -0.420893997 0.499578446
1341848027.878669 2.108869076 -1.713802218 4.110491753 -0.006109398 -0.757090092 -0.422718763 0.498082548
1341848027.911127 2.115547657 -1.709777951 4.106861591 -0.004445668 -0.758422136 -0.423245847 0.495619953
1341848027.942732 2.121990204 -1.702396750 4.104407310 -0.002990955 -0.759107351 -0.424112409 0.493837893
1341848027.978757 2.124727249 -1.699429989 4.083409309 -0.001836038 -0.757745624 -0.427000850 0.493445516
1341848028.011034 2.129798412 -1.697058439 4.082337856 0.000175182 -0.760166168 -0.426446646 0.490194499
1341848028.046706 2.135078430 -1.689519763 4.075302601 0.001045550 -0.760667205 -0.425766677 0.490007252
1341848028.078967 2.141068935 -1.682227492 4.063772202 0.000592281 -0.761880755 -0.423814982 0.489814609
1341848028.110971 2.143362522 -1.682844639 4.055020332 -0.000031262 -0.763435781 -0.423822790 0.487380862
1341848028.150637 2.146114349 -1.675574303 4.047132492 -0.000527334 -0.763983846 -0.422240496 0.487894922
1341848028.186050 2.149426699 -1.676661730 4.029471397 0.000283125 -0.763153315 -0.422618270 0.488866866
1341848028.254235 2.156242847 -1.665076852 4.019195557 -0.000456901 -0.764753044 -0.419197172 0.489312112
1341848028.278830 2.158566713 -1.661330581 4.004700184 -0.000665753 -0.764400959 -0.418619841 0.490355194
1341848028.314908 2.161607742 -1.660801530 3.996765137 0.000059855 -0.764429212 -0.418194473 0.490674406
1341848028.347962 2.166016579 -1.653444290 3.987650871 0.000235230 -0.763936877 -0.416560560 0.492826402
1341848028.378956 2.169079781 -1.649549246 3.980024338 -0.000650045 -0.763813555 -0.414703429 0.494580090
1341848028.414628 2.170579195 -1.645935297 3.971037388 -0.001206587 -0.764324009 -0.413329333 0.494940698
1341848028.447632 2.174047709 -1.637147784 3.960127592 -0.001175815 -0.763914526 -0.411040634 0.497472376
1341848028.482785 2.179560423 -1.633594275 3.952547550 -0.001269528 -0.764441967 -0.409013569 0.498331994
1341848028.514701 2.187907219 -1.623574734 3.948841572 -0.003932562 -0.765166163 -0.405537903 0.500044286
1341848028.546612 2.190439701 -1.619307756 3.935720921 -0.005989408 -0.764580369 -0.406395316 0.500223756
1341848028.582747 2.197298765 -1.614102602 3.924207687 -0.004652088 -0.764409423 -0.406059295 0.500771880
1341848028.614649 2.206861496 -1.606971979 3.919960499 -0.005504706 -0.765143335 -0.404896945 0.500583589
1341848028.653766 2.209396362 -1.603503704 3.900291443 -0.006024896 -0.763020575 -0.408002257 0.501295924
1341848028.721828 2.220076323 -1.593746543 3.882500648 -0.006594699 -0.763601899 -0.407552987 0.500768661
1341848028.747229 2.224465847 -1.585801125 3.873142242 -0.008135272 -0.763663292 -0.406301618 0.501668572
1341848028.782861 2.230287790 -1.580936551 3.861054897 -0.008562597 -0.764000833 -0.405676097 0.501653731
1341848028.814757 2.233113289 -1.576341033 3.850109100 -0.007796289 -0.764023960 -0.406207949 0.501200438
1341848028.850773 2.240133524 -1.569893360 3.841002464 -0.007700395 -0.764158666 -0.404802591 0.502132535
1341848028.882714 2.247858763 -1.564504385 3.837218761 -0.008741423 -0.765341640 -0.403783262 0.501133621
1341848028.914838 2.251843691 -1.557987213 3.828493118 -0.010509626 -0.765096188 -0.404782146 0.500668466
1341848028.950881 2.255803585 -1.555266976 3.816147089 -0.012344347 -0.763867199 -0.406601697 0.501028657
1341848028.982690 2.258872747 -1.549758434 3.804698944 -0.012609099 -0.763378322 -0.407915086 0.500699401
1341848029.018728 2.261207581 -1.551978707 3.796713352 -0.011353274 -0.762778521 -0.410308987 0.499686420
1341848029.050751 2.265234470 -1.546180129 3.788442135 -0.009138385 -0.762336612 -0.410368502 0.500357032
1341848029.082877 2.270079374 -1.540868044 3.780737400 -0.008436915 -0.762082577 -0.409780383 0.501237571
1341848029.118800 2.274162531 -1.535327911 3.775015354 -0.009008060 -0.761920691 -0.409637451 0.501590371
1341848029.150715 2.277950764 -1.531723976 3.766496181 -0.008814428 -0.760634243 -0.411419600 0.502087533
1341848029.182676 2.281980515 -1.525362015 3.758518219 -0.007849112 -0.759013116 -0.412785500 0.503433943
1341848029.218708 2.286114693 -1.522063017 3.752974510 -0.007528627 -0.757827759 -0.413658619 0.504506648
1341848029.250626 2.290583849 -1.516561627 3.745015144 -0.005974841 -0.756940842 -0.414899707 0.504839659
1341848029.286969 2.295233965 -1.512838602 3.737916946 -0.003666811 -0.755550206 -0.415891618 0.506127119
1341848029.320225 2.301189899 -1.505908370 3.732944965 -0.002516201 -0.754188836 -0.415658176 0.508351505
1341848029.350954 2.307385921 -1.498900771 3.724729538 -0.004163670 -0.753833771 -0.413716108 0.510447204
1341848029.386923 2.313767672 -1.494621158 3.718094587 -0.003358145 -0.753491700 -0.413176656 0.511394203
1341848029.418757 2.318458319 -1.491127133 3.711695433 -0.003002456 -0.751845002 -0.413642675 0.513439298
1341848029.450819 2.326979160 -1.484630823 3.703721046 -0.002914430 -0.751040757 -0.411608189 0.516244233
1341848029.486788 2.333336592 -1.485244393 3.698697090 -0.002306419 -0.749795914 -0.411757529 0.517934918
1341848029.518925 2.340185642 -1.482327938 3.693511486 -0.001238414 -0.748703241 -0.410817295 0.520260692
1341848029.554721 2.350363970 -1.475382566 3.684787273 -0.001402522 -0.747790158 -0.407883406 0.523869395
1341848029.586990 2.360430241 -1.472445726 3.679791451 -0.002870783 -0.748048306 -0.405199468 0.525574982
1341848029.618715 2.369407177 -1.470070362 3.671018124 -0.004177732 -0.746124566 -0.404615968 0.528740644
1341848029.655302 2.375949860 -1.463703990 3.664244652 -0.004805909 -0.744314432 -0.402586669 0.532819808
1341848029.686830 2.386569023 -1.460954189 3.658625126 -0.005187516 -0.743940949 -0.400481105 0.534920514
1341848029.718752 2.397709131 -1.455261707 3.655930519 -0.005133919 -0.742253125 -0.399562031 0.537944496
1341848029.754791 2.405437469 -1.447216868 3.648167849 -0.005977341 -0.740031779 -0.398028791 0.542116582
1341848029.786949 2.416535378 -1.445840359 3.644355774 -0.006419426 -0.739776909 -0.396237463 0.543769121
1341848029.822778 2.425636053 -1.444362521 3.636738539 -0.006706884 -0.736956716 -0.397010595 0.547021449
1341848029.854811 2.432733059 -1.438663483 3.633646488 -0.007211567 -0.735683322 -0.395858318 0.549558342
1341848029.887992 2.443903208 -1.433427811 3.627425432 -0.008557674 -0.734198451 -0.393839628 0.552964509
1341848029.922779 2.453554869 -1.429498911 3.621989250 -0.009112662 -0.732357323 -0.394094467 0.555211067
1341848029.954640 2.458122730 -1.424674749 3.615422726 -0.010237485 -0.729785442 -0.393709630 0.558839202
1341848029.990762 2.469601154 -1.419775367 3.611399889 -0.010299415 -0.728467464 -0.392324328 0.561525345
1341848030.022873 2.477561235 -1.414861202 3.608193159 -0.011164541 -0.727030456 -0.391973794 0.563612103
1341848030.054776 2.483668089 -1.411178589 3.602005720 -0.011635671 -0.725111485 -0.392460406 0.565732181
1341848030.090782 2.491989374 -1.406210184 3.595572472 -0.011400962 -0.723487318 -0.391685367 0.568347394
1341848030.122796 2.498791218 -1.401823282 3.590498447 -0.011104254 -0.721899390 -0.391417831 0.570552468
1341848030.154918 2.505308867 -1.394557595 3.584675789 -0.011352874 -0.719943583 -0.390674472 0.573520541
1341848030.190683 2.508977413 -1.392825127 3.580390930 -0.011262806 -0.717966199 -0.390737951 0.575952768
1341848030.222713 2.512491941 -1.388759851 3.574236393 -0.010835131 -0.715286672 -0.391186327 0.578982711
1341848030.258930 2.518933058 -1.385343552 3.571291924 -0.010023514 -0.713216543 -0.390868813 0.581758916
1341848030.290864 2.523252249 -1.379033089 3.565331697 -0.010934821 -0.710612714 -0.390207112 0.585361898
1341848030.322775 2.528029680 -1.376848459 3.561423540 -0.010860769 -0.708758831 -0.390917510 0.587134242
1341848030.358886 2.531870842 -1.369866133 3.555526733 -0.010308390 -0.705197573 -0.391300678 0.591163218
1341848030.390832 2.534856796 -1.364501953 3.549967289 -0.010413092 -0.703059316 -0.390582502 0.594175577
1341848030.422795 2.540889025 -1.358685851 3.546384096 -0.010247064 -0.701053262 -0.390259981 0.596754968
1341848030.458888 2.543121576 -1.351596355 3.538838863 -0.010705068 -0.698799372 -0.389411539 0.599936247
1341848030.490846 2.548316717 -1.346710205 3.534386635 -0.010414536 -0.697386026 -0.389613479 0.601452947
1341848030.526716 2.550460339 -1.339702010 3.527592421 -0.010396197 -0.695194125 -0.389599204 0.603994608
1341848030.565795 2.551735640 -1.335458517 3.519999504 -0.010837706 -0.693031728 -0.388189316 0.607370257
1341848030.590919 2.555005789 -1.330933928 3.512783766 -0.011430281 -0.691210628 -0.386934698 0.610228479
1341848030.626961 2.558351755 -1.324743748 3.506445646 -0.012797137 -0.689251065 -0.385317624 0.613432646
1341848030.658903 2.559991121 -1.319045782 3.498475552 -0.014834474 -0.688130379 -0.382682204 0.616288006
1341848030.690656 2.564687490 -1.314685345 3.489412785 -0.015481652 -0.687236011 -0.380589157 0.618562043
1341848030.726765 2.568394899 -1.308778524 3.480324030 -0.016396372 -0.685478091 -0.378752112 0.621609092
1341848030.758759 2.570217609 -1.303616047 3.473854542 -0.016134240 -0.683572769 -0.375959396 0.625397921
1341848030.794692 2.574946165 -1.299727440 3.464348078 -0.015436705 -0.681774735 -0.373548537 0.628813505
1341848030.827483 2.578648329 -1.293326855 3.456712008 -0.015564049 -0.680613995 -0.370291114 0.631986439
1341848030.859838 2.585710526 -1.289405227 3.444894314 -0.017903291 -0.678773701 -0.366240203 0.636249900
1341848030.894711 2.591294289 -1.281857252 3.439382553 -0.021597939 -0.677439511 -0.361597687 0.640200198
1341848030.926741 2.594406605 -1.276384830 3.427883387 -0.025257366 -0.676310360 -0.357720375 0.643430233
1341848030.958727 2.599392653 -1.274591804 3.416173458 -0.024582798 -0.675556600 -0.355214745 0.645632684
1341848030.994735 2.606178522 -1.269799948 3.407352924 -0.024403734 -0.673611045 -0.351171911 0.649869919
1341848031.026698 2.611115932 -1.264224410 3.398369312 -0.026713731 -0.673162699 -0.346931994 0.652515590
1341848031.062783 2.614628792 -1.259282112 3.388138533 -0.028997537 -0.673641622 -0.343497545 0.653739691
1341848031.094761 2.620248079 -1.254957318 3.378683090 -0.031309284 -0.672599196 -0.340763003 0.656133175
1341848031.126776 2.624124050 -1.249825239 3.369154453 -0.033349752 -0.672696769 -0.338323206 0.657194316
1341848031.162860 2.633238792 -1.244584799 3.355832815 -0.034390647 -0.673043013 -0.336180419 0.657885432
1341848031.194685 2.638459921 -1.240446568 3.346213341 -0.035930306 -0.672350883 -0.334863365 0.659181178
1341848031.230953 2.639899015 -1.236050367 3.339703321 -0.037019435 -0.671765924 -0.334782809 0.659757972
1341848031.262715 2.644942522 -1.232451677 3.330277443 -0.038196366 -0.671758056 -0.334111869 0.660038948
1341848031.294747 2.650350332 -1.225407720 3.319802046 -0.040919404 -0.670766115 -0.333827227 0.661027849
1341848031.330754 2.647970438 -1.224740744 3.314295769 -0.043123938 -0.670241237 -0.334860027 0.660897732
1341848031.363008 2.652092218 -1.222912788 3.304590225 -0.042029403 -0.669465303 -0.334461838 0.661955535
1341848031.394753 2.658037901 -1.219092131 3.297678471 -0.040372331 -0.668530703 -0.333984643 0.663242817
1341848031.430611 2.659885645 -1.217869401 3.290500879 -0.040338051 -0.666806996 -0.332986385 0.665478230
1341848031.472150 2.664469242 -1.215863824 3.283185482 -0.039002188 -0.665912569 -0.331999779 0.666944921
1341848031.502110 2.668107510 -1.214733839 3.276475906 -0.037314855 -0.663925827 -0.333461344 0.668291628
1341848031.538148 2.669316530 -1.209453225 3.271345377 -0.035908125 -0.662094653 -0.332228214 0.670794904
1341848031.562876 2.677228451 -1.207601786 3.266953468 -0.035105091 -0.660861671 -0.330763489 0.672774196
1341848031.598730 2.681211233 -1.203818083 3.262951612 -0.034905907 -0.658334434 -0.330023497 0.675619602
1341848031.630816 2.684450865 -1.201214671 3.254244566 -0.034828715 -0.656119704 -0.328756243 0.678390205
1341848031.662784 2.687781096 -1.201295018 3.250091553 -0.034365259 -0.654622674 -0.327909172 0.680267394
1341848031.698757 2.692742109 -1.197813153 3.244263649 -0.033630073 -0.652341604 -0.326744974 0.683049917
1341848031.730668 2.697045803 -1.195811749 3.237193584 -0.031968642 -0.650873244 -0.324946046 0.685384750
1341848031.766658 2.706391096 -1.194667459 3.232419252 -0.029465690 -0.649983644 -0.322765678 0.687368393
1341848031.798743 2.712890148 -1.191466928 3.229896545 -0.029675694 -0.647920847 -0.320854813 0.690195739
1341848031.830821 2.716188908 -1.188500404 3.222546339 -0.030850545 -0.645167291 -0.317584395 0.694224536
1341848031.866735 2.722635984 -1.188751340 3.218687057 -0.030498572 -0.643325329 -0.315423012 0.696929574
1341848031.898722 2.726362705 -1.185800076 3.210125446 -0.028974947 -0.640192449 -0.314234614 0.700407565
1341848031.930844 2.733426571 -1.179494381 3.206342697 -0.029128242 -0.639004946 -0.309300274 0.703674316
1341848031.966694 2.741984844 -1.176622868 3.198128939 -0.029379180 -0.637105107 -0.308356851 0.705797493
1341848031.998742 2.745704412 -1.176394343 3.193357706 -0.028796263 -0.634443879 -0.307304770 0.708671689
1341848032.034711 2.751802206 -1.169987202 3.184688568 -0.026480570 -0.632594109 -0.305420995 0.711225450
1341848032.066718 2.762478828 -1.166395545 3.181669474 -0.026818324 -0.631555796 -0.303714335 0.712864399
1341848032.098732 2.768941402 -1.161238790 3.174005508 -0.027428402 -0.630608082 -0.302063197 0.714380145
1341848032.134739 2.773654938 -1.160407424 3.163887024 -0.026954299 -0.629581153 -0.303066462 0.714878857
1341848032.166964 2.781305552 -1.157603860 3.157481194 -0.027143897 -0.627896011 -0.303061932 0.716354251
1341848032.203043 2.782664061 -1.150058866 3.150712729 -0.027247135 -0.627037048 -0.301557899 0.717736006
1341848032.234663 2.788603544 -1.148295403 3.144712687 -0.027718043 -0.626738250 -0.301572919 0.717972696
1341848032.266730 2.794924021 -1.143764853 3.138316870 -0.028216440 -0.624602973 -0.302222997 0.719538927
1341848032.302842 2.798463106 -1.136519790 3.133307457 -0.027118841 -0.624272406 -0.301016122 0.720373452
1341848032.334617 2.809932709 -1.135504961 3.130001545 -0.026188884 -0.624201834 -0.300547302 0.720664740
1341848032.366699 2.812134743 -1.130489826 3.121902704 -0.026127858 -0.621240914 -0.301591218 0.722786188
1341848032.402980 2.815895081 -1.128751159 3.117072105 -0.025255051 -0.620593190 -0.299381673 0.724290609
1341848032.434730 2.824140549 -1.124021649 3.111627579 -0.023995787 -0.619522154 -0.297301084 0.726105154
1341848032.470791 2.830461740 -1.121508837 3.105941296 -0.023433797 -0.618995965 -0.296762705 0.726792157
1341848032.502972 2.834197521 -1.117213964 3.098635435 -0.023379855 -0.618621707 -0.295263976 0.727722406
1341848032.534733 2.840029955 -1.115643978 3.092508793 -0.023369441 -0.618038833 -0.293947697 0.728750050
1341848032.570910 2.843562126 -1.112446308 3.087334156 -0.023295946 -0.617535353 -0.292942762 0.729583442
1341848032.603044 2.847343445 -1.107375979 3.078011513 -0.022212666 -0.618509650 -0.290683955 0.729695380
1341848032.634746 2.852433920 -1.106816292 3.070295572 -0.020620359 -0.619344950 -0.289219707 0.729615450
1341848032.670780 2.857346535 -1.104983211 3.062831879 -0.017966708 -0.619015574 -0.288499177 0.730250061
1341848032.702791 2.861433506 -1.101519942 3.052472115 -0.016304586 -0.619222522 -0.287565798 0.730481803
1341848032.738725 2.871873379 -1.096553564 3.045166731 -0.015823688 -0.620057821 -0.285243183 0.730694354
1341848032.770741 2.875876188 -1.090638399 3.033495426 -0.015804907 -0.618886590 -0.285899520 0.731430829
1341848032.802941 2.875489950 -1.085654140 3.025407791 -0.015269443 -0.619205058 -0.285361826 0.731382668
1341848032.838781 2.882193804 -1.084705353 3.019966125 -0.015437632 -0.621367157 -0.284530252 0.729867935
1341848032.870732 2.882506847 -1.079973102 3.010584831 -0.016520515 -0.620478094 -0.284805655 0.730492890
1341848032.902707 2.883500338 -1.079313040 3.000179768 -0.018065389 -0.619828224 -0.284202904 0.731242478
1341848032.938845 2.887756824 -1.071193337 2.991797686 -0.017131669 -0.619296968 -0.283751160 0.731890082
1341848032.970816 2.888908148 -1.066961527 2.983267069 -0.016887702 -0.617690206 -0.285237879 0.732675254
1341848033.006687 2.888991117 -1.059775352 2.977727413 -0.016380062 -0.616995335 -0.283528894 0.733934581
1341848033.039238 2.888492107 -1.057500482 2.967391253 -0.016583482 -0.615894735 -0.282510519 0.735245943
1341848033.070841 2.884968996 -1.054120421 2.964340448 -0.015344710 -0.615138888 -0.282134354 0.736049533
1341848033.106948 2.883171558 -1.052005887 2.955708981 -0.014369139 -0.613342285 -0.280576855 0.738160849
1341848033.139110 2.883346081 -1.047203541 2.946647644 -0.014400138 -0.612536490 -0.277239472 0.740087867
1341848033.170741 2.883215189 -1.040505528 2.940346479 -0.016699113 -0.611438334 -0.274655312 0.741908908
1341848033.206854 2.883471727 -1.036177754 2.930866957 -0.018975059 -0.609156907 -0.273319751 0.744220555
1341848033.238728 2.882740498 -1.032622337 2.922360897 -0.018866958 -0.607083142 -0.272272110 0.746298909
1341848033.274940 2.885122061 -1.028412104 2.916155100 -0.018224685 -0.605361044 -0.271790594 0.747887611
1341848033.306665 2.881990194 -1.025496006 2.910107136 -0.019799264 -0.602954865 -0.271859646 0.749763906
1341848033.338836 2.883557558 -1.019115925 2.901380539 -0.020570913 -0.600825489 -0.269489378 0.752303839
1341848033.374810 2.884813070 -1.013136148 2.892836809 -0.020513449 -0.598613679 -0.270145923 0.753831685
1341848033.406805 2.879399776 -1.008615255 2.885871887 -0.020419916 -0.597185612 -0.270524651 0.754830420
1341848033.443097 2.882613659 -1.008641958 2.878801584 -0.021164566 -0.596708000 -0.268791586 0.755806088
1341848033.474671 2.885895729 -1.002429724 2.870502234 -0.020916179 -0.595163286 -0.268346280 0.757187963
1341848033.506807 2.882800817 -0.999452829 2.861866713 -0.022051528 -0.593742967 -0.267779946 0.758470178
1341848033.542876 2.881254911 -0.995843172 2.856223583 -0.021917846 -0.593527794 -0.266354322 0.759144187
1341848033.574826 2.882764101 -0.992772877 2.848173618 -0.022763327 -0.592022955 -0.264891297 0.760804415
1341848033.606870 2.882317781 -0.988753796 2.842513084 -0.024430361 -0.590089560 -0.262787193 0.762981296
1341848033.642934 2.881075382 -0.987099469 2.834108829 -0.025557365 -0.589624584 -0.261567175 0.763722777
1341848033.674924 2.882276773 -0.983893692 2.825966358 -0.025526345 -0.588309109 -0.261080682 0.764903784
1341848033.710808 2.883416891 -0.980544448 2.821661711 -0.027034102 -0.587267518 -0.259550750 0.766171992
1341848033.742797 2.878945589 -0.980418801 2.812706947 -0.028484443 -0.587047338 -0.257485628 0.766984463
1341848033.774817 2.882673025 -0.975662231 2.807568073 -0.026175473 -0.587252140 -0.256994933 0.767074525
1341848033.811114 2.885866642 -0.974276483 2.802168369 -0.026439682 -0.585181296 -0.256483525 0.768817365
1341848033.842774 2.881595135 -0.974181890 2.796527386 -0.028133141 -0.584017694 -0.254411727 0.770328820
1341848033.874878 2.881945610 -0.971519649 2.791551113 -0.028972400 -0.583347440 -0.253374040 0.771147192
1341848033.911229 2.882840633 -0.967147470 2.787186861 -0.028530853 -0.580860317 -0.251927644 0.773511350
1341848033.942752 2.885631084 -0.963666439 2.780275345 -0.025583012 -0.576899230 -0.249938339 0.777215302
1341848033.978916 2.888852596 -0.962800503 2.773561478 -0.022375565 -0.573868930 -0.247315854 0.780390084
1341848034.010755 2.892366648 -0.966777444 2.769928217 -0.019999908 -0.570773721 -0.245606005 0.783259332
1341848034.042713 2.892173290 -0.966658354 2.763717175 -0.018355440 -0.565518379 -0.242687494 0.788006902
1341848034.078802 2.892062902 -0.967262506 2.759728670 -0.020182544 -0.562728405 -0.238119557 0.791346073
1341848034.110771 2.897730589 -0.968777299 2.758017302 -0.019884745 -0.562147081 -0.234466448 0.792856157
1341848034.142710 2.903711557 -0.968652844 2.753568649 -0.017249752 -0.556674957 -0.229836836 0.798116863
1341848034.178809 2.905139446 -0.961649299 2.749882221 -0.014813747 -0.552881002 -0.226232603 0.801824152
1341848034.210696 2.910846949 -0.962444305 2.742278576 -0.014511717 -0.550905228 -0.223537028 0.803942859
1341848034.246723 2.913228035 -0.960758984 2.737462282 -0.016572589 -0.547304869 -0.220120519 0.807297826
1341848034.278739 2.915153742 -0.955090106 2.733623743 -0.015874555 -0.544480562 -0.216655374 0.810153902
1341848034.318061 2.921142340 -0.953697920 2.729704857 -0.014482844 -0.543092072 -0.213346392 0.811988115
1341848034.353785 2.927006960 -0.953016281 2.719604254 -0.015774256 -0.540036321 -0.210714787 0.814684749
1341848034.386162 2.932026148 -0.949450493 2.713463783 -0.016667457 -0.538986266 -0.207449466 0.816199005
1341848034.421769 2.938188553 -0.944515228 2.704291105 -0.016933464 -0.537289917 -0.205186978 0.817882121
1341848034.453838 2.942120314 -0.939657748 2.698033333 -0.016930819 -0.535455287 -0.204462215 0.819265723
1341848034.485678 2.940149307 -0.937234759 2.689481735 -0.016618179 -0.533904850 -0.204262391 0.820333064
1341848034.521747 2.945094109 -0.931583643 2.679155350 -0.015024298 -0.533479214 -0.204404786 0.820605278
1341848034.553684 2.948633194 -0.924501002 2.670101404 -0.014566869 -0.532207608 -0.204574734 0.821396410
1341848034.585774 2.954201937 -0.921017408 2.660146236 -0.015855648 -0.532123566 -0.205035910 0.821312010
1341848034.653784 2.966711998 -0.910337150 2.647126198 -0.019574771 -0.531731904 -0.206877857 0.821023524
1341848034.683883 2.971098423 -0.899921179 2.639170885 -0.020095669 -0.530043304 -0.206685871 0.822150409
1341848034.715163 2.975777864 -0.899912596 2.633046627 -0.021684781 -0.530200243 -0.206785828 0.821983576
1341848034.746742 2.981920004 -0.886884272 2.623306751 -0.022111667 -0.530081093 -0.206573591 0.822102487
1341848034.782798 2.982468605 -0.885624647 2.616920948 -0.024625445 -0.529087245 -0.207760781 0.822372019
1341848034.814737 2.985233307 -0.875627339 2.607499599 -0.023578499 -0.527998984 -0.207727969 0.823110163
1341848034.846851 2.987881899 -0.869967580 2.599722862 -0.022945849 -0.527791023 -0.209668174 0.822769403
1341848034.882707 2.987701654 -0.865280509 2.595629692 -0.024702672 -0.526319921 -0.209362224 0.823738158
1341848034.914816 2.990815639 -0.861302733 2.588411808 -0.025252564 -0.524751186 -0.209907889 0.824583113
1341848034.951491 2.991443634 -0.853879988 2.584499359 -0.024733644 -0.523088455 -0.210556924 0.825489342
1341848034.983028 2.993854523 -0.850337744 2.579388142 -0.025230134 -0.521199703 -0.210563198 0.826666534
1341848035.014942 2.991791487 -0.848634005 2.575130939 -0.026707852 -0.519342482 -0.211132139 0.827643275
1341848035.050945 2.993055820 -0.842155695 2.569906235 -0.027867526 -0.518303275 -0.210244432 0.828482032
1341848035.084295 2.992560387 -0.839927018 2.564767838 -0.027458768 -0.517333031 -0.210764989 0.828969717
1341848035.118886 2.994281292 -0.834447145 2.561479568 -0.027394235 -0.515906096 -0.211725622 0.829616070
1341848035.150978 2.995952845 -0.829052985 2.553315401 -0.029386545 -0.514722943 -0.211591750 0.830316663
1341848035.183874 2.991475344 -0.825513184 2.548431396 -0.030154992 -0.514302492 -0.211698741 0.830522299
1341848035.218946 2.992192984 -0.819488764 2.543899059 -0.029404467 -0.512636364 -0.211749122 0.831565857
1341848035.251174 2.991741657 -0.814769030 2.537573814 -0.029499792 -0.511770010 -0.211739257 0.832098424
1341848035.284261 2.988254070 -0.810166836 2.531283379 -0.029388929 -0.512012661 -0.210280120 0.832323015
1341848035.319914 2.991222382 -0.809638619 2.525366306 -0.030018652 -0.511824965 -0.208615586 0.832834721
1341848035.350991 2.986995459 -0.808792949 2.518573046 -0.030845050 -0.511586726 -0.207018733 0.833349228
1341848035.422709 2.984975100 -0.802574754 2.504496336 -0.031823259 -0.511285365 -0.202195346 0.834680557
1341848035.453465 2.980442047 -0.799710512 2.497270107 -0.032157689 -0.510846972 -0.200800687 0.835272670
1341848035.486822 2.982392311 -0.795796335 2.488491774 -0.031898070 -0.511272430 -0.197976962 0.835696161
1341848035.518623 2.982034922 -0.786605537 2.478956461 -0.032738112 -0.510643601 -0.195529670 0.836623847
1341848035.550852 2.973942041 -0.783651352 2.469725609 -0.035319615 -0.509325862 -0.191721290 0.838202059
1341848035.586716 2.972597599 -0.780619383 2.464143515 -0.034287054 -0.509550035 -0.188743919 0.838784218
1341848035.618790 2.971271515 -0.777313828 2.457920790 -0.033999801 -0.507876396 -0.187257275 0.840143085
1341848035.654654 2.969640255 -0.775038838 2.450109720 -0.036695581 -0.505747736 -0.183936253 0.842045248
1341848035.686693 2.966497421 -0.771421611 2.442224741 -0.038614452 -0.504158556 -0.181218073 0.843500555
1341848035.718791 2.964014530 -0.766845584 2.434971571 -0.041586190 -0.500258327 -0.179630026 0.846017361
1341848035.755991 2.960655212 -0.761508942 2.425268650 -0.042829759 -0.497587353 -0.177365869 0.848005772
1341848035.786729 2.958297253 -0.760327935 2.417548895 -0.042881034 -0.495746762 -0.177019089 0.849152923
1341848035.818784 2.953990221 -0.755855381 2.411362886 -0.043987010 -0.492077976 -0.176007375 0.851437509
1341848035.854701 2.951282740 -0.754946351 2.402472496 -0.045200948 -0.489977211 -0.173105225 0.853178680
1341848035.886689 2.950333118 -0.752444625 2.394601345 -0.046419010 -0.489575177 -0.170098916 0.853948414
1341848035.922832 2.945348263 -0.746182740 2.388355017 -0.047412928 -0.488666594 -0.166698515 0.855084002
1341848035.954633 2.944967270 -0.745575905 2.381018400 -0.048396382 -0.489052862 -0.163615301 0.855403543
1341848035.986741 2.944916725 -0.745399356 2.369561195 -0.050122850 -0.489322633 -0.162040100 0.855449617
1341848036.022779 2.942739010 -0.739905655 2.361860514 -0.053244650 -0.489137918 -0.159731507 0.855800807
1341848036.054911 2.941619873 -0.736519754 2.357656717 -0.054577958 -0.488917977 -0.158598423 0.856053174
1341848036.087013 2.938981056 -0.732310414 2.349926710 -0.054487545 -0.487635851 -0.157760546 0.856944561
1341848036.122737 2.935225010 -0.732516348 2.345319986 -0.055730663 -0.485616982 -0.159703240 0.857650995
1341848036.154810 2.927548885 -0.726550341 2.337831974 -0.057233188 -0.483275801 -0.158971459 0.859009326
1341848036.190835 2.922788382 -0.725765824 2.331493139 -0.057506461 -0.482055366 -0.158354878 0.859790325
1341848036.223282 2.921078205 -0.720382154 2.324160337 -0.056686390 -0.480412424 -0.158561364 0.860725760
1341848036.254692 2.915436268 -0.719519496 2.316785812 -0.055668812 -0.478917420 -0.160022423 0.861354709
1341848036.290758 2.916878462 -0.713866949 2.311359882 -0.052675888 -0.476691663 -0.160893604 0.862614393
1341848036.322672 2.914078951 -0.713257611 2.302991390 -0.052661344 -0.473740757 -0.161798239 0.864070475
1341848036.354859 2.910415649 -0.709681392 2.296463251 -0.053004179 -0.473219484 -0.161780894 0.864338398
1341848036.390843 2.904912233 -0.704266191 2.288826942 -0.052991286 -0.472163290 -0.160340250 0.865184844
1341848036.422758 2.901734829 -0.701781213 2.281776905 -0.052712299 -0.469475985 -0.159983173 0.866729021
1341848036.458823 2.897178888 -0.697456121 2.277820110 -0.052052900 -0.468289912 -0.159827247 0.867438912
1341848036.491205 2.895738840 -0.695569932 2.268767357 -0.051268872 -0.468278468 -0.159511462 0.867549956
1341848036.522726 2.888414383 -0.691983819 2.261054516 -0.050747816 -0.467087597 -0.159436822 0.868236065
1341848036.558942 2.887774944 -0.686486363 2.253466129 -0.049213041 -0.466362417 -0.157539085 0.869060218
1341848036.590723 2.884999990 -0.683305383 2.241206408 -0.047939587 -0.464247555 -0.156494230 0.870451331
1341848036.626802 2.880684376 -0.679495931 2.231692791 -0.048301935 -0.462172568 -0.152996302 0.872155726
1341848036.658670 2.881615162 -0.672320664 2.216931105 -0.046276208 -0.460934579 -0.149599507 0.873508990
1341848036.691175 2.880291939 -0.669702947 2.210038662 -0.044030268 -0.460628629 -0.147243336 0.874186575
1341848036.726753 2.879986763 -0.663511574 2.196417093 -0.042302154 -0.458864748 -0.144045323 0.875730991
1341848036.758851 2.875791550 -0.660538733 2.185794830 -0.042512216 -0.457462490 -0.140686646 0.876999557
1341848036.790720 2.873084545 -0.656515062 2.174544811 -0.040476784 -0.456054717 -0.137783736 0.878288925
1341848036.826992 2.873842955 -0.654112816 2.164866209 -0.039337862 -0.453964859 -0.136740863 0.879585385
1341848036.858633 2.869277954 -0.647797406 2.144208193 -0.039789606 -0.449883968 -0.134518117 0.882001162
1341848036.894756 2.866099358 -0.645990312 2.134148598 -0.041794490 -0.448266238 -0.130403683 0.883349061
1341848036.926846 2.862020254 -0.640113294 2.125440836 -0.040245276 -0.446633846 -0.128640324 0.884505689
1341848036.958725 2.859993696 -0.635163367 2.113031149 -0.037238818 -0.444840193 -0.127342403 0.885728180
1341848036.994836 2.857369900 -0.630087614 2.100014210 -0.036691289 -0.442327857 -0.124736041 0.887378633
1341848037.026790 2.853385925 -0.623777866 2.090375185 -0.034066781 -0.441615552 -0.124169670 0.887917280
1341848037.061042 2.852383375 -0.625392616 2.075896740 -0.031495199 -0.441350549 -0.124384113 0.888113916
1341848037.094661 2.852570057 -0.620614529 2.063594818 -0.029021885 -0.440519422 -0.121442616 0.889017522
1341848037.126709 2.851629257 -0.615555763 2.054219484 -0.027749440 -0.441189855 -0.119400732 0.889002264
1341848037.162789 2.848203659 -0.605883360 2.042670727 -0.023829898 -0.441633433 -0.115224138 0.889446735
1341848037.194724 2.835974693 -0.611411750 2.026904106 -0.016797407 -0.444535643 -0.116019942 0.888057053
1341848037.227032 2.844210625 -0.600487173 2.018338442 -0.012321852 -0.446983099 -0.112296864 0.887380242
1341848037.263738 2.838684559 -0.600791693 1.991229892 -0.010180757 -0.447540134 -0.110770375 0.887318552
1341848037.295192 2.834815025 -0.599184036 1.978325486 -0.004536479 -0.451092958 -0.112015404 0.885407925
1341848037.326868 2.838047981 -0.602765679 1.963270903 -0.005431211 -0.450442106 -0.113150187 0.885589898
1341848037.362746 2.831258774 -0.598805785 1.958664775 -0.004918355 -0.451057225 -0.112252332 0.885394156
1341848037.395057 2.827589989 -0.594750226 1.943956017 -0.001276088 -0.451496422 -0.113235556 0.885057688
1341848037.430946 2.836402416 -0.590010643 1.944838285 0.001533661 -0.453523785 -0.114303701 0.883882701
1341848037.462765 2.826359510 -0.573676229 1.927742481 0.004717095 -0.452208936 -0.113982894 0.884586215
1341848037.494842 2.818994761 -0.570569992 1.918173671 0.005573716 -0.453109473 -0.114912510 0.883999944
1341848037.530725 2.819730759 -0.562732995 1.911528349 0.007075587 -0.452946335 -0.115124136 0.884045303
1341848037.562958 2.810472965 -0.562055588 1.901435018 0.006339428 -0.450982898 -0.117084660 0.884796858
1341848037.595756 2.803693295 -0.558697701 1.890570879 0.007149056 -0.450279236 -0.117645450 0.885074615
1341848037.630756 2.801562309 -0.547005296 1.888695002 0.008538794 -0.449433059 -0.117630623 0.885494232
1341848037.662669 2.792943001 -0.546043754 1.880485892 0.008508944 -0.446092546 -0.119484648 0.886934340
1341848037.698670 2.786828756 -0.542059183 1.877894402 0.009682856 -0.445144176 -0.119666763 0.887374163
1341848037.730964 2.782292366 -0.539349735 1.860209346 0.010398200 -0.441860795 -0.120829605 0.888848245
1341848037.769764 2.775485754 -0.535740614 1.851978302 0.009215800 -0.439272851 -0.119599357 0.890309215
1341848037.798917 2.763038635 -0.535076976 1.847054482 0.008913126 -0.437376022 -0.118911564 0.891337693
1341848037.837792 2.759660721 -0.525791168 1.841673970 0.010661936 -0.435926169 -0.115667216 0.892454922
1341848037.866711 2.751947880 -0.516739130 1.833082676 0.007231083 -0.432777137 -0.112498693 0.894424856
1341848037.898921 2.745977879 -0.514976919 1.827803135 0.003010940 -0.429961592 -0.111298457 0.895955741
1341848037.930939 2.738522768 -0.513826847 1.823685050 -0.000332607 -0.426210642 -0.110804103 0.897812307
1341848037.966864 2.729498386 -0.507817507 1.808129311 -0.003096325 -0.421426803 -0.111392409 0.899989784
1341848037.998629 2.722793102 -0.505442262 1.807854891 -0.005951791 -0.420218885 -0.110882580 0.900603056
1341848038.030908 2.714200020 -0.493306607 1.798698545 -0.005817149 -0.416431576 -0.109734744 0.902501643
1341848038.066849 2.705126286 -0.487671673 1.793331623 -0.008661171 -0.411958963 -0.109937936 0.904504597
1341848038.098674 2.699463367 -0.491221547 1.793672323 -0.013520818 -0.409917802 -0.109841108 0.905383646
1341848038.134662 2.690385580 -0.481926769 1.785538197 -0.013894793 -0.406575561 -0.109042734 0.906980157
1341848038.166674 2.688556194 -0.477548838 1.778073192 -0.014197416 -0.403612375 -0.110695571 0.908097982
1341848038.198711 2.678164005 -0.481212378 1.763929844 -0.018069122 -0.399142534 -0.110240839 0.910058081
1341848038.234726 2.667669296 -0.479254425 1.759006977 -0.019323351 -0.397823691 -0.108823135 0.910780132
1341848038.274093 2.663490772 -0.477670014 1.753564596 -0.018712988 -0.396109700 -0.108939014 0.911525786
1341848038.306525 2.657139063 -0.470404118 1.746883154 -0.018424487 -0.393590987 -0.108750753 0.912644565
1341848038.341933 2.650314808 -0.468637347 1.740974069 -0.018603710 -0.391740143 -0.108112693 0.913512588
1341848038.374117 2.645608902 -0.469271839 1.737751007 -0.017348636 -0.389792562 -0.109528445 0.914201498
1341848038.409802 2.637170792 -0.462173820 1.731295109 -0.015488794 -0.387654305 -0.110360488 0.915043652
1341848038.441825 2.632819653 -0.459801972 1.721405506 -0.015567095 -0.386971176 -0.107826240 0.915633440
1341848038.473889 2.625283241 -0.453019351 1.715436101 -0.014804587 -0.385163337 -0.107355349 0.916463315
1341848038.510185 2.614531994 -0.455925256 1.708610058 -0.014773456 -0.382835537 -0.108562559 0.917296529
1341848038.542164 2.610102654 -0.458016634 1.692365408 -0.012893038 -0.382411569 -0.106633581 0.917727888
1341848038.566862 2.610438347 -0.452950001 1.683831453 -0.009356853 -0.381189823 -0.106363945 0.918310165
1341848038.602989 2.602038860 -0.448591352 1.673292398 -0.007865773 -0.379755735 -0.106484011 0.918904185
1341848038.634739 2.597130775 -0.443690479 1.666425586 -0.006064161 -0.380662024 -0.105910428 0.918609142
1341848038.670685 2.600126028 -0.438110381 1.659337878 -0.005171251 -0.381184787 -0.106510699 0.918328404
1341848038.702868 2.585159540 -0.436243623 1.649581790 -0.005788097 -0.379319429 -0.106830142 0.919059634
1341848038.734794 2.579328537 -0.431040347 1.643097281 -0.002245340 -0.379241049 -0.107498251 0.919029593
1341848038.770741 2.581239462 -0.427337766 1.622843623 -0.001669661 -0.377379149 -0.108144961 0.919721067
1341848038.802800 2.576603651 -0.421448231 1.612091780 -0.003289420 -0.377352953 -0.106083728 0.919967473
1341848038.838770 2.569139481 -0.416747808 1.603605151 -0.002958680 -0.376866192 -0.104422212 0.920358121
1341848038.871141 2.568192005 -0.413530499 1.595113993 -0.001489279 -0.374245435 -0.103921622 0.921487093
1341848038.902781 2.563341618 -0.409485012 1.583934426 -0.004015004 -0.371315926 -0.101573542 0.922925413
1341848038.938767 2.558906794 -0.409605056 1.576851606 -0.006311813 -0.371094108 -0.098021775 0.923385680
1341848038.970765 2.563626289 -0.394978702 1.560634613 -0.005211821 -0.368272007 -0.096941933 0.924635530
1341848039.002634 2.560709715 -0.394510567 1.551422715 -0.008419890 -0.363638103 -0.097574681 0.926377714
1341848039.038895 2.555653572 -0.391868621 1.541474700 -0.008109094 -0.360924661 -0.095064119 0.927701771
1341848039.070805 2.555836678 -0.384881884 1.532364845 -0.007691252 -0.359061241 -0.092375092 0.928699553
1341848039.106775 2.552579403 -0.377283216 1.526649117 -0.008265261 -0.357671082 -0.091134004 0.929353416
1341848039.138656 2.549846649 -0.372643501 1.517700434 -0.007460602 -0.356358856 -0.089108847 0.930060387
1341848039.170737 2.549285889 -0.364242226 1.500393629 -0.008162967 -0.353747129 -0.087192915 0.931232393
1341848039.206814 2.543444157 -0.359711528 1.494944215 -0.008768834 -0.352255732 -0.085957788 0.931906819
1341848039.238881 2.540359259 -0.353195995 1.487962961 -0.006336051 -0.351376921 -0.084292412 0.932410300
1341848039.270959 2.541239023 -0.345887810 1.476740360 -0.005691084 -0.349140644 -0.083681986 0.933309078
1341848039.306747 2.536631823 -0.346481979 1.467192173 -0.008233786 -0.347737312 -0.082670763 0.933903992
1341848039.338889 2.533584833 -0.341168970 1.461508274 -0.007497233 -0.346926808 -0.080803826 0.934374869
1341848039.374766 2.533839226 -0.336944729 1.452881455 -0.007474285 -0.345699012 -0.081295319 0.934787393
1341848039.406886 2.531098127 -0.332415998 1.448642373 -0.007804024 -0.343987674 -0.081454389 0.935401976
1341848039.438853 2.530757189 -0.329845995 1.441836953 -0.008393921 -0.342978686 -0.081744574 0.935742021
1341848039.474867 2.524445057 -0.323188692 1.439403176 -0.008924483 -0.341238856 -0.082095489 0.936342239
1341848039.507121 2.524833441 -0.321626514 1.424884915 -0.009315932 -0.338956773 -0.084007494 0.936997473
1341848039.538659 2.522066832 -0.316909045 1.418325782 -0.008017145 -0.337175339 -0.083533905 0.937694311
1341848039.574890 2.513777018 -0.311698705 1.409394026 -0.007627961 -0.335816771 -0.083641447 0.938175440
1341848039.606721 2.506485462 -0.311119258 1.405411601 -0.007744257 -0.335093468 -0.084139891 0.938388526
1341848039.642714 2.504290581 -0.305164635 1.402900815 -0.005638555 -0.332970262 -0.084900819 0.939090490
1341848039.674760 2.498721600 -0.300007284 1.392353296 -0.003972406 -0.331188500 -0.084673688 0.939749300
1341848039.707168 2.494817257 -0.302356929 1.385954380 -0.005015087 -0.331635237 -0.084878609 0.939568341
1341848039.742862 2.487919331 -0.298687965 1.379079342 -0.004754677 -0.329267859 -0.086555511 0.940249026
1341848039.775334 2.480777264 -0.297727734 1.375783563 -0.003776146 -0.326629668 -0.087404251 0.941094816
1341848039.806875 2.473991632 -0.292699397 1.368733048 -0.001377546 -0.325271815 -0.087573603 0.941555798
1341848039.843282 2.474498272 -0.291426808 1.366747975 -0.001356130 -0.324649572 -0.087793261 0.941750109
1341848039.881803 2.461036444 -0.283930659 1.365298390 -0.000082948 -0.321907043 -0.086606927 0.942801774
1341848039.913822 2.452401161 -0.277284175 1.345470428 0.001550136 -0.319876730 -0.084864326 0.943649590
1341848039.943367 2.446123600 -0.270951420 1.336542726 0.000781398 -0.317744255 -0.082456991 0.944583952
1341848039.974815 2.433134556 -0.264291435 1.333720326 -0.000674454 -0.316349626 -0.079710186 0.945287704
1341848040.010707 2.426525354 -0.269343764 1.329069972 -0.001612583 -0.316147625 -0.077683881 0.945522785
1341848040.042768 2.424396276 -0.261857957 1.317952156 -0.002374548 -0.314210594 -0.075720474 0.946325779
1341848040.078716 2.409473419 -0.253625572 1.316665173 -0.004440357 -0.311189413 -0.073234797 0.947511613
1341848040.110819 2.395463228 -0.253644168 1.316695929 -0.007122082 -0.308882594 -0.073200837 0.948252380
1341848040.142744 2.390905142 -0.249956861 1.311850309 -0.008807693 -0.305484384 -0.072286680 0.949408472
1341848040.178810 2.379743099 -0.244739830 1.302568913 -0.010379474 -0.301921040 -0.072140634 0.950542927
1341848040.211029 2.371983051 -0.247442096 1.300214648 -0.015799450 -0.300150782 -0.070034474 0.951186121
1341848040.242681 2.365207195 -0.238022223 1.294812799 -0.016906053 -0.296512127 -0.069034815 0.952380717
1341848040.278950 2.354825020 -0.240801662 1.289648175 -0.019000277 -0.292730153 -0.068117738 0.953576505
1341848040.310719 2.343366385 -0.239644542 1.286278009 -0.017753001 -0.291232020 -0.065874934 0.954216540
1341848040.346920 2.339230537 -0.236818552 1.276473403 -0.020682558 -0.289244384 -0.062267154 0.955004096
1341848040.378809 2.329524517 -0.236594051 1.274923325 -0.023059072 -0.287061810 -0.060047429 0.955750048
1341848040.410884 2.318571806 -0.241341650 1.268529534 -0.022313416 -0.284619272 -0.056952909 0.956687212
1341848040.446720 2.315763950 -0.238309711 1.262516737 -0.021445543 -0.283958912 -0.053202763 0.957119048
1341848040.478680 2.308843136 -0.237140760 1.258717895 -0.021861454 -0.283186525 -0.049966041 0.957512915
1341848040.517796 2.300051212 -0.237313971 1.250977874 -0.020242285 -0.281359136 -0.048659973 0.958154261
1341848040.546685 2.294208765 -0.238672495 1.244035244 -0.018877922 -0.280706167 -0.048064712 0.958403647
1341848040.578879 2.289074898 -0.231467456 1.237578273 -0.017796997 -0.280250639 -0.047610354 0.958580256
1341848040.614917 2.284980536 -0.230694428 1.234447837 -0.018286545 -0.279737115 -0.045996711 0.958799899
1341848040.646758 2.280416012 -0.229525864 1.229540467 -0.016402993 -0.277519375 -0.046388868 0.959459245
1341848040.679034 2.271431208 -0.231942445 1.226741791 -0.015752753 -0.272617221 -0.046017244 0.960892379
1341848040.714653 2.271444321 -0.240184948 1.227984428 -0.013337084 -0.267191201 -0.045080520 0.962496102
1341848040.746821 2.255091190 -0.238778442 1.213579059 -0.009340219 -0.256809294 -0.043619014 0.965432107
1341848040.778774 2.244888306 -0.233999789 1.209768176 -0.005161198 -0.251430809 -0.042674862 0.966920257
1341848040.814675 2.242339849 -0.232019737 1.211304069 -0.004529731 -0.245245174 -0.041064415 0.968580425
1341848040.846908 2.230011940 -0.235193938 1.204865813 -0.004530230 -0.239095554 -0.039434280 0.970184386
1341848040.882827 2.226258993 -0.234737679 1.199622273 -0.001939174 -0.234469622 -0.039259322 0.971328497
1341848040.914699 2.218871117 -0.227762535 1.195832372 -0.001522139 -0.228857651 -0.035323340 0.972817719
1341848040.946862 2.214246750 -0.229830816 1.192260504 -0.002526644 -0.225788996 -0.032223430 0.973639905
1341848040.984484 2.200724840 -0.225819677 1.188900590 -0.001655406 -0.219435781 -0.029868573 0.975168288
1341848041.022638 2.195045233 -0.219826013 1.183788300 -0.003785287 -0.215813994 -0.025520943 0.976093590
1341848041.058859 2.183562994 -0.222287282 1.184839368 -0.005726071 -0.213795155 -0.020792199 0.976640463
1341848041.094347 2.186275244 -0.214743778 1.174854994 -0.006515765 -0.209458336 -0.016816460 0.977651298
1341848041.122188 2.179006815 -0.212541252 1.182070613 -0.011654260 -0.205211520 -0.013073830 0.978560984
1341848041.189954 2.166170835 -0.204726413 1.169020534 -0.017667376 -0.197960511 -0.002391850 0.980047822
1341848041.218698 2.158063412 -0.199914709 1.169641733 -0.020120118 -0.195166767 -0.000099938 0.980563700
1341848041.250726 2.151978731 -0.201158971 1.166788816 -0.022189742 -0.192886382 0.001753225 0.980968595
1341848041.283054 2.144885302 -0.196268171 1.162169337 -0.026209800 -0.189797357 0.004114743 0.981464803
1341848041.319290 2.135955811 -0.191073120 1.167796493 -0.027001124 -0.188412145 0.005983972 0.981700599
1341848041.355465 2.131136179 -0.190138474 1.163447380 -0.026278552 -0.185720518 0.007190171 0.982224882
1341848041.384901 2.124265432 -0.188783854 1.164366364 -0.027483834 -0.182366684 0.005621631 0.982830346
1341848041.418768 2.112516403 -0.187543660 1.165928245 -0.027873147 -0.177508652 0.008835236 0.983684778
1341848041.450845 2.108334064 -0.184084132 1.157748103 -0.029169783 -0.173963219 0.011814623 0.984249175
1341848041.482801 2.100843191 -0.184144080 1.158043861 -0.033158846 -0.171182469 0.010307484 0.984627247
1341848041.518788 2.085665703 -0.185727239 1.160384297 -0.034748465 -0.165628523 0.010386255 0.985521138
1341848041.550730 2.079796314 -0.185007185 1.160471559 -0.034844976 -0.160735071 0.010691913 0.986324430
1341848041.586805 2.067821741 -0.183358207 1.162551761 -0.035582706 -0.156230286 0.010252892 0.987026334
1341848041.618743 2.054494858 -0.182195157 1.163191676 -0.035143606 -0.151933819 0.011159566 0.987702668
1341848041.650957 2.045248270 -0.178234041 1.161621213 -0.034802884 -0.149019808 0.012528864 0.988142192
1341848041.686781 2.032184362 -0.184122935 1.168312550 -0.035461828 -0.147182867 0.013327347 0.988383591
1341848041.718789 2.016756296 -0.180068478 1.160894036 -0.033704586 -0.142831251 0.016202809 0.989040375
1341848041.750776 2.006923676 -0.183489084 1.165786862 -0.035090514 -0.141891792 0.019973790 0.989058375
1341848041.786711 1.996054053 -0.178387135 1.161020160 -0.032363966 -0.140575707 0.022042084 0.989295304
1341848041.818704 1.984848261 -0.179465890 1.162247777 -0.031831387 -0.140488192 0.026019938 0.989228368
1341848041.854747 1.971084476 -0.178608194 1.160041928 -0.031219227 -0.139787376 0.028824657 0.989269435
1341848041.886710 1.955883503 -0.178638220 1.161945343 -0.031719580 -0.137432024 0.032099728 0.989482701
1341848041.918718 1.941770434 -0.182171449 1.163678765 -0.029803937 -0.135789514 0.034902994 0.989674091
1341848041.954693 1.934778452 -0.185700729 1.160472155 -0.028173884 -0.134442911 0.036931224 0.989832103
1341848041.994975 1.925169945 -0.187126011 1.160306811 -0.031161798 -0.133235112 0.041075174 0.989742517
1341848042.018871 1.910151958 -0.195128754 1.170313716 -0.032812357 -0.131477490 0.045472015 0.989731967
1341848042.054627 1.900823593 -0.194275215 1.162386179 -0.029572142 -0.128925771 0.046660621 0.990114391
1341848042.089498 1.891489625 -0.193993673 1.164485455 -0.030943748 -0.126565740 0.047631215 0.990330756
1341848042.122881 1.881946325 -0.200086862 1.169842124 -0.033298828 -0.125599608 0.052507561 0.990130782
1341848042.154788 1.871451616 -0.200991854 1.165393949 -0.031584628 -0.122597933 0.053448100 0.990512729
1341848042.186714 1.859297752 -0.209836617 1.166550756 -0.033397797 -0.119223155 0.051014915 0.990993381
1341848042.222883 1.847956777 -0.211380422 1.169896603 -0.034418516 -0.116052017 0.054244984 0.991163373
1341848042.254762 1.839128494 -0.211333603 1.168115973 -0.033917688 -0.113192163 0.054435790 0.991500795
1341848042.290694 1.830504656 -0.212946564 1.169914484 -0.034744762 -0.108328000 0.051203039 0.992187560
1341848042.322759 1.816118598 -0.213094100 1.171993256 -0.034986395 -0.103838257 0.052849103 0.992572725
1341848042.354987 1.806195974 -0.208636940 1.172155738 -0.035751294 -0.101762265 0.057212301 0.992518544
1341848042.390711 1.793883920 -0.210399136 1.174130559 -0.038773585 -0.099273175 0.058191743 0.992600203
1341848042.429737 1.781630158 -0.209205970 1.180499911 -0.039128963 -0.094976559 0.060634255 0.992860496
1341848042.461752 1.771589756 -0.208422765 1.180030823 -0.038982507 -0.090814278 0.064355657 0.993021429
1341848042.490921 1.760019064 -0.203541920 1.176919222 -0.041251857 -0.086380668 0.066856749 0.993160069
1341848042.522713 1.746184587 -0.208327606 1.185535669 -0.044457521 -0.081578039 0.069249623 0.993263841
1341848042.558691 1.741285324 -0.207830504 1.187292933 -0.043479126 -0.077654883 0.071884312 0.993434429
1341848042.590841 1.731171012 -0.203501225 1.183434367 -0.044179659 -0.073241919 0.074434482 0.993550837
1341848042.622730 1.718734503 -0.207448959 1.194978118 -0.045408275 -0.069347933 0.078562193 0.993457079
1341848042.658741 1.711886406 -0.206209168 1.190057397 -0.042511571 -0.066098250 0.082315870 0.993502855
1341848042.697779 1.700539231 -0.204328835 1.187672734 -0.042109016 -0.060156848 0.084004626 0.993756175
1341848042.729778 1.691953421 -0.204169944 1.187011600 -0.042532608 -0.056092054 0.089984536 0.993452311
1341848042.761637 1.679666996 -0.197118431 1.186847925 -0.041650351 -0.052091770 0.096383706 0.993107259
1341848042.797954 1.672234058 -0.201397687 1.183360457 -0.044528961 -0.046762016 0.098026231 0.993086815
1341848042.829708 1.662911177 -0.197857961 1.186540961 -0.045318961 -0.040902037 0.100934856 0.993018389
1341848042.861726 1.657301426 -0.193650365 1.185287833 -0.045930900 -0.036154214 0.105043560 0.992748320
1341848042.897767 1.645921946 -0.195248649 1.183557272 -0.048251938 -0.030854711 0.107947700 0.992505491
1341848042.929860 1.634648085 -0.197104752 1.188837290 -0.048616461 -0.026457354 0.107992724 0.992609739
1341848042.965708 1.626250744 -0.192810059 1.189214826 -0.045616157 -0.022104455 0.110574365 0.992574453
1341848042.997994 1.620931149 -0.192137033 1.185095191 -0.046056755 -0.019608488 0.113696925 0.992253661
1341848043.030335 1.611534119 -0.190820694 1.184882402 -0.046736803 -0.016580895 0.117275782 0.991860449
1341848043.065737 1.605939388 -0.191772476 1.183127046 -0.048203181 -0.013335232 0.119324505 0.991594851
1341848043.097862 1.594163418 -0.192836702 1.182880759 -0.049671352 -0.008763242 0.119654484 0.991533577
1341848043.133955 1.584888220 -0.192974672 1.184004307 -0.049596172 -0.005169738 0.120211095 0.991495311
1341848043.165792 1.575821877 -0.188501850 1.182749510 -0.050080974 -0.002219216 0.123440318 0.991085052
1341848043.201879 1.568164706 -0.192924216 1.189954519 -0.051485442 -0.000570659 0.122111566 0.991180003
1341848043.233861 1.555165052 -0.198790893 1.192764640 -0.050118160 0.003199713 0.121994063 0.991259515
1341848043.265717 1.544402003 -0.198701978 1.190578938 -0.049286302 0.007420436 0.124189056 0.991006076
1341848043.301798 1.534624338 -0.198836505 1.195384145 -0.049427476 0.009673146 0.125752479 0.990782440
1341848043.334034 1.522674799 -0.204748526 1.198509812 -0.048907358 0.013792499 0.126419872 0.990674436
1341848043.369819 1.519625545 -0.199789271 1.197935820 -0.046847239 0.014768544 0.127322689 0.990644336
1341848043.401743 1.506434202 -0.202401921 1.203992009 -0.046822298 0.015915480 0.128600538 0.990462661
1341848043.433949 1.496550322 -0.205629110 1.204292417 -0.046489138 0.017585326 0.129460678 0.990338087
1341848043.469625 1.482471585 -0.210112810 1.205340147 -0.047339041 0.022132287 0.130785882 0.990032434
1341848043.501696 1.468179703 -0.211758196 1.213063121 -0.047251899 0.025385959 0.134981528 0.989395201
1341848043.537825 1.459191203 -0.217027545 1.214926720 -0.046056785 0.025051979 0.136038661 0.989315271
1341848043.569664 1.452072024 -0.217238024 1.215187192 -0.046038512 0.026923444 0.139247060 0.988820493
1341848043.601838 1.437384486 -0.219365746 1.222680449 -0.046970963 0.028805660 0.141690433 0.988376379
1341848043.637798 1.426609278 -0.221650392 1.228787780 -0.048480868 0.029289227 0.143133685 0.988081276
1341848043.670144 1.412838817 -0.228136480 1.236189604 -0.050360132 0.032458674 0.143809199 0.987790108
1341848043.701979 1.405497670 -0.230302647 1.239879370 -0.050710242 0.033360422 0.145025790 0.987564206
1341848043.737757 1.396518946 -0.229960948 1.244960546 -0.050649758 0.034221295 0.146981329 0.987248719
1341848043.769828 1.383150220 -0.236206383 1.249407768 -0.054130998 0.037493240 0.149615631 0.986549199
1341848043.805817 1.380590796 -0.238583073 1.262936354 -0.055719111 0.037228703 0.152549669 0.986021340
1341848043.837855 1.364889622 -0.248363495 1.271685243 -0.055152811 0.040826794 0.153314322 0.985792100
1341848043.869697 1.359070778 -0.249618560 1.269885302 -0.053365652 0.042964008 0.152254581 0.985963941
1341848043.905731 1.352293015 -0.249626920 1.281614184 -0.054488745 0.041615393 0.153864130 0.985710382
1341848043.938034 1.343883395 -0.253447354 1.291465998 -0.053874105 0.041387815 0.154607326 0.985637486
1341848043.969826 1.337782383 -0.255421191 1.293527961 -0.053918116 0.043347016 0.152733639 0.985842943
1341848044.005919 1.327012420 -0.255714953 1.302708268 -0.054855559 0.045638930 0.152769268 0.985682309
1341848044.037703 1.313107848 -0.266551584 1.314047217 -0.054913964 0.047158871 0.153340176 0.985518873
1341848044.073762 1.311586261 -0.266031861 1.305913925 -0.053257640 0.047123980 0.152366385 0.985762417
1341848044.105804 1.299445271 -0.269602120 1.311933637 -0.056488413 0.048054654 0.153496683 0.985362232
1341848044.137722 1.292814732 -0.276211143 1.322550416 -0.056800921 0.047018733 0.155107856 0.985141873
1341848044.173825 1.290028691 -0.274847686 1.325147748 -0.056170899 0.046925705 0.154974073 0.985203445
1341848044.205750 1.281655431 -0.276876390 1.334277391 -0.056883726 0.049975615 0.154139772 0.985143483
1341848044.237767 1.268710256 -0.278961420 1.337130547 -0.056250233 0.052783389 0.156033367 0.984735250
1341848044.273822 1.263632894 -0.283224732 1.339313865 -0.057232760 0.054197371 0.155948594 0.984615266
1341848044.305742 1.254639030 -0.285500765 1.346129775 -0.058881395 0.056829423 0.157550648 0.984114468
1341848044.337838 1.247229695 -0.289956868 1.350663781 -0.059471477 0.059296709 0.157556042 0.983932555
1341848044.373688 1.245149970 -0.287266850 1.354454637 -0.058412489 0.059623756 0.160370171 0.983521402
1341848044.405874 1.238497138 -0.287522614 1.362094998 -0.059464399 0.062152155 0.163112223 0.982850730
1341848044.441696 1.239428043 -0.292806298 1.367356420 -0.061762504 0.063910648 0.166599408 0.982010961
1341848044.473716 1.231745005 -0.296350002 1.370453358 -0.062691182 0.068389162 0.170207754 0.981031179
1341848044.505687 1.221798897 -0.290399373 1.380386114 -0.060971867 0.074002311 0.173663542 0.980126023
1341848044.541856 1.219050288 -0.299314529 1.382147551 -0.063798532 0.078640990 0.176807016 0.979022324
1341848044.573760 1.214497924 -0.298246205 1.389690638 -0.063135087 0.082724430 0.181230530 0.977919281
1341848044.605829 1.209513545 -0.307201922 1.393623590 -0.065248221 0.087580100 0.183869585 0.976864636
1341848044.641741 1.199562192 -0.301408857 1.400556922 -0.063966796 0.093093239 0.190182179 0.975229561
1341848044.705966 1.186336517 -0.309764743 1.411057353 -0.064478084 0.100818858 0.198767930 0.972712398
1341848044.734774 1.178436041 -0.309895128 1.417598605 -0.062966682 0.105429821 0.202094391 0.971636653
1341848044.771011 1.172391295 -0.316012263 1.420778275 -0.062371936 0.108467825 0.204296291 0.970879793
1341848044.802833 1.165326834 -0.313861609 1.419862509 -0.060081985 0.111144289 0.204735205 0.970629036
1341848044.834852 1.153952241 -0.319362283 1.426595330 -0.061886299 0.116213672 0.206643581 0.969516873
1341848044.870686 1.143559217 -0.326371193 1.433103323 -0.060757134 0.119320862 0.211955115 0.968063176
1341848044.902692 1.133156657 -0.322053075 1.434454322 -0.056474175 0.120635591 0.214780018 0.967536688
1341848044.934911 1.130370617 -0.321077168 1.438021302 -0.055485185 0.120269328 0.217486054 0.967034936
1341848044.970797 1.118086934 -0.319582820 1.444716573 -0.053874332 0.121778443 0.223202661 0.965633571
1341848045.002641 1.109023690 -0.318462223 1.443564534 -0.052975867 0.121526912 0.223687112 0.965602875
1341848045.038733 1.106263518 -0.321834147 1.445508480 -0.057245824 0.119100504 0.224759713 0.965412378
1341848045.070849 1.100926757 -0.327025980 1.455255508 -0.060137138 0.119501151 0.225184128 0.965088129
1341848045.102831 1.091881037 -0.325276136 1.458214879 -0.059121430 0.122458883 0.224199191 0.965009511
1341848045.138762 1.086620569 -0.329442441 1.463764429 -0.062941127 0.124429941 0.224843651 0.964365602
1341848045.170759 1.082635522 -0.340180337 1.474355698 -0.066498108 0.124803469 0.226862013 0.963605642
1341848045.202698 1.073817968 -0.334045172 1.478139281 -0.062533192 0.126175225 0.225475922 0.964017689
1341848045.238872 1.068546176 -0.339911699 1.483096480 -0.064882599 0.128417596 0.222901031 0.964165151
1341848045.270833 1.058208704 -0.343768001 1.493554950 -0.063840650 0.130364180 0.225001931 0.963485181
1341848045.306816 1.054326057 -0.344841212 1.494389415 -0.063860156 0.129632562 0.224845022 0.963619232
1341848045.338698 1.048081636 -0.350619793 1.504110932 -0.066491805 0.131396413 0.222594038 0.963724971
1341848045.370799 1.042662263 -0.357776821 1.513924122 -0.067359105 0.132759601 0.222593442 0.963478029
1341848045.406703 1.029839754 -0.353839934 1.519553065 -0.064194299 0.132986277 0.222463995 0.963692665
1341848045.438695 1.024692178 -0.358672291 1.526870012 -0.067453474 0.130134806 0.222540125 0.963841796
1341848045.474692 1.021644115 -0.363668919 1.541140199 -0.069114462 0.127935678 0.222043097 0.964133084
1341848045.506761 1.015030980 -0.362402022 1.549913168 -0.067017116 0.127922460 0.220382258 0.964663804
1341848045.538886 1.008080959 -0.368260622 1.563026428 -0.067038752 0.129242063 0.219269276 0.964740038
1341848045.575971 1.000624895 -0.375555664 1.566924572 -0.067157961 0.129102185 0.219392225 0.964722574
1341848045.606920 0.991653800 -0.376986533 1.571993828 -0.066704772 0.127540112 0.219096214 0.965029001
1341848045.645890 0.989369392 -0.383818150 1.579667449 -0.069377780 0.125466749 0.218605444 0.965223551
1341848045.674943 0.981324136 -0.387715280 1.589931726 -0.069805570 0.125112370 0.215913922 0.965844333
1341848045.706968 0.971337080 -0.395559579 1.598811746 -0.070087187 0.124547623 0.213890240 0.966347098
1341848045.743092 0.968757808 -0.392366707 1.602905393 -0.068288870 0.121463731 0.212787345 0.967111528
1341848045.774776 0.959721804 -0.391993493 1.616258144 -0.068812147 0.120805286 0.212539479 0.967211425
1341848045.807609 0.953414023 -0.407304049 1.628647685 -0.072521970 0.119745940 0.211533323 0.967292726
1341848045.842865 0.950592458 -0.398468018 1.635286808 -0.066898726 0.115306221 0.209206834 0.968742311
1341848045.874777 0.941049695 -0.406457365 1.637435317 -0.070848741 0.115637489 0.206519261 0.968998611
1341848045.906765 0.939969778 -0.416695774 1.648388147 -0.076101065 0.112816624 0.207309246 0.968764186
1341848045.942758 0.930929780 -0.424591750 1.657554865 -0.074378714 0.108571813 0.204979733 0.969878018
1341848045.974768 0.922665894 -0.414911449 1.664024115 -0.069320366 0.105884761 0.201641500 0.971248627
1341848046.010763 0.914906442 -0.425980449 1.673096418 -0.073911749 0.105205938 0.199082986 0.971511602
1341848046.042828 0.901974082 -0.425673544 1.682433128 -0.070498019 0.102038130 0.195246473 0.972880781
1341848046.074722 0.900724292 -0.417340040 1.685133338 -0.066570893 0.093816854 0.192497149 0.974531472
1341848046.110817 0.891813338 -0.419721305 1.690706372 -0.069825880 0.093699552 0.189233214 0.974954128
1341848046.142773 0.889485717 -0.427965820 1.701895833 -0.072528005 0.090958461 0.186714798 0.975501835
1341848046.181848 0.879735351 -0.422202289 1.704976797 -0.067737043 0.088617414 0.181808650 0.976987362
1341848046.219718 0.868697166 -0.416556299 1.704625845 -0.067887567 0.087984249 0.178856969 0.977578819
1341848046.249730 0.862309873 -0.428563893 1.714196801 -0.074366197 0.085166052 0.176413536 0.977800965
1341848046.283599 0.853929818 -0.424709618 1.715118647 -0.072256707 0.081586927 0.172974512 0.978878140
1341848046.317731 0.846120417 -0.423465371 1.718159795 -0.073093221 0.080125347 0.168991610 0.979632199
1341848046.349732 0.836876392 -0.423590094 1.723440766 -0.073873006 0.079353683 0.167935789 0.979818046
1341848046.382309 0.825461268 -0.421635032 1.726254344 -0.072453909 0.077235520 0.165868163 0.980445266
1341848046.417763 0.819842339 -0.417618454 1.726665139 -0.073264912 0.076022990 0.162509263 0.981042087
1341848046.449782 0.810925961 -0.424086928 1.730317950 -0.078456223 0.076009430 0.161822885 0.980755150
1341848046.485848 0.801783264 -0.419140190 1.731552362 -0.076563001 0.073461227 0.159990370 0.981399357
1341848046.517760 0.793749690 -0.423752606 1.727568865 -0.080596030 0.072438836 0.154869616 0.981973708
1341848046.549658 0.780052364 -0.432422757 1.728991628 -0.085355021 0.074289583 0.153328478 0.981675088
1341848046.586076 0.768388510 -0.427780777 1.729358196 -0.081502177 0.071639597 0.151099592 0.982544720
1341848046.617769 0.766048253 -0.420962840 1.725250363 -0.079122119 0.067387052 0.148998022 0.983360708
1341848046.653748 0.753395915 -0.430865526 1.724348187 -0.083548062 0.068207599 0.149702817 0.982830882
1341848046.685899 0.737958491 -0.424815804 1.720875025 -0.078410968 0.065512516 0.148152426 0.983672023
1341848046.714925 0.735768020 -0.424303651 1.714246392 -0.078327380 0.060678411 0.147251129 0.984124064
1341848046.746888 0.722012043 -0.422620088 1.712240219 -0.077504322 0.061771106 0.147046030 0.984151900
1341848046.778736 0.708066463 -0.419835687 1.710488677 -0.074729823 0.061996751 0.145916924 0.984520257
1341848046.814747 0.706381202 -0.415665895 1.702898622 -0.073240191 0.057269622 0.144512340 0.985125542
1341848046.846853 0.693823338 -0.416394442 1.699265003 -0.075180918 0.058631610 0.143125653 0.985101640
1341848046.878793 0.681441605 -0.410728365 1.696118832 -0.072763138 0.059654869 0.143141627 0.985219419
1341848046.915079 0.676172435 -0.414290518 1.688174486 -0.075356476 0.058074970 0.142182946 0.985257745
1341848046.946882 0.665752470 -0.407995254 1.685389519 -0.073640250 0.058298387 0.143432632 0.985193133
1341848046.982780 0.652442813 -0.403080761 1.682119966 -0.071906649 0.058991648 0.142897114 0.985357761
1341848047.015086 0.640378356 -0.400942475 1.673872113 -0.073350012 0.059405349 0.142250672 0.985320032
1341848047.047884 0.632595301 -0.403936476 1.670424342 -0.076162107 0.058743559 0.142543733 0.985103965
1341848047.089866 0.621036291 -0.394545138 1.666393042 -0.073015064 0.058323395 0.141352475 0.985538781
1341848047.114997 0.608443797 -0.391641498 1.659625053 -0.075003669 0.058472142 0.140848622 0.985452831
1341848047.147565 0.598685026 -0.389821112 1.657537580 -0.076304547 0.057513323 0.141294882 0.985345423
1341848047.182713 0.588543236 -0.388364255 1.652790070 -0.076224588 0.057212532 0.139531881 0.985620379
1341848047.214887 0.573163807 -0.386174083 1.646310687 -0.076080203 0.057476360 0.136451587 0.986047328
1341848047.250668 0.556853890 -0.381132632 1.642798662 -0.075812392 0.057120126 0.137262464 0.985976100
1341848047.282779 0.551233053 -0.378594935 1.638310790 -0.075845115 0.052159339 0.136887029 0.986300588
1341848047.314815 0.540143609 -0.378997922 1.632372141 -0.076173462 0.051530208 0.134733692 0.986604810
1341848047.350637 0.525141180 -0.385100245 1.622082949 -0.078640468 0.051701561 0.133271903 0.986600935
1341848047.383038 0.504150689 -0.386571199 1.620041132 -0.077658989 0.051289681 0.131552398 0.986930788
1341848047.414781 0.498978585 -0.387488991 1.612255692 -0.077785090 0.046961129 0.129783139 0.987370491
1341848047.450847 0.485280693 -0.384455979 1.609779119 -0.075146146 0.046377987 0.128792733 0.987732053
1341848047.482648 0.474107355 -0.378650367 1.601347566 -0.071893916 0.043197513 0.128079429 0.988210976
1341848047.518733 0.463024139 -0.382853925 1.593953252 -0.074412234 0.040796727 0.127138361 0.988248110
1341848047.550836 0.449159682 -0.385261565 1.595206738 -0.074847460 0.040248070 0.125871226 0.988399923
1341848047.582955 0.444406718 -0.383718044 1.588338256 -0.073108897 0.036651265 0.123977154 0.988909245
1341848047.618981 0.434231997 -0.382101566 1.583546162 -0.072786435 0.036940832 0.122214392 0.989141643
1341848047.650752 0.407458931 -0.388058305 1.590473294 -0.072756119 0.042453393 0.121301629 0.989035010
1341848047.689728 0.407198846 -0.379969776 1.582052350 -0.068173714 0.035149083 0.121362917 0.989640296
1341848047.719086 0.399775803 -0.377073735 1.581771612 -0.068201296 0.034307301 0.121799484 0.989614367
1341848047.750845 0.387048900 -0.377474040 1.581702828 -0.068828300 0.035398684 0.120245241 0.989722550
1341848047.786695 0.373561502 -0.382881522 1.578473568 -0.070542686 0.036202915 0.120546825 0.989536047
1341848047.818804 0.368472993 -0.377302676 1.575688720 -0.068437077 0.032934275 0.118388183 0.990058541
1341848047.850811 0.359043270 -0.377056926 1.574494362 -0.069303736 0.034706458 0.117018640 0.990100563
1341848047.886853 0.347098589 -0.380801141 1.576288104 -0.069895618 0.036567945 0.116565742 0.990045369
1341848047.918858 0.335089982 -0.380162656 1.573000431 -0.067799293 0.036736235 0.116406776 0.990203679
1341848047.954723 0.327419162 -0.373013943 1.570658565 -0.065516569 0.035260227 0.116496898 0.990400314
1341848047.986771 0.314680815 -0.377658039 1.574364305 -0.066891380 0.038629729 0.116839416 0.990142345
1341848048.018897 0.294457793 -0.384313226 1.574369192 -0.066124387 0.042516913 0.115140423 0.990233600
1341848048.054937 0.291919678 -0.377479225 1.571624875 -0.063340254 0.039077580 0.115192927 0.990551174
1341848048.086776 0.279859036 -0.378368944 1.571599603 -0.064323351 0.042070609 0.115379274 0.990343511
1341848048.118790 0.261229962 -0.383314073 1.574477553 -0.064958893 0.046207536 0.115210958 0.990137219
1341848048.154692 0.257031113 -0.380455673 1.572058916 -0.062788896 0.044062648 0.116778553 0.990191340
1341848048.186720 0.251709789 -0.378490448 1.569043279 -0.062249634 0.045636401 0.117330395 0.990088820
1341848048.222966 0.230556861 -0.387619257 1.572744846 -0.063652150 0.051928807 0.117347285 0.989687562
1341848048.254953 0.226904064 -0.387041420 1.573914051 -0.059546292 0.051286697 0.119942009 0.989665508
1341848048.286640 0.220457017 -0.381792277 1.570167422 -0.057027560 0.053300973 0.119062498 0.989813626
1341848048.322843 0.206180856 -0.388340861 1.571082234 -0.059448075 0.057420567 0.119572267 0.989379227
1341848048.354699 0.199381590 -0.389973074 1.568508029 -0.057917237 0.058072317 0.121218435 0.989231706
1341848048.386709 0.191053271 -0.385908008 1.566227317 -0.054958891 0.059835177 0.118537299 0.989620209
1341848048.422649 0.176315024 -0.391630322 1.565372109 -0.054529149 0.063958876 0.117945991 0.989456713
1341848048.454923 0.164220154 -0.387564927 1.562550426 -0.049531873 0.066187270 0.118041553 0.989561558
1341848048.490668 0.153021067 -0.384175450 1.559229970 -0.048182618 0.067505531 0.118021153 0.989541590
1341848048.522793 0.142857894 -0.394474804 1.561765432 -0.050084271 0.069399171 0.119225360 0.989171743
1341848048.554990 0.136648178 -0.397885174 1.561695695 -0.047254253 0.071117818 0.118856549 0.989233255
1341848048.590630 0.124222718 -0.396305263 1.558699012 -0.043513797 0.072565645 0.118655547 0.989323854
1341848048.622652 0.120168880 -0.397916287 1.557662487 -0.041595865 0.071115725 0.120164335 0.989329517
1341848048.658741 0.109926544 -0.402182996 1.556710958 -0.038798206 0.073556244 0.121320188 0.989123702
1341848048.690791 0.102782883 -0.395398796 1.551727653 -0.032559562 0.072917819 0.121029601 0.989431500
1341848048.722708 0.096908569 -0.400793165 1.549649000 -0.032444175 0.072664104 0.123105526 0.989197850
1341848048.758833 0.091663107 -0.401133150 1.547751546 -0.029120952 0.072945096 0.123850651 0.989187598
1341848048.791156 0.081446730 -0.400524855 1.547469139 -0.026280021 0.074759498 0.123225510 0.989209771
1341848048.822736 0.068140537 -0.404082298 1.552240849 -0.024389083 0.078732342 0.122445494 0.989046752
1341848048.858661 0.063929506 -0.400453895 1.546982646 -0.019447457 0.076486573 0.121139847 0.989493251
1341848048.891041 0.054689843 -0.406754613 1.545891404 -0.018872708 0.077811673 0.118864797 0.989676952
1341848048.926768 0.044839825 -0.405502111 1.543714046 -0.013961641 0.077776641 0.117225714 0.989956617
1341848048.958953 0.035231166 -0.406378925 1.539480090 -0.010564990 0.076168574 0.114826925 0.990404785
1341848048.990810 0.024859332 -0.412153959 1.538325787 -0.008873970 0.076437794 0.113950543 0.990501761
1341848049.026707 0.022391289 -0.412579387 1.535731792 -0.003921236 0.073840640 0.111700885 0.990987003
1341848049.058792 0.010678067 -0.414117277 1.531253338 0.000687382 0.075531706 0.107348785 0.991347969
1341848049.090709 -0.004412783 -0.405903965 1.532941222 0.005472121 0.077326462 0.105887271 0.991351902
1341848049.126753 -0.014627689 -0.408995658 1.531204343 0.006500086 0.075672977 0.105592616 0.991504729
1341848049.158854 -0.018205047 -0.411902189 1.528902650 0.007311536 0.074552290 0.103179470 0.991837919
1341848049.194708 -0.030268148 -0.409585863 1.525731325 0.010943251 0.076462135 0.101143114 0.991868913
1341848049.226742 -0.035338406 -0.396201730 1.518497705 0.016719315 0.073232792 0.101279460 0.992018104
1341848049.258792 -0.044139534 -0.402147263 1.514099717 0.014316742 0.071730308 0.100981161 0.992195904
1341848049.294747 -0.051893670 -0.403935581 1.511609077 0.014867254 0.072504193 0.098236687 0.992407084
1341848049.326837 -0.062709123 -0.400691032 1.507508993 0.016983241 0.074094683 0.097845651 0.992294252
1341848049.358802 -0.073896125 -0.398626685 1.509049177 0.017130731 0.075646974 0.099122301 0.992047846
1341848049.394779 -0.086704805 -0.404189140 1.509276032 0.015878059 0.076902747 0.100765094 0.991806567
1341848049.426763 -0.088694416 -0.401753902 1.501078129 0.018881723 0.075928010 0.100671194 0.991838574
1341848049.462746 -0.100806244 -0.394348502 1.495036840 0.021236913 0.078639865 0.102764674 0.991364896
1341848049.494728 -0.112892151 -0.400559276 1.496737003 0.020469209 0.080447428 0.106716871 0.990818202
1341848049.526803 -0.112226978 -0.394617826 1.486008286 0.023297882 0.077049002 0.106221907 0.991079032
1341848049.562799 -0.123762920 -0.391407162 1.480651617 0.023509651 0.080023848 0.108290583 0.990614295
1341848049.594759 -0.138919055 -0.386445969 1.478741527 0.025553843 0.081037991 0.111072153 0.990173161
1341848049.626829 -0.146117911 -0.383792639 1.473083735 0.026527092 0.078480653 0.112496220 0.990192771
1341848049.662690 -0.155561775 -0.374650836 1.473802209 0.028455086 0.080399066 0.110544115 0.990205169
1341848049.695064 -0.171625823 -0.366722554 1.472735167 0.030094191 0.081704728 0.111271694 0.989968359
1341848049.730793 -0.186610505 -0.361546159 1.468878150 0.030960267 0.079561561 0.113274954 0.989889026
1341848049.762702 -0.194721833 -0.358393729 1.460894108 0.029789448 0.075077713 0.110264011 0.990614891
1341848049.794722 -0.203071833 -0.357559264 1.458037138 0.028680738 0.074762039 0.109035023 0.990807474
1341848049.830816 -0.222109586 -0.351997107 1.457690239 0.030329214 0.074922778 0.108163863 0.990841746
1341848049.869834 -0.226743788 -0.342277110 1.450692892 0.030688386 0.069129750 0.108671151 0.991196275
1341848049.898674 -0.234941080 -0.350667804 1.448615432 0.025362963 0.067557521 0.105897106 0.991755307
1341848049.930835 -0.247188881 -0.346869469 1.448441267 0.028155889 0.067653336 0.103996105 0.991874576
1341848049.963022 -0.258531898 -0.334326088 1.439674377 0.032167148 0.064764582 0.102177195 0.992134392
1341848049.998757 -0.265310705 -0.330177426 1.436314821 0.031584296 0.061134692 0.102774687 0.992321730
1341848050.030786 -0.280698925 -0.331455827 1.437972069 0.030369500 0.059995618 0.101952948 0.992513955
1341848050.062661 -0.281222075 -0.329303086 1.429891586 0.031243088 0.054234784 0.098305315 0.993186116
1341848050.098678 -0.297622383 -0.324170321 1.435564160 0.032507107 0.056984544 0.097982720 0.993023396
1341848050.130710 -0.307951063 -0.324128717 1.438651800 0.031727981 0.054237708 0.097093493 0.993289769
1341848050.166738 -0.310464114 -0.324437112 1.429530382 0.030225156 0.049099997 0.092399813 0.994051278
1341848050.198726 -0.324325055 -0.320555806 1.432638049 0.030050969 0.051051248 0.090426795 0.994139731
1341848050.230806 -0.330277860 -0.318507433 1.432591558 0.030197797 0.045865402 0.088283151 0.994580626
1341848050.266732 -0.337351620 -0.314773202 1.430147052 0.030577851 0.042272307 0.085841611 0.994941890
1341848050.298842 -0.345433682 -0.317290753 1.429865718 0.028103765 0.040835965 0.081325747 0.995454073
1341848050.330688 -0.354812115 -0.311449260 1.431519032 0.030674096 0.037673328 0.078856952 0.995701492
1341848050.366746 -0.361528218 -0.309897333 1.428651214 0.030304262 0.034117315 0.077244639 0.995967329
1341848050.398693 -0.372260392 -0.312849641 1.425328255 0.027222676 0.032701913 0.072027437 0.996494651
1341848050.434780 -0.385812998 -0.315818101 1.427258968 0.025792617 0.032035682 0.069527626 0.996731877
1341848050.466655 -0.388574213 -0.313534915 1.425231934 0.026769472 0.026834831 0.067664206 0.996987939
1341848050.498791 -0.394427240 -0.318293452 1.423395276 0.025333870 0.023353489 0.061873410 0.997489095
1341848050.534849 -0.401084334 -0.313905656 1.423129320 0.028107602 0.021167746 0.059373733 0.997615516
1341848050.566840 -0.410136789 -0.311803102 1.422762156 0.029305993 0.018732503 0.058302868 0.997692883
1341848050.598790 -0.412082195 -0.312502414 1.418355823 0.027769879 0.011407641 0.056030244 0.997977674
1341848050.634752 -0.425226331 -0.318958879 1.420236945 0.025990078 0.010555736 0.052186809 0.998243332
1341848050.666816 -0.427681565 -0.315429807 1.418536067 0.029186735 0.005971754 0.049531300 0.998328209
1341848050.702846 -0.445689261 -0.307736993 1.419600129 0.032468755 0.006525931 0.048015263 0.998297393
1341848050.734789 -0.451855302 -0.307486355 1.419510603 0.032773115 0.002372969 0.047859419 0.998313487
1341848050.766882 -0.459316999 -0.307463765 1.418053031 0.032369800 -0.002903127 0.047186323 0.998357296
1341848050.802875 -0.469070762 -0.310097754 1.418640614 0.032331105 -0.005577860 0.044136468 0.998486638
1341848050.834769 -0.474270523 -0.309449524 1.415931821 0.033552617 -0.009632372 0.041192599 0.998541296
1341848050.870719 -0.479904592 -0.306694686 1.414784431 0.033733867 -0.014044101 0.038939368 0.998573244
1341848050.902725 -0.496655196 -0.312176675 1.418073297 0.031919982 -0.015217415 0.035702813 0.998736620
1341848050.934794 -0.502321959 -0.311906070 1.415118098 0.033568617 -0.018017219 0.032301541 0.998751819
1341848050.970852 -0.512363851 -0.311808020 1.415403008 0.034184959 -0.019742385 0.028635059 0.998810172
1341848051.002763 -0.518205822 -0.312940627 1.416042566 0.034820989 -0.024131820 0.027339242 0.998728096
1341848051.035007 -0.524777353 -0.313843757 1.413056254 0.035286423 -0.027469795 0.025743173 0.998667896
1341848051.070784 -0.533336759 -0.314282835 1.412247419 0.035821628 -0.029834198 0.023601551 0.998633921
1341848051.102734 -0.539744914 -0.311388671 1.412830472 0.039029218 -0.033052180 0.022619978 0.998435080
1341848051.138713 -0.544219434 -0.313781857 1.408376336 0.038724210 -0.036063258 0.019967284 0.998399377
1341848051.170672 -0.549856126 -0.311149031 1.405882597 0.039811634 -0.038309567 0.020008294 0.998272121
1341848051.202839 -0.556905031 -0.314244419 1.407131433 0.039216425 -0.040806890 0.020759037 0.998181343
1341848051.238747 -0.560097933 -0.318992972 1.406878948 0.039690126 -0.045675781 0.020425946 0.997958541
1341848051.270842 -0.564956248 -0.325702250 1.404914498 0.039572090 -0.048139896 0.017664269 0.997900128
1341848051.302718 -0.566335857 -0.320210665 1.404613137 0.046057228 -0.050153553 0.014967002 0.997566760
1341848051.338668 -0.567639232 -0.318865627 1.406538248 0.050397940 -0.053945005 0.014695665 0.997162998
1341848051.370895 -0.572761476 -0.320833862 1.401760697 0.052542120 -0.057599828 0.010450384 0.996901393
1341848051.406688 -0.577320755 -0.321066946 1.399682641 0.054052316 -0.058338095 0.008809816 0.996793628
1341848051.440006 -0.574398816 -0.317270845 1.399368286 0.057484794 -0.063562728 0.007276217 0.996294320
1341848051.470890 -0.579004943 -0.320257038 1.396746516 0.057857085 -0.066084690 0.004604859 0.996124566
1341848051.506718 -0.581154108 -0.320141047 1.394945383 0.058034252 -0.069401175 -0.000049581 0.995899379
1341848051.538932 -0.584521592 -0.324893504 1.398922086 0.058013622 -0.074114092 -0.004398705 0.995551169
1341848051.570738 -0.581898808 -0.324093342 1.396633863 0.062992945 -0.078935243 -0.013044307 0.994801998
1341848051.606760 -0.584773004 -0.317942441 1.393955231 0.066890620 -0.082715660 -0.019164622 0.994141102
1341848051.638863 -0.591483593 -0.327537775 1.397891879 0.066384479 -0.088600196 -0.027949482 0.993459582
1341848051.674718 -0.593504727 -0.320341945 1.391247869 0.073263742 -0.092431970 -0.031850789 0.992509127
1341848051.706714 -0.597451329 -0.310533822 1.388417721 0.076718085 -0.096910365 -0.036535297 0.991659224
1341848051.738793 -0.596505821 -0.317497820 1.388534665 0.074099623 -0.106232949 -0.041002251 0.990728378
1341848051.774823 -0.596255541 -0.313892663 1.378362179 0.075586021 -0.109737851 -0.043910384 0.990109205
1341848051.806694 -0.594434381 -0.315905601 1.379763126 0.075191222 -0.114336379 -0.053707000 0.989135504
1341848051.838757 -0.597703397 -0.312700063 1.381574035 0.080920048 -0.116123624 -0.062141895 0.987980604
1341848051.874951 -0.596177995 -0.309956998 1.366980195 0.082789212 -0.117134422 -0.068557888 0.987281859
1341848051.906707 -0.597628891 -0.302783012 1.367759824 0.081715822 -0.118272312 -0.073256709 0.986898005
1341848051.942680 -0.595638633 -0.302102655 1.367410421 0.080666289 -0.123619877 -0.078973293 0.985887647
1341848051.974762 -0.595360518 -0.299576938 1.355367303 0.077973142 -0.122555338 -0.082107253 0.985981107
1341848052.006755 -0.593289912 -0.293980598 1.362641811 0.076567583 -0.121218652 -0.086034961 0.985921621
1341848052.042751 -0.589524627 -0.298047125 1.363620043 0.074901126 -0.122141503 -0.089161061 0.985657930
1341848052.074871 -0.579521775 -0.294299811 1.355535507 0.075674601 -0.122367598 -0.092611462 0.985252619
1341848052.110964 -0.577351332 -0.291891187 1.357079983 0.073875211 -0.117408291 -0.096106641 0.985657811
1341848052.143014 -0.573213160 -0.293167889 1.353560090 0.073685922 -0.117249563 -0.098850876 0.985419452
1341848052.178064 -0.569069803 -0.290809751 1.343138695 0.072675936 -0.115092844 -0.104103021 0.985207796
1341848052.211397 -0.567626297 -0.283400744 1.345802188 0.072511271 -0.110973865 -0.106896766 0.985393286
1341848052.242872 -0.558585644 -0.281807452 1.344009638 0.073739991 -0.111217402 -0.109852880 0.984949529
1341848052.275206 -0.553569019 -0.283156693 1.328349829 0.069773369 -0.107490517 -0.115417480 0.985015929
1341848052.311125 -0.551130176 -0.275726557 1.333785892 0.068916813 -0.105336919 -0.115417063 0.985308826
1341848052.342876 -0.540596545 -0.276260316 1.333901048 0.069346875 -0.106488563 -0.118928552 0.984737158
1341848052.379476 -0.538115323 -0.266632140 1.319102883 0.070486687 -0.100226626 -0.121196732 0.985036910
1341848052.412309 -0.535771608 -0.269359589 1.312296629 0.065508284 -0.097371489 -0.118675575 0.985973477
1341848052.444722 -0.533312976 -0.265499145 1.315783620 0.068191737 -0.096965954 -0.122274458 0.985391617
1341848052.481496 -0.519250631 -0.264911026 1.307252526 0.069288559 -0.096545063 -0.125114992 0.984999716
1341848052.512393 -0.521063685 -0.264348567 1.301496744 0.068688095 -0.091904439 -0.124290630 0.985589862
1341848052.543277 -0.513643324 -0.253415525 1.296892285 0.074106999 -0.092089251 -0.125733986 0.984996796
1341848052.579155 -0.502822995 -0.248126954 1.285831094 0.072810575 -0.090548240 -0.128871396 0.984830856
1341848052.617750 -0.497855484 -0.249569535 1.287384629 0.070315696 -0.087453358 -0.133301094 0.984702229
1341848052.646710 -0.494496405 -0.247684091 1.283022404 0.072883353 -0.086277127 -0.138274908 0.983933151
1341848052.678720 -0.486378133 -0.239597708 1.274357319 0.075376347 -0.084849015 -0.143510729 0.983119369
1341848052.710822 -0.478399068 -0.237615034 1.267568707 0.073655345 -0.082681119 -0.145172089 0.983190596
1341848052.746833 -0.473110139 -0.238568395 1.262375712 0.071605094 -0.083270922 -0.142929375 0.983620822
1341848052.778710 -0.462906241 -0.231626779 1.252949357 0.070237190 -0.083785236 -0.141121790 0.983936727
1341848052.810890 -0.454758883 -0.230987281 1.251598001 0.066084184 -0.081059650 -0.140885398 0.984486461
1341848052.846856 -0.448289722 -0.230609238 1.247808337 0.068864092 -0.077815995 -0.144608945 0.984017670
1341848052.878813 -0.437207639 -0.222631857 1.237137437 0.073087022 -0.074038818 -0.145385951 0.983889997
1341848052.914694 -0.433251411 -0.222895622 1.228337884 0.068972535 -0.068713844 -0.145303503 0.984585226
1341848052.946675 -0.426002711 -0.224253699 1.227240086 0.068506137 -0.066658303 -0.143735379 0.984989226
1341848052.978684 -0.417330176 -0.217760220 1.220694542 0.070498586 -0.063430622 -0.142645612 0.985220134
1341848053.014784 -0.409822941 -0.216909632 1.214273453 0.068409882 -0.057193972 -0.141485527 0.985916257
1341848053.046693 -0.405865312 -0.214828655 1.208765030 0.069771118 -0.053663105 -0.138904765 0.986386240
1341848053.082651 -0.392231792 -0.213377610 1.198625803 0.069220260 -0.051217716 -0.136929482 0.986831129
1341848053.114846 -0.384923577 -0.211813584 1.193080306 0.067286626 -0.044298306 -0.135775760 0.987458944
1341848053.146985 -0.377777457 -0.213898644 1.186403155 0.066855647 -0.038863704 -0.131293148 0.988322854
1341848053.183210 -0.376904130 -0.208412841 1.181683779 0.066791780 -0.033951849 -0.128033817 0.988935530
1341848053.214816 -0.367400527 -0.220517367 1.176652312 0.061078507 -0.030090462 -0.126135275 0.989673615
1341848053.247961 -0.366995007 -0.221311957 1.171341062 0.062276188 -0.024062002 -0.123664387 0.990075707
1341848053.289822 -0.357421815 -0.213025570 1.163090229 0.066219196 -0.020773625 -0.121136740 0.990206778
1341848053.321709 -0.352044523 -0.216420457 1.159145594 0.065078489 -0.016834963 -0.118413910 0.990686476
1341848053.353831 -0.349050373 -0.215708449 1.155254841 0.064857885 -0.011638677 -0.113375030 0.991364837
1341848053.386096 -0.343218803 -0.215410501 1.149961233 0.065077163 -0.007965309 -0.110064633 0.991759777
1341848053.421775 -0.326855153 -0.209879324 1.141827822 0.066452369 -0.006368256 -0.107024603 0.992012739
1341848053.453749 -0.324936450 -0.208504513 1.137780070 0.064122282 0.000183882 -0.100957595 0.992822170
1341848053.485736 -0.320795357 -0.202456713 1.135619879 0.063267685 0.002403048 -0.095548928 0.993409216
1341848053.521747 -0.322521001 -0.205077916 1.129121780 0.060555726 0.007218902 -0.093287736 0.993769765
1341848053.553915 -0.303601474 -0.204482004 1.118028760 0.057842664 0.009405747 -0.090279147 0.994190872
1341848053.589737 -0.305289537 -0.195710838 1.120153308 0.057104982 0.016850354 -0.084577687 0.994636476
1341848053.621911 -0.300044417 -0.193060547 1.111969471 0.053663310 0.020115271 -0.076934710 0.995387793
1341848053.653792 -0.290410519 -0.191070110 1.106936932 0.048946142 0.025098607 -0.070629738 0.995984912
1341848053.689724 -0.292037815 -0.199914321 1.103784204 0.042086162 0.033107795 -0.065918855 0.996387124
1341848053.721697 -0.290157229 -0.194174021 1.101740241 0.042125758 0.039314944 -0.060044069 0.996531248
1341848053.758007 -0.285731554 -0.191856623 1.095723510 0.039771751 0.045653012 -0.054185312 0.996693552
1341848053.789882 -0.282506049 -0.195055023 1.095187068 0.036586259 0.052227322 -0.049060445 0.996758163
1341848053.821625 -0.278293818 -0.198410243 1.090953469 0.035436306 0.058284834 -0.042970695 0.996745110
1341848053.857784 -0.279252231 -0.193936318 1.084447861 0.035583656 0.065689355 -0.035735250 0.996564984
1341848053.889790 -0.287769586 -0.198977739 1.078837991 0.032629222 0.073848486 -0.026584001 0.996380985
1341848053.925729 -0.288097829 -0.204815388 1.076722503 0.032953285 0.077049956 -0.020702999 0.996267498
1341848053.951067 -0.272245288 -0.192754433 1.068978548 0.038782872 0.077364363 -0.014039814 0.996149361
1341848053.986823 -0.275331110 -0.185118303 1.065848112 0.041960426 0.082146496 -0.006943208 0.995712399
1341848054.019304 -0.283385813 -0.177610293 1.064357519 0.046106897 0.084371127 0.002824401 0.995363116
1341848054.051032 -0.272822618 -0.177837178 1.049021006 0.044935152 0.080897979 0.012119404 0.995635271
1341848054.086777 -0.275238663 -0.175804690 1.045552731 0.043370176 0.082617871 0.019476227 0.995446682
1341848054.118853 -0.279766023 -0.181136936 1.039597511 0.040885944 0.082792528 0.026560809 0.995373487
1341848054.155032 -0.280366600 -0.177813321 1.029777050 0.040440377 0.081345163 0.033244785 0.995310187
1341848054.186687 -0.280823201 -0.177810997 1.024480700 0.037979525 0.081251532 0.036096614 0.995315433
1341848054.219030 -0.292891443 -0.189999983 1.025572658 0.035274085 0.084908530 0.036189448 0.995106339
1341848054.254827 -0.301920116 -0.196253866 1.016008139 0.036445089 0.087778091 0.035647254 0.994834721
1341848054.286801 -0.302378505 -0.187128052 1.002992630 0.038788475 0.089006670 0.035309188 0.994648993
1341848054.322895 -0.305325150 -0.180114463 0.992837667 0.035168964 0.090116173 0.038741335 0.994555831
1341848054.354790 -0.315425545 -0.187134340 0.992181122 0.031142037 0.092486978 0.039280612 0.994451284
1341848054.387103 -0.314716935 -0.188772142 0.979548216 0.028600330 0.092193283 0.038799189 0.994573832
1341848054.422878 -0.323480725 -0.184062049 0.977398396 0.026268896 0.095694900 0.040288806 0.994248092
1341848054.454739 -0.337114751 -0.175623938 0.974985421 0.027876224 0.097451657 0.043506090 0.993898034
1341848054.486883 -0.335800052 -0.183835253 0.967273951 0.025109192 0.094027311 0.043999881 0.994279861
1341848054.522689 -0.335573405 -0.190154970 0.956437886 0.021669425 0.094347365 0.044583891 0.994304478
1341848054.554861 -0.340189487 -0.196133614 0.953347325 0.022075083 0.097607814 0.046783704 0.993879676
1341848054.590790 -0.348368824 -0.189956650 0.946707666 0.025548110 0.100620978 0.049714953 0.993353486
1341848054.622694 -0.345867008 -0.182649463 0.936423123 0.026340058 0.099632643 0.051440794 0.993344545
1341848054.656449 -0.347469956 -0.196133569 0.929349005 0.022098262 0.100689687 0.050993927 0.993364453
1341848054.691021 -0.341580331 -0.198959351 0.914826453 0.021057433 0.102795877 0.053463589 0.993041456
1341848054.722739 -0.343120873 -0.192893937 0.916364014 0.024112299 0.106577866 0.053080227 0.992593706
1341848054.754741 -0.347383708 -0.192801058 0.909178495 0.026359335 0.110221110 0.054639377 0.992053986
1341848054.790887 -0.345960319 -0.189072117 0.902518630 0.030177996 0.111304417 0.056877457 0.991698384
1341848054.822877 -0.335770071 -0.177182391 0.891277015 0.033989564 0.111391813 0.059545159 0.991408587
1341848054.858903 -0.343713194 -0.172537133 0.888769627 0.035419315 0.115453266 0.067600742 0.990376830
1341848054.890895 -0.341501623 -0.178573698 0.878526330 0.036355510 0.116078980 0.070612408 0.990059555
1341848054.922754 -0.334234565 -0.179165930 0.868431568 0.038053725 0.117629372 0.073139042 0.989629269
1341848054.958727 -0.341679573 -0.169593185 0.861557305 0.040917005 0.121655725 0.079338975 0.988549948
1341848054.991052 -0.349879771 -0.170316845 0.860737145 0.042561918 0.123921417 0.081098430 0.988056183
1341848055.023048 -0.338113844 -0.184300810 0.847537398 0.041040737 0.123415582 0.079418510 0.988320231
1341848055.058739 -0.344317079 -0.165680140 0.840027750 0.047143415 0.127782330 0.082543306 0.987236500
1341848055.090735 -0.355468512 -0.159668908 0.839438081 0.050963245 0.130631819 0.086558171 0.986329496
1341848055.126977 -0.356605321 -0.155422792 0.826736450 0.053162064 0.130419821 0.090040222 0.985929668
1341848055.159212 -0.356610328 -0.154554844 0.807177246 0.052395176 0.132174298 0.090902202 0.985657930
1341848055.190986 -0.369053245 -0.166599810 0.798865438 0.051366985 0.137635767 0.093314357 0.984738648
1341848055.226768 -0.378002405 -0.142519385 0.795369208 0.059796855 0.138733223 0.096323326 0.983818769
1341848055.258881 -0.376218230 -0.127465189 0.772719443 0.061198141 0.136360466 0.098989442 0.983799636
1341848055.294725 -0.383327901 -0.131140798 0.765455008 0.059344761 0.137445882 0.100815587 0.983576655
1341848055.326795 -0.392651170 -0.129147828 0.759504914 0.060766581 0.138560340 0.101801246 0.983231962
1341848055.358938 -0.396836638 -0.111409634 0.751474440 0.064345732 0.138437748 0.101427585 0.983060062
1341848055.394711 -0.397028983 -0.107461944 0.732581973 0.062853880 0.139515489 0.101009153 0.983047307
1341848055.426823 -0.414644420 -0.110033758 0.728286266 0.061669726 0.145004109 0.099796727 0.982451677
1341848055.458813 -0.421741456 -0.100391552 0.717632115 0.063403651 0.146193743 0.100782037 0.982064366
1341848055.494734 -0.422547400 -0.091865890 0.707293272 0.063075997 0.147005469 0.102591969 0.981776834
1341848055.526713 -0.429366946 -0.096650258 0.695056319 0.060477346 0.149472207 0.101205513 0.981711805
1341848055.562613 -0.440839469 -0.103677161 0.688355267 0.059472587 0.153492063 0.101788044 0.981092453
1341848055.594685 -0.441725552 -0.077203028 0.675724268 0.064106815 0.155056804 0.105169147 0.980197549
1341848055.626675 -0.456023991 -0.072551340 0.675557792 0.063637435 0.159986287 0.106623232 0.979278386
1341848055.662951 -0.461851060 -0.071014404 0.670188665 0.063456953 0.160455123 0.108567789 0.978999674
1341848055.694797 -0.453583539 -0.072356045 0.650243104 0.061232608 0.159764856 0.107566714 0.979364693
1341848055.726774 -0.458282202 -0.065500267 0.637457013 0.057964705 0.166650653 0.110057257 0.978138626
1341848055.762799 -0.468235373 -0.055961590 0.647032499 0.059552580 0.170147881 0.113038041 0.977100611
1341848055.794951 -0.473758787 -0.061877791 0.633910000 0.059077863 0.171128616 0.115926214 0.976619661
1341848055.830810 -0.479478508 -0.060704712 0.630028307 0.058985472 0.175131559 0.119793639 0.975448191
1341848055.862804 -0.493586987 -0.058445998 0.628990650 0.061666206 0.180383965 0.123392627 0.973875403
1341848055.894792 -0.496784270 -0.069143645 0.619582176 0.061068736 0.182043836 0.125789434 0.973297358
1341848055.930676 -0.507403791 -0.055654310 0.621057689 0.064894408 0.185529962 0.126840487 0.972254515
1341848055.962765 -0.517612278 -0.053955503 0.626938462 0.066347927 0.187851563 0.129114971 0.971410930
1341848055.994709 -0.521264255 -0.048408255 0.614570439 0.066571534 0.186725587 0.132212326 0.971196055
1341848056.030693 -0.518411040 -0.051053777 0.606476426 0.063284762 0.185015976 0.134244457 0.971464217
1341848056.062776 -0.541192293 -0.045970961 0.616787076 0.065043151 0.188715667 0.135254651 0.970495760
1341848056.098792 -0.549813390 -0.037056945 0.610713959 0.067014590 0.188656524 0.136562139 0.970189929
1341848056.130649 -0.563905597 -0.040001642 0.616412282 0.066631317 0.191052958 0.137213469 0.969655454
1341848056.162731 -0.578752577 -0.039938319 0.620240748 0.068326272 0.192076549 0.137731120 0.969261706
1341848056.198744 -0.589430332 -0.036517631 0.621946871 0.069971599 0.190267220 0.138980404 0.969322920
1341848056.230727 -0.597493947 -0.033902727 0.619369745 0.069897898 0.187497988 0.140945047 0.969584167
1341848056.263915 -0.622402430 -0.038697354 0.625694573 0.068961635 0.188630432 0.141634002 0.969331086
1341848056.298771 -0.633816063 -0.043733411 0.625878394 0.068399191 0.186920971 0.140690431 0.969839334
1341848056.330676 -0.648875117 -0.033876378 0.633674502 0.070117362 0.187278390 0.141482070 0.969532490
1341848056.366737 -0.664180636 -0.031451814 0.635617077 0.070491157 0.185652405 0.143353075 0.969543219
1341848056.398744 -0.680105805 -0.027740303 0.634734631 0.071220994 0.181655869 0.144150108 0.970128655
1341848056.430750 -0.674039304 -0.033241458 0.617245793 0.064266615 0.173369840 0.149766162 0.971278965
1341848056.466830 -0.694785058 -0.032601245 0.629064977 0.059516791 0.171719700 0.156143501 0.970870376
1341848056.498895 -0.719318271 -0.029455584 0.634632051 0.057465330 0.169606954 0.157438919 0.971156120
1341848056.534778 -0.725493670 -0.026053142 0.630886316 0.055120707 0.166709885 0.155889079 0.972043335
1341848056.566729 -0.735396564 -0.032274637 0.638833344 0.051478270 0.165894270 0.156212881 0.972330570
1341848056.598948 -0.753961027 -0.029065222 0.638905108 0.052300569 0.163782388 0.160597503 0.971930325
1341848056.634801 -0.770135701 -0.025135167 0.637276828 0.050863750 0.158780992 0.161566749 0.972675562
1341848056.666759 -0.785262704 -0.032934867 0.646835387 0.047115888 0.156449214 0.163760155 0.972875357
1341848056.698889 -0.788012564 -0.038363386 0.644170344 0.045643732 0.152180851 0.162906542 0.973765492
1341848056.734784 -0.828045189 -0.037071686 0.669655561 0.046970397 0.156021759 0.167015985 0.972397387
1341848056.766724 -0.819346428 -0.046520922 0.631299317 0.042040609 0.146795794 0.161135420 0.975048244
1341848056.802861 -0.849343181 -0.044579387 0.656413674 0.041977089 0.151706740 0.161228865 0.974283516
1341848056.834980 -0.868818760 -0.039199524 0.665053129 0.041923698 0.151584312 0.159142226 0.974647880
1341848056.866661 -0.877102137 -0.048139315 0.665644228 0.040780533 0.149569333 0.158050567 0.975185156
1341848056.902748 -0.880841315 -0.054251369 0.662205040 0.039269507 0.149200708 0.156564176 0.975543320
1341848056.934715 -0.891427040 -0.054175109 0.665471077 0.037256315 0.151912019 0.153995663 0.975612700
1341848056.966788 -0.903305352 -0.055040509 0.671089888 0.038043283 0.153130487 0.154624894 0.975292265
1341848057.002703 -0.913207531 -0.058012970 0.671366215 0.036666565 0.154123649 0.154358000 0.975230813
1341848057.034763 -0.916007638 -0.061622646 0.665935159 0.032175031 0.155859381 0.152884424 0.975345612
1341848057.070964 -0.933576763 -0.054243825 0.678176343 0.034112405 0.158819526 0.152959093 0.974790394
1341848057.102757 -0.938282728 -0.061886337 0.673865974 0.031666752 0.158021897 0.151094154 0.975293279
1341848057.134714 -0.949934244 -0.056236662 0.675314367 0.029965585 0.159776732 0.152594626 0.974827409
1341848057.170739 -0.966166496 -0.061521679 0.679878294 0.026715718 0.161033094 0.150752857 0.975001633
1341848057.202641 -0.973304331 -0.064106122 0.679176211 0.025816362 0.161086917 0.147564515 0.975504637
1341848057.234679 -0.986846924 -0.062562764 0.680526376 0.023622287 0.164097697 0.147214532 0.975111187
1341848057.270814 -0.997503042 -0.061222207 0.684444010 0.020527363 0.165841132 0.150569260 0.974373817
1341848057.302860 -1.011483431 -0.060081400 0.688724875 0.019094076 0.164367169 0.149407238 0.974831462
1341848057.338756 -1.018992782 -0.057854172 0.685217917 0.016640069 0.165889531 0.148723453 0.974723101
1341848057.370841 -1.033133268 -0.058857463 0.691513300 0.012445886 0.169128090 0.149530396 0.974105477
1341848057.402722 -1.048300385 -0.055277087 0.697073460 0.012162415 0.170047730 0.150601596 0.973783910
1341848057.438870 -1.058535576 -0.056624882 0.694812179 0.010335376 0.171649799 0.151336655 0.973409891
1341848057.470699 -1.075953364 -0.056331493 0.694366872 0.007525405 0.176432401 0.154431239 0.972093642
1341848057.506720 -1.089439631 -0.054590050 0.702168822 0.008426791 0.178248525 0.158231124 0.971143365
1341848057.538788 -1.102443099 -0.051277842 0.699063241 0.007992915 0.177537635 0.160053879 0.970978618
1341848057.571069 -1.120489836 -0.054076117 0.698499858 0.003992590 0.180396795 0.163073808 0.969973266
1341848057.606668 -1.129058123 -0.050463714 0.701848447 0.001342348 0.182486162 0.166937515 0.968931913
1341848057.638819 -1.141546845 -0.057389524 0.700245976 -0.001756861 0.185873449 0.169201747 0.967894018
1341848057.670943 -1.155775309 -0.054996993 0.702874422 -0.003404269 0.190793261 0.170875579 0.966637433
1341848057.706823 -1.169326544 -0.057680782 0.707544088 -0.004150887 0.195308521 0.176162615 0.964781880
1341848057.738890 -1.181743383 -0.052430928 0.706647217 -0.002566292 0.196540430 0.177782521 0.964240015
1341848057.774986 -1.194564342 -0.057278041 0.705548882 -0.004886993 0.198645666 0.179500103 0.963481069
1341848057.806842 -1.210196376 -0.054462023 0.711742401 -0.004020641 0.201995403 0.185378909 0.961673737
1341848057.838760 -1.222666144 -0.057912536 0.709839344 -0.002513793 0.201949790 0.190683350 0.960650802
1341848057.874817 -1.232210398 -0.063697666 0.709357858 -0.002659337 0.202511966 0.191836059 0.960302472
1341848057.906831 -1.249537349 -0.064804636 0.708681166 -0.002434129 0.204107508 0.193269908 0.959677577
1341848057.938847 -1.266236067 -0.059088256 0.702357888 -0.001160273 0.203919470 0.195288733 0.959311128
1341848057.975316 -1.277824640 -0.061265811 0.706090510 -0.002858304 0.202708557 0.197133541 0.959186852
1341848058.006833 -1.296164632 -0.062000059 0.709750175 -0.001734738 0.201887459 0.197534397 0.959280252
1341848058.042753 -1.305041313 -0.066410072 0.714515507 0.000673897 0.198944196 0.196414679 0.960126042
1341848058.075970 -1.316568613 -0.068032131 0.714123130 0.002326337 0.196238309 0.196023345 0.960760117
1341848058.106790 -1.332835555 -0.075182050 0.716997385 0.001590858 0.194534555 0.194983289 0.961319566
1341848058.142699 -1.356832862 -0.077787593 0.726341367 0.005596350 0.193390965 0.194407076 0.961652040
1341848058.174743 -1.363302231 -0.079773098 0.727071881 0.006731518 0.189421758 0.190534875 0.963208497
1341848058.207081 -1.372856021 -0.080190957 0.731311679 0.007358544 0.187364653 0.188657090 0.963975549
1341848058.242740 -1.389891624 -0.085409805 0.734532058 0.008436715 0.185074687 0.186212510 0.964883983
1341848058.274694 -1.395707250 -0.090400174 0.745854616 0.009265986 0.183812201 0.183356017 0.965664446
1341848058.310701 -1.411759615 -0.090538755 0.745945454 0.013592730 0.186133891 0.182231203 0.965381384
1341848058.343169 -1.416796327 -0.092299208 0.745732486 0.016010640 0.183725387 0.177412093 0.966702521
1341848058.374887 -1.427753091 -0.099024147 0.747789264 0.015307175 0.183725953 0.177900106 0.966624081
1341848058.410669 -1.435861945 -0.097335726 0.746751845 0.015127625 0.182169035 0.181167543 0.966314673
1341848058.442794 -1.445760727 -0.100433879 0.752806127 0.014597565 0.181749135 0.183090284 0.966039479
1341848058.474732 -1.452269793 -0.108795613 0.758634746 0.015688227 0.182880044 0.186385706 0.965178311
1341848058.510788 -1.461140275 -0.108628862 0.763812065 0.018798558 0.185991675 0.188407853 0.964134991
1341848058.542970 -1.470721126 -0.105437309 0.770506322 0.022047564 0.187268376 0.191774726 0.963154674
1341848058.578948 -1.477665544 -0.110423602 0.772853136 0.022515323 0.186841413 0.196180448 0.962339163
1341848058.610842 -1.479401112 -0.118162535 0.776733816 0.021017080 0.189058274 0.198144704 0.961537302
1341848058.643060 -1.488642931 -0.117512122 0.786214054 0.021932352 0.192118570 0.199158728 0.960700393
1341848058.678730 -1.492599845 -0.124313578 0.794514775 0.023071842 0.192386180 0.199579030 0.960532963
1341848058.710728 -1.495560408 -0.130801603 0.794375539 0.025321111 0.197185412 0.197819605 0.959866762
1341848058.746819 -1.508979321 -0.122962162 0.799242020 0.026565634 0.202432409 0.195677981 0.959179580
1341848058.778710 -1.518650532 -0.118602186 0.801659703 0.027202632 0.200777963 0.198442191 0.958941579
1341848058.810874 -1.519674301 -0.124389090 0.810715437 0.026166219 0.198626354 0.202549472 0.958559752
1341848058.846829 -1.521640301 -0.131762952 0.812334597 0.022823090 0.200511917 0.202930421 0.958171904
1341848058.879577 -1.528258801 -0.135698125 0.821570933 0.023480849 0.204424977 0.205626726 0.956753254
1341848058.910866 -1.532214284 -0.133974820 0.825338781 0.025303144 0.204965994 0.208123595 0.956050873
1341848058.946807 -1.533307552 -0.144817799 0.827412069 0.022847861 0.206226915 0.210667163 0.955284178
1341848058.978865 -1.539124012 -0.149693787 0.830455959 0.023562534 0.209769025 0.211809352 0.954242408
1341848059.014660 -1.543287516 -0.150582746 0.832765281 0.027022213 0.211371347 0.212282404 0.953691840
1341848059.046707 -1.546593428 -0.149903327 0.835362077 0.028325828 0.213567689 0.212198198 0.953183353
1341848059.078771 -1.551307440 -0.155933887 0.836177886 0.027333520 0.217524171 0.212405056 0.952271163
1341848059.114675 -1.552410603 -0.155945212 0.836865783 0.027890848 0.221364528 0.211676940 0.951531768
1341848059.146706 -1.555497408 -0.157421947 0.839561999 0.027017400 0.224334255 0.211288989 0.950947523
1341848059.178722 -1.553232431 -0.158359349 0.839524746 0.026800271 0.225727737 0.211373791 0.950605035
1341848059.214738 -1.555361032 -0.160890236 0.839931548 0.026587315 0.230022296 0.210780650 0.949712813
1341848059.246762 -1.560319662 -0.159057721 0.845098615 0.028920140 0.236234725 0.210471556 0.948186994
1341848059.282693 -1.560626507 -0.159649432 0.850057840 0.031151673 0.239256889 0.211978123 0.947022200
1341848059.314667 -1.560043573 -0.156602189 0.851243436 0.034429453 0.242239594 0.214225501 0.945643723
1341848059.346758 -1.555850983 -0.160672009 0.844507813 0.033459112 0.244170055 0.215531915 0.944884896
1341848059.382694 -1.556663394 -0.160287455 0.848678529 0.034743726 0.245887250 0.217737019 0.943887174
1341848059.414736 -1.558340669 -0.164820790 0.848189533 0.036565237 0.249262258 0.218391240 0.942781389
1341848059.446788 -1.559633613 -0.161521614 0.845017672 0.036997907 0.253518045 0.216952771 0.941961408
1341848059.482693 -1.559025526 -0.156892642 0.844910622 0.037948817 0.256449759 0.217889875 0.940913141
1341848059.514652 -1.560914040 -0.155109823 0.845167637 0.039883047 0.257750660 0.220888168 0.939777851
1341848059.550754 -1.559035778 -0.154801980 0.842739761 0.039422486 0.259153306 0.219843149 0.939656615
1341848059.582695 -1.560823798 -0.159712434 0.844794452 0.039508156 0.263320178 0.220779344 0.938274026
1341848059.614734 -1.563250780 -0.156986862 0.843915761 0.043341316 0.263631403 0.222512484 0.937607765
1341848059.650722 -1.565241694 -0.155993611 0.841288030 0.045678139 0.262618661 0.223659053 0.937508225
1341848059.682731 -1.565762281 -0.157898933 0.836586237 0.044231832 0.263623655 0.221191615 0.937880874
1341848059.718703 -1.567261934 -0.154498354 0.843326032 0.045192681 0.266744524 0.221292019 0.936928451
1341848059.750904 -1.569825411 -0.154926807 0.844314575 0.048040435 0.266727000 0.221142679 0.936827004
1341848059.782774 -1.574097991 -0.154082924 0.839242399 0.048315652 0.267157048 0.219477922 0.937081754
1341848059.818759 -1.572423458 -0.157649130 0.841145039 0.045141220 0.269632846 0.218807146 0.936687768
1341848059.850685 -1.576025009 -0.161534548 0.843454242 0.047131836 0.271681339 0.219100282 0.935928941
1341848059.882730 -1.580014944 -0.156423613 0.840773106 0.051206447 0.271490395 0.217173755 0.936219215
1341848059.918755 -1.580039024 -0.155543014 0.840017617 0.052504122 0.270469040 0.215950772 0.936725795
1341848059.950805 -1.583883047 -0.155884519 0.839072704 0.053995643 0.270687908 0.216527820 0.936444521
1341848059.986776 -1.585481524 -0.156965196 0.841225922 0.056568820 0.270561069 0.216994226 0.936221242
1341848060.018660 -1.584125042 -0.161482096 0.837163568 0.057423942 0.270815909 0.212805614 0.937056601
1341848060.050701 -1.588340759 -0.162947148 0.837354660 0.060860459 0.274648637 0.211108312 0.936107635
1341848060.086783 -1.592652917 -0.157733113 0.835981250 0.066119038 0.274080932 0.210159078 0.936130941
1341848060.118813 -1.591693997 -0.156442106 0.835729420 0.068718992 0.271701425 0.206234768 0.937509120
1341848060.150800 -1.594841480 -0.155284464 0.828909278 0.067644991 0.274435639 0.203341633 0.937422812
1341848060.186872 -1.594943047 -0.154472798 0.834708035 0.068644598 0.276209861 0.203523159 0.936789453
1341848060.218851 -1.592391253 -0.155654684 0.835039735 0.071831830 0.275176436 0.200193122 0.937571824
1341848060.254799 -1.591429830 -0.146447390 0.821554005 0.071563132 0.276970744 0.197067916 0.937726080
1341848060.287466 -1.589435458 -0.143058017 0.830277801 0.070839539 0.279386044 0.197490111 0.936975360
1341848060.318914 -1.589727044 -0.146619305 0.835030258 0.072920240 0.279457092 0.196443081 0.937014699
1341848060.354641 -1.586686611 -0.138522536 0.820433736 0.072259389 0.278789669 0.192562252 0.938069642
1341848060.387254 -1.583366632 -0.144510970 0.825716496 0.069015697 0.282127559 0.191098183 0.937615275
1341848060.418639 -1.584566593 -0.135582745 0.830090940 0.073300675 0.281931162 0.190049767 0.937562227
1341848060.454775 -1.579640388 -0.138050258 0.823746204 0.072345346 0.280951560 0.186007887 0.938740373
1341848060.486697 -1.577607751 -0.138462976 0.822458982 0.070697486 0.284319609 0.182993323 0.938444257
1341848060.522925 -1.575785279 -0.135672361 0.828169048 0.073917374 0.285539806 0.181190386 0.938175559
1341848060.554710 -1.572905779 -0.134637609 0.823733568 0.076998636 0.285390496 0.178022131 0.938579559
1341848060.586692 -1.568895817 -0.129412502 0.815030992 0.075601287 0.287598848 0.175016820 0.938584328
1341848060.622697 -1.568201542 -0.131041944 0.829726040 0.076478764 0.290945292 0.175568134 0.937378168
1341848060.656087 -1.565362692 -0.126012504 0.823921680 0.080053009 0.288896382 0.174550354 0.937903285
1341848060.687258 -1.561538815 -0.128195643 0.819480121 0.077977799 0.289640993 0.173119664 0.938113630
1341848060.723165 -1.560633302 -0.126719967 0.824236333 0.079130568 0.291248292 0.174636409 0.937237978
1341848060.757863 -1.559044600 -0.119702592 0.822313488 0.083454460 0.288000226 0.175033242 0.937792480
1341848060.790920 -1.555699348 -0.118983231 0.821392596 0.084197462 0.285510778 0.174937263 0.938504875
1341848060.823967 -1.552298307 -0.123332918 0.819645107 0.084327087 0.283432931 0.174569428 0.939191282
1341848060.862432 -1.549527884 -0.125247389 0.818999410 0.086714059 0.280546576 0.174060017 0.939934850
1341848060.895671 -1.544255853 -0.121456325 0.819676995 0.088352449 0.277690947 0.173846334 0.940669477
1341848060.923126 -1.540506124 -0.123773746 0.822084129 0.089306265 0.275914609 0.174724743 0.940939367
1341848060.960845 -1.536089897 -0.129440382 0.821014822 0.090117365 0.273785084 0.173667371 0.941679537
1341848060.996857 -1.529940367 -0.127730817 0.822268426 0.091612659 0.271830618 0.174624786 0.941924393
1341848061.030587 -1.522854924 -0.133030578 0.820613801 0.091857523 0.269600183 0.174546346 0.942555845
1341848061.062246 -1.516571403 -0.137788057 0.820522010 0.091239899 0.268692970 0.173613966 0.943046987
1341848061.100583 -1.508849263 -0.142382249 0.821043909 0.091642350 0.269158304 0.172230303 0.943129003
1341848061.129837 -1.503323436 -0.147644922 0.824920297 0.094919361 0.269953132 0.172130391 0.942595780
1341848061.197947 -1.489843607 -0.148495391 0.822695076 0.101003885 0.270299673 0.171058401 0.942059159
1341848061.226804 -1.483441353 -0.156324521 0.812777281 0.104012653 0.268847525 0.170988441 0.942159951
1341848061.259408 -1.479784608 -0.157061100 0.813731253 0.105587482 0.269412041 0.170454308 0.941920340
1341848061.290885 -1.470631123 -0.156260863 0.809620738 0.108600557 0.268253922 0.171567455 0.941706181
1341848061.326612 -1.465410709 -0.165418923 0.806926847 0.110090077 0.269071639 0.171553910 0.941302240
1341848061.358867 -1.458345532 -0.167562351 0.803898811 0.110540368 0.269689739 0.170853302 0.941200018
1341848061.390845 -1.453091621 -0.164035857 0.805378497 0.113860913 0.270069331 0.172970876 0.940308154
1341848061.426913 -1.448378086 -0.162721738 0.801020503 0.115264446 0.269399017 0.174241260 0.940094888
1341848061.458837 -1.440674067 -0.167614177 0.801704168 0.113819040 0.270236403 0.175248429 0.939843357
1341848061.494657 -1.437136173 -0.168738946 0.801105261 0.115221918 0.271498591 0.174508184 0.939446330
1341848061.526736 -1.434192181 -0.159582183 0.800877333 0.118790731 0.271275550 0.174008474 0.939158916
1341848061.558821 -1.430495739 -0.161189228 0.798654974 0.116872072 0.271877646 0.175045893 0.939032733
1341848061.594750 -1.427177668 -0.158560649 0.800320566 0.117019199 0.272991210 0.175102606 0.938680649
1341848061.626731 -1.424695492 -0.162248641 0.800704360 0.118206829 0.273660690 0.174698353 0.938412249
1341848061.658831 -1.418004036 -0.160870031 0.795843303 0.116539069 0.274609059 0.173520967 0.938562214
1341848061.694894 -1.417951345 -0.165037781 0.801172018 0.115383156 0.277147979 0.174827188 0.937716007
1341848061.726726 -1.416542649 -0.157644376 0.799774408 0.118585043 0.276539236 0.175299942 0.937407911
1341848061.762815 -1.410784006 -0.165064976 0.797464132 0.114794821 0.277508527 0.173161611 0.937990606
1341848061.794816 -1.409749985 -0.160189375 0.801124394 0.115868680 0.279184937 0.173965320 0.937212050
1341848061.826740 -1.408663154 -0.157774970 0.801887393 0.117228828 0.278943837 0.174302548 0.937052011
1341848061.862883 -1.405450702 -0.161294565 0.799750745 0.114425033 0.278756410 0.173090413 0.937678814
1341848061.894834 -1.402575254 -0.166646704 0.802154481 0.111829914 0.279227734 0.172604203 0.937941253
1341848061.930667 -1.402287960 -0.158235610 0.805684805 0.114530817 0.278982133 0.172341570 0.937736690
1341848061.962828 -1.400635123 -0.157548457 0.805441141 0.113313198 0.278583974 0.171339273 0.938186586
1341848061.997188 -1.400527477 -0.154996663 0.809445679 0.112702765 0.277786255 0.171575561 0.938453376
1341848062.030704 -1.396237016 -0.159095585 0.810754180 0.110793985 0.276265591 0.169763789 0.939458549
1341848062.063265 -1.392003655 -0.158671856 0.812490106 0.109538041 0.275901884 0.168040708 0.940022349
1341848062.094872 -1.389321804 -0.155122146 0.818769693 0.109603815 0.274143517 0.167966440 0.940542281
1341848062.130773 -1.383812070 -0.155519217 0.818190694 0.108138271 0.271362215 0.167293653 0.941637695
1341848062.163385 -1.384472609 -0.165450692 0.821793616 0.105288140 0.270790219 0.163323805 0.942821503
1341848062.198718 -1.380305052 -0.160193890 0.823446870 0.106435068 0.269518703 0.159260660 0.943751693
1341848062.230750 -1.380251527 -0.157456428 0.828242004 0.106417328 0.268492997 0.157812774 0.944289148
1341848062.262814 -1.376914740 -0.160591453 0.830309033 0.103893057 0.264989525 0.158568010 0.945432663
1341848062.299276 -1.375084639 -0.160519972 0.832945228 0.102464385 0.262573034 0.157451913 0.946448803
1341848062.330839 -1.370765686 -0.167004019 0.836266339 0.099964723 0.261743426 0.155251041 0.947309136
1341848062.362763 -1.370784998 -0.161394387 0.840482354 0.102058880 0.260621995 0.154156923 0.947573721
1341848062.398825 -1.367854357 -0.164643899 0.841544867 0.102091908 0.257970691 0.154016837 0.948318124
1341848062.430832 -1.363624573 -0.160511225 0.838414252 0.102375999 0.255317986 0.156507507 0.948597550
1341848062.466855 -1.360620022 -0.155117542 0.839004040 0.103531100 0.252110988 0.158153325 0.949056923
1341848062.498723 -1.358789206 -0.163321182 0.840907633 0.102708258 0.250062823 0.160629362 0.949272335
1341848062.530743 -1.350746632 -0.165603772 0.831857145 0.101390794 0.247033983 0.159834355 0.950340509
1341848062.566929 -1.350588083 -0.159393936 0.838007689 0.101543702 0.247767538 0.160640717 0.949997246
1341848062.598817 -1.351540565 -0.157511577 0.841829717 0.103330545 0.245980814 0.163604140 0.949763060
1341848062.630793 -1.345759511 -0.159310922 0.837570488 0.102250084 0.241909534 0.165609390 0.950577915
1341848062.666740 -1.337300181 -0.163608283 0.834272563 0.099525489 0.240658686 0.165611356 0.951184034
1341848062.698720 -1.330834150 -0.158899352 0.835873127 0.103218280 0.239839345 0.166082263 0.950915277
1341848062.734924 -1.325889587 -0.157982096 0.829960346 0.103933558 0.237954915 0.165398970 0.951429725
1341848062.766819 -1.320731640 -0.153890669 0.830016673 0.102531768 0.237065926 0.166739404 0.951569796
1341848062.798717 -1.315732002 -0.156043768 0.833896399 0.103556983 0.236062363 0.167447999 0.951583803
1341848062.834828 -1.309937954 -0.152836800 0.826472104 0.103953786 0.232702807 0.165423572 0.952721477
1341848062.866781 -1.302829266 -0.155668795 0.826087117 0.100826614 0.231937930 0.164234966 0.953449368
1341848062.899075 -1.298394322 -0.151570410 0.829002798 0.101431198 0.230546504 0.163049504 0.953926086
1341848062.934962 -1.291601658 -0.154937297 0.825843453 0.101060688 0.227782995 0.157448918 0.955568731
1341848062.966930 -1.283905029 -0.152244002 0.818986952 0.098279186 0.227562502 0.152511582 0.956711411
1341848063.002905 -1.279670596 -0.144786641 0.825313687 0.099303111 0.226947889 0.153505117 0.956592798
1341848063.034972 -1.273519874 -0.147620350 0.822302580 0.099820793 0.222273692 0.152583972 0.957783043
1341848063.066737 -1.260577202 -0.150911778 0.818381310 0.097800083 0.219544724 0.150929347 0.958882511
1341848063.102822 -1.251500964 -0.153478846 0.817064881 0.098532833 0.218518987 0.149525106 0.959261715
1341848063.135045 -1.246701717 -0.143768564 0.813526094 0.101401977 0.215573281 0.149212241 0.959677875
1341848063.170739 -1.244617939 -0.142390966 0.810812235 0.100028194 0.212093830 0.149872616 0.960494041
1341848063.202662 -1.233365297 -0.142523408 0.806641638 0.099608488 0.209681585 0.149010032 0.961201251
1341848063.234990 -1.227516294 -0.150276184 0.807435870 0.098675057 0.209127560 0.145029873 0.962026715
1341848063.270800 -1.218430519 -0.148150459 0.802185953 0.097714216 0.209423348 0.141938716 0.962521315
1341848063.302788 -1.209248781 -0.135884434 0.801145613 0.099578552 0.208424047 0.140469134 0.962762713
1341848063.334854 -1.204083443 -0.140827850 0.802200139 0.097569369 0.206639320 0.137769908 0.963742673
1341848063.370653 -1.193639398 -0.144663751 0.799798906 0.093738414 0.205638275 0.135528803 0.964654386
1341848063.402698 -1.190402627 -0.143162221 0.802251399 0.091610014 0.208279580 0.132279351 0.964743197
1341848063.439276 -1.181857944 -0.137883425 0.804783404 0.091460921 0.207459122 0.130197525 0.965217233
1341848063.470742 -1.170800447 -0.137836069 0.797498763 0.088832892 0.206077412 0.128391966 0.966000199
1341848063.502776 -1.171404004 -0.136175513 0.809360564 0.084472403 0.210307986 0.127764001 0.965562701
1341848063.541802 -1.168698072 -0.138074726 0.818425298 0.085850142 0.210640028 0.129215017 0.965175688
1341848063.577805 -1.152990699 -0.127878755 0.803804457 0.087118991 0.207090273 0.130983338 0.965591669
1341848063.609732 -1.151795983 -0.126148790 0.812283874 0.083828449 0.208306819 0.132711664 0.965385258
1341848063.643039 -1.143339396 -0.122649193 0.816935241 0.085281052 0.206314981 0.134156585 0.965486050
1341848063.677955 -1.133923888 -0.120377094 0.814106524 0.083284251 0.203691766 0.134372383 0.966187060
1341848063.709890 -1.128183484 -0.121891752 0.818790197 0.078143708 0.202399239 0.135659963 0.966708124
1341848063.745768 -1.121978521 -0.122776635 0.827604949 0.077196896 0.199215844 0.136155441 0.967375517
1341848063.777773 -1.112181425 -0.125375733 0.823181152 0.074841149 0.197541699 0.132495463 0.968411624
1341848063.809840 -1.108469725 -0.122119173 0.830386162 0.074073143 0.197848484 0.131664887 0.968521297
1341848063.845733 -1.101255417 -0.124093935 0.838622093 0.075417995 0.195897534 0.131173700 0.968880653
1341848063.877902 -1.087308884 -0.132692710 0.837952733 0.072980918 0.193744719 0.130022034 0.969655156
1341848063.913769 -1.079386115 -0.137641355 0.842687726 0.071406484 0.195913225 0.127111167 0.969722629
1341848063.945802 -1.074990034 -0.135273412 0.856076419 0.076633111 0.197587267 0.124258220 0.969353676
1341848063.977856 -1.068170786 -0.138707027 0.860174239 0.079037905 0.195167974 0.125393823 0.969504535
1341848064.013951 -1.053380966 -0.138340503 0.862369299 0.079229429 0.192046523 0.126671001 0.969946086
1341848064.045815 -1.047583461 -0.148532674 0.874723554 0.079442307 0.191813216 0.124922693 0.970201492
1341848064.081699 -1.034395576 -0.155906871 0.872599244 0.080738127 0.188955233 0.122258574 0.970994473
1341848064.113685 -1.021407366 -0.155686885 0.874027967 0.079770751 0.188679546 0.122303747 0.971122265
1341848064.145823 -1.014467955 -0.155722052 0.887535155 0.081047878 0.188878417 0.124835141 0.970655680
1341848064.181846 -1.000027061 -0.161405519 0.888514638 0.081466526 0.185379148 0.126502037 0.971079409
1341848064.213863 -0.985824704 -0.170926750 0.889389336 0.078531154 0.184701338 0.125136137 0.971627176
1341848064.249771 -0.970559776 -0.175590724 0.900848031 0.078074761 0.187430844 0.124551103 0.971216321
1341848064.282977 -0.962578177 -0.174278855 0.912428677 0.082617991 0.188033000 0.124799967 0.970691979
1341848064.313795 -0.939176500 -0.172160983 0.897766650 0.082423247 0.183982626 0.124620430 0.971507370
1341848064.349790 -0.923983037 -0.179204911 0.910544932 0.079954885 0.186947465 0.124358743 0.971181154
1341848064.382619 -0.911230147 -0.177829355 0.919291437 0.082446985 0.188516021 0.123939186 0.970723152
1341848064.418063 -0.900080979 -0.175385460 0.916436732 0.082702026 0.187994331 0.123465531 0.970862985
1341848064.449767 -0.882387280 -0.183106527 0.924384058 0.078520805 0.188918814 0.120766543 0.971369982
1341848064.481773 -0.875681043 -0.194841474 0.933136344 0.078261212 0.190928131 0.116520226 0.971516728
1341848064.518010 -0.863972902 -0.195451528 0.923141420 0.078869626 0.191805661 0.113463849 0.971656382
1341848064.549704 -0.853704095 -0.197628632 0.929161966 0.079330437 0.192679033 0.113929026 0.971391618
1341848064.581714 -0.841580033 -0.204930395 0.936533093 0.080722325 0.192556664 0.116118930 0.971041858
1341848064.617693 -0.832819641 -0.202509403 0.930876493 0.083745770 0.191317111 0.116263986 0.971013427
1341848064.649724 -0.822357535 -0.201333970 0.928911448 0.084754162 0.190711126 0.117857531 0.970853090
1341848064.685821 -0.814040065 -0.201921970 0.932796299 0.085473202 0.188332886 0.121023223 0.970864832
1341848064.749892 -0.795230567 -0.202067167 0.926885545 0.082954332 0.188139766 0.117385991 0.971567094
1341848064.778913 -0.787271321 -0.204412788 0.934893966 0.083671704 0.187650040 0.116748266 0.971677125
1341848064.810737 -0.782168448 -0.200362578 0.930826545 0.084782690 0.185461909 0.117547825 0.971904516
1341848064.842702 -0.770757794 -0.197832644 0.930100918 0.083573841 0.183122814 0.117163196 0.972499013
1341848064.878850 -0.763153911 -0.198322773 0.933819532 0.084238440 0.181992844 0.117736071 0.972584605
1341848064.910832 -0.755405366 -0.192790046 0.927729487 0.086059637 0.178734422 0.120720923 0.972663522
1341848064.946850 -0.748828709 -0.190640390 0.927255809 0.084615365 0.176771402 0.124278419 0.972700894
1341848064.978809 -0.742721736 -0.196561143 0.930603147 0.083476663 0.176325276 0.125288725 0.972750664
1341848065.010770 -0.730167091 -0.194688246 0.925087750 0.085576512 0.174415782 0.125938177 0.972828627
1341848065.046751 -0.723851383 -0.188384354 0.923876286 0.085174292 0.174349293 0.126996115 0.972738266
1341848065.078713 -0.716382742 -0.189460501 0.930660963 0.085600704 0.172511682 0.130192950 0.972605824
1341848065.110686 -0.708055794 -0.190460086 0.922350585 0.084924296 0.169883430 0.130769268 0.973050296
1341848065.146689 -0.697799325 -0.187525377 0.923911214 0.083939560 0.169530988 0.131456822 0.973104596
1341848065.178847 -0.687451065 -0.200828493 0.928875327 0.083352394 0.169123024 0.129539788 0.973483026
1341848065.214760 -0.681302786 -0.186309829 0.919595540 0.088992484 0.167630583 0.128962040 0.973318636
1341848065.246768 -0.674504459 -0.180017695 0.917566836 0.087173104 0.166561887 0.126760274 0.973955810
1341848065.278735 -0.665408075 -0.189354077 0.921855569 0.085340515 0.166596040 0.125800759 0.974236667
1341848065.314761 -0.658058524 -0.185654968 0.915259063 0.087509319 0.164722383 0.123755753 0.974624693
1341848065.346776 -0.648798704 -0.182021469 0.912645102 0.087231144 0.163371518 0.121668845 0.975139558
1341848065.382824 -0.640906394 -0.184070274 0.912165403 0.087855659 0.163187712 0.121332884 0.975156188
1341848065.414914 -0.633788049 -0.181241974 0.910695255 0.088555910 0.162521586 0.119946428 0.975375533
1341848065.446728 -0.622477829 -0.186051220 0.909365714 0.088115208 0.161281809 0.116372436 0.976054013
1341848065.482830 -0.614034295 -0.183477223 0.902889550 0.090076752 0.161585584 0.114433669 0.976053953
1341848065.514745 -0.605895162 -0.182240367 0.902902007 0.091179274 0.161372915 0.114476912 0.975981653
1341848065.546916 -0.595678389 -0.183024108 0.902118444 0.091329239 0.159750700 0.113774955 0.976316571
1341848065.582742 -0.584628940 -0.181120738 0.900703907 0.092951484 0.159173965 0.112534896 0.976401389
1341848065.614763 -0.582748771 -0.181594938 0.896993279 0.093192682 0.159577399 0.110443301 0.976551354
1341848065.650809 -0.575093210 -0.180497140 0.895949960 0.093660407 0.156974196 0.110535167 0.976918042
1341848065.682873 -0.568943083 -0.182127804 0.894822180 0.093957521 0.154892981 0.108423591 0.977458239
1341848065.714808 -0.561950922 -0.175466210 0.888621807 0.094605878 0.153161854 0.106004104 0.977933705
1341848065.750674 -0.558432817 -0.174311727 0.893488884 0.093304724 0.151333585 0.104791574 0.978473961
1341848065.782722 -0.554245830 -0.175882399 0.894469380 0.092398874 0.146970198 0.101576373 0.979563415
1341848065.814742 -0.546025157 -0.172451496 0.888089299 0.091064110 0.144641578 0.097621933 0.980436742
1341848065.850746 -0.546770930 -0.173188955 0.890763998 0.088859968 0.144023329 0.092463471 0.981229722
1341848065.882795 -0.548217356 -0.166700929 0.891109228 0.089669734 0.139342219 0.091890410 0.981885612
1341848065.918698 -0.544209957 -0.161390901 0.894724846 0.087686732 0.131940931 0.091824092 0.983092606
1341848065.950762 -0.541646123 -0.161215246 0.891646564 0.082791388 0.127140954 0.088083334 0.984490812
1341848065.982774 -0.536250710 -0.163378790 0.890431225 0.081128702 0.122440591 0.085644566 0.985439777
1341848066.018773 -0.529316247 -0.154825523 0.888737261 0.081544131 0.117377661 0.082048923 0.986327112
1341848066.050717 -0.523276746 -0.154551983 0.888144612 0.077369638 0.114154421 0.078165159 0.987356603
1341848066.082818 -0.518082023 -0.154178381 0.889711976 0.076395325 0.110824808 0.077950709 0.987828672
1341848066.118721 -0.514923513 -0.153636590 0.895007133 0.076576084 0.106974997 0.078507803 0.988194823
1341848066.150964 -0.502670288 -0.145975545 0.887954473 0.075714938 0.101210743 0.076606110 0.989017308
1341848066.186782 -0.500366628 -0.155079439 0.891756415 0.071719728 0.101508677 0.076769345 0.989271879
1341848066.218688 -0.497786164 -0.152535841 0.895405352 0.072736405 0.097981296 0.076408431 0.989581227
1341848066.250777 -0.487232059 -0.155308008 0.889884710 0.071282044 0.094536968 0.074634627 0.990157247
1341848066.286736 -0.477743477 -0.160819456 0.892416835 0.068834446 0.093570545 0.072568268 0.990575790
1341848066.318695 -0.474022418 -0.164848506 0.892202139 0.069318347 0.092933007 0.071380630 0.990688264
1341848066.354797 -0.464110792 -0.162535831 0.888477504 0.071314998 0.091107093 0.070811749 0.990757048
1341848066.386761 -0.456115365 -0.165652126 0.892969549 0.071674548 0.090910114 0.069591351 0.990835667
1341848066.418820 -0.454288453 -0.171640143 0.895166755 0.072989583 0.091020137 0.069857560 0.990710795
1341848066.454695 -0.444764912 -0.169989616 0.899257123 0.075842671 0.087780856 0.068739660 0.990867019
1341848066.486874 -0.437045366 -0.171180457 0.899589777 0.075458027 0.086225398 0.066681370 0.991173506
1341848066.522806 -0.427241415 -0.175363213 0.903031468 0.074692771 0.083917789 0.065075383 0.991536260
1341848066.555107 -0.420736015 -0.173746347 0.906256020 0.076974325 0.081349164 0.061946608 0.991776168
1341848066.586881 -0.407501847 -0.175341144 0.908433378 0.076726966 0.079995677 0.056338418 0.992239773
1341848066.623500 -0.406256229 -0.183887541 0.910793543 0.075983517 0.082064129 0.051738020 0.992378592
1341848066.655239 -0.396196127 -0.184699357 0.913607419 0.077917002 0.079990737 0.048724849 0.992550492
1341848066.697724 -0.382325053 -0.180454820 0.915695786 0.079741769 0.078646019 0.046550252 0.992617369
1341848066.732527 -0.376382798 -0.190989077 0.923139930 0.079168804 0.079119474 0.042275395 0.992816865
1341848066.764415 -0.362715542 -0.192558706 0.930330634 0.082514428 0.078233533 0.039813764 0.992716372
1341848066.795253 -0.354343176 -0.187963128 0.924957216 0.085147113 0.078406572 0.035453405 0.992645741
1341848066.833355 -0.350602418 -0.192917481 0.930977464 0.085049942 0.078427278 0.031638101 0.992781341
1341848066.862103 -0.339379191 -0.187321991 0.925833225 0.087329380 0.076171853 0.030300803 0.992800713
1341848066.905023 -0.329130381 -0.187580392 0.927317023 0.085734859 0.075358033 0.028459713 0.993056297
1341848066.930221 -0.327066064 -0.194297418 0.934809327 0.084379271 0.074938960 0.026716372 0.993252575
1341848066.997936 -0.306909531 -0.190500304 0.934948564 0.083170108 0.074373774 0.022158006 0.993509114
1341848067.023497 -0.305653155 -0.195924550 0.939725041 0.081918180 0.074615255 0.020915532 0.993622005
1341848067.054702 -0.296619415 -0.193779871 0.932437718 0.082381487 0.073084928 0.019057129 0.993734717
1341848067.090940 -0.292524666 -0.195413515 0.935849547 0.081520498 0.074534357 0.017033679 0.993734837
1341848067.122963 -0.293387592 -0.201982975 0.941467822 0.082888886 0.075011365 0.016144469 0.993600607
1341848067.158821 -0.285383642 -0.200516060 0.935372710 0.085901558 0.073782004 0.015919771 0.993440330
1341848067.191143 -0.277486295 -0.193103373 0.935441077 0.087830991 0.072504833 0.016597452 0.993354559
1341848067.222948 -0.275979221 -0.199490532 0.936573982 0.087414853 0.072311200 0.017449951 0.993390799
1341848067.258733 -0.270258307 -0.198577374 0.931671619 0.088150620 0.072171189 0.019068956 0.993306220
1341848067.291049 -0.269053340 -0.198161259 0.932442605 0.087811455 0.073788486 0.021186696 0.993174493
1341848067.322816 -0.267265022 -0.199999511 0.935291886 0.087880477 0.073573492 0.024657762 0.993104219
1341848067.358674 -0.258557290 -0.198758155 0.929431915 0.088206120 0.071765691 0.026620433 0.993156970
1341848067.390706 -0.249483198 -0.198722154 0.925988734 0.087062873 0.072186299 0.028852953 0.993165016
1341848067.426869 -0.248328045 -0.198311910 0.927399397 0.087703690 0.073928393 0.032582548 0.992865086
1341848067.458745 -0.243996695 -0.191701740 0.924528480 0.088994861 0.074291557 0.035303444 0.992630064
1341848067.491527 -0.234893680 -0.186475232 0.922032177 0.087637298 0.074343450 0.037559949 0.992664099
1341848067.526659 -0.236756742 -0.194401920 0.925064802 0.084753357 0.077651449 0.039017394 0.992605090
1341848067.558770 -0.227642059 -0.188226074 0.919522464 0.085876733 0.077307358 0.038642816 0.992550015
1341848067.594659 -0.222991273 -0.191537380 0.916616440 0.083346553 0.080360524 0.037318535 0.992573917
1341848067.626656 -0.223834366 -0.192837521 0.921206951 0.084900141 0.083189964 0.036895934 0.992224813
1341848067.658983 -0.218358308 -0.192478836 0.913773596 0.087297492 0.083453923 0.036668953 0.992003024
1341848067.694893 -0.215180144 -0.190309092 0.910911977 0.088354841 0.085599959 0.037221048 0.991706014
1341848067.726732 -0.214771047 -0.197317630 0.910942733 0.089626983 0.086700380 0.039969418 0.991389155
1341848067.758667 -0.208390713 -0.190330952 0.904636264 0.093355149 0.086591467 0.041013211 0.991011977
1341848067.794813 -0.204520255 -0.185875744 0.902521849 0.094461724 0.088719025 0.042733863 0.990646124
1341848067.826795 -0.205254778 -0.190402940 0.902390778 0.095244683 0.090006359 0.045458227 0.990333676
1341848067.862808 -0.199043944 -0.184732407 0.897820354 0.097546950 0.090501636 0.046968270 0.989993989
