1311867170.462290 0.000000000 0.000000000 0.000000000 -0.000000000 -0.000000000 -0.000000000 1.000000000
1311867170.494139 -0.005020739 -0.002337529 -0.002413222 -0.001079607 0.000690207 -0.001801483 0.999997556
1311867170.526429 -0.009770457 -0.002289371 -0.004250675 -0.001730264 -0.002103787 -0.001849896 0.999994576
1311867170.562349 -0.011106951 -0.002447285 -0.006383817 -0.003469342 -0.005369843 -0.001609775 0.999978304
1311867170.594217 -0.015202939 -0.005462011 -0.008669281 -0.005908046 -0.007644119 -0.000161935 0.999953330
1311867170.626087 -0.013518485 -0.005532311 -0.011775426 -0.006841703 -0.010331860 -0.001715769 0.999921739
1311867170.662140 -0.016108299 -0.007133346 -0.013777766 -0.007905569 -0.010228939 -0.002918090 0.999912202
1311867170.694205 -0.017625861 -0.006658427 -0.017031161 -0.008422323 -0.010399426 -0.005734166 0.999894023
1311867170.726388 -0.020915771 -0.007653472 -0.017120222 -0.009896858 -0.009341406 -0.006938605 0.999883354
1311867170.762019 -0.026510803 -0.012200219 -0.018957889 -0.010410338 -0.010761468 -0.006295893 0.999868095
1311867170.794192 -0.027255710 -0.013394152 -0.021072524 -0.009284007 -0.013532965 -0.003712755 0.999858439
1311867170.826282 -0.026973464 -0.019103240 -0.023781789 -0.007737843 -0.016158491 -0.002693499 0.999835908
1311867170.862221 -0.025856625 -0.021088049 -0.027145300 -0.004814975 -0.017444257 -0.002730643 0.999832571
1311867170.894378 -0.027523572 -0.025671456 -0.030855734 -0.003095970 -0.016914427 -0.003059463 0.999847472
1311867170.926352 -0.026538594 -0.030042600 -0.035590209 -0.001317329 -0.015896134 -0.004944140 0.999860585
1311867170.962147 -0.031492855 -0.034747571 -0.039042048 0.000121768 -0.014511291 -0.007134793 0.999869287
1311867170.994263 -0.029413519 -0.035803623 -0.043099780 0.001585385 -0.016107550 -0.008397467 0.999833763
1311867171.026274 -0.026343258 -0.034417816 -0.045026667 0.003684083 -0.016229670 -0.010223635 0.999809265
1311867171.062352 -0.028130077 -0.038109433 -0.048355583 0.006156852 -0.016792532 -0.011655226 0.999772131
1311867171.094235 -0.024514452 -0.036326148 -0.051550280 0.008688664 -0.018073084 -0.010756894 0.999741077
1311867171.126251 -0.026052691 -0.040228065 -0.053331379 0.009199102 -0.018000161 -0.008786583 0.999757111
1311867171.162247 -0.026849916 -0.040014599 -0.055029105 0.011681302 -0.020095944 -0.007153835 0.999704301
1311867171.194269 -0.019246286 -0.036489457 -0.056112453 0.013308879 -0.022639431 -0.004695741 0.999644101
1311867171.226253 -0.016053895 -0.039414573 -0.057726577 0.012834964 -0.021365229 -0.004244904 0.999680340
1311867171.262244 -0.010906184 -0.038109057 -0.061254364 0.013443717 -0.019249732 -0.006660228 0.999702156
1311867171.294341 -0.004066028 -0.038195368 -0.062097065 0.011276892 -0.015349493 -0.009703094 0.999771535
1311867171.326387 -0.005867579 -0.035249267 -0.061343286 0.010448149 -0.008990970 -0.013292156 0.999816716
1311867171.362246 -0.006252582 -0.032244343 -0.062544949 0.009737694 -0.005127795 -0.015749186 0.999815464
1311867171.394143 -0.008178075 -0.031031976 -0.064463906 0.006656241 -0.002586997 -0.014959826 0.999862611
1311867171.426288 -0.011676160 -0.036018070 -0.065648109 0.004563436 -0.002065263 -0.016430607 0.999852479
1311867171.462244 -0.010702117 -0.034306202 -0.069021538 0.006094139 -0.003454710 -0.018609924 0.999802291
1311867171.494404 -0.010025376 -0.034132235 -0.072101504 0.006136358 -0.003273263 -0.018925842 0.999796689
1311867171.526178 -0.015400012 -0.034632605 -0.072990008 0.006431030 -0.002706400 -0.018188180 0.999810278
1311867171.562297 -0.014718244 -0.031402934 -0.075051367 0.007820921 -0.005051056 -0.018841984 0.999779165
1311867171.594293 -0.013577262 -0.032812353 -0.076797239 0.006601850 -0.004306217 -0.020571502 0.999757349
1311867171.626340 -0.018165257 -0.033930492 -0.076848552 0.006558296 -0.002803542 -0.022662474 0.999717772
1311867171.662256 -0.020880496 -0.034014527 -0.078240283 0.007207568 -0.003357845 -0.024751691 0.999662042
1311867171.694344 -0.024373567 -0.032350119 -0.077435017 0.007506175 -0.004545746 -0.024660122 0.999657452
1311867171.726244 -0.029412016 -0.034189180 -0.079025447 0.007025426 -0.006886295 -0.023145186 0.999683678
1311867171.762119 -0.029980224 -0.036277119 -0.080480590 0.007292633 -0.009990599 -0.022221213 0.999676526
1311867171.794171 -0.028955376 -0.037596982 -0.081664905 0.008333414 -0.012646138 -0.023617666 0.999606371
1311867171.826255 -0.030571772 -0.037613653 -0.084387846 0.009213736 -0.012522610 -0.024967495 0.999567449
1311867171.862359 -0.036385123 -0.039478943 -0.084883772 0.009630349 -0.012258206 -0.025928941 0.999542296
1311867171.894443 -0.041066140 -0.036658436 -0.086100712 0.010984463 -0.014367252 -0.026815504 0.999476850
1311867171.926222 -0.046231531 -0.037358094 -0.086809516 0.010209414 -0.015679384 -0.027152130 0.999456167
1311867171.962467 -0.049801275 -0.035876069 -0.086692922 0.009847906 -0.017545387 -0.027600512 0.999416530
1311867171.994671 -0.053004365 -0.034827795 -0.085674629 0.008376424 -0.018551497 -0.029555548 0.999355853
1311867172.026268 -0.056627396 -0.033343393 -0.085035890 0.007022822 -0.019798039 -0.030174002 0.999323964
1311867172.062288 -0.061721172 -0.031522188 -0.084179521 0.004792584 -0.020949163 -0.030020732 0.999318302
1311867172.094196 -0.066259675 -0.032183524 -0.083182305 0.002650937 -0.022305720 -0.029521992 0.999311745
1311867172.126369 -0.070776418 -0.032349344 -0.082048260 0.000781745 -0.024146853 -0.028276239 0.999308169
1311867172.162335 -0.075674050 -0.031938963 -0.081002422 -0.000423157 -0.026125487 -0.026447190 0.999308705
1311867172.194427 -0.079692453 -0.029830927 -0.079985261 -0.001435017 -0.028126981 -0.025587702 0.999275804
1311867172.226441 -0.080541424 -0.029113565 -0.078901216 -0.002750968 -0.029881142 -0.024710132 0.999244213
1311867172.262228 -0.083412409 -0.026890280 -0.077762723 -0.003877226 -0.029880250 -0.024826869 0.999237597
1311867172.294483 -0.086175062 -0.027697679 -0.075935088 -0.005472945 -0.029118558 -0.025643077 0.999232054
1311867172.326338 -0.092312098 -0.026177820 -0.076914951 -0.006327593 -0.028452933 -0.026080301 0.999234855
1311867172.362401 -0.095188528 -0.028047491 -0.077255145 -0.008012591 -0.029269578 -0.025670717 0.999209762
1311867172.394289 -0.097707279 -0.028037572 -0.076889776 -0.008995139 -0.031054109 -0.024230083 0.999183536
1311867172.426522 -0.101361223 -0.030408610 -0.076608866 -0.010020598 -0.033010367 -0.023475403 0.999129057
1311867172.462350 -0.100637563 -0.025490787 -0.077625342 -0.008866131 -0.034688793 -0.024221631 0.999065280
1311867172.495267 -0.101517126 -0.028343035 -0.078150690 -0.010676399 -0.033636652 -0.023929998 0.999090612
1311867172.526306 -0.109966367 -0.030512754 -0.078226507 -0.010516549 -0.032709334 -0.025176283 0.999092400
1311867172.562493 -0.109732032 -0.027183101 -0.078620784 -0.009249764 -0.034325108 -0.025912918 0.999031961
1311867172.594544 -0.114052944 -0.027771674 -0.080370873 -0.010081487 -0.033172093 -0.026542619 0.999046326
1311867172.626370 -0.118764654 -0.027576070 -0.080533087 -0.010778646 -0.032946866 -0.026802983 0.999039590
1311867172.662442 -0.119983099 -0.028480936 -0.081974514 -0.011939198 -0.033789717 -0.027034685 0.998991907
1311867172.694545 -0.122345708 -0.027932953 -0.081764638 -0.012565775 -0.032664545 -0.028555268 0.998979390
1311867172.726393 -0.124255076 -0.025018487 -0.083877429 -0.012853109 -0.031383060 -0.030724125 0.998952448
1311867172.762374 -0.129561320 -0.025658824 -0.082754582 -0.014727358 -0.030183537 -0.032272037 0.998914719
1311867172.794451 -0.136128157 -0.025416626 -0.083046995 -0.015522417 -0.030248903 -0.034279272 0.998833835
1311867172.826309 -0.138937920 -0.025302473 -0.084877983 -0.016222255 -0.031318516 -0.035978846 0.998730004
1311867172.863231 -0.142914414 -0.025806474 -0.084843718 -0.016370676 -0.031573966 -0.037514050 0.998663068
1311867172.894465 -0.148145095 -0.025599331 -0.085721061 -0.016526919 -0.031956177 -0.038211320 0.998621821
1311867172.926322 -0.150733218 -0.027138237 -0.085994400 -0.016556542 -0.033679232 -0.037596475 0.998588145
1311867172.962331 -0.150713384 -0.027718747 -0.087082900 -0.016370596 -0.034697182 -0.037481561 0.998560667
1311867172.994527 -0.153364152 -0.028588369 -0.087268747 -0.016612995 -0.034441769 -0.036464609 0.998603106
1311867173.026263 -0.155111551 -0.028410459 -0.088699840 -0.016600532 -0.034826491 -0.034577340 0.998657107
1311867173.062463 -0.155172944 -0.027159665 -0.087994061 -0.016346015 -0.034944300 -0.033472344 0.998694777
1311867173.094518 -0.157194242 -0.029625857 -0.087758340 -0.017121300 -0.034950152 -0.031370379 0.998749912
1311867173.126782 -0.160859272 -0.026871044 -0.088419065 -0.016638150 -0.035475548 -0.031197416 0.998744965
1311867173.162231 -0.158474743 -0.024796383 -0.086748742 -0.017218670 -0.036233976 -0.030510262 0.998729050
1311867173.194301 -0.161941946 -0.024140513 -0.086590126 -0.018240757 -0.036271788 -0.029717192 0.998733521
1311867173.226445 -0.162096679 -0.024638794 -0.087230183 -0.019074002 -0.038052022 -0.030163785 0.998638272
1311867173.262202 -0.165234551 -0.023201674 -0.086901553 -0.020071341 -0.038265370 -0.030180195 0.998610139
1311867173.294268 -0.168630093 -0.021564502 -0.086580925 -0.020886436 -0.038402058 -0.030101012 0.998590529
1311867173.326288 -0.170614570 -0.022329882 -0.085801341 -0.021418706 -0.038723264 -0.031758267 0.998515546
1311867173.362328 -0.175588086 -0.022242002 -0.086705193 -0.021798523 -0.038330153 -0.033462331 0.998466790
1311867173.394287 -0.179375142 -0.024120962 -0.087674282 -0.022734592 -0.038912397 -0.034000460 0.998405218
1311867173.426279 -0.184904024 -0.023722250 -0.086884961 -0.022102196 -0.039334163 -0.034140877 0.998398125
1311867173.462290 -0.185898259 -0.025022494 -0.087434843 -0.022449149 -0.041049473 -0.032880604 0.998363554
1311867173.494339 -0.186859280 -0.025167687 -0.087218970 -0.021945141 -0.041753415 -0.032694779 0.998351693
1311867173.526390 -0.188645691 -0.025561078 -0.087826408 -0.021840388 -0.041741990 -0.033076674 0.998341918
1311867173.562437 -0.192044988 -0.024148131 -0.087825693 -0.022102021 -0.040726941 -0.034170341 0.998341262
1311867173.594311 -0.197167277 -0.023632113 -0.088470072 -0.022266850 -0.039380535 -0.036231752 0.998318911
1311867173.626396 -0.201682538 -0.022702089 -0.089246877 -0.021441799 -0.039862797 -0.036964979 0.998290956
1311867173.662330 -0.197282389 -0.024379704 -0.089026824 -0.021669852 -0.041770644 -0.036306698 0.998232245
1311867173.694354 -0.202239379 -0.026307903 -0.090010822 -0.021699695 -0.040378496 -0.036296472 0.998289227
1311867173.726797 -0.203148529 -0.026043285 -0.091043547 -0.020480553 -0.041619103 -0.036975667 0.998239040
1311867173.762397 -0.203013316 -0.023269136 -0.092419714 -0.019741369 -0.041473687 -0.037395414 0.998244405
1311867173.794356 -0.206520423 -0.027514670 -0.092557535 -0.021529976 -0.039977022 -0.037570190 0.998261929
1311867173.826567 -0.210281178 -0.025675530 -0.093904391 -0.019872753 -0.040201887 -0.038210433 0.998262942
1311867173.863580 -0.213672638 -0.022835124 -0.095065348 -0.019711435 -0.039382093 -0.036970168 0.998345494
1311867173.894608 -0.216912717 -0.027367070 -0.094886199 -0.021168761 -0.040085271 -0.035482783 0.998341680
1311867173.926697 -0.222380325 -0.027530860 -0.096713021 -0.019823348 -0.042139240 -0.034264777 0.998327255
1311867173.962546 -0.220265254 -0.020852705 -0.097107805 -0.019015372 -0.044769075 -0.031400975 0.998322666
1311867173.994431 -0.227809638 -0.025120998 -0.097063534 -0.021792665 -0.044342015 -0.029790014 0.998334289
1311867174.026426 -0.225556120 -0.025667261 -0.098767251 -0.021430438 -0.047129717 -0.030194979 0.998202264
1311867174.062463 -0.223755211 -0.021230385 -0.101072997 -0.021663832 -0.047404621 -0.030534212 0.998173892
1311867174.094519 -0.228771716 -0.021501670 -0.100184172 -0.024043581 -0.044450566 -0.030868713 0.998245060
1311867174.126454 -0.231781974 -0.021185702 -0.100820921 -0.024634963 -0.045850094 -0.032780208 0.998106360
1311867174.162433 -0.233469382 -0.016458031 -0.102057002 -0.025046293 -0.046203651 -0.033539452 0.998054624
1311867174.194398 -0.234405681 -0.018249029 -0.101215996 -0.028458955 -0.045275591 -0.032941103 0.998025656
1311867174.226758 -0.239039555 -0.020601228 -0.102823414 -0.029804669 -0.045443751 -0.033787902 0.997950375
1311867174.262677 -0.237758487 -0.016819008 -0.102899447 -0.029530929 -0.046370950 -0.035865199 0.997843385
1311867174.294528 -0.241416141 -0.018848795 -0.103365101 -0.031346053 -0.043659523 -0.036690585 0.997880340
1311867174.326574 -0.244835660 -0.020787690 -0.104052544 -0.031401619 -0.043467246 -0.037926719 0.997840762
1311867174.362433 -0.245156929 -0.017977178 -0.104532525 -0.031343020 -0.043787841 -0.037527103 0.997843683
1311867174.394636 -0.249408752 -0.016730648 -0.103457674 -0.032481994 -0.043181539 -0.036109883 0.997885942
1311867174.426679 -0.255351394 -0.018538283 -0.103604227 -0.033236783 -0.043994065 -0.035661064 0.997841775
1311867174.463016 -0.254970133 -0.016584339 -0.103159636 -0.032382257 -0.046942078 -0.035395589 0.997744977
1311867174.494567 -0.256725490 -0.016637608 -0.102135472 -0.033470251 -0.046726305 -0.033964846 0.997768939
1311867174.526752 -0.260458887 -0.018342882 -0.102412462 -0.033111420 -0.047044411 -0.034657449 0.997742116
1311867174.562350 -0.259533346 -0.015020519 -0.102356859 -0.032199066 -0.047942333 -0.035894591 0.997685492
1311867174.594488 -0.262226582 -0.015749916 -0.103360839 -0.033165246 -0.047070403 -0.035297912 0.997716665
1311867174.626546 -0.264980614 -0.017262602 -0.100135371 -0.034414049 -0.048022423 -0.035396300 0.997625470
1311867174.662491 -0.272098780 -0.014137190 -0.099768087 -0.033249918 -0.048317768 -0.037034184 0.997591257
1311867174.694591 -0.274541169 -0.009636443 -0.101204529 -0.033483259 -0.048209459 -0.035459142 0.997645974
1311867174.726563 -0.276408583 -0.011086000 -0.099169753 -0.034908663 -0.049394902 -0.034701187 0.997565746
1311867174.762376 -0.276517272 -0.011683475 -0.098860256 -0.033947915 -0.051833566 -0.036115330 0.997424960
1311867174.794474 -0.277215302 -0.011856444 -0.098542705 -0.034030315 -0.052088577 -0.035982855 0.997413695
1311867174.827330 -0.282370359 -0.012332184 -0.097444318 -0.033363260 -0.051587235 -0.035561170 0.997477353
1311867174.862423 -0.286499977 -0.011110078 -0.099932365 -0.032670535 -0.052083176 -0.035130035 0.997489810
1311867174.894420 -0.287147850 -0.012521790 -0.101341963 -0.033031501 -0.052826710 -0.035923924 0.997410536
1311867174.926975 -0.289422929 -0.010923674 -0.101018839 -0.032274310 -0.051477261 -0.037311628 0.997454941
1311867174.962643 -0.293382049 -0.013379642 -0.100278541 -0.031503893 -0.050234344 -0.039380230 0.997463405
1311867174.994335 -0.295510262 -0.009879434 -0.102082625 -0.029911075 -0.050765779 -0.040511295 0.997440219
1311867175.026551 -0.300141126 -0.006412850 -0.100883253 -0.030590292 -0.050661709 -0.040245127 0.997435749
1311867175.063312 -0.306309313 -0.008429112 -0.101505093 -0.032133456 -0.051574908 -0.039862748 0.997355759
1311867175.094719 -0.303758085 -0.007170903 -0.102119766 -0.033072002 -0.054183353 -0.039458670 0.997202814
1311867175.126531 -0.303971261 -0.006044347 -0.101963103 -0.034100488 -0.054502051 -0.038558871 0.997186065
1311867175.162518 -0.304448038 -0.008192415 -0.101017632 -0.035877407 -0.054756664 -0.038713619 0.997103691
1311867175.194640 -0.305901080 -0.005215028 -0.099859744 -0.035620306 -0.054870848 -0.039740253 0.997066259
1311867175.227005 -0.304617733 -0.004325108 -0.099310383 -0.037052371 -0.054659337 -0.038703732 0.997066498
1311867175.262467 -0.306494445 -0.005473885 -0.098368235 -0.039502520 -0.054972038 -0.036411747 0.997041583
1311867175.294451 -0.307790607 -0.004725551 -0.097839616 -0.040498607 -0.056758810 -0.035506766 0.996934116
1311867175.326706 -0.309187949 -0.002078977 -0.096659027 -0.042793706 -0.056785267 -0.034434631 0.996874332
1311867175.362565 -0.311080366 -0.001020297 -0.093770988 -0.044168375 -0.056746613 -0.034263194 0.996822476
1311867175.394599 -0.314745098 -0.003299295 -0.094071537 -0.045131512 -0.056366537 -0.035284292 0.996765316
1311867175.426606 -0.317327291 -0.001630442 -0.093591996 -0.045461260 -0.055703014 -0.036018483 0.996761382
1311867175.462600 -0.324499875 -0.002802915 -0.094371364 -0.046600308 -0.054779116 -0.036879200 0.996728480
1311867175.494573 -0.328271270 -0.001428767 -0.093866259 -0.046517514 -0.056365646 -0.037179027 0.996632755
1311867175.526427 -0.326088160 -0.000939186 -0.093663581 -0.046464588 -0.057888929 -0.038419843 0.996500850
1311867175.562570 -0.330913842 0.004279696 -0.091402918 -0.045654811 -0.055672605 -0.040313900 0.996589720
1311867175.594664 -0.340798557 0.001557169 -0.093134828 -0.047141533 -0.052632146 -0.043259446 0.996562183
1311867175.626480 -0.349640071 0.005707650 -0.095988654 -0.046251960 -0.051445782 -0.044734638 0.996600688
1311867175.662493 -0.353718758 0.008269232 -0.095596194 -0.047625937 -0.052057292 -0.042982161 0.996581316
1311867175.694700 -0.357794583 0.004326694 -0.093145266 -0.049889930 -0.054117620 -0.041080236 0.996441066
1311867175.727312 -0.357733876 0.007174340 -0.094153993 -0.049261712 -0.056170639 -0.041353177 0.996347427
1311867175.762497 -0.360641509 0.007493450 -0.093031615 -0.050370090 -0.055014081 -0.041368488 0.996355891
1311867175.794862 -0.366163909 0.006109512 -0.093333721 -0.050725121 -0.053962141 -0.042439982 0.996350348
1311867175.828797 -0.368488401 0.008347167 -0.094415545 -0.049589276 -0.055114347 -0.043862686 0.996282816
1311867175.862552 -0.374612898 0.008835445 -0.095242642 -0.050593045 -0.054856785 -0.042511877 0.996305108
1311867175.894608 -0.378599554 0.010225056 -0.094402030 -0.050567433 -0.056002241 -0.042067945 0.996261537
1311867175.928243 -0.381106406 0.007462453 -0.094680324 -0.050604600 -0.058472876 -0.043186538 0.996069849
1311867175.962937 -0.383144200 0.011369732 -0.095740288 -0.049107637 -0.058946162 -0.044221617 0.996071398
1311867175.998300 -0.387399018 0.010398687 -0.096930690 -0.049602371 -0.057355896 -0.044312902 0.996135652
1311867176.026851 -0.393333197 0.008086232 -0.096589468 -0.048274100 -0.056531582 -0.043196693 0.996297061
1311867176.062706 -0.391680360 0.009566131 -0.097193532 -0.045954168 -0.058378991 -0.041407455 0.996376216
1311867176.094660 -0.393810958 0.011184312 -0.097871132 -0.044455882 -0.058571678 -0.038529545 0.996548295
1311867176.126812 -0.394334137 0.011765152 -0.099856317 -0.043312546 -0.059923213 -0.036593527 0.996591270
1311867176.162590 -0.395227760 0.011934543 -0.098969646 -0.041717671 -0.060955070 -0.036565550 0.996597767
1311867176.194692 -0.394598037 0.013743810 -0.099990770 -0.040163361 -0.059327729 -0.038747672 0.996677399
1311867176.226536 -0.397224337 0.011277383 -0.101348467 -0.039772294 -0.056973618 -0.040408537 0.996764421
1311867176.262502 -0.403123617 0.013584098 -0.102168389 -0.036852628 -0.055328190 -0.042177722 0.996896029
1311867176.294611 -0.401225448 0.017803889 -0.103539996 -0.035145234 -0.056487139 -0.042269539 0.996888816
1311867176.326602 -0.407145560 0.016865114 -0.101248324 -0.036691554 -0.055687547 -0.041962009 0.996891081
1311867176.362456 -0.408391714 0.020691799 -0.102938540 -0.034689281 -0.057727393 -0.042147808 0.996838927
1311867176.395244 -0.405684531 0.020212628 -0.105379961 -0.035206366 -0.059801605 -0.040784176 0.996755183
1311867176.426836 -0.410645992 0.026070343 -0.106720418 -0.034113608 -0.058197513 -0.041790567 0.996846497
1311867176.462966 -0.415611595 0.022450643 -0.106188990 -0.034520090 -0.056070711 -0.043277539 0.996890962
1311867176.494581 -0.420563519 0.023522099 -0.107780851 -0.033245847 -0.055142730 -0.044213600 0.996944964
1311867176.526621 -0.420296133 0.025213430 -0.107476331 -0.033743914 -0.055995330 -0.043037344 0.996932149
1311867176.563639 -0.422454596 0.022238426 -0.107883997 -0.034282736 -0.057365224 -0.041841388 0.996886790
1311867176.594609 -0.423431724 0.024097374 -0.109559901 -0.032588854 -0.059629038 -0.041467026 0.996826470
1311867176.628384 -0.428064823 0.025576511 -0.110650361 -0.031747185 -0.059837855 -0.042962346 0.996777773
1311867176.662578 -0.427912742 0.027018178 -0.109885156 -0.030855965 -0.060403943 -0.043602962 0.996743739
1311867176.694518 -0.434436291 0.027161593 -0.112144507 -0.030437572 -0.059385821 -0.044327568 0.996785879
1311867176.726589 -0.435675710 0.027984262 -0.114111550 -0.030101407 -0.060204308 -0.044637334 0.996733129
1311867176.763233 -0.438419282 0.027822027 -0.113801196 -0.030111684 -0.061941408 -0.044073246 0.996651471
1311867176.794768 -0.443068713 0.028807353 -0.112566806 -0.029941762 -0.062198348 -0.044226389 0.996633828
1311867176.826677 -0.445935994 0.033111122 -0.113368317 -0.027793745 -0.062591024 -0.044897933 0.996641397
1311867176.862731 -0.450949132 0.033036366 -0.116506115 -0.028124170 -0.061279066 -0.045981526 0.996664226
1311867176.894955 -0.455881059 0.031221237 -0.117296867 -0.028744755 -0.061145358 -0.046442196 0.996633410
1311867176.926818 -0.458012223 0.029383749 -0.117133342 -0.028718105 -0.062482048 -0.046321895 0.996556878
1311867176.965061 -0.458665103 0.034529231 -0.116864279 -0.027964924 -0.063835345 -0.046985723 0.996461451
1311867176.994748 -0.461285532 0.031818613 -0.115572907 -0.029171804 -0.064751253 -0.047014747 0.996366382
1311867177.026728 -0.464120597 0.032974295 -0.116801918 -0.028081905 -0.065039083 -0.047376074 0.996361852
1311867177.062634 -0.464631408 0.035088513 -0.116694517 -0.027707085 -0.065546811 -0.048307050 0.996294379
1311867177.094685 -0.469402492 0.033076696 -0.117098302 -0.028521126 -0.064269491 -0.048275959 0.996356070
1311867177.126615 -0.474252015 0.033780850 -0.116896078 -0.027820043 -0.064079784 -0.047762677 0.996412873
1311867177.162730 -0.475670993 0.035684526 -0.115958788 -0.027418239 -0.065276496 -0.048118725 0.996329188
1311867177.194646 -0.480431318 0.034461331 -0.116985239 -0.028176825 -0.065149039 -0.048406079 0.996302485
1311867177.226473 -0.481990427 0.032756738 -0.117494918 -0.028459981 -0.066138029 -0.049686428 0.996166229
1311867177.263864 -0.483524710 0.038840976 -0.116249673 -0.026575249 -0.066103145 -0.050787155 0.996165037
1311867177.294618 -0.486226082 0.038434267 -0.116328754 -0.026289532 -0.066933334 -0.051547058 0.996078193
1311867177.327609 -0.491860688 0.040767908 -0.117557950 -0.025397889 -0.066309571 -0.051813532 0.996129215
1311867177.362771 -0.496313751 0.038708337 -0.121932343 -0.026504615 -0.065866835 -0.051890645 0.996125698
1311867177.394609 -0.498763144 0.038311407 -0.122500189 -0.026620504 -0.066686571 -0.051962558 0.996064365
1311867177.426748 -0.501650631 0.040539969 -0.121911585 -0.026503211 -0.067203872 -0.052429616 0.996008217
1311867177.462604 -0.502947509 0.042639121 -0.121601656 -0.026510768 -0.068118863 -0.053081889 0.995911360
1311867177.494643 -0.504997730 0.042457227 -0.122722231 -0.026966991 -0.068266042 -0.053361144 0.995874107
1311867177.527617 -0.508738279 0.044753063 -0.124049492 -0.026965838 -0.067824617 -0.053628094 0.995889962
1311867177.562640 -0.509570479 0.043367900 -0.123148344 -0.028335923 -0.069209762 -0.053175379 0.995780885
1311867177.594731 -0.516882658 0.043841127 -0.124284372 -0.028032525 -0.068512700 -0.052858647 0.995854497
1311867177.631145 -0.517030597 0.047666624 -0.124404944 -0.026943116 -0.069313698 -0.053297412 0.995805800
1311867177.662483 -0.517504394 0.046610408 -0.125786960 -0.027787615 -0.069628328 -0.052346077 0.995811045
1311867177.694561 -0.522779703 0.047560755 -0.127922639 -0.027596403 -0.069097929 -0.052114099 0.995865524
1311867177.730584 -0.524743140 0.050371040 -0.127345413 -0.027762752 -0.068886526 -0.052652124 0.995847225
1311867177.762538 -0.523966312 0.050501656 -0.128035739 -0.027807500 -0.068750933 -0.052061535 0.995886385
1311867177.794559 -0.523953915 0.052251197 -0.126696020 -0.027297767 -0.068834364 -0.052031055 0.995896339
1311867177.830915 -0.527610123 0.051681656 -0.128819346 -0.027187889 -0.068696670 -0.051434897 0.995939791
1311867177.862532 -0.527982831 0.053473927 -0.130409807 -0.026468825 -0.068898961 -0.050392859 0.995998502
1311867177.894692 -0.530544162 0.052073568 -0.132235348 -0.027203238 -0.067983121 -0.050228715 0.996049881
1311867177.931786 -0.528988719 0.055739082 -0.130333662 -0.026232578 -0.068384610 -0.050507467 0.996034384
1311867177.962791 -0.533291161 0.054700758 -0.133760899 -0.026047589 -0.067347474 -0.050701872 0.996100008
1311867177.994777 -0.534530103 0.053252548 -0.134592846 -0.026940046 -0.067324638 -0.050622299 0.996081829
1311867178.030610 -0.536904871 0.051574185 -0.134877548 -0.027471496 -0.068634972 -0.049498543 0.996034443
1311867178.063448 -0.536042333 0.054445054 -0.135390863 -0.025980961 -0.070374124 -0.049620207 0.995946944
1311867178.095114 -0.536431551 0.053935010 -0.135207549 -0.026750084 -0.070653602 -0.049336772 0.995920956
1311867178.130791 -0.540799022 0.050861374 -0.133621693 -0.027198963 -0.070778832 -0.049408752 0.995896280
1311867178.162747 -0.545385599 0.053087197 -0.135621116 -0.025633486 -0.070620470 -0.050167449 0.995911121
1311867178.195046 -0.548525929 0.053252175 -0.138491273 -0.026363702 -0.070562944 -0.049742568 0.995917439
1311867178.230719 -0.548716486 0.054159604 -0.134819552 -0.025606452 -0.073058888 -0.049660999 0.995761275
1311867178.262894 -0.553405941 0.055427641 -0.140059039 -0.024480367 -0.073770195 -0.049840629 0.995728195
1311867178.295490 -0.553562045 0.056022324 -0.138339326 -0.025143869 -0.075277321 -0.049607482 0.995610535
1311867178.330667 -0.557139695 0.051998693 -0.137479618 -0.026014233 -0.076349199 -0.048716806 0.995550513
1311867178.362723 -0.561716735 0.056184933 -0.137725875 -0.025023300 -0.077271789 -0.049515694 0.995465279
1311867178.394944 -0.565678775 0.055862498 -0.139499024 -0.025157340 -0.077325121 -0.049874797 0.995439887
1311867178.430658 -0.571288586 0.056913860 -0.145281285 -0.025161622 -0.076850198 -0.050361555 0.995451987
1311867178.462874 -0.573411107 0.057367675 -0.140446991 -0.025662173 -0.076884888 -0.050999600 0.995404065
1311867178.494644 -0.573325038 0.057368428 -0.140830919 -0.025493558 -0.078056633 -0.050978299 0.995318294
1311867178.530627 -0.575319767 0.057859197 -0.140829057 -0.026361903 -0.079161763 -0.049826302 0.995266736
1311867178.562642 -0.576274037 0.057397380 -0.140223861 -0.027703850 -0.080769114 -0.049347490 0.995124996
1311867178.594700 -0.581534982 0.059187207 -0.140940592 -0.026975311 -0.081179902 -0.049043864 0.995126605
1311867178.630690 -0.582375407 0.060177542 -0.140222475 -0.026567167 -0.080808818 -0.050080366 0.995116115
1311867178.662641 -0.581729114 0.062231403 -0.137243599 -0.025928032 -0.080241337 -0.051600114 0.995101273
1311867178.694612 -0.584164739 0.061382852 -0.140482292 -0.024872085 -0.079268225 -0.053170837 0.995123565
1311867178.730745 -0.586695910 0.063150510 -0.143814147 -0.024766056 -0.077822886 -0.053293284 0.995233655
1311867178.763235 -0.588849545 0.059510857 -0.141398564 -0.026515376 -0.077818610 -0.051764235 0.995269656
1311867178.800680 -0.589621603 0.061494149 -0.141859844 -0.024957238 -0.078608431 -0.051371936 0.995268226
1311867178.830950 -0.592228889 0.063568175 -0.144407570 -0.025198912 -0.077207156 -0.051376238 0.995371580
1311867178.862794 -0.590365946 0.061330803 -0.140413404 -0.026415182 -0.076671883 -0.050552029 0.995423675
1311867178.895017 -0.590934277 0.063745134 -0.141224146 -0.023524741 -0.075577468 -0.050766539 0.995568931
1311867178.930621 -0.584225118 0.066918328 -0.142354876 -0.020606544 -0.072749779 -0.053624388 0.995694399
1311867178.962761 -0.592959464 0.063053280 -0.144586265 -0.020599391 -0.065379441 -0.056370970 0.996054053
1311867178.994683 -0.595977545 0.060094744 -0.144875437 -0.020762963 -0.063423678 -0.055567704 0.996222198
1311867179.030916 -0.597844660 0.060525477 -0.149579301 -0.021630542 -0.064922452 -0.053627416 0.996213496
1311867179.062812 -0.599081159 0.058970973 -0.146204978 -0.023124220 -0.068107434 -0.050280571 0.996141851
1311867179.096812 -0.597868383 0.061024889 -0.146720409 -0.019561755 -0.068562210 -0.051525202 0.996123374
1311867179.131037 -0.601255894 0.065846480 -0.149634346 -0.015998242 -0.064154223 -0.055219192 0.996282697
1311867179.162754 -0.602148414 0.059600193 -0.148562849 -0.015484074 -0.061616614 -0.055275068 0.996447861
1311867179.195685 -0.607158780 0.060705528 -0.154145762 -0.012502545 -0.060052879 -0.056813315 0.996498704
1311867179.230747 -0.609943807 0.058011495 -0.158559620 -0.014368556 -0.060568161 -0.055679239 0.996506393
1311867179.263461 -0.611153305 0.056810573 -0.155759349 -0.015021103 -0.064383671 -0.052780986 0.996415257
1311867179.295920 -0.611387551 0.060032357 -0.157032385 -0.013721293 -0.069056869 -0.052406155 0.996140838
1311867179.330715 -0.611720800 0.064955190 -0.155968919 -0.013084369 -0.070599720 -0.053563155 0.995979667
1311867179.362930 -0.614647806 0.062211968 -0.156326100 -0.014087578 -0.069601238 -0.054053675 0.996009827
1311867179.394849 -0.616576910 0.059493706 -0.154798940 -0.014558669 -0.071523115 -0.053086653 0.995918870
1311867179.430804 -0.616352618 0.062265422 -0.159399062 -0.014847232 -0.074653178 -0.051420953 0.995772302
1311867179.463746 -0.620696664 0.062370088 -0.161053419 -0.017101808 -0.076111205 -0.049649723 0.995715618
1311867179.494947 -0.619575858 0.063388102 -0.158892155 -0.016759127 -0.078876078 -0.049879927 0.995494723
1311867179.530780 -0.618993700 0.070813991 -0.156480655 -0.015698513 -0.079600476 -0.052906930 0.995298088
1311867179.562761 -0.624958158 0.066596560 -0.157586277 -0.017506327 -0.078683406 -0.053572744 0.995305240
1311867179.594674 -0.627189040 0.067915678 -0.159612045 -0.017829193 -0.079359315 -0.054552529 0.995192587
1311867179.630690 -0.628396749 0.068023868 -0.158114240 -0.019926567 -0.081358366 -0.052804183 0.995085716
1311867179.662575 -0.627210259 0.069373973 -0.153378233 -0.020108070 -0.084270254 -0.052221738 0.994870424
1311867179.694605 -0.628841877 0.072458699 -0.155219600 -0.019291902 -0.084649175 -0.053651392 0.994778335
1311867179.730947 -0.628196716 0.071899742 -0.152787536 -0.020128630 -0.084874049 -0.053994108 0.994724035
1311867179.762727 -0.631234765 0.069013081 -0.155211568 -0.020385766 -0.085046262 -0.053446393 0.994733751
1311867179.794891 -0.630062878 0.075052015 -0.156775251 -0.019021662 -0.085718319 -0.054056801 0.994670033
1311867179.830753 -0.632594168 0.073583268 -0.161235332 -0.021241382 -0.085677572 -0.052068591 0.994734645
1311867179.862798 -0.632563889 0.073738746 -0.155404329 -0.020939039 -0.087967008 -0.051000278 0.994596601
1311867179.894804 -0.633761168 0.073209666 -0.157037795 -0.020506522 -0.088824339 -0.051070906 0.994525790
1311867179.930905 -0.633779645 0.077433243 -0.154411241 -0.020108318 -0.088003941 -0.053191658 0.994495690
1311867179.963493 -0.635598063 0.075436339 -0.153406009 -0.020095302 -0.086699471 -0.052801028 0.994631290
1311867179.995888 -0.636647344 0.075279072 -0.156991288 -0.019701857 -0.086685210 -0.053829357 0.994585335
1311867180.030977 -0.638106167 0.075258560 -0.156521946 -0.021606574 -0.087237604 -0.053618990 0.994508803
1311867180.062647 -0.637136579 0.076834090 -0.155467212 -0.022163425 -0.088455521 -0.052669764 0.994439721
1311867180.094773 -0.638042152 0.077056378 -0.155084714 -0.022812910 -0.089074709 -0.052373800 0.994385362
1311867180.130773 -0.636721551 0.080622531 -0.154663831 -0.021956399 -0.088460848 -0.053421214 0.994403780
1311867180.163680 -0.634529531 0.080404274 -0.152938694 -0.021123651 -0.086653464 -0.055117775 0.994488299
1311867180.194909 -0.634895682 0.079220824 -0.154104322 -0.020780293 -0.083508737 -0.055478659 0.994744539
1311867180.230814 -0.632512867 0.077107668 -0.154554501 -0.020420292 -0.081672318 -0.056073092 0.994871080
1311867180.263762 -0.632007182 0.076411650 -0.155447438 -0.020394312 -0.080900170 -0.055930838 0.994942725
1311867180.294755 -0.633224666 0.076094374 -0.157719284 -0.020637209 -0.080961488 -0.055599179 0.994951308
1311867180.330867 -0.632291317 0.076613173 -0.159355491 -0.020716293 -0.081004247 -0.056152146 0.994915128
1311867180.365820 -0.630337000 0.076516874 -0.156593263 -0.020454105 -0.080029294 -0.058440477 0.994867682
1311867180.396166 -0.625975370 0.078961864 -0.154942676 -0.019332835 -0.078670494 -0.061160587 0.994835019
1311867180.430915 -0.626608133 0.077067703 -0.158400267 -0.019507200 -0.077489056 -0.061911602 0.994877815
1311867180.467067 -0.626582980 0.077492528 -0.159393966 -0.019982681 -0.077212535 -0.062150657 0.994875014
1311867180.494756 -0.624430418 0.078097910 -0.157988012 -0.019931335 -0.077313401 -0.062744029 0.994830966
1311867180.530888 -0.624365926 0.075775616 -0.158754170 -0.020751271 -0.076575294 -0.063493893 0.994823694
1311867180.562951 -0.621267438 0.075810149 -0.156968653 -0.020898692 -0.076697908 -0.064065345 0.994774580
1311867180.594691 -0.621562600 0.075149484 -0.159041315 -0.021451257 -0.075816557 -0.064337507 0.994812787
1311867180.630813 -0.620116830 0.074860647 -0.158026800 -0.021338839 -0.076266102 -0.064631850 0.994761705
1311867180.664091 -0.616900027 0.075044975 -0.157155633 -0.021369481 -0.076843731 -0.064922698 0.994697630
1311867180.695760 -0.617858112 0.072947547 -0.157364696 -0.022032561 -0.076656938 -0.064650416 0.994715393
1311867180.730974 -0.615632653 0.076547019 -0.158233553 -0.021617133 -0.077698372 -0.064878352 0.994628787
1311867180.765038 -0.615681350 0.073825464 -0.158157811 -0.022761086 -0.078401677 -0.065077826 0.994535089
1311867180.794928 -0.613820314 0.076632559 -0.158002064 -0.021854715 -0.079666458 -0.066101894 0.994387329
1311867180.830924 -0.612859070 0.075849377 -0.157228023 -0.022653833 -0.080007046 -0.067286730 0.994262695
1311867180.865254 -0.611015141 0.074638098 -0.156887546 -0.022536146 -0.080319427 -0.066774324 0.994274735
1311867180.896647 -0.611307919 0.074560471 -0.156483144 -0.022509586 -0.079976909 -0.067547575 0.994250655
1311867180.930605 -0.608601749 0.074694216 -0.154093429 -0.022280945 -0.081199422 -0.067688301 0.994147182
1311867180.963183 -0.608255863 0.076211035 -0.154693812 -0.021990482 -0.081658781 -0.068372779 0.994069219
1311867180.994818 -0.607688844 0.077910990 -0.159498096 -0.022616457 -0.081679791 -0.068239644 0.994062543
1311867181.030831 -0.604005098 0.073025033 -0.158147186 -0.024274951 -0.083016180 -0.067616068 0.993955314
1311867181.062783 -0.600652277 0.075789258 -0.155974686 -0.023400046 -0.084028423 -0.067354448 0.993909061
1311867181.094872 -0.597448230 0.077340782 -0.155125633 -0.023293972 -0.084283821 -0.066772766 0.993929148
1311867181.131191 -0.595638871 0.077887483 -0.156631216 -0.023553336 -0.083400138 -0.066343993 0.994026244
1311867181.162904 -0.592666268 0.075676627 -0.157713294 -0.023888193 -0.083296210 -0.065881349 0.994057715
1311867181.197251 -0.590983510 0.075199224 -0.157232866 -0.023890803 -0.083095022 -0.064700812 0.994152069
1311867181.234246 -0.587292910 0.076281674 -0.158003166 -0.023093395 -0.084156871 -0.064058006 0.994123220
1311867181.262936 -0.583961129 0.074421905 -0.154430747 -0.023421969 -0.085225083 -0.064503558 0.993995667
1311867181.294809 -0.582132518 0.078927077 -0.156962559 -0.022375574 -0.085212514 -0.064162754 0.994042993
1311867181.331699 -0.581146300 0.076702625 -0.157066226 -0.022667143 -0.084997274 -0.065499887 0.993967533
1311867181.362671 -0.577167153 0.078928195 -0.156456903 -0.022870351 -0.085106313 -0.067077927 0.993848324
1311867181.394822 -0.578295529 0.074701354 -0.157343954 -0.024764853 -0.084801748 -0.065317407 0.993946195
1311867181.430895 -0.574513018 0.075546339 -0.156484440 -0.024353044 -0.086466566 -0.065023340 0.993832231
1311867181.462831 -0.570831954 0.076696374 -0.155213133 -0.024446560 -0.086396098 -0.063704304 0.993921459
1311867181.496340 -0.570226192 0.073610075 -0.158190444 -0.025951676 -0.084806547 -0.061383512 0.994166195
1311867181.535911 -0.568190038 0.071585037 -0.156193450 -0.026694778 -0.084817156 -0.059834350 0.994240046
1311867181.563214 -0.565160692 0.073390663 -0.156552970 -0.025353096 -0.084997624 -0.060459573 0.994221985
1311867181.594861 -0.563621223 0.074484423 -0.157864094 -0.025244385 -0.084311955 -0.060340486 0.994290352
1311867181.630984 -0.561523557 0.070825718 -0.157991081 -0.027128002 -0.084580965 -0.058822032 0.994308889
1311867181.662857 -0.557267010 0.071474478 -0.156496078 -0.025862820 -0.086272873 -0.058787592 0.994199276
1311867181.694923 -0.554352820 0.072259255 -0.158372790 -0.025698990 -0.085921884 -0.059540164 0.994189143
1311867181.731083 -0.552322924 0.069761731 -0.159088627 -0.025881507 -0.084813908 -0.058893304 0.994318008
1311867181.763477 -0.548591912 0.069167018 -0.157637209 -0.024539176 -0.085641161 -0.059056282 0.994271517
1311867181.794898 -0.548284531 0.068595849 -0.159314051 -0.025054064 -0.085366488 -0.057890311 0.994350851
1311867181.830801 -0.546144366 0.066984199 -0.159663215 -0.025398508 -0.086167783 -0.056374364 0.994360089
1311867181.862798 -0.543020308 0.067296728 -0.159993410 -0.024233555 -0.087157756 -0.056302790 0.994306922
1311867181.894929 -0.540792644 0.067988589 -0.158836722 -0.023681303 -0.086147636 -0.056861341 0.994376481
1311867181.930799 -0.539973319 0.064828269 -0.157859638 -0.023644425 -0.084968776 -0.056271836 0.994512320
1311867181.962919 -0.537856340 0.065269887 -0.160332099 -0.023232160 -0.085295536 -0.054982413 0.994566202
1311867181.995551 -0.535534382 0.065254971 -0.158212587 -0.023183521 -0.085501425 -0.053738311 0.994617701
1311867182.031939 -0.532194555 0.063537486 -0.157633632 -0.022622859 -0.086061098 -0.052372307 0.994655132
1311867182.062900 -0.529806197 0.061802760 -0.158110455 -0.023025824 -0.087297060 -0.050607998 0.994629562
1311867182.094884 -0.525188684 0.062454037 -0.156944126 -0.022759395 -0.089539148 -0.049433999 0.994495392
1311867182.131453 -0.524403095 0.062943459 -0.156778127 -0.022454495 -0.089851774 -0.049331143 0.994479239
1311867182.162992 -0.522436976 0.062661111 -0.157679468 -0.022191029 -0.089591369 -0.049531657 0.994498730
1311867182.199442 -0.520579457 0.059864193 -0.155638769 -0.022731086 -0.089161105 -0.049173374 0.994542956
1311867182.230774 -0.518269956 0.061456446 -0.153997272 -0.021455016 -0.088933825 -0.050415844 0.994529426
1311867182.262912 -0.514706969 0.060310762 -0.155024201 -0.021499241 -0.088280641 -0.051161699 0.994548559
1311867182.297304 -0.514802277 0.058935482 -0.155124456 -0.021293795 -0.087114453 -0.051377859 0.994644642
1311867182.330846 -0.511759281 0.056615494 -0.154359400 -0.021348301 -0.087463781 -0.051698782 0.994596183
1311867182.362967 -0.511158645 0.056649420 -0.154275820 -0.020843865 -0.086418092 -0.053058747 0.994626701
1311867182.399028 -0.509026349 0.054961067 -0.153920010 -0.021074185 -0.085466072 -0.052872419 0.994714022
1311867182.430812 -0.506340981 0.055135395 -0.152883828 -0.019482611 -0.086049691 -0.052708521 0.994704843
1311867182.462944 -0.505200505 0.055536114 -0.152115181 -0.018247778 -0.085189693 -0.053902309 0.994738340
1311867182.496953 -0.500670493 0.056762226 -0.153967768 -0.015996745 -0.083812445 -0.055324070 0.994816005
1311867182.530950 -0.499821097 0.051102031 -0.154414237 -0.015045481 -0.080975406 -0.056460895 0.995001912
1311867182.562970 -0.495851368 0.053760916 -0.156486735 -0.012952705 -0.080849119 -0.057101350 0.995005071
1311867182.603637 -0.496322095 0.050358146 -0.155946687 -0.012732762 -0.078371421 -0.057315681 0.995193779
1311867182.630845 -0.493876159 0.047384456 -0.157066792 -0.012438140 -0.077373810 -0.056551356 0.995319307
1311867182.663572 -0.492882580 0.048146147 -0.158349127 -0.012220511 -0.077328317 -0.056022093 0.995355487
1311867182.696991 -0.488063991 0.047809735 -0.157925695 -0.011530398 -0.076669328 -0.056467019 0.995389581
1311867182.733050 -0.484764308 0.045518514 -0.158503294 -0.011052750 -0.075459287 -0.056656577 0.995476663
1311867182.763107 -0.480549008 0.044376664 -0.158049554 -0.010837574 -0.074894302 -0.057528969 0.995471656
1311867182.797044 -0.478923649 0.044034734 -0.157519400 -0.010498671 -0.073372632 -0.058003865 0.995561063
1311867182.830690 -0.475331813 0.041920595 -0.158492967 -0.010506956 -0.073161565 -0.057842366 0.995585918
1311867182.864091 -0.474364072 0.041059405 -0.159449995 -0.011104851 -0.073186025 -0.056964062 0.995628238
1311867182.896985 -0.472061962 0.041413769 -0.161573827 -0.011403021 -0.073709115 -0.056010764 0.995640397
1311867182.931887 -0.468973964 0.042872261 -0.159330055 -0.012240763 -0.074860074 -0.055423077 0.995577455
1311867182.963056 -0.464892328 0.041742537 -0.158498392 -0.013648325 -0.075162090 -0.055645164 0.995523989
1311867182.998350 -0.464722395 0.039807525 -0.161366194 -0.014860443 -0.074227840 -0.055013023 0.995611846
1311867183.030883 -0.460873604 0.038410116 -0.160379246 -0.015087311 -0.074525416 -0.054610662 0.995608389
1311867183.062860 -0.460322797 0.040452629 -0.159640223 -0.015223668 -0.073736086 -0.054875400 0.995650589
1311867183.100040 -0.457223892 0.039999194 -0.159374714 -0.015000172 -0.074029051 -0.055202477 0.995614111
1311867183.134468 -0.455638170 0.037945423 -0.160463899 -0.015545573 -0.073863983 -0.055005375 0.995628893
1311867183.167324 -0.453430593 0.036773439 -0.159712449 -0.017272469 -0.074094035 -0.055494495 0.995556176
1311867183.200473 -0.450302303 0.036469288 -0.157610148 -0.017326536 -0.075250603 -0.055320498 0.995478153
1311867183.231128 -0.447619319 0.038418524 -0.159090564 -0.016233470 -0.074977681 -0.056113880 0.995472789
1311867183.263324 -0.446627200 0.035382546 -0.157486796 -0.017931815 -0.075089812 -0.056295037 0.995424986
1311867183.299097 -0.445676953 0.035666410 -0.156804502 -0.016462822 -0.075152956 -0.057298195 0.995388329
1311867183.332092 -0.442403227 0.035032082 -0.158090428 -0.015932266 -0.075377814 -0.058402210 0.995315790
1311867183.369524 -0.441382855 0.033361364 -0.158258036 -0.016515899 -0.075318277 -0.059533309 0.995243788
1311867183.398546 -0.435618341 0.031154104 -0.156292737 -0.015737819 -0.076334670 -0.059867449 0.995158911
1311867183.431155 -0.433714926 0.033600971 -0.158222005 -0.014306375 -0.076421238 -0.060767841 0.995119333
1311867183.466738 -0.433263540 0.034100987 -0.156510279 -0.014941219 -0.075071447 -0.061419412 0.995172679
1311867183.498828 -0.431428254 0.030870268 -0.155816361 -0.015706455 -0.074480131 -0.061477840 0.995201766
1311867183.532172 -0.430619270 0.032018572 -0.155258775 -0.014714405 -0.074172229 -0.061656933 0.995228827
1311867183.566151 -0.426288813 0.030230148 -0.156542107 -0.016092487 -0.073699944 -0.062381234 0.995197415
1311867183.598535 -0.425726920 0.027424494 -0.154846668 -0.016854752 -0.072602145 -0.062322423 0.995269239
1311867183.631088 -0.420696825 0.030085905 -0.155442640 -0.015728444 -0.073924430 -0.062468965 0.995181143
1311867183.664879 -0.418143332 0.028801078 -0.155929431 -0.016717974 -0.073872901 -0.062457312 0.995169580
1311867183.699353 -0.414804608 0.025130475 -0.155301154 -0.017527452 -0.073582463 -0.061834726 0.995216072
1311867183.730893 -0.412704021 0.027030339 -0.154189631 -0.016670622 -0.073302396 -0.061813984 0.995252669
1311867183.767624 -0.407514870 0.026355222 -0.153596401 -0.017046895 -0.073432431 -0.061741084 0.995241284
1311867183.797176 -0.407536149 0.023976693 -0.152535573 -0.017465485 -0.072345249 -0.061997242 0.995297670
1311867183.830907 -0.403137624 0.022043165 -0.152823359 -0.018013109 -0.072698735 -0.061783254 0.995275497
1311867183.865499 -0.403739125 0.020299358 -0.150055960 -0.017794434 -0.071640812 -0.062081613 0.995337546
1311867183.897086 -0.400449902 0.020264672 -0.151599869 -0.017146427 -0.072114192 -0.062383063 0.995295942
1311867183.931483 -0.400571704 0.019510670 -0.149154007 -0.017429128 -0.071480922 -0.063031279 0.995295823
1311867183.965821 -0.396227539 0.017661450 -0.149222270 -0.017499153 -0.071824551 -0.063219674 0.995257974
1311867183.996668 -0.394572347 0.016614448 -0.151049867 -0.017350242 -0.071661025 -0.063423857 0.995259345
1311867184.030969 -0.393713415 0.017108394 -0.150754005 -0.017369000 -0.071130417 -0.063957781 0.995262921
1311867184.064723 -0.392967969 0.014596878 -0.148574024 -0.017762963 -0.071106307 -0.063776761 0.995269299
1311867184.096811 -0.391586840 0.016196799 -0.149486035 -0.017038761 -0.071709082 -0.063120753 0.995280504
1311867184.131226 -0.386105537 0.016307648 -0.148311123 -0.017405359 -0.072610319 -0.063646108 0.995175362
1311867184.165054 -0.385267884 0.013982666 -0.146795839 -0.017602427 -0.072326556 -0.063882276 0.995177448
1311867184.196946 -0.381708711 0.015128379 -0.147667646 -0.017418342 -0.072502740 -0.063765585 0.995175362
1311867184.230936 -0.378985971 0.013662238 -0.147080034 -0.018773658 -0.071896188 -0.063738257 0.995196462
1311867184.268102 -0.376838893 0.010308665 -0.145892322 -0.019046845 -0.071936384 -0.063283779 0.995217383
1311867184.298370 -0.373353899 0.013928577 -0.146361545 -0.017886760 -0.072188176 -0.063892998 0.995181739
1311867184.331470 -0.372227579 0.011986651 -0.147266060 -0.019592064 -0.070735462 -0.063426666 0.995283782
1311867184.369763 -0.371537328 0.010341350 -0.145770475 -0.019664483 -0.070605159 -0.062487420 0.995350957
1311867184.400006 -0.367710650 0.014732457 -0.147593558 -0.018746376 -0.072133511 -0.061649263 0.995311379
1311867184.431061 -0.364323556 0.014674427 -0.146331459 -0.020492291 -0.071851082 -0.061330218 0.995317101
1311867184.465574 -0.364368916 0.009242047 -0.146180272 -0.022035649 -0.071432382 -0.060266536 0.995379269
1311867184.503767 -0.357723594 0.009297128 -0.146481261 -0.020294420 -0.072951123 -0.061577022 0.995225906
1311867184.531088 -0.354876935 0.010017089 -0.147484034 -0.019833276 -0.071261056 -0.062375411 0.995307982
1311867184.568280 -0.351544380 0.008046203 -0.147314504 -0.020580050 -0.070138901 -0.062937953 0.995337069
1311867184.597993 -0.351291448 0.006088411 -0.147198096 -0.019944463 -0.069400735 -0.064014770 0.995333135
1311867184.635545 -0.344385237 0.006690310 -0.147794023 -0.019786417 -0.070842758 -0.063258611 0.995283008
1311867184.666244 -0.342707425 0.003417942 -0.145725414 -0.020586571 -0.070604272 -0.063038081 0.995297670
1311867184.699477 -0.336851060 0.003302526 -0.146762162 -0.018919347 -0.071279034 -0.063550510 0.995250046
1311867184.735909 -0.335569620 0.001825176 -0.146454260 -0.019100890 -0.070525676 -0.063546307 0.995300591
1311867184.769022 -0.332765162 -0.001451620 -0.146145299 -0.019481737 -0.071134262 -0.063818365 0.995232463
1311867184.799534 -0.326987952 -0.001582837 -0.142612055 -0.018478595 -0.071242042 -0.063591063 0.995258451
1311867184.834825 -0.325840414 -0.003086105 -0.141238734 -0.019189905 -0.070170425 -0.064053126 0.995291471
1311867184.868574 -0.320654154 -0.006218025 -0.139634490 -0.019964244 -0.070604555 -0.064500585 0.995216668
1311867184.905521 -0.317507476 -0.005510679 -0.139111623 -0.019390758 -0.070209444 -0.064778782 0.995237887
1311867184.933218 -0.314718574 -0.005744181 -0.136611655 -0.020259583 -0.069637693 -0.064553976 0.995275319
1311867184.965627 -0.310588151 -0.008643531 -0.135190427 -0.020999236 -0.069489978 -0.064603820 0.995267034
1311867184.998315 -0.311008304 -0.011019692 -0.133302599 -0.021124600 -0.069006629 -0.063970633 0.995338976
1311867185.036045 -0.302815080 -0.011487636 -0.131255463 -0.021373758 -0.070437215 -0.063129589 0.995287120
1311867185.065223 -0.296065301 -0.016128190 -0.129845724 -0.021596663 -0.070339762 -0.063098907 0.995291173
1311867185.099109 -0.295283914 -0.013720369 -0.127081990 -0.020394081 -0.070464246 -0.061811835 0.995388448
1311867185.136065 -0.289715052 -0.015203688 -0.124678895 -0.021602055 -0.071702167 -0.061011381 0.995324016
1311867185.164814 -0.286510408 -0.016144834 -0.122230850 -0.021646630 -0.072052658 -0.060816802 0.995309591
1311867185.200008 -0.280507147 -0.016151631 -0.121789455 -0.021522170 -0.072130039 -0.059751485 0.995371282
1311867185.234264 -0.276096374 -0.018309439 -0.120341286 -0.023328431 -0.071800776 -0.059461504 0.995371699
1311867185.266332 -0.273485750 -0.020725343 -0.116757832 -0.023355315 -0.072217025 -0.058364887 0.995405853
1311867185.297013 -0.269977599 -0.019440256 -0.116137996 -0.022627683 -0.072316170 -0.057908047 0.995442152
1311867185.335984 -0.266190380 -0.019512337 -0.113684066 -0.023361269 -0.072330102 -0.057139114 0.995468676
1311867185.368164 -0.260152936 -0.023074519 -0.112220928 -0.023927540 -0.073488459 -0.056030836 0.995433390
1311867185.403637 -0.259128958 -0.022693792 -0.111849569 -0.023153007 -0.073260397 -0.055929013 0.995474160
1311867185.437322 -0.253007591 -0.022513028 -0.108831272 -0.024163606 -0.074428275 -0.055199619 0.995404243
1311867185.465497 -0.247039825 -0.026358996 -0.105300173 -0.025327176 -0.074943148 -0.055523153 0.995318651
1311867185.500623 -0.248273775 -0.024519168 -0.106846824 -0.023201853 -0.073089205 -0.055674963 0.995499849
1311867185.533624 -0.244494259 -0.027341284 -0.108578406 -0.024511065 -0.073071182 -0.055346347 0.995488167
1311867185.566669 -0.241084829 -0.029202363 -0.106595121 -0.024913942 -0.072750814 -0.055315375 0.995503366
1311867185.596975 -0.235152721 -0.028011335 -0.103432588 -0.023133166 -0.073345408 -0.054512970 0.995546937
1311867185.632940 -0.229293600 -0.029395171 -0.104928784 -0.023376225 -0.072717808 -0.054486226 0.995588779
1311867185.666408 -0.227597743 -0.033215083 -0.104500152 -0.024869479 -0.070997559 -0.054985199 0.995649278
1311867185.697332 -0.223089591 -0.035135604 -0.102785029 -0.024650443 -0.070274435 -0.054906752 0.995710433
1311867185.735179 -0.219598874 -0.030618593 -0.099741034 -0.024620205 -0.070350274 -0.055733554 0.995659828
1311867185.764971 -0.216478273 -0.036805555 -0.100335948 -0.027095249 -0.068623841 -0.055930324 0.995705009
1311867185.798952 -0.212901250 -0.037357491 -0.099791236 -0.026717287 -0.069901347 -0.056112129 0.995616138
1311867185.832792 -0.208825767 -0.039645117 -0.097788595 -0.028350307 -0.070408881 -0.056684967 0.995502710
1311867185.864904 -0.204442099 -0.038225077 -0.094832495 -0.028222116 -0.071211159 -0.057233796 0.995417953
1311867185.895173 -0.204903752 -0.040774409 -0.096492082 -0.028560519 -0.069324300 -0.056760389 0.995568573
1311867185.935978 -0.201924175 -0.040233601 -0.094907776 -0.029807478 -0.071480088 -0.057385821 0.995343626
1311867185.965051 -0.194461107 -0.046164133 -0.092364572 -0.031891644 -0.073960774 -0.058762822 0.995017469
1311867185.995231 -0.194083333 -0.043855179 -0.091493443 -0.030454159 -0.073139422 -0.059844259 0.995058775
1311867186.035964 -0.191425204 -0.044365887 -0.090414062 -0.032039359 -0.074303277 -0.060796786 0.994864941
1311867186.065305 -0.189727247 -0.047670864 -0.089261487 -0.034037638 -0.075063556 -0.061511647 0.994697571
1311867186.095284 -0.188546196 -0.048563737 -0.087148778 -0.033988643 -0.076257028 -0.061906483 0.994584024
1311867186.136102 -0.184703797 -0.049032763 -0.086956993 -0.034775633 -0.077841401 -0.062319495 0.994408190
1311867186.164936 -0.182846382 -0.051499762 -0.087086953 -0.035459071 -0.078231476 -0.062266078 0.994356811
1311867186.195188 -0.182090357 -0.051311295 -0.086688645 -0.035066985 -0.078519829 -0.061925314 0.994369268
1311867186.235893 -0.176768139 -0.051592726 -0.086143211 -0.035651036 -0.079479672 -0.062251668 0.994251907
1311867186.267490 -0.177015543 -0.053067643 -0.083681181 -0.036339276 -0.078816094 -0.062772512 0.994247079
1311867186.295199 -0.172110975 -0.050343808 -0.079873584 -0.035712991 -0.081443831 -0.063725427 0.993997276
1311867186.334915 -0.167846382 -0.055569164 -0.083565973 -0.038681611 -0.079819977 -0.064509660 0.993967354
1311867186.366964 -0.167715639 -0.059838977 -0.079761140 -0.039948829 -0.081514291 -0.066569664 0.993643820
1311867186.395131 -0.165355742 -0.058174308 -0.079976149 -0.039030798 -0.081796207 -0.067068927 0.993623614
1311867186.436010 -0.162491068 -0.057915185 -0.077839658 -0.041015144 -0.082577467 -0.068054035 0.993412018
1311867186.465948 -0.160864070 -0.062927164 -0.075013414 -0.043502543 -0.082457267 -0.068581022 0.993279934
1311867186.495214 -0.159999549 -0.061810784 -0.074921988 -0.042689104 -0.082754679 -0.069105290 0.993254185
1311867186.536274 -0.155701831 -0.060534399 -0.074782640 -0.044237513 -0.083743095 -0.069161013 0.993099630
1311867186.565107 -0.154937699 -0.065118410 -0.071406446 -0.046492435 -0.083115354 -0.069847457 0.993001342
1311867186.595160 -0.153843269 -0.064025879 -0.072374709 -0.045806237 -0.082929738 -0.069717936 0.993057847
1311867186.636236 -0.149045050 -0.065306239 -0.072158597 -0.045847129 -0.083756566 -0.069534950 0.992999375
1311867186.665014 -0.148523539 -0.064220145 -0.072029211 -0.046507772 -0.082923166 -0.069515266 0.993040025
1311867186.704365 -0.146051019 -0.066180445 -0.071283132 -0.047196053 -0.083313778 -0.068818025 0.993023396
1311867186.733752 -0.142544836 -0.061354823 -0.072453141 -0.046339393 -0.083198234 -0.068600230 0.993088543
1311867186.767288 -0.139384985 -0.060339816 -0.072573796 -0.048334718 -0.082790710 -0.067565538 0.993098378
1311867186.804720 -0.140276998 -0.065121107 -0.073032364 -0.049452420 -0.081817284 -0.066351257 0.993205965
1311867186.834068 -0.135269776 -0.059493564 -0.074377596 -0.047971368 -0.082042091 -0.064864039 0.993358195
1311867186.869100 -0.132992759 -0.060363300 -0.075298168 -0.050094556 -0.080673367 -0.063599326 0.993447363
1311867186.905187 -0.130715996 -0.060296535 -0.074509881 -0.051276688 -0.079331614 -0.060977850 0.993659377
1311867186.933418 -0.127336144 -0.059119817 -0.074744388 -0.051114146 -0.078659736 -0.058333419 0.993879914
1311867186.965693 -0.117411181 -0.054918401 -0.073870890 -0.051599286 -0.079164580 -0.055038810 0.994002640
1311867187.001705 -0.112287194 -0.059352919 -0.072225600 -0.053994022 -0.077673487 -0.053822808 0.994059682
1311867187.033640 -0.115471870 -0.053153865 -0.074039750 -0.051583149 -0.073784493 -0.052635733 0.994547427
1311867187.063280 -0.109970808 -0.052348614 -0.075563714 -0.053549938 -0.072748624 -0.051177148 0.994595885
1311867187.101595 -0.104100324 -0.055939369 -0.074664354 -0.057001047 -0.070901357 -0.050164849 0.994589090
1311867187.133979 -0.099298187 -0.058540199 -0.073268555 -0.056972742 -0.069509484 -0.049963877 0.994699061
1311867187.163262 -0.097786404 -0.051082138 -0.075279430 -0.054871961 -0.067688495 -0.049981687 0.994941831
1311867187.204123 -0.095937565 -0.053994060 -0.075551078 -0.058365028 -0.066716187 -0.049440559 0.994835794
1311867187.233159 -0.094246730 -0.055933461 -0.075051799 -0.059395049 -0.065723240 -0.049176406 0.994853973
1311867187.263350 -0.090396173 -0.052112408 -0.076087266 -0.059506986 -0.067018047 -0.049211826 0.994759202
1311867187.301486 -0.085304253 -0.054389171 -0.079307802 -0.061992668 -0.065798052 -0.049636554 0.994667709
1311867187.333649 -0.087712981 -0.057406925 -0.076763943 -0.063283138 -0.069017664 -0.051981099 0.994248390
1311867187.363171 -0.086610831 -0.054722268 -0.078022406 -0.062983938 -0.070044920 -0.053632721 0.994107842
1311867187.403345 -0.089188538 -0.055467218 -0.078645952 -0.063972488 -0.070112139 -0.055106096 0.993959367
1311867187.433580 -0.084228590 -0.055357654 -0.079006001 -0.064346276 -0.073208109 -0.056299053 0.993645072
1311867187.463190 -0.078023501 -0.055459071 -0.080017671 -0.065470621 -0.074700095 -0.057942767 0.993366063
1311867187.505626 -0.071819633 -0.056563973 -0.083533734 -0.066361718 -0.071957976 -0.058191046 0.993494868
1311867187.534189 -0.070975222 -0.055487901 -0.081497066 -0.066169567 -0.074170426 -0.059460547 0.993269742
1311867187.563217 -0.064085655 -0.056964073 -0.086162217 -0.066628881 -0.071858369 -0.059399694 0.993412673
1311867187.604561 -0.060867399 -0.056694835 -0.082701877 -0.066528901 -0.074601546 -0.060133953 0.993172884
1311867187.635392 -0.057436783 -0.059613377 -0.088570036 -0.066534407 -0.071994007 -0.060578205 0.993337989
1311867187.663270 -0.053639684 -0.054230150 -0.086819857 -0.064713053 -0.075232893 -0.062285703 0.993112683
1311867187.703564 -0.051535264 -0.056795351 -0.086997740 -0.067076869 -0.076020248 -0.063563541 0.992814898
1311867187.734539 -0.047690198 -0.062551461 -0.091627643 -0.066720478 -0.074768446 -0.063047834 0.992966831
1311867187.763190 -0.046810687 -0.054287575 -0.094181538 -0.063419104 -0.075244278 -0.063242264 0.993134856
1311867187.801705 -0.043098841 -0.056323621 -0.094082095 -0.065442257 -0.076554626 -0.064729862 0.992807567
1311867187.833949 -0.040463924 -0.054981582 -0.095722839 -0.064277232 -0.077331387 -0.065645270 0.992763340
1311867187.863411 -0.037846554 -0.052150298 -0.090829216 -0.064430393 -0.082097240 -0.065880738 0.992355049
1311867187.903871 -0.033636518 -0.053153049 -0.096193388 -0.065265670 -0.080425404 -0.066656701 0.992385566
1311867187.933221 -0.031182867 -0.054545391 -0.095539182 -0.066759400 -0.081353180 -0.066647537 0.992211163
1311867187.963534 -0.025930012 -0.055148158 -0.092610769 -0.065983139 -0.085555986 -0.067022048 0.991884291
1311867188.004742 -0.019327855 -0.051487971 -0.099265359 -0.063924707 -0.082981907 -0.066984788 0.992240310
1311867188.033304 -0.015494529 -0.053172078 -0.095482089 -0.065041631 -0.085918725 -0.067634746 0.991873562
1311867188.063418 -0.014579220 -0.057714690 -0.095885843 -0.064583138 -0.085361645 -0.067665927 0.991949558
1311867188.108880 -0.009896228 -0.057481382 -0.099666387 -0.061771613 -0.086019538 -0.067359768 0.992092550
1311867188.135990 -0.003405107 -0.052143302 -0.103681646 -0.058734182 -0.083565146 -0.067729086 0.992461562
1311867188.163360 0.001075863 -0.057334211 -0.104816049 -0.058534466 -0.083806820 -0.068527386 0.992398202
1311867188.202654 0.002243026 -0.056501005 -0.106538929 -0.054871459 -0.083941609 -0.068088725 0.992626309
1311867188.235201 0.005888348 -0.056056313 -0.107488342 -0.052897062 -0.084436715 -0.068060875 0.992693365
1311867188.263272 0.010312638 -0.058272019 -0.108344913 -0.051415559 -0.085267462 -0.067245096 0.992755771
1311867188.304719 0.014244362 -0.057147745 -0.109235331 -0.048608910 -0.085610382 -0.067298912 0.992864013
1311867188.331453 0.016999744 -0.054624639 -0.111086398 -0.045764700 -0.085392132 -0.066604927 0.993064821
1311867188.363382 0.021635104 -0.051593773 -0.111484349 -0.044338118 -0.086328968 -0.065344274 0.993132293
1311867188.402043 0.025514981 -0.054753233 -0.112273194 -0.044928525 -0.087304443 -0.064379007 0.993083477
1311867188.431385 0.032405384 -0.055644687 -0.111903548 -0.043669723 -0.087924138 -0.063738212 0.993126273
1311867188.463247 0.035568956 -0.050017692 -0.113126770 -0.041588482 -0.086948313 -0.062847860 0.993358254
1311867188.504901 0.038105883 -0.052445687 -0.114386365 -0.043687239 -0.086845063 -0.061673749 0.993350744
1311867188.531435 0.043905418 -0.051065888 -0.115361936 -0.041854125 -0.087362930 -0.060712509 0.993443489
1311867188.563332 0.049226619 -0.046773452 -0.116437621 -0.041266333 -0.086670324 -0.060189568 0.993560553
1311867188.604580 0.051184922 -0.047094867 -0.115285665 -0.043034758 -0.085142091 -0.059759103 0.993643701
1311867188.631500 0.053351890 -0.048932765 -0.115609422 -0.042372029 -0.084099695 -0.059191771 0.993794918
1311867188.663337 0.059376031 -0.045969121 -0.116153806 -0.041308500 -0.083669640 -0.058015481 0.993945301
1311867188.703814 0.062021427 -0.047023360 -0.119633093 -0.040508304 -0.081218950 -0.057855058 0.994190812
1311867188.731585 0.065557241 -0.050298657 -0.119698182 -0.038601883 -0.078684635 -0.056733601 0.994535089
1311867188.763294 0.074921951 -0.047458448 -0.121670097 -0.034838010 -0.077184528 -0.054966126 0.994890809
1311867188.804516 0.077371329 -0.048092771 -0.124609932 -0.034681864 -0.072593398 -0.054042809 0.995292306
1311867188.831350 0.079255737 -0.049026955 -0.124795854 -0.032972626 -0.068218403 -0.052795369 0.995726764
1311867188.863544 0.083337232 -0.048042402 -0.127800673 -0.030100310 -0.064867243 -0.051756725 0.996096134
1311867188.901620 0.087536611 -0.047194675 -0.127830997 -0.029424183 -0.062228609 -0.050003059 0.996374190
1311867188.931465 0.090812109 -0.049022052 -0.127622008 -0.028324038 -0.060698394 -0.047909509 0.996603370
1311867188.963444 0.094699211 -0.048142757 -0.128722504 -0.025309393 -0.060112629 -0.044742659 0.996867120
1311867189.005216 0.101774521 -0.047574759 -0.131747514 -0.024154086 -0.060342025 -0.042976949 0.996959567
1311867189.031438 0.106691331 -0.048389360 -0.131082475 -0.023565292 -0.058231845 -0.041904856 0.997144818
1311867189.063539 0.108285829 -0.048606087 -0.129665688 -0.021938801 -0.055957932 -0.041928597 0.997311175
1311867189.102629 0.114269510 -0.047401290 -0.131104425 -0.020878538 -0.055891052 -0.041897617 0.997338891
1311867189.131312 0.117413089 -0.047534421 -0.128984958 -0.020871878 -0.054482713 -0.042876925 0.997375369
1311867189.163420 0.117695957 -0.048806071 -0.127924770 -0.020640435 -0.053260457 -0.043428142 0.997422338
1311867189.201890 0.121302560 -0.047749724 -0.127803624 -0.020294497 -0.052989203 -0.043248005 0.997451723
1311867189.231285 0.123932526 -0.048887115 -0.126211002 -0.020382749 -0.051975843 -0.042603076 0.997530997
1311867189.263345 0.124323241 -0.050060406 -0.124958128 -0.020022608 -0.051984519 -0.041970178 0.997564673
1311867189.304679 0.127666280 -0.050465658 -0.122747436 -0.019542627 -0.052948628 -0.041914053 0.997525811
1311867189.331405 0.129436627 -0.054134604 -0.122003585 -0.019453229 -0.053555842 -0.041966192 0.997492969
1311867189.363335 0.133465439 -0.055213317 -0.120979793 -0.018016616 -0.054758944 -0.042073868 0.997450113
1311867189.405684 0.136860728 -0.053738225 -0.119987190 -0.017876489 -0.055277932 -0.041689377 0.997440159
1311867189.431458 0.142461598 -0.058615334 -0.118603408 -0.019113176 -0.056335773 -0.041928861 0.997348011
1311867189.463454 0.149323210 -0.060001943 -0.117302231 -0.017691378 -0.057336003 -0.042162105 0.997307420
1311867189.505937 0.153344795 -0.059367165 -0.117244318 -0.017346554 -0.057071660 -0.042500678 0.997314215
1311867189.531417 0.158304617 -0.063529342 -0.116694540 -0.018363917 -0.057947204 -0.042462703 0.997247100
1311867189.563319 0.161437824 -0.068462685 -0.116645455 -0.017369732 -0.058468699 -0.043117017 0.997206450
1311867189.599369 0.167712837 -0.065699898 -0.117899351 -0.015796078 -0.059312627 -0.043699130 0.997157454
1311867189.631378 0.173602074 -0.067143068 -0.117384836 -0.016785227 -0.059486199 -0.044230632 0.997107506
1311867189.663469 0.180206701 -0.070400029 -0.116746247 -0.018000672 -0.059413988 -0.044878155 0.997061670
1311867189.699784 0.183823958 -0.070449926 -0.116602778 -0.018161025 -0.058347654 -0.046430763 0.997050643
1311867189.731458 0.187383339 -0.070693374 -0.116617627 -0.020347513 -0.057954744 -0.046876084 0.997010529
1311867189.763361 0.196900263 -0.069970340 -0.114475392 -0.022772593 -0.058644317 -0.047323272 0.996896565
1311867189.799486 0.200002864 -0.073845573 -0.112053081 -0.025682619 -0.057598311 -0.047832545 0.996862590
1311867189.831366 0.205228299 -0.071626134 -0.111741692 -0.026303574 -0.057438333 -0.049276665 0.996785223
1311867189.863410 0.210040137 -0.075668663 -0.111600250 -0.029411813 -0.057340998 -0.049709991 0.996682465
1311867189.899521 0.213468701 -0.075546615 -0.109034047 -0.029167619 -0.057594001 -0.050381076 0.996641338
1311867189.931364 0.218991339 -0.072956562 -0.109337561 -0.028657259 -0.058648549 -0.050398041 0.996593833
1311867189.963340 0.223586574 -0.073024392 -0.108303055 -0.029347222 -0.059234612 -0.050591849 0.996529222
1311867189.999434 0.228409424 -0.076440439 -0.108858526 -0.030242892 -0.059320740 -0.050242033 0.996515036
1311867190.031516 0.234603778 -0.077890731 -0.108694851 -0.029942565 -0.059181899 -0.050958786 0.996495962
1311867190.063454 0.237572849 -0.079192422 -0.106635086 -0.030182846 -0.058821674 -0.050975334 0.996509254
1311867190.099590 0.239714831 -0.083136022 -0.107070781 -0.029123910 -0.058685075 -0.051228549 0.996535778
1311867190.131422 0.246495739 -0.079494923 -0.106559753 -0.025951630 -0.059273358 -0.050883770 0.996606290
1311867190.163525 0.249191999 -0.085413381 -0.107961841 -0.026539829 -0.058907121 -0.051314078 0.996590495
1311867190.199492 0.251072794 -0.086724743 -0.107030362 -0.023589745 -0.058895469 -0.051564120 0.996652424
1311867190.231389 0.257880509 -0.084902175 -0.108328499 -0.021100730 -0.060118306 -0.050360370 0.996696770
1311867190.263381 0.261031777 -0.086294644 -0.105934009 -0.020662785 -0.059747256 -0.050202522 0.996736169
1311867190.299376 0.258676529 -0.087277390 -0.108949773 -0.019829789 -0.057626806 -0.049084276 0.996933699
1311867190.331359 0.262381732 -0.085578419 -0.108960152 -0.018402146 -0.058581248 -0.047851931 0.996965289
1311867190.363437 0.267104179 -0.084078580 -0.107355848 -0.018604230 -0.059582550 -0.046927486 0.996946216
1311867190.399467 0.271190226 -0.084902436 -0.106767602 -0.018915843 -0.059265085 -0.046818655 0.996964395
1311867190.431374 0.274478525 -0.082974717 -0.106659718 -0.019586574 -0.058550730 -0.046997529 0.996985257
1311867190.463341 0.277281344 -0.085208848 -0.105643183 -0.022047590 -0.058482725 -0.046816733 0.996946335
1311867190.499357 0.280208111 -0.086539656 -0.105032191 -0.022109365 -0.058834195 -0.046441291 0.996941805
1311867190.531809 0.285560012 -0.084685244 -0.105746239 -0.022416173 -0.059047680 -0.046163436 0.996935248
1311867190.563353 0.288018018 -0.085639611 -0.103730522 -0.024210859 -0.058379799 -0.046647575 0.996910095
1311867190.599451 0.292459399 -0.087815657 -0.103215791 -0.024586381 -0.058423903 -0.046258140 0.996916473
1311867190.631421 0.300526708 -0.087860577 -0.101676866 -0.025127895 -0.059008896 -0.045917135 0.996884227
1311867190.663424 0.305771828 -0.088974759 -0.100399598 -0.025705142 -0.059409950 -0.046345264 0.996825933
1311867190.699639 0.306348890 -0.089259937 -0.099756226 -0.025987336 -0.058478717 -0.046210844 0.996879935
1311867190.731381 0.307839960 -0.089486152 -0.096686587 -0.026989043 -0.058935758 -0.046561528 0.996810019
1311867190.763475 0.310848713 -0.088938527 -0.095968671 -0.027506115 -0.059336960 -0.046969853 0.996752977
1311867190.799433 0.314465672 -0.091037601 -0.095273361 -0.028992154 -0.059956875 -0.047270518 0.996659577
1311867190.831710 0.318239480 -0.093803741 -0.092102505 -0.029959874 -0.060159486 -0.048396517 0.996564627
1311867190.863426 0.320851952 -0.093414962 -0.092080973 -0.028803471 -0.059632067 -0.048992127 0.996601343
1311867190.899432 0.322990328 -0.094195940 -0.090966865 -0.029096164 -0.060057011 -0.049237318 0.996555269
1311867190.931647 0.326841772 -0.096329324 -0.088962704 -0.029224023 -0.060595091 -0.049830861 0.996489406
1311867190.963532 0.330251157 -0.099638164 -0.090247236 -0.028523291 -0.060785107 -0.050155301 0.996481836
1311867190.999440 0.333532274 -0.094886839 -0.088275701 -0.027671088 -0.061346758 -0.050276391 0.996465385
1311867191.031327 0.339002877 -0.097331576 -0.085760027 -0.030693291 -0.061755888 -0.050428085 0.996343911
1311867191.063627 0.342404515 -0.101035029 -0.085536689 -0.030531695 -0.061329383 -0.050593916 0.996366799
1311867191.099432 0.344750911 -0.099154934 -0.084917255 -0.029719908 -0.061387748 -0.050634246 0.996385753
1311867191.131303 0.350540280 -0.100307129 -0.082703985 -0.031002503 -0.061686162 -0.052078404 0.996253788
1311867191.163395 0.353342056 -0.103323475 -0.082480401 -0.031447351 -0.061334427 -0.052306958 0.996249557
1311867191.199389 0.356861174 -0.102723993 -0.079827040 -0.030940307 -0.061289817 -0.052772798 0.996243596
1311867191.231395 0.360394448 -0.102124311 -0.075768590 -0.031547420 -0.061106712 -0.052850250 0.996231735
1311867191.263468 0.364441037 -0.103466339 -0.075809538 -0.032028023 -0.060465418 -0.052960899 0.996249616
1311867191.299713 0.368735731 -0.102682509 -0.074576713 -0.032258548 -0.060239986 -0.053619519 0.996220648
1311867191.331660 0.371297836 -0.103311397 -0.072594561 -0.034045998 -0.059740923 -0.054130554 0.996163547
1311867191.363436 0.372553229 -0.106820889 -0.072376400 -0.034996279 -0.060183335 -0.053770371 0.996123493
1311867191.399571 0.376303792 -0.107536174 -0.071450599 -0.034098703 -0.061336134 -0.053601477 0.996093452
1311867191.431588 0.383129150 -0.105711967 -0.069466345 -0.034235708 -0.062039241 -0.054038901 0.996021509
1311867191.463414 0.385836363 -0.106243879 -0.068597384 -0.034437109 -0.061140195 -0.054657802 0.996036410
1311867191.499653 0.385399878 -0.104532026 -0.068590693 -0.034119587 -0.061301656 -0.054302510 0.996056855
1311867191.531446 0.389996737 -0.105917796 -0.065908462 -0.034983430 -0.062699579 -0.054793030 0.995913029
1311867191.563639 0.391330659 -0.106993929 -0.064225309 -0.035070926 -0.062263962 -0.055446930 0.995901048
1311867191.599847 0.395009488 -0.104575075 -0.062412739 -0.035537351 -0.062837072 -0.055224843 0.995860934
1311867191.631469 0.397051036 -0.105692036 -0.061307061 -0.037245370 -0.063097149 -0.055326965 0.995776355
1311867191.663620 0.398617625 -0.107874192 -0.059719890 -0.037920106 -0.063458599 -0.055143181 0.995738089
1311867191.699573 0.402850807 -0.106572084 -0.060800619 -0.038244806 -0.064386182 -0.054433662 0.995705187
1311867191.731487 0.405544579 -0.107483245 -0.056678947 -0.039171152 -0.063894555 -0.055053908 0.995666742
1311867191.763579 0.406199843 -0.107824169 -0.055364732 -0.038776506 -0.063756555 -0.055358760 0.995674074
1311867191.799771 0.409014225 -0.106236577 -0.055283163 -0.039373521 -0.064983524 -0.054524943 0.995617390
1311867191.831511 0.411080360 -0.108349763 -0.053183574 -0.040435240 -0.065431461 -0.055149380 0.995511055
1311867191.863471 0.414382756 -0.106448926 -0.052484091 -0.040067207 -0.066398151 -0.054443106 0.995500803
1311867191.899623 0.416930437 -0.106002428 -0.051932905 -0.041370139 -0.067316607 -0.054281816 0.995394647
1311867191.931630 0.416753888 -0.108259209 -0.050182227 -0.042186834 -0.066862337 -0.054725032 0.995366752
1311867191.963470 0.419383049 -0.106500596 -0.049460389 -0.041571744 -0.067400783 -0.054772321 0.995353699
1311867191.999526 0.420495600 -0.107798688 -0.045906622 -0.043848172 -0.067465067 -0.055639662 0.995203555
1311867192.031527 0.421998352 -0.111779213 -0.044805191 -0.044540752 -0.067008369 -0.056176826 0.995173454
1311867192.063495 0.423640668 -0.108677924 -0.043167476 -0.042296696 -0.067697033 -0.055219702 0.995278358
1311867192.099806 0.426456869 -0.109152056 -0.042930707 -0.043737676 -0.067666851 -0.055399388 0.995208085
1311867192.131666 0.427452415 -0.111944303 -0.040210281 -0.044303298 -0.067042880 -0.055432133 0.995223522
1311867192.163516 0.428922266 -0.110036686 -0.039316054 -0.042675801 -0.066803798 -0.055911738 0.995283842
1311867192.199653 0.432148576 -0.109802485 -0.036179662 -0.043899678 -0.067059815 -0.055595726 0.995231092
1311867192.231699 0.433490753 -0.113724470 -0.035656638 -0.044159222 -0.066915862 -0.055222426 0.995250106
1311867192.263542 0.435794443 -0.110378928 -0.036184818 -0.042830657 -0.067198098 -0.055322342 0.995283604
1311867192.299473 0.438878119 -0.111324988 -0.033726294 -0.043728068 -0.066626914 -0.055261344 0.995286345
1311867192.331519 0.439726472 -0.114910416 -0.033068273 -0.043716576 -0.065530032 -0.055564933 0.995342791
1311867192.363620 0.442445248 -0.112919338 -0.032779288 -0.042440776 -0.065419964 -0.055168837 0.995427310
1311867192.399491 0.445169240 -0.114572234 -0.031104742 -0.043105628 -0.064886466 -0.055486023 0.995415986
1311867192.431620 0.446484327 -0.118322708 -0.029810051 -0.043007672 -0.063790649 -0.055056773 0.995514929
1311867192.463542 0.451366067 -0.115069658 -0.028637037 -0.041301131 -0.063722812 -0.054658841 0.995613456
1311867192.499590 0.456105351 -0.116963096 -0.029325735 -0.042075451 -0.063064530 -0.054564722 0.995628119
1311867192.531620 0.456234843 -0.120862104 -0.027939036 -0.041727830 -0.061839964 -0.055053007 0.995692670
1311867192.563632 0.458145797 -0.118647367 -0.028878815 -0.040046856 -0.061096586 -0.055194005 0.995799720
1311867192.599632 0.461133122 -0.117821313 -0.027760807 -0.040343367 -0.060904268 -0.054408602 0.995842814
1311867192.631521 0.462297618 -0.122088350 -0.026479166 -0.040613089 -0.060168505 -0.054860674 0.995851696
1311867192.663625 0.466633379 -0.118857026 -0.025999095 -0.039222542 -0.060543377 -0.054428674 0.995908499
1311867192.699607 0.466595113 -0.120330065 -0.026133131 -0.040030506 -0.059654806 -0.054517515 0.995925069
1311867192.731618 0.467718124 -0.122906998 -0.025192145 -0.040208980 -0.059445120 -0.054931238 0.995907664
1311867192.763642 0.471085757 -0.120099120 -0.025510341 -0.039266564 -0.060088381 -0.054402299 0.995935738
1311867192.799500 0.472968727 -0.123601846 -0.026229408 -0.040947832 -0.059461739 -0.054891255 0.995878816
1311867192.831693 0.471964568 -0.123290107 -0.025259357 -0.040490787 -0.058948807 -0.055021793 0.995920837
1311867192.863604 0.476020664 -0.122592352 -0.025365550 -0.040455002 -0.059793089 -0.055000205 0.995873094
1311867192.899654 0.478000641 -0.123374127 -0.025075529 -0.042193320 -0.059811987 -0.055437423 0.995775580
1311867192.931656 0.478244960 -0.126535773 -0.023354167 -0.042862888 -0.060269628 -0.055946067 0.995690882
1311867192.963825 0.481709808 -0.123155847 -0.023882588 -0.041935060 -0.060644109 -0.056073837 0.995700479
1311867192.999714 0.481396675 -0.125059843 -0.022765543 -0.044429939 -0.059632152 -0.056836829 0.995610178
1311867193.031653 0.482162923 -0.128457129 -0.021066228 -0.044697288 -0.060271688 -0.057019394 0.995549321
1311867193.063616 0.485537112 -0.124780566 -0.021704746 -0.043424383 -0.060850121 -0.056228783 0.995615304
1311867193.099627 0.486710995 -0.124805301 -0.020178787 -0.045516249 -0.060544230 -0.056631472 0.995517731
1311867193.131636 0.489999622 -0.127832875 -0.019397043 -0.045728534 -0.060979422 -0.057127059 0.995453119
1311867193.163809 0.491489142 -0.123307325 -0.018718822 -0.045099255 -0.060928009 -0.056556381 0.995517552
1311867193.199592 0.492823064 -0.125842318 -0.017969953 -0.047733828 -0.061336391 -0.056188095 0.995390594
1311867193.231634 0.495728761 -0.125390664 -0.016603876 -0.046740934 -0.061864182 -0.056083903 0.995410919
1311867193.263554 0.498497128 -0.122623168 -0.017390084 -0.046967912 -0.061790980 -0.055301890 0.995448411
1311867193.299517 0.498995930 -0.128416285 -0.016474761 -0.048613928 -0.061782271 -0.055999346 0.995330989
1311867193.331430 0.502203643 -0.126341850 -0.016456293 -0.047052257 -0.062312085 -0.055166233 0.995419502
1311867193.363678 0.504064322 -0.124689162 -0.016425850 -0.047583472 -0.062473148 -0.054997709 0.995393455
1311867193.399557 0.506635368 -0.127728850 -0.016572749 -0.048315030 -0.062291972 -0.055536360 0.995339692
1311867193.431817 0.507871151 -0.127219066 -0.016071830 -0.047039013 -0.061932404 -0.055263609 0.995438457
1311867193.463559 0.509371400 -0.124159537 -0.016105942 -0.047190651 -0.062028322 -0.055134568 0.995432436
1311867193.499549 0.510934889 -0.126441762 -0.014429662 -0.047712959 -0.061179828 -0.055535033 0.995437801
1311867193.531619 0.513222933 -0.125679418 -0.015233539 -0.046720121 -0.060832765 -0.055366244 0.995515585
1311867193.563584 0.514614940 -0.124466777 -0.015239773 -0.047125302 -0.060180064 -0.055764835 0.995513856
1311867193.599533 0.516235948 -0.127431750 -0.013669354 -0.047853000 -0.060137652 -0.055814646 0.995478988
1311867193.631742 0.518295646 -0.129088789 -0.012783512 -0.047034055 -0.060203444 -0.056258641 0.995489061
1311867193.663591 0.520832002 -0.127294153 -0.014271941 -0.047571424 -0.059621558 -0.056128386 0.995505869
1311867193.699539 0.522296786 -0.129012927 -0.012454397 -0.048286859 -0.059203848 -0.055972148 0.995505154
1311867193.731568 0.524111032 -0.126683533 -0.012119325 -0.046835136 -0.059394155 -0.055530481 0.995587885
1311867193.763567 0.526278973 -0.126917779 -0.013057259 -0.047585782 -0.058935069 -0.055946317 0.995556295
1311867193.799691 0.528966606 -0.130364403 -0.013120258 -0.048583388 -0.058548756 -0.056502014 0.995499551
1311867193.831554 0.531165183 -0.128191248 -0.011943309 -0.047059633 -0.058651697 -0.056177232 0.995585084
1311867193.863523 0.532584786 -0.127962545 -0.013485094 -0.047558282 -0.058126781 -0.056238361 0.995588660
1311867193.899690 0.534884155 -0.131289989 -0.010684554 -0.048026446 -0.057396196 -0.056716990 0.995581388
1311867193.931567 0.535220385 -0.127255216 -0.012527763 -0.046598125 -0.056743737 -0.056515727 0.995698154
1311867193.963704 0.538760960 -0.127943769 -0.012243524 -0.047428872 -0.057032038 -0.056055490 0.995668471
1311867193.999703 0.539967000 -0.130570784 -0.011641176 -0.047816519 -0.056013513 -0.056427252 0.995686769
1311867194.031689 0.540984869 -0.128360510 -0.011397296 -0.046595532 -0.055157810 -0.056242183 0.995802879
1311867194.063653 0.542530894 -0.128237456 -0.009356269 -0.047478966 -0.054276206 -0.056460653 0.995797276
1311867194.099680 0.545042753 -0.127759799 -0.012525111 -0.047139488 -0.053787414 -0.056026421 0.995864391
1311867194.131720 0.548867941 -0.126877293 -0.013190893 -0.046363350 -0.054110516 -0.056124605 0.995877802
1311867194.163586 0.549639404 -0.125948280 -0.013760759 -0.047583167 -0.053757802 -0.055788867 0.995858252
1311867194.199685 0.547548592 -0.128871351 -0.011002806 -0.048101712 -0.052974928 -0.056342915 0.995844066
1311867194.231549 0.550373733 -0.126521230 -0.011672186 -0.047011655 -0.053599209 -0.056023851 0.995880723
1311867194.263619 0.552212715 -0.126432300 -0.011846906 -0.048117708 -0.054110073 -0.056487836 0.995774031
1311867194.299716 0.550644815 -0.127035975 -0.008622341 -0.047904238 -0.053580593 -0.056588244 0.995807290
1311867194.331761 0.553008974 -0.126635179 -0.010421836 -0.047594309 -0.054458868 -0.056853287 0.995759368
1311867194.363706 0.553080797 -0.126297832 -0.009681292 -0.048621595 -0.054571576 -0.057225447 0.995682299
1311867194.399611 0.552863181 -0.129325241 -0.007921347 -0.049104948 -0.054389250 -0.057648242 0.995644212
1311867194.431803 0.553603232 -0.128299043 -0.008086078 -0.047916010 -0.054484200 -0.058104720 0.995670319
1311867194.463875 0.553840935 -0.127737656 -0.008296069 -0.048071761 -0.054357193 -0.058670420 0.995636582
1311867194.499629 0.555047214 -0.128128096 -0.007800770 -0.047967661 -0.054661550 -0.058242336 0.995650113
1311867194.531606 0.556646109 -0.126950189 -0.006199196 -0.047160689 -0.054889370 -0.057683975 0.995708644
1311867194.563736 0.555708110 -0.126749679 -0.006631728 -0.047619153 -0.055034865 -0.058400970 0.995637000
1311867194.599622 0.556261122 -0.127880260 -0.004888057 -0.047795311 -0.055082452 -0.058406483 0.995625615
1311867194.631888 0.556254923 -0.127166674 -0.007259658 -0.048027866 -0.055280790 -0.058636688 0.995589852
1311867194.663614 0.557603896 -0.128172353 -0.004870073 -0.049249332 -0.055810109 -0.058757491 0.995493531
1311867194.699671 0.558817804 -0.128134474 -0.005419384 -0.049519170 -0.055443592 -0.058819424 0.995496988
1311867194.731755 0.561253011 -0.127257928 -0.006024776 -0.049548149 -0.055871367 -0.058307763 0.995501757
1311867194.763586 0.560496628 -0.126627430 -0.005361280 -0.049895186 -0.055307649 -0.058396552 0.995510697
1311867194.799726 0.560009599 -0.126389563 -0.005347012 -0.050117381 -0.054915939 -0.058586173 0.995510042
1311867194.831891 0.558709145 -0.128473029 -0.003614174 -0.051104255 -0.054033436 -0.059024032 0.995482266
1311867194.863668 0.560076475 -0.126760975 -0.003593042 -0.050741430 -0.054412849 -0.059148934 0.995472789
1311867194.899588 0.559501529 -0.125605747 -0.003374422 -0.051169664 -0.054185748 -0.059416194 0.995447338
1311867194.931823 0.557776928 -0.126462817 -0.002455682 -0.051618300 -0.054315753 -0.059420630 0.995416820
1311867194.963864 0.557122529 -0.126536623 -0.001167245 -0.050925229 -0.054886464 -0.059707474 0.995404065
1311867194.999857 0.557438135 -0.127772242 -0.001773260 -0.051155318 -0.055141628 -0.059413731 0.995395660
1311867195.031823 0.553432107 -0.128607780 -0.001566717 -0.050823681 -0.055442229 -0.059404384 0.995396554
1311867195.063659 0.554252088 -0.126738429 -0.002706596 -0.049026679 -0.057068646 -0.058891438 0.995425224
1311867195.099839 0.555074394 -0.127693221 -0.003326776 -0.049946722 -0.057422638 -0.059436601 0.995326757
1311867195.131755 0.552679598 -0.128486693 -0.002941599 -0.049951613 -0.056699529 -0.059858635 0.995342612
1311867195.163739 0.551150858 -0.125421852 -0.003704742 -0.049311887 -0.056831885 -0.059349570 0.995397508
1311867195.199682 0.550461650 -0.124030657 -0.002157580 -0.049718164 -0.058101892 -0.058940720 0.995328248
1311867195.231953 0.548044682 -0.126899689 -0.002539726 -0.050397623 -0.058168512 -0.059417307 0.995261848
1311867195.263959 0.548162937 -0.125185877 -0.003431696 -0.049737807 -0.058203779 -0.059756227 0.995272636
1311867195.299843 0.546239495 -0.125633255 -0.005022253 -0.050287448 -0.057747606 -0.059885938 0.995263875
1311867195.331663 0.543687344 -0.127826869 -0.003939243 -0.050008282 -0.057652138 -0.059779782 0.995289862
1311867195.363660 0.542943954 -0.125821680 -0.003247236 -0.048302587 -0.058063205 -0.059534535 0.995364845
1311867195.399819 0.541743398 -0.125109255 -0.006471181 -0.048756186 -0.057847377 -0.059702192 0.995345294
1311867195.431775 0.539310813 -0.125863820 -0.005237319 -0.048171263 -0.057783704 -0.059005972 0.995418966
1311867195.463774 0.537519217 -0.123681076 -0.006964490 -0.047465004 -0.058294185 -0.058487713 0.995453715
1311867195.499861 0.537085712 -0.122251250 -0.006641492 -0.048232410 -0.058656033 -0.058956049 0.995367944
1311867195.531827 0.533186197 -0.125993088 -0.006914366 -0.048823249 -0.058005780 -0.059836321 0.995324731
1311867195.563721 0.532315195 -0.125339687 -0.008354141 -0.048303679 -0.058540158 -0.059618585 0.995331824
1311867195.599756 0.529090703 -0.125283197 -0.006838417 -0.048800826 -0.058443364 -0.059829611 0.995300591
1311867195.631794 0.525959671 -0.127445444 -0.007237970 -0.048917700 -0.057883255 -0.060177352 0.995306611
1311867195.663755 0.523905694 -0.125084221 -0.009538339 -0.047953058 -0.058285199 -0.060130324 0.995333016
1311867195.699923 0.522323847 -0.126308173 -0.009699822 -0.048546679 -0.058629636 -0.059975758 0.995293260
1311867195.732032 0.516995847 -0.127976060 -0.008523901 -0.048452832 -0.058111947 -0.060943760 0.995269418
1311867195.767662 0.513958931 -0.127652302 -0.010677322 -0.048048396 -0.057930190 -0.061343074 0.995275080
1311867195.799635 0.509299040 -0.127840728 -0.008840803 -0.048590854 -0.057108819 -0.061484251 0.995287538
1311867195.831755 0.507216513 -0.128618911 -0.009976313 -0.048255872 -0.057682525 -0.061105311 0.995294094
1311867195.867630 0.506458044 -0.127013609 -0.012148959 -0.047868788 -0.058105484 -0.060584579 0.995320022
1311867195.899840 0.505035877 -0.126436457 -0.011137040 -0.048839934 -0.058349632 -0.060143877 0.995285273
1311867195.931915 0.501153052 -0.128430277 -0.011661663 -0.049036048 -0.057449877 -0.060673535 0.995295823
1311867195.967737 0.500639081 -0.124221802 -0.011634951 -0.048077371 -0.057798825 -0.059486669 0.995394051
1311867195.999658 0.498568028 -0.127651393 -0.012790482 -0.050207037 -0.057909973 -0.059688896 0.995270312
1311867196.031886 0.495481730 -0.126955807 -0.013058553 -0.049537700 -0.057221632 -0.058763459 0.995398700
1311867196.067754 0.494472444 -0.124107279 -0.013403629 -0.049198348 -0.057184253 -0.058391463 0.995439649
1311867196.099654 0.493142903 -0.126265779 -0.013672906 -0.050770368 -0.057083890 -0.058018226 0.995388269
1311867196.131796 0.489713758 -0.127318487 -0.013230744 -0.050310630 -0.057295490 -0.057884403 0.995407224
1311867196.167747 0.487871081 -0.124702021 -0.012742815 -0.050145362 -0.057376578 -0.057757750 0.995418251
1311867196.199711 0.486525118 -0.126755491 -0.012947174 -0.050960302 -0.056920968 -0.058597926 0.995353937
1311867196.231920 0.483392954 -0.126081392 -0.012717261 -0.050179463 -0.056602206 -0.058579445 0.995412827
1311867196.267924 0.480382353 -0.126060203 -0.014217338 -0.050443169 -0.055941198 -0.058868095 0.995419800
1311867196.299732 0.478373885 -0.128048733 -0.014645748 -0.051055279 -0.055799436 -0.058953401 0.995391548
1311867196.331833 0.475519627 -0.126616850 -0.014339758 -0.050280634 -0.055989105 -0.059028663 0.995415866
1311867196.368729 0.475350112 -0.124870144 -0.015918614 -0.050626293 -0.055758037 -0.058965072 0.995415032
1311867196.399739 0.470433086 -0.126028642 -0.014058564 -0.051352754 -0.054766465 -0.059472736 0.995402753
1311867196.432020 0.469686627 -0.125678912 -0.014736840 -0.050933786 -0.055536028 -0.058814358 0.995420694
1311867196.467800 0.468087792 -0.124810107 -0.015715387 -0.051620197 -0.055352882 -0.058355663 0.995422602
1311867196.499768 0.467117250 -0.123889610 -0.016701303 -0.051483035 -0.055965655 -0.057564497 0.995441437
1311867196.531926 0.466240764 -0.122357965 -0.016511690 -0.050862879 -0.056566428 -0.057312533 0.995453954
1311867196.567767 0.462906569 -0.121240459 -0.015454927 -0.051671401 -0.056179583 -0.057177670 0.995441914
1311867196.599713 0.461314410 -0.121395960 -0.015704185 -0.051985435 -0.056102078 -0.056717813 0.995456338
1311867196.631994 0.457306176 -0.121670395 -0.015699398 -0.051886726 -0.055832449 -0.056885298 0.995467067
1311867196.667737 0.455960989 -0.118881889 -0.016050143 -0.052116912 -0.056003843 -0.056350172 0.995475829
1311867196.699700 0.453510582 -0.120816536 -0.016471591 -0.053358439 -0.055853486 -0.055882007 0.995444953
1311867196.731760 0.449000359 -0.121633142 -0.014887623 -0.053790540 -0.054919977 -0.056898765 0.995415986
1311867196.767707 0.446034193 -0.119229056 -0.015556253 -0.053971581 -0.055345744 -0.055996973 0.995433688
1311867196.799736 0.443794668 -0.120589249 -0.016063338 -0.054480895 -0.055671658 -0.055901770 0.995393217
1311867196.831867 0.440372229 -0.119647942 -0.014777615 -0.053999476 -0.055265151 -0.056166772 0.995427132
1311867196.867749 0.437018961 -0.117473163 -0.017051809 -0.053872857 -0.055032071 -0.055864815 0.995463908
1311867196.899715 0.433549106 -0.119365253 -0.015686246 -0.054327633 -0.055348590 -0.056280974 0.995398223
1311867196.931975 0.431008399 -0.119057894 -0.016147392 -0.053823661 -0.055824921 -0.056365147 0.995394170
1311867196.967911 0.428878397 -0.119525455 -0.016922364 -0.053845972 -0.056050114 -0.056890864 0.995350420
1311867196.999866 0.425021797 -0.119730912 -0.016204212 -0.053821981 -0.055660430 -0.057256933 0.995352626
1311867197.031979 0.422586352 -0.119567454 -0.017572848 -0.053330258 -0.055988353 -0.057410765 0.995351911
1311867197.067817 0.419313371 -0.120058864 -0.016429052 -0.053731501 -0.056080814 -0.057785854 0.995303333
1311867197.099836 0.417525321 -0.121198930 -0.016889768 -0.053739082 -0.056144021 -0.058497053 0.995257854
1311867197.131870 0.413359553 -0.118212111 -0.016875651 -0.053189553 -0.055728283 -0.058619361 0.995303512
1311867197.167713 0.411288530 -0.119960159 -0.017729482 -0.054057080 -0.055943377 -0.059289496 0.995204985
1311867197.199776 0.407743484 -0.119567893 -0.017678242 -0.053655662 -0.055520151 -0.060295012 0.995189965
1311867197.231928 0.405158728 -0.117938571 -0.019169493 -0.053834781 -0.055513322 -0.060365934 0.995176435
1311867197.267919 0.401863217 -0.118187919 -0.017856708 -0.054578826 -0.055562269 -0.060622413 0.995117605
1311867197.299810 0.397406369 -0.118082277 -0.018158566 -0.054548576 -0.055229694 -0.061152827 0.995105326
1311867197.332018 0.395087659 -0.116523042 -0.018880272 -0.054763775 -0.055084333 -0.061430752 0.995084405
1311867197.367855 0.391534179 -0.118143581 -0.018999431 -0.055249237 -0.054929055 -0.061767679 0.995045304
1311867197.399882 0.389790982 -0.118480064 -0.019884147 -0.054691792 -0.055249456 -0.061588440 0.995069444
1311867197.431956 0.386218995 -0.116426691 -0.020240355 -0.054245867 -0.054875508 -0.061822530 0.995100021
1311867197.467991 0.383744597 -0.119114593 -0.021898115 -0.054792620 -0.054552715 -0.061862875 0.995085359
1311867197.499995 0.379576713 -0.117783777 -0.023883540 -0.053855106 -0.054131079 -0.061470244 0.995183885
1311867197.531882 0.378837675 -0.117094137 -0.025424354 -0.053987902 -0.054258261 -0.061390508 0.995174646
1311867197.567869 0.376231909 -0.118190944 -0.024598451 -0.054624554 -0.053777754 -0.061513811 0.995158434
1311867197.599910 0.373071104 -0.118347421 -0.026378158 -0.053569745 -0.053194340 -0.061953913 0.995219827
1311867197.631963 0.370662302 -0.114452519 -0.028332772 -0.053811073 -0.052357823 -0.062469855 0.995218873
1311867197.667929 0.366691142 -0.117123067 -0.028616309 -0.054866508 -0.051483080 -0.063558489 0.995137990
1311867197.699744 0.365152389 -0.114473812 -0.030564835 -0.053658869 -0.051576857 -0.063538916 0.995200217
1311867197.732004 0.364479542 -0.112457767 -0.030988418 -0.054925464 -0.051250957 -0.063894585 0.995125175
1311867197.767904 0.359315276 -0.115400657 -0.031656627 -0.055052731 -0.050150000 -0.064784020 0.995116711
1311867197.799835 0.357325286 -0.112110354 -0.033760298 -0.053915039 -0.050315507 -0.064407840 0.995195091
1311867197.831987 0.355959594 -0.115601353 -0.037180886 -0.055818189 -0.050320111 -0.065327697 0.995029926
1311867197.867941 0.354780525 -0.115093030 -0.037730705 -0.054536123 -0.050678335 -0.065590911 0.995065510
1311867197.899954 0.351388574 -0.112258650 -0.042012714 -0.054144889 -0.050109349 -0.066307239 0.995068192
1311867197.932046 0.348649740 -0.113774970 -0.041037198 -0.055456176 -0.050374653 -0.066983186 0.994937360
1311867197.967946 0.345060885 -0.111608595 -0.039132547 -0.054320920 -0.049932271 -0.067091025 0.995015025
1311867197.999775 0.342521459 -0.109613560 -0.040295579 -0.054525260 -0.050066851 -0.067448638 0.994972944
1311867198.031819 0.340827316 -0.110237375 -0.042845823 -0.055504862 -0.050938264 -0.067344218 0.994881511
1311867198.067816 0.336332440 -0.109890305 -0.042496834 -0.055187732 -0.050447445 -0.068071879 0.994874656
1311867198.099796 0.337162107 -0.107858546 -0.046268295 -0.055332262 -0.051410526 -0.067915663 0.994828045
1311867198.131829 0.333542228 -0.107585184 -0.046403818 -0.055901263 -0.051214561 -0.068107739 0.994793236
1311867198.167952 0.331110448 -0.108021513 -0.047778435 -0.056042403 -0.051467549 -0.068175144 0.994767606
1311867198.199814 0.329662383 -0.105259784 -0.048710536 -0.055764765 -0.051809616 -0.068265341 0.994759262
1311867198.232003 0.326388776 -0.106130689 -0.048567735 -0.055922091 -0.051691446 -0.068185575 0.994762063
1311867198.267962 0.323422909 -0.102208391 -0.049904987 -0.054509450 -0.051735472 -0.067537785 0.994882405
1311867198.299864 0.320835918 -0.102096036 -0.050243221 -0.055058498 -0.052284408 -0.067161553 0.994848907
1311867198.331863 0.315973252 -0.102808908 -0.053123817 -0.054715157 -0.052376844 -0.067043379 0.994870961
1311867198.367970 0.313522160 -0.101118818 -0.055458058 -0.053514689 -0.052758574 -0.067317680 0.994897544
1311867198.399906 0.310212463 -0.100470625 -0.056479372 -0.053897806 -0.052979417 -0.067035109 0.994884193
1311867198.431988 0.305734694 -0.103494704 -0.056670003 -0.053842891 -0.052764628 -0.067171842 0.994889379
1311867198.467921 0.303350270 -0.101496674 -0.059178554 -0.051280040 -0.053033419 -0.066816427 0.995034397
1311867198.500075 0.298331678 -0.097731091 -0.060664590 -0.050585281 -0.053228538 -0.066010170 0.995113373
1311867198.532125 0.294415236 -0.100522086 -0.061301105 -0.049993116 -0.054058816 -0.065745972 0.995116055
1311867198.567990 0.290511847 -0.096517593 -0.064329334 -0.047916614 -0.054568756 -0.065348186 0.995216548
1311867198.599951 0.287850261 -0.097392954 -0.064593904 -0.048400171 -0.055228416 -0.065381497 0.995154560
1311867198.631966 0.285330445 -0.099982463 -0.068895355 -0.048697960 -0.055438481 -0.066214509 0.995073259
1311867198.668073 0.281714886 -0.098806053 -0.072163470 -0.048266236 -0.055015802 -0.066042721 0.995129168
1311867198.699844 0.279583633 -0.098103799 -0.073338829 -0.048725203 -0.054980304 -0.066017300 0.995110452
1311867198.731874 0.276002109 -0.094272703 -0.070090570 -0.047879905 -0.053796645 -0.066065080 0.995212972
1311867198.767911 0.273393363 -0.091964215 -0.073606543 -0.047853235 -0.052690640 -0.065448776 0.995314181
1311867198.799839 0.271003157 -0.095730782 -0.075988702 -0.049561001 -0.052270286 -0.065803662 0.995229363
1311867198.831953 0.268057942 -0.095375530 -0.077489711 -0.049339622 -0.051861037 -0.065167569 0.995303631
1311867198.867891 0.266954392 -0.093356796 -0.079223827 -0.049342480 -0.051387593 -0.064470828 0.995373428
1311867198.899855 0.263912201 -0.092692561 -0.079956055 -0.049673151 -0.049826138 -0.063954554 0.995469630
1311867198.931881 0.260263741 -0.090662576 -0.081407920 -0.049137138 -0.048678830 -0.063057609 0.995610237
1311867198.968077 0.260624558 -0.088776007 -0.082223117 -0.049011003 -0.047962386 -0.061557595 0.995745063
1311867199.000050 0.257441640 -0.088355139 -0.083552368 -0.048912928 -0.046399780 -0.060770899 0.995872259
1311867199.031843 0.255564690 -0.087383129 -0.084354885 -0.048725449 -0.045269016 -0.059686042 0.995999098
1311867199.067992 0.255696326 -0.085480668 -0.087872304 -0.048502076 -0.044303373 -0.057650525 0.996173322
1311867199.099860 0.252794236 -0.084902182 -0.088365473 -0.048757259 -0.042789556 -0.056466505 0.996294796
1311867199.132002 0.252528608 -0.084371768 -0.090866193 -0.047980409 -0.042023163 -0.055526879 0.996417999
1311867199.167891 0.251627922 -0.080507025 -0.090908557 -0.047133021 -0.040824983 -0.053863626 0.996599495
1311867199.200126 0.250439614 -0.078927822 -0.092366651 -0.046832666 -0.039536990 -0.052384108 0.996744394
1311867199.234099 0.249083608 -0.079902954 -0.094866760 -0.046544410 -0.039102688 -0.051290356 0.996832013
1311867199.267942 0.247611821 -0.078373335 -0.096372895 -0.046386376 -0.038141198 -0.050565168 0.996913612
1311867199.300030 0.243908972 -0.077272303 -0.097165555 -0.045680389 -0.037170641 -0.049846832 0.997019053
1311867199.331880 0.241882280 -0.077519476 -0.099451676 -0.044846512 -0.036616746 -0.049257994 0.997106671
1311867199.368141 0.239283830 -0.076037861 -0.100800447 -0.044030618 -0.036082949 -0.048608880 0.997194290
1311867199.399920 0.236955598 -0.074762434 -0.101916164 -0.042982209 -0.035969988 -0.048041232 0.997271657
1311867199.432048 0.234765887 -0.073636554 -0.103442013 -0.041641075 -0.035908710 -0.047776464 0.997343481
1311867199.467972 0.228166446 -0.071863838 -0.106312245 -0.041045900 -0.036109198 -0.048172079 0.997341871
1311867199.500181 0.229470149 -0.075609051 -0.106960267 -0.041350517 -0.035568148 -0.048993204 0.997308791
1311867199.532253 0.221852630 -0.070978925 -0.108756341 -0.039904285 -0.035220955 -0.049710967 0.997344553
1311867199.568266 0.217864752 -0.069873810 -0.109988637 -0.039745409 -0.035028830 -0.049577907 0.997364223
1311867199.600399 0.219050258 -0.072473712 -0.111558877 -0.040540330 -0.035329062 -0.049866144 0.997307241
1311867199.632208 0.211576715 -0.068841256 -0.110910803 -0.039682578 -0.035955954 -0.050212346 0.997301996
1311867199.668054 0.205778331 -0.068842404 -0.111881882 -0.039643567 -0.035586249 -0.050946500 0.997279584
1311867199.699941 0.203164190 -0.067620061 -0.113988906 -0.038903099 -0.036094241 -0.051228404 0.997276068
1311867199.732005 0.200117365 -0.066892654 -0.114305072 -0.038935989 -0.036812305 -0.051773377 0.997220337
1311867199.768069 0.198090583 -0.067902990 -0.114509448 -0.039457157 -0.037560951 -0.051996931 0.997160316
1311867199.800056 0.192028478 -0.068278208 -0.114465877 -0.039000381 -0.037575860 -0.052819900 0.997134447
1311867199.832480 0.190215215 -0.066045232 -0.116252013 -0.038197454 -0.038148504 -0.053214952 0.997122765
1311867199.867939 0.187231123 -0.066615440 -0.115402095 -0.038635682 -0.038259935 -0.053709995 0.997075081
1311867199.899922 0.182403713 -0.069147669 -0.117181830 -0.038352109 -0.038549315 -0.053941518 0.997062385
1311867199.932206 0.181202993 -0.066200085 -0.118918970 -0.037578736 -0.039812211 -0.054014631 0.997038245
1311867199.967970 0.179534674 -0.067835130 -0.118178070 -0.037999243 -0.040492371 -0.054641142 0.996960819
1311867200.000052 0.173841745 -0.066886708 -0.119617328 -0.037043255 -0.040307451 -0.055148855 0.996976376
1311867200.032204 0.172434241 -0.063695125 -0.120956063 -0.036687315 -0.040897474 -0.055268716 0.996958792
1311867200.068006 0.169084728 -0.066290334 -0.121990599 -0.037968222 -0.041255895 -0.055739723 0.996869862
1311867200.100058 0.169466689 -0.063663267 -0.119275801 -0.036325898 -0.043250900 -0.056337845 0.996812880
1311867200.132173 0.167903364 -0.062808983 -0.121036239 -0.037052032 -0.044018004 -0.056776594 0.996727705
1311867200.168054 0.164179623 -0.065563969 -0.119613461 -0.037819184 -0.044083737 -0.057615705 0.996647835
1311867200.200062 0.156853944 -0.062850870 -0.120596640 -0.037028335 -0.042635888 -0.057467785 0.996749043
1311867200.232126 0.153521806 -0.061865058 -0.119915821 -0.037872288 -0.042923454 -0.057685904 0.996692300
1311867200.268192 0.148476690 -0.064159520 -0.119839221 -0.038337007 -0.043025237 -0.058403380 0.996628463
1311867200.300066 0.152142957 -0.059625994 -0.120274201 -0.037350882 -0.046147358 -0.058820352 0.996501684
1311867200.332117 0.146610916 -0.062158000 -0.118544601 -0.038483538 -0.045745175 -0.059973769 0.996408343
1311867200.368163 0.144326746 -0.059446096 -0.117619865 -0.037228305 -0.046917737 -0.060087331 0.996394694
1311867200.400065 0.139641300 -0.061406851 -0.119164973 -0.038441248 -0.048007160 -0.060499921 0.996271729
1311867200.432114 0.136956826 -0.062980875 -0.117169455 -0.038643077 -0.048732772 -0.061930913 0.996140778
1311867200.468132 0.133747041 -0.061972585 -0.118218184 -0.037976876 -0.049043223 -0.062764823 0.996098995
1311867200.500090 0.129586846 -0.061889499 -0.115913607 -0.038175032 -0.049441326 -0.063864686 0.996001780
1311867200.532161 0.124462225 -0.062343922 -0.115806758 -0.038100716 -0.050163601 -0.064260937 0.995943069
1311867200.568212 0.123326957 -0.060977992 -0.116849467 -0.038288496 -0.051508825 -0.064442597 0.995855391
1311867200.600091 0.118617944 -0.063158229 -0.115067624 -0.039418306 -0.051517311 -0.065661840 0.995731235
1311867200.632043 0.113674894 -0.062274434 -0.114422478 -0.039325587 -0.051985499 -0.066226006 0.995673239
1311867200.668204 0.110870376 -0.060998257 -0.113874719 -0.039226342 -0.053259477 -0.066143863 0.995615304
1311867200.700120 0.108354688 -0.062828168 -0.113794751 -0.040170796 -0.054428507 -0.066362947 0.995499790
1311867200.732170 0.104528323 -0.061820306 -0.114070207 -0.039981555 -0.054455034 -0.066805974 0.995476365
1311867200.768079 0.102504082 -0.059847333 -0.113980509 -0.040466953 -0.055144712 -0.066952139 0.995408952
1311867200.800076 0.097759224 -0.062154885 -0.111782596 -0.041337848 -0.055526204 -0.067605145 0.995307863
1311867200.832137 0.095587865 -0.060330484 -0.111430213 -0.041101661 -0.056307159 -0.067635432 0.995271683
1311867200.868158 0.092174947 -0.059098180 -0.110646442 -0.041858643 -0.056639969 -0.068099923 0.995189548
1311867200.899995 0.089702718 -0.061034687 -0.109179981 -0.042790916 -0.056865819 -0.068255350 0.995126367
1311867200.932029 0.086334035 -0.060888506 -0.109002545 -0.042390484 -0.056287996 -0.067970991 0.995195866
1311867200.968154 0.083489589 -0.060723372 -0.108998373 -0.041961871 -0.055079933 -0.068138473 0.995270133
1311867201.000062 0.080448568 -0.061029077 -0.109045245 -0.041060064 -0.054733034 -0.068101943 0.995329320
1311867201.032193 0.079429142 -0.060013454 -0.109144546 -0.039946612 -0.054642830 -0.068200812 0.995372832
1311867201.067956 0.075328328 -0.061358057 -0.109264195 -0.039658334 -0.053639099 -0.067258984 0.995503068
1311867201.100217 0.074105635 -0.060143691 -0.109931722 -0.038148411 -0.054083578 -0.066675134 0.995577276
1311867201.132242 0.074102066 -0.061166976 -0.110383809 -0.038173389 -0.053805266 -0.066549294 0.995599866
1311867201.168191 0.071647763 -0.062395837 -0.110501371 -0.038089387 -0.052333724 -0.066189662 0.995705426
1311867201.200147 0.066656850 -0.062240273 -0.111014277 -0.036773492 -0.051409733 -0.066131108 0.995806992
1311867201.232056 0.066331916 -0.060031306 -0.111636795 -0.035563029 -0.051542971 -0.065702043 0.995872438
1311867201.269490 0.065835178 -0.059415009 -0.112659305 -0.035243802 -0.051567331 -0.065567963 0.995891333
1311867201.299894 0.061806802 -0.061701030 -0.112759560 -0.035172548 -0.050661229 -0.065910228 0.995917737
1311867201.332276 0.057274520 -0.061834391 -0.111760460 -0.034054976 -0.050130982 -0.065415233 0.996016145
1311867201.368233 0.055095498 -0.056500845 -0.112211369 -0.033033215 -0.050494019 -0.065087296 0.996053696
1311867201.400227 0.050768137 -0.058602992 -0.112078652 -0.034280680 -0.051410638 -0.065011546 0.995969594
1311867201.432761 0.047626443 -0.059076443 -0.112763695 -0.033294521 -0.052545294 -0.065895125 0.995885730
1311867201.468080 0.041922912 -0.053374000 -0.113475621 -0.032812744 -0.052316003 -0.066116713 0.995899081
1311867201.500087 0.038577996 -0.054926451 -0.114504777 -0.034757238 -0.053555157 -0.066570356 0.995737016
1311867201.532195 0.037122007 -0.054435104 -0.113188028 -0.035063181 -0.055708095 -0.067478471 0.995546997
1311867201.568143 0.035811450 -0.053116933 -0.113924555 -0.035151932 -0.057247024 -0.068374448 0.995395422
1311867201.600103 0.030581150 -0.053203773 -0.114386596 -0.035857841 -0.057423465 -0.069204353 0.995302737
1311867201.632068 0.029442249 -0.051559065 -0.114143588 -0.035681438 -0.058952428 -0.069863908 0.995173633
1311867201.668050 0.026258448 -0.051794235 -0.114203624 -0.035515908 -0.059970513 -0.070246287 0.995091796
1311867201.700292 0.022357827 -0.050965335 -0.115301050 -0.035856124 -0.059707340 -0.071065485 0.995037258
1311867201.732200 0.020612136 -0.050039500 -0.115126543 -0.036434211 -0.060444500 -0.072210908 0.994889259
1311867201.768201 0.016793571 -0.048954461 -0.115235373 -0.035873599 -0.060202979 -0.072308362 0.994917214
1311867201.800210 0.015739758 -0.046456710 -0.115962073 -0.035667080 -0.061283533 -0.072173364 0.994868457
1311867201.832156 0.013255149 -0.044879925 -0.116067223 -0.036711112 -0.061840359 -0.072075441 0.994803131
1311867201.868219 0.010766231 -0.047790162 -0.115302473 -0.037085671 -0.061877470 -0.072148584 0.994781673
1311867201.900077 0.009964745 -0.044136021 -0.115960397 -0.036127083 -0.062724918 -0.072109051 0.994766712
1311867201.932262 0.008960865 -0.044915214 -0.116877951 -0.036764707 -0.063477896 -0.071739316 0.994722307
1311867201.968172 0.005965353 -0.045058563 -0.117408670 -0.036469020 -0.063042842 -0.071957372 0.994745076
1311867202.000190 0.005541500 -0.045194414 -0.118094556 -0.036054067 -0.063535452 -0.072607562 0.994681597
1311867202.032239 0.006211446 -0.043665752 -0.119115427 -0.035608787 -0.064136997 -0.072837554 0.994642258
1311867202.068152 0.004171879 -0.043789208 -0.119484365 -0.035653558 -0.063156836 -0.073731169 0.994637549
1311867202.100315 0.001794175 -0.041998789 -0.119436219 -0.034995694 -0.063478075 -0.073715053 0.994641662
1311867202.132409 0.000630871 -0.041822165 -0.119390212 -0.035456538 -0.064172447 -0.073592745 0.994589865
1311867202.168279 0.000890104 -0.039701529 -0.118466459 -0.035744581 -0.064444616 -0.072973818 0.994607508
1311867202.200125 -0.002534161 -0.041727208 -0.118227378 -0.036687385 -0.064555123 -0.072747745 0.994582593
1311867202.232375 -0.003820787 -0.039797649 -0.118711792 -0.036168434 -0.065201215 -0.072489090 0.994578302
1311867202.268101 -0.004471170 -0.036487404 -0.118409827 -0.036265470 -0.065217592 -0.071981668 0.994610608
1311867202.300107 -0.007167425 -0.041276421 -0.119228490 -0.038937088 -0.064201042 -0.072589532 0.994531512
1311867202.332365 -0.007572148 -0.039187208 -0.118429847 -0.037385147 -0.064652242 -0.073037639 0.994529009
1311867202.368310 -0.012078304 -0.037726697 -0.120334536 -0.037243079 -0.064814016 -0.072710432 0.994547784
1311867202.400292 -0.012606706 -0.037451848 -0.118630528 -0.037516054 -0.065552786 -0.072917886 0.994473934
1311867202.432186 -0.011575107 -0.040623423 -0.118507624 -0.037497066 -0.065490790 -0.073610485 0.994427681
1311867202.468118 -0.013656623 -0.036783360 -0.119763359 -0.035549626 -0.064781606 -0.072963402 0.994593382
1311867202.500244 -0.015205771 -0.037197754 -0.119780920 -0.035599660 -0.063901931 -0.073241569 0.994628012
1311867202.532280 -0.018549627 -0.036796406 -0.119262747 -0.034734998 -0.063939378 -0.073333643 0.994649470
1311867202.568183 -0.017786616 -0.038079329 -0.121493325 -0.034066100 -0.064195231 -0.074447758 0.994573295
1311867202.600241 -0.018766424 -0.039411493 -0.122246146 -0.033076394 -0.062032904 -0.074586630 0.994733512
1311867202.632409 -0.024784958 -0.038109817 -0.122234173 -0.031368151 -0.060495228 -0.074008487 0.994926751
1311867202.668254 -0.028344668 -0.037092037 -0.122290082 -0.029549154 -0.062493283 -0.073566370 0.994891703
1311867202.700291 -0.028390111 -0.037771363 -0.123460583 -0.028893309 -0.064059004 -0.073656581 0.994804680
1311867202.732284 -0.030057829 -0.041688114 -0.124766290 -0.027319212 -0.064664848 -0.074025981 0.994782567
1311867202.768106 -0.029935690 -0.036277696 -0.125491634 -0.023512380 -0.064362124 -0.073944859 0.994905531
1311867202.800215 -0.032820914 -0.038962331 -0.127138346 -0.022944821 -0.063611917 -0.073877424 0.994971931
1311867202.832371 -0.038943689 -0.039569482 -0.126344889 -0.021014793 -0.063944302 -0.073583193 0.995015085
1311867202.868186 -0.039303344 -0.038489424 -0.128520876 -0.019310292 -0.065674566 -0.073914699 0.994912386
1311867202.900343 -0.039366089 -0.035508353 -0.128555760 -0.018938258 -0.067782849 -0.074637152 0.994724154
1311867202.932160 -0.038867321 -0.038557775 -0.128800526 -0.020866297 -0.068624631 -0.076196373 0.994509637
1311867202.968198 -0.037517261 -0.037495226 -0.127879426 -0.021076722 -0.068805851 -0.077284686 0.994408667
1311867203.000234 -0.040045388 -0.035571124 -0.127501875 -0.022716772 -0.068374999 -0.076339841 0.994475245
1311867203.032284 -0.037503980 -0.037126489 -0.126905650 -0.025414053 -0.068553030 -0.077107787 0.994338453
1311867203.068187 -0.036732122 -0.038724158 -0.125682727 -0.026504964 -0.066790618 -0.076183662 0.994501233
1311867203.100350 -0.034096010 -0.040656686 -0.126505598 -0.028440161 -0.065565906 -0.076071404 0.994537830
1311867203.132443 -0.035269070 -0.042604357 -0.126537010 -0.029797291 -0.063069232 -0.075352877 0.994714260
1311867203.168210 -0.034213934 -0.045429189 -0.127235055 -0.029401070 -0.061215196 -0.075784177 0.994809091
1311867203.200286 -0.033374783 -0.043615434 -0.127928644 -0.028639745 -0.060192242 -0.075558953 0.994910836
1311867203.232211 -0.032601852 -0.046303723 -0.128778055 -0.030217087 -0.059517067 -0.074693382 0.994970143
1311867203.268183 -0.034653138 -0.048106283 -0.128524899 -0.030166190 -0.058884662 -0.074442826 0.995028079
1311867203.300206 -0.034552351 -0.047369711 -0.129293069 -0.029237993 -0.059952129 -0.074159905 0.995013177
1311867203.332226 -0.031812217 -0.048418548 -0.129300013 -0.030157892 -0.061815780 -0.073498182 0.994920790
1311867203.368129 -0.033017643 -0.047894344 -0.129758134 -0.031607151 -0.061973162 -0.072412364 0.994945645
1311867203.400200 -0.034508534 -0.055858310 -0.129514202 -0.034067474 -0.063140139 -0.072275944 0.994801044
1311867203.432255 -0.033312969 -0.056264449 -0.129387215 -0.032426290 -0.064269155 -0.072765306 0.994747877
1311867203.468205 -0.033148937 -0.055504873 -0.129968956 -0.032561541 -0.064667277 -0.073648803 0.994652569
1311867203.500494 -0.033754781 -0.060617603 -0.129957899 -0.033913400 -0.065070473 -0.074333332 0.994530201
1311867203.532247 -0.033217847 -0.064286686 -0.129720435 -0.033308703 -0.065454051 -0.075410798 0.994444311
1311867203.568287 -0.033317599 -0.063606739 -0.131397650 -0.032576051 -0.065845534 -0.076842129 0.994333208
1311867203.600247 -0.033594962 -0.067038640 -0.132101491 -0.034395829 -0.066033378 -0.077339001 0.994220972
1311867203.632381 -0.032108571 -0.070382215 -0.132671833 -0.034698784 -0.067018807 -0.077709340 0.994115591
1311867203.668366 -0.032249779 -0.073079079 -0.133360401 -0.034795947 -0.067318261 -0.078360997 0.994040847
1311867203.700467 -0.032428090 -0.075706676 -0.133546814 -0.035037622 -0.067509808 -0.079719976 0.993911266
1311867203.732263 -0.030778440 -0.075918362 -0.134281486 -0.034791064 -0.067151219 -0.079491861 0.993962467
1311867203.768142 -0.031708479 -0.079900376 -0.134325773 -0.035938468 -0.066717334 -0.079632826 0.993939638
1311867203.800188 -0.030740261 -0.080437921 -0.135457531 -0.035803180 -0.066979907 -0.080148101 0.993885398
1311867203.832438 -0.030984161 -0.084277801 -0.135187447 -0.036598321 -0.066250548 -0.081100270 0.993828118
1311867203.868154 -0.032337062 -0.086836174 -0.135852426 -0.036578331 -0.065017521 -0.082565047 0.993789673
1311867203.900206 -0.031716168 -0.087466568 -0.138164476 -0.034526560 -0.065137230 -0.082876675 0.993829250
1311867203.932460 -0.033262998 -0.087161720 -0.138563186 -0.033563167 -0.064922340 -0.083419360 0.993830919
1311867203.968287 -0.032523368 -0.090370625 -0.139743418 -0.033235718 -0.065326072 -0.083797947 0.993783593
1311867204.000337 -0.034058426 -0.091962524 -0.141024768 -0.032404918 -0.064715445 -0.084306262 0.993808031
1311867204.032369 -0.032929789 -0.091915309 -0.141901493 -0.031165244 -0.065070443 -0.084071986 0.993844330
1311867204.068206 -0.034636620 -0.094180726 -0.143827230 -0.030380290 -0.065000899 -0.084330298 0.993851244
1311867204.100343 -0.032812957 -0.098739460 -0.144863188 -0.029546944 -0.065449014 -0.084852405 0.993802547
1311867204.132295 -0.032932132 -0.099830665 -0.146419495 -0.027615866 -0.064628914 -0.085011609 0.993898153
1311867204.168262 -0.034704205 -0.103398927 -0.146556839 -0.026233677 -0.063723870 -0.085340522 0.993965864
1311867204.200305 -0.034345433 -0.104663186 -0.148464531 -0.023714144 -0.064173616 -0.085158601 0.994015813
1311867204.232436 -0.033328678 -0.105320834 -0.149820745 -0.021916892 -0.064290881 -0.085035056 0.994060040
1311867204.268181 -0.034499995 -0.109676637 -0.149182871 -0.020668827 -0.063164718 -0.085421853 0.994125843
1311867204.300302 -0.036026705 -0.110784404 -0.150797904 -0.017774504 -0.062342204 -0.085246108 0.994248807
1311867204.332519 -0.033808660 -0.111933850 -0.150962934 -0.016074220 -0.062297285 -0.085121952 0.994291186
1311867204.368375 -0.035227131 -0.115258001 -0.151851922 -0.014818104 -0.061502438 -0.085504934 0.994327366
1311867204.400282 -0.035868589 -0.116592050 -0.152030289 -0.012700181 -0.060925920 -0.086072609 0.994343162
1311867204.432434 -0.034849018 -0.118952349 -0.153432831 -0.011370636 -0.060484283 -0.086490043 0.994350016
1311867204.468296 -0.035088528 -0.120746523 -0.153136268 -0.010495484 -0.059742019 -0.086636014 0.994391799
1311867204.500277 -0.034740936 -0.122927494 -0.154627949 -0.008768432 -0.059220616 -0.087043397 0.994404137
1311867204.532479 -0.035073031 -0.124116741 -0.154522270 -0.007413771 -0.058296792 -0.087037072 0.994470239
1311867204.568211 -0.037385277 -0.125020131 -0.154696837 -0.006010266 -0.057395078 -0.086768784 0.994555652
1311867204.600264 -0.037839115 -0.128604770 -0.155612230 -0.005236538 -0.057124186 -0.085446231 0.994690120
1311867204.632418 -0.037155874 -0.130043268 -0.155865684 -0.004240404 -0.056921929 -0.084878482 0.994755089
1311867204.668452 -0.039603084 -0.132380471 -0.155896708 -0.002942197 -0.056112502 -0.084614843 0.994828165
1311867204.700261 -0.037007652 -0.130716622 -0.155138522 -0.001204257 -0.056221090 -0.082777359 0.994980216
1311867204.732293 -0.037174162 -0.134861439 -0.155713692 -0.001822038 -0.055164993 -0.081524760 0.995141864
1311867204.768312 -0.041044019 -0.137381613 -0.154245228 -0.001436748 -0.054221012 -0.080527455 0.995275557
1311867204.800434 -0.042564515 -0.136894137 -0.152269423 -0.000672354 -0.054973338 -0.080013506 0.995276570
1311867204.832496 -0.039038293 -0.138800055 -0.152428627 -0.001877585 -0.055980098 -0.079274848 0.995278001
1311867204.868246 -0.042234585 -0.142019004 -0.150786355 -0.002723426 -0.054346908 -0.078875959 0.995398283
1311867204.900224 -0.043731533 -0.143071085 -0.149032950 -0.001854541 -0.054236446 -0.078248791 0.995455742
1311867204.936363 -0.044053864 -0.144233480 -0.148878977 -0.001754401 -0.054272942 -0.077382497 0.995521665
1311867204.968219 -0.043735355 -0.146241114 -0.147635460 -0.002011362 -0.054165330 -0.076814495 0.995571077
1311867205.000335 -0.044323701 -0.154178947 -0.147742853 -0.002477091 -0.053425364 -0.075776756 0.995689452
1311867205.036326 -0.045969196 -0.153266668 -0.146150395 -0.001219708 -0.052663319 -0.074457854 0.995831966
1311867205.068637 -0.046684802 -0.156106144 -0.144708857 -0.001609264 -0.052625511 -0.072785586 0.995957017
1311867205.100765 -0.045822468 -0.160543844 -0.142907843 -0.001633165 -0.053053949 -0.071336888 0.996039033
1311867205.136301 -0.043736998 -0.159616441 -0.143566430 -0.000638206 -0.053166986 -0.069639787 0.996154249
1311867205.168290 -0.045952700 -0.162192702 -0.142448634 -0.000827460 -0.052807558 -0.067341834 0.996331215
1311867205.200371 -0.045718800 -0.165970489 -0.140987694 -0.000776302 -0.053192008 -0.065720767 0.996419072
1311867205.236444 -0.046020675 -0.168341264 -0.140160203 0.000185504 -0.052954853 -0.064574406 0.996506870
1311867205.268392 -0.044783548 -0.169255793 -0.140916824 0.001017148 -0.052779771 -0.064090379 0.996546924
1311867205.300458 -0.046848252 -0.172206193 -0.139113650 0.001691535 -0.051884547 -0.064165138 0.996588171
1311867205.336288 -0.047446460 -0.175074756 -0.137660146 0.002082247 -0.051295571 -0.063878931 0.996636331
1311867205.368439 -0.045576874 -0.176067308 -0.137493193 0.002999916 -0.051132236 -0.063625492 0.996658564
1311867205.400476 -0.048303451 -0.178991169 -0.136394933 0.003214045 -0.050372031 -0.063691147 0.996692419
1311867205.436290 -0.049687065 -0.181581274 -0.135863662 0.003854660 -0.050483990 -0.064115815 0.996657252
1311867205.468361 -0.047114868 -0.182323039 -0.135391399 0.003812737 -0.050691858 -0.063866064 0.996662915
1311867205.500259 -0.050113808 -0.186686471 -0.134000957 0.003320560 -0.049632877 -0.064753808 0.996660769
1311867205.536285 -0.053558793 -0.186571524 -0.133155033 0.004576099 -0.049323376 -0.064784124 0.996669114
1311867205.568369 -0.054890502 -0.187516794 -0.131607980 0.004026779 -0.050370194 -0.063792497 0.996683061
1311867205.600318 -0.056368340 -0.190615103 -0.130411416 0.003420610 -0.051682167 -0.063344389 0.996646762
1311867205.636378 -0.056661688 -0.193191200 -0.129929304 0.003853878 -0.052852891 -0.063445248 0.996577322
1311867205.668640 -0.055314604 -0.197117254 -0.129732281 0.004743680 -0.053605326 -0.063768975 0.996512651
1311867205.700293 -0.060948852 -0.201362029 -0.127457112 0.004643992 -0.051846180 -0.064274117 0.996573746
1311867205.736482 -0.061856616 -0.204932675 -0.128121257 0.005866828 -0.052151788 -0.064516313 0.996535718
1311867205.768331 -0.062221155 -0.204430595 -0.128408417 0.007474188 -0.052615877 -0.064494327 0.996501982
1311867205.800294 -0.062010746 -0.209931135 -0.127321616 0.006839396 -0.052783873 -0.064589225 0.996491492
1311867205.836370 -0.065659262 -0.211479783 -0.127140433 0.007969024 -0.051234111 -0.065411605 0.996510446
1311867205.868513 -0.067163832 -0.212495178 -0.127012834 0.008315068 -0.050981801 -0.065743029 0.996498644
1311867205.900317 -0.067042179 -0.214145452 -0.126014113 0.008388679 -0.051083717 -0.065867722 0.996484637
1311867205.936313 -0.067193083 -0.216609672 -0.125642851 0.008045712 -0.050553668 -0.065751411 0.996522129
1311867205.968515 -0.070112839 -0.219306320 -0.126063839 0.008180162 -0.049354326 -0.066092335 0.996558607
1311867206.000654 -0.071022041 -0.216390714 -0.125909805 0.008134097 -0.049990259 -0.064997949 0.996599257
1311867206.036736 -0.071097665 -0.221836045 -0.125393465 0.005233242 -0.050925907 -0.064733669 0.996588528
1311867206.068413 -0.071922965 -0.226123482 -0.124793187 0.004980667 -0.051309690 -0.064574301 0.996580541
1311867206.100418 -0.071307443 -0.225894600 -0.124352410 0.005342901 -0.051064178 -0.064656191 0.996585965
1311867206.136422 -0.071850747 -0.230268717 -0.124063984 0.004164932 -0.050621569 -0.065014355 0.996590853
1311867206.168280 -0.073928162 -0.234297872 -0.123643056 0.004091813 -0.050299615 -0.065348759 0.996585548
1311867206.200431 -0.074194379 -0.234833330 -0.124339685 0.005047315 -0.051207017 -0.065143727 0.996548414
1311867206.236354 -0.073785208 -0.236703038 -0.125034451 0.003854093 -0.051771447 -0.064693980 0.996553838
1311867206.268562 -0.076639272 -0.240930200 -0.126418248 0.002837853 -0.051523678 -0.065426022 0.996522307
1311867206.300429 -0.075251885 -0.242186084 -0.126166314 0.002647537 -0.052465685 -0.064779922 0.996515930
1311867206.336618 -0.077360407 -0.243697226 -0.126356930 0.001818160 -0.052872892 -0.064324111 0.996525764
1311867206.368476 -0.077420279 -0.248244092 -0.125142306 0.000349392 -0.053946748 -0.064404465 0.996464610
1311867206.400411 -0.075979665 -0.248526886 -0.127184823 0.000625595 -0.054167133 -0.064410485 0.996452153
1311867206.436540 -0.077963009 -0.251510203 -0.126680523 -0.000626106 -0.053687204 -0.064903095 0.996446192
1311867206.468475 -0.076411225 -0.254778266 -0.125818834 -0.000951916 -0.054360155 -0.064870231 0.996411562
1311867206.500567 -0.078580931 -0.257179558 -0.124828346 -0.001078962 -0.054525003 -0.064501598 0.996426344
1311867206.536578 -0.078737624 -0.261454612 -0.124954581 -0.000952857 -0.055394460 -0.064788580 0.996359944
1311867206.568318 -0.078022979 -0.261065930 -0.125614941 0.000056455 -0.055432823 -0.064425074 0.996381760
1311867206.600453 -0.081290409 -0.264390022 -0.125007346 0.000154890 -0.055377934 -0.063702941 0.996431291
1311867206.636480 -0.079881407 -0.266427904 -0.126712933 0.000781632 -0.056872368 -0.062878385 0.996399164
1311867206.668513 -0.076577395 -0.269294411 -0.126813605 0.001305369 -0.058135618 -0.062579215 0.996344507
1311867206.700560 -0.076505810 -0.270257235 -0.126937971 0.001524552 -0.058436729 -0.062441591 0.996335208
1311867206.736376 -0.076202914 -0.274902612 -0.126600385 0.001884715 -0.058679964 -0.062436994 0.996320665
1311867206.768348 -0.078471392 -0.274205953 -0.126980901 0.002977898 -0.058483582 -0.062195521 0.996344566
1311867206.800520 -0.079889692 -0.277199447 -0.127510443 0.002898958 -0.059513927 -0.062082771 0.996290922
1311867206.836416 -0.078428730 -0.281059384 -0.129030794 0.003380542 -0.060995668 -0.062035177 0.996202707
1311867206.868563 -0.078286283 -0.281893134 -0.130794346 0.004278541 -0.060966849 -0.062784746 0.996154070
1311867206.900569 -0.079668663 -0.282379657 -0.130819872 0.004610830 -0.060317021 -0.063174069 0.996167541
1311867206.936441 -0.080062553 -0.289121985 -0.130244449 0.004552931 -0.060300581 -0.064392664 0.996090710
1311867206.968607 -0.081731409 -0.291250169 -0.131010145 0.006506681 -0.060161047 -0.065294705 0.996029615
1311867207.000644 -0.081152938 -0.292615026 -0.131898254 0.007912703 -0.060743958 -0.065500431 0.995970607
1311867207.036586 -0.080588683 -0.293992430 -0.132532582 0.008690310 -0.061318070 -0.064521238 0.995992780
1311867207.068407 -0.080314629 -0.300748259 -0.130531237 0.008515545 -0.062840290 -0.063183866 0.995985150
1311867207.100546 -0.075432166 -0.300909072 -0.131771922 0.009777517 -0.065044582 -0.061609633 0.995930731
1311867207.136473 -0.075226091 -0.303326458 -0.132074356 0.009147271 -0.065023959 -0.061626311 0.995936990
1311867207.168707 -0.075124532 -0.305982202 -0.132125303 0.008636942 -0.065456070 -0.061103337 0.995945454
1311867207.200654 -0.075287975 -0.307016879 -0.131246075 0.008835798 -0.065461136 -0.060949940 0.995952785
1311867207.236587 -0.074553788 -0.309030980 -0.131754324 0.008212798 -0.065632395 -0.060189977 0.995993018
1311867207.268617 -0.076754801 -0.313293964 -0.131781712 0.007049238 -0.065602094 -0.060282137 0.995998383
1311867207.300500 -0.076783814 -0.316052198 -0.130913749 0.007236287 -0.065725498 -0.060794570 0.995957732
1311867207.336652 -0.076532573 -0.315918475 -0.130204260 0.007357513 -0.065776415 -0.060894545 0.995947361
1311867207.368579 -0.079053871 -0.318287879 -0.130341515 0.006363792 -0.065254226 -0.061562408 0.995947540
1311867207.400698 -0.080877975 -0.322690696 -0.129253000 0.005780987 -0.065252051 -0.062549472 0.995889783
1311867207.436580 -0.078494608 -0.323754787 -0.129142880 0.006220827 -0.066250376 -0.062776417 0.995806873
1311867207.468647 -0.082137570 -0.324409068 -0.127555922 0.005814914 -0.065438733 -0.063932389 0.995789468
1311867207.500601 -0.085276581 -0.329743028 -0.127795100 0.005478347 -0.065121695 -0.065712191 0.995696306
1311867207.536508 -0.083060175 -0.331417084 -0.127913371 0.006119784 -0.065608710 -0.066337883 0.995619118
1311867207.568706 -0.084989741 -0.334492832 -0.127683505 0.006117002 -0.064216658 -0.067399554 0.995638549
1311867207.600587 -0.088549003 -0.337366879 -0.128502995 0.006973140 -0.063922010 -0.068406962 0.995583236
1311867207.636491 -0.091104843 -0.340654433 -0.127148151 0.007715816 -0.063782521 -0.069499597 0.995510995
1311867207.668773 -0.093074664 -0.340427250 -0.129834771 0.009222620 -0.063979708 -0.071498498 0.995343924
1311867207.700562 -0.096611477 -0.345427573 -0.127217665 0.008872638 -0.064119682 -0.072246529 0.995284081
1311867207.736501 -0.096033826 -0.348656505 -0.128996432 0.010174877 -0.064694926 -0.072361611 0.995226085
1311867207.768609 -0.095925383 -0.348912090 -0.127785012 0.011306633 -0.065537862 -0.071979947 0.995186329
1311867207.800991 -0.097729392 -0.352611303 -0.127827197 0.011436096 -0.066360116 -0.072723024 0.995076358
1311867207.836554 -0.098578177 -0.355787218 -0.127493009 0.012010807 -0.066971518 -0.073188402 0.994994521
1311867207.868773 -0.097582728 -0.356355369 -0.126411706 0.012841557 -0.067011312 -0.072540417 0.995028913
1311867207.900900 -0.099682570 -0.356859535 -0.126244515 0.013167748 -0.066972233 -0.072466172 0.995032668
1311867207.936534 -0.100399569 -0.361654878 -0.127294406 0.013085181 -0.067473546 -0.072689265 0.994983613
1311867207.968490 -0.099720359 -0.361727953 -0.127108112 0.013151921 -0.068373807 -0.072500415 0.994935095
1311867208.000665 -0.098936118 -0.366013080 -0.126058102 0.012275184 -0.069167115 -0.072131030 0.994918346
1311867208.036765 -0.099319652 -0.369093299 -0.125889197 0.013133029 -0.069458790 -0.072191358 0.994882703
1311867208.069925 -0.096878260 -0.369301140 -0.127841875 0.013709307 -0.069628105 -0.072637878 0.994830549
1311867208.101134 -0.097203694 -0.371515363 -0.126747593 0.013834950 -0.069427699 -0.072311901 0.994866490
1311867208.136633 -0.097875416 -0.372456998 -0.125780836 0.014797076 -0.070049882 -0.072680920 0.994782209
1311867208.168683 -0.096982472 -0.373862058 -0.126911432 0.015232258 -0.070760317 -0.072665766 0.994726419
1311867208.200521 -0.095729254 -0.377217412 -0.127428457 0.015803002 -0.070616588 -0.072892435 0.994711161
1311867208.236561 -0.095338531 -0.378205299 -0.128071174 0.016818091 -0.070879132 -0.072095908 0.994733930
1311867208.268440 -0.095682614 -0.380683124 -0.127336428 0.017566454 -0.071756080 -0.072138742 0.994654953
1311867208.300597 -0.094819985 -0.383110434 -0.129629046 0.018041093 -0.071568765 -0.072298810 0.994648397
1311867208.336528 -0.094410069 -0.383659273 -0.130332023 0.018898530 -0.071197227 -0.072061494 0.994676411
1311867208.368511 -0.094857760 -0.384143502 -0.129578233 0.018917844 -0.071123064 -0.072093502 0.994678974
1311867208.400592 -0.096826561 -0.386603624 -0.129554242 0.018606218 -0.071364485 -0.072136641 0.994664371
1311867208.436460 -0.095918231 -0.390853822 -0.130135268 0.018909957 -0.072407015 -0.072013393 0.994592249
1311867208.468664 -0.094165668 -0.391651303 -0.130942136 0.019209974 -0.072223701 -0.072195262 0.994586647
1311867208.500564 -0.095029920 -0.393144250 -0.129715770 0.019208046 -0.071611218 -0.072645456 0.994598210
1311867208.536522 -0.096593611 -0.394806296 -0.128732562 0.019281030 -0.072051898 -0.072948426 0.994542778
1311867208.568644 -0.096442878 -0.394961327 -0.128735825 0.019245967 -0.072951317 -0.072615892 0.994502187
1311867208.600595 -0.095639028 -0.396489978 -0.127356321 0.018441340 -0.073714130 -0.073306262 0.994410574
1311867208.636445 -0.095981196 -0.399958372 -0.128398418 0.017774727 -0.074106529 -0.073485821 0.994380295
1311867208.668488 -0.096965849 -0.399188191 -0.127196968 0.017979851 -0.074210748 -0.074426129 0.994298935
1311867208.700606 -0.098220043 -0.401233286 -0.126233995 0.017204639 -0.074012831 -0.074859865 0.994294763
1311867208.736710 -0.098673798 -0.403248250 -0.124772869 0.016976975 -0.074508041 -0.074617028 0.994279981
1311867208.768807 -0.100497939 -0.401945680 -0.124447815 0.017179310 -0.074827120 -0.074915417 0.994230092
1311867208.800641 -0.099727780 -0.405313194 -0.123957805 0.017038625 -0.075380512 -0.075230755 0.994166911
1311867208.836883 -0.100795567 -0.407497257 -0.122320913 0.017934626 -0.074458018 -0.075861752 0.994172692
1311867208.868491 -0.102932900 -0.407139450 -0.123719014 0.018245585 -0.073880270 -0.075674765 0.994224429
1311867208.900811 -0.103017144 -0.406970024 -0.122779034 0.017920995 -0.074380666 -0.074743658 0.994263470
1311867208.936516 -0.105640657 -0.413562447 -0.122029655 0.018270545 -0.074691765 -0.075560123 0.994172037
1311867208.968732 -0.105484419 -0.413502783 -0.123047858 0.020031173 -0.074921787 -0.076181650 0.994073451
1311867209.000767 -0.103287466 -0.415194839 -0.124483049 0.020600185 -0.074579164 -0.076740630 0.994044483
1311867209.036589 -0.105709173 -0.419078529 -0.124963097 0.021519082 -0.073448710 -0.077513255 0.994049311
1311867209.068848 -0.105711587 -0.417527109 -0.125259236 0.023133591 -0.073327288 -0.076839224 0.994074345
1311867209.100837 -0.106998712 -0.418145388 -0.126673847 0.023313411 -0.073692195 -0.076499484 0.994069397
1311867209.145248 -0.105968773 -0.420222998 -0.129014537 0.023696851 -0.073998407 -0.076349631 0.994049013
1311867209.168676 -0.107504569 -0.421925545 -0.130297199 0.024207808 -0.073851630 -0.076597713 0.994028568
1311867209.200608 -0.107174240 -0.422539949 -0.131130368 0.024316061 -0.073705681 -0.076060347 0.994078040
1311867209.236579 -0.109060489 -0.424245566 -0.130388275 0.024768593 -0.073584653 -0.075272352 0.994135797
1311867209.268677 -0.108429298 -0.423868179 -0.130177096 0.025583236 -0.074725762 -0.074863225 0.994060934
1311867209.300548 -0.108974546 -0.424823821 -0.130152851 0.025202166 -0.075520411 -0.074215151 0.994059205
1311867209.336608 -0.109127559 -0.428251088 -0.130683556 0.025821151 -0.076159552 -0.073908709 0.994017422
1311867209.368685 -0.108396679 -0.427631766 -0.133269310 0.027368339 -0.076246575 -0.074501276 0.993925035
1311867209.400674 -0.110185690 -0.429323137 -0.133624300 0.026959941 -0.075897247 -0.074889988 0.993933797
1311867209.436604 -0.111452803 -0.433023900 -0.133729324 0.027323304 -0.076012827 -0.075285748 0.993885159
1311867209.468504 -0.111729346 -0.432221472 -0.135359496 0.028282134 -0.075957164 -0.075292155 0.993862033
1311867209.501113 -0.111617148 -0.433672160 -0.134859711 0.027684767 -0.076544784 -0.074845172 0.993867576
1311867209.536902 -0.113916822 -0.435241759 -0.134265199 0.027226442 -0.076530255 -0.074513569 0.993906260
1311867209.568689 -0.116315506 -0.436001807 -0.134439424 0.027257368 -0.077552326 -0.073124081 0.993929386
1311867209.600759 -0.117899351 -0.438870579 -0.135186389 0.027656265 -0.079196416 -0.072554976 0.993830442
1311867209.636594 -0.118809439 -0.439032406 -0.134505138 0.028103417 -0.080561735 -0.072099291 0.993741333
1311867209.668570 -0.117275968 -0.442980230 -0.136320800 0.028172912 -0.081089310 -0.072201528 0.993689001
1311867209.701272 -0.118469998 -0.445386082 -0.136480689 0.028899768 -0.080271833 -0.072652608 0.993701637
1311867209.736573 -0.120187670 -0.444565415 -0.137366429 0.030172139 -0.079914756 -0.072653241 0.993692517
1311867209.768624 -0.120719828 -0.448475808 -0.137744024 0.030525927 -0.080004878 -0.073203266 0.993634105
1311867209.801498 -0.121531583 -0.451944113 -0.138792381 0.031605203 -0.080714449 -0.073325217 0.993533969
1311867209.836574 -0.120385073 -0.450719357 -0.141635716 0.033375401 -0.080397859 -0.074528031 0.993412256
1311867209.868553 -0.119384907 -0.453234166 -0.142032728 0.033410784 -0.080179878 -0.074881569 0.993402123
1311867209.900669 -0.120586455 -0.454516858 -0.142541602 0.034183994 -0.079249434 -0.075898655 0.993373215
1311867209.936544 -0.121771924 -0.454834700 -0.144086868 0.034875344 -0.078455620 -0.076150618 0.993393004
1311867209.968938 -0.120298952 -0.457251102 -0.143432826 0.034650866 -0.078293987 -0.075935833 0.993430018
1311867210.000704 -0.119316742 -0.457530886 -0.143086538 0.035487238 -0.077580050 -0.075655676 0.993477881
1311867210.036683 -0.117590249 -0.454882026 -0.142400086 0.036567833 -0.076912455 -0.075376973 0.993511736
1311867210.068816 -0.119112343 -0.456987262 -0.143932894 0.035883337 -0.075866885 -0.075967632 0.993572116
1311867210.100607 -0.118696772 -0.460762560 -0.143504500 0.035819892 -0.075622365 -0.076024681 0.993588686
1311867210.136711 -0.116787784 -0.458792716 -0.145219326 0.036630388 -0.074886568 -0.076270491 0.993596077
1311867210.168673 -0.119183712 -0.457606792 -0.146448806 0.035893280 -0.074080519 -0.075958699 0.993707299
1311867210.200662 -0.118321948 -0.462453783 -0.144352406 0.035165720 -0.074208595 -0.076359861 0.993692994
1311867210.236614 -0.119804710 -0.461948752 -0.146696806 0.036570337 -0.073743522 -0.076666944 0.993653238
1311867210.268764 -0.118229635 -0.460829288 -0.147440150 0.036940210 -0.073588610 -0.077307813 0.993601441
1311867210.300692 -0.119145639 -0.461980164 -0.149040177 0.036998399 -0.072595574 -0.077572607 0.993651628
1311867210.336672 -0.120526142 -0.461194158 -0.147734925 0.037419911 -0.072722845 -0.077977188 0.993594885
1311867210.368993 -0.120387472 -0.460577637 -0.149408028 0.037495598 -0.072180003 -0.078160949 0.993617177
1311867210.400741 -0.120462619 -0.463977814 -0.149682477 0.036863063 -0.072020501 -0.078208134 0.993648648
1311867210.436672 -0.121054798 -0.464749277 -0.149596259 0.037220526 -0.072853975 -0.078296952 0.993567586
1311867210.469063 -0.119746521 -0.461693496 -0.151524723 0.037095319 -0.073103003 -0.077950858 0.993581235
1311867210.500649 -0.123752728 -0.462045491 -0.151298180 0.034943957 -0.072843514 -0.077800736 0.993690014
1311867210.536682 -0.124176547 -0.464298904 -0.151378125 0.034472395 -0.073099330 -0.077718295 0.993694127
1311867210.569047 -0.123199627 -0.461190522 -0.153286174 0.034276228 -0.073832877 -0.077403121 0.993671298
1311867210.600859 -0.123564452 -0.461106062 -0.152959406 0.032141730 -0.074327186 -0.077838182 0.993671834
1311867210.636787 -0.120931566 -0.467549771 -0.152282149 0.031573791 -0.074109390 -0.078975521 0.993616521
1311867210.673847 -0.121487983 -0.466228426 -0.154674381 0.033386696 -0.072999567 -0.078840144 0.993650198
1311867210.700721 -0.123215809 -0.463607967 -0.155179977 0.033652753 -0.072566025 -0.078436904 0.993704915
1311867210.736657 -0.123470008 -0.466780722 -0.155166730 0.033392556 -0.073168129 -0.078891516 0.993633568
1311867210.769036 -0.122764781 -0.465025008 -0.156019866 0.034378819 -0.072974510 -0.078822799 0.993619621
1311867210.800700 -0.123088554 -0.461995214 -0.157535285 0.033208601 -0.072843447 -0.078013882 0.993732810
1311867210.836863 -0.122642726 -0.465588868 -0.154886603 0.031935763 -0.073686503 -0.078373745 0.993684053
1311867210.868831 -0.121721461 -0.462105036 -0.156180128 0.032249715 -0.073610619 -0.078238696 0.993690193
1311867210.900724 -0.119824894 -0.464526951 -0.155890614 0.031283479 -0.073647894 -0.078285195 0.993714631
1311867210.936751 -0.120809056 -0.460678577 -0.156210527 0.031474102 -0.073234461 -0.078532279 0.993719697
1311867210.969224 -0.122534372 -0.457768440 -0.155212060 0.028386908 -0.073533155 -0.077619389 0.993862391
1311867211.001198 -0.122637577 -0.465746522 -0.152783588 0.026761174 -0.073871553 -0.078372024 0.993823349
1311867211.036754 -0.121749237 -0.459692895 -0.154107526 0.028654642 -0.073999450 -0.078213625 0.993773460
1311867211.069171 -0.123477124 -0.459692895 -0.155213729 0.026232079 -0.074220411 -0.077761039 0.993859351
1311867211.101339 -0.122413084 -0.466244608 -0.153101817 0.025397982 -0.074782073 -0.078215845 0.993803263
1311867211.136879 -0.122489788 -0.464003325 -0.154435307 0.027538698 -0.074760556 -0.078403264 0.993733108
1311867211.169535 -0.121702738 -0.459281474 -0.154122472 0.028413499 -0.074583121 -0.078935541 0.993679643
1311867211.200759 -0.121607080 -0.461785585 -0.154939577 0.027456736 -0.074179947 -0.079025358 0.993729591
1311867211.236938 -0.122841939 -0.463340551 -0.153758898 0.028434925 -0.074224964 -0.079378836 0.993670583
1311867211.268944 -0.122802988 -0.460063785 -0.154434443 0.029581914 -0.074481346 -0.079570033 0.993602633
1311867211.301073 -0.122514561 -0.459023237 -0.155389696 0.029039009 -0.074289352 -0.079896301 0.993606806
1311867211.336815 -0.123576343 -0.461388171 -0.155440107 0.028815135 -0.073797829 -0.080310084 0.993616521
1311867211.368899 -0.122123271 -0.458985180 -0.155838087 0.029757638 -0.074099876 -0.079253584 0.993651152
1311867211.401155 -0.121912599 -0.455093235 -0.155676350 0.029705551 -0.074043870 -0.079417802 0.993643820
1311867211.436783 -0.121828027 -0.455658585 -0.154793486 0.028607953 -0.073966563 -0.079366423 0.993685842
1311867211.468760 -0.122594237 -0.456447005 -0.153708130 0.028631652 -0.073553927 -0.080031224 0.993662477
1311867211.500750 -0.120651148 -0.454312414 -0.154884860 0.028601175 -0.073361248 -0.080072671 0.993674278
1311867211.536921 -0.121348634 -0.454674393 -0.156172127 0.028220715 -0.072654635 -0.080608435 0.993693769
1311867211.569353 -0.121522903 -0.455836505 -0.155674040 0.027899364 -0.071994603 -0.080757044 0.993738770
1311867211.600936 -0.122858651 -0.452830374 -0.153184786 0.029238656 -0.071801223 -0.080981441 0.993696034
1311867211.636776 -0.122530624 -0.451720983 -0.157106817 0.028635146 -0.071313910 -0.081575505 0.993700087
1311867211.669417 -0.122092970 -0.452605188 -0.153956473 0.028801449 -0.071798496 -0.081334211 0.993680120
1311867211.700795 -0.124076106 -0.452298492 -0.155475006 0.030351546 -0.071923204 -0.080945209 0.993656814
1311867211.736761 -0.123117715 -0.452266067 -0.156574175 0.030796647 -0.072911583 -0.080180764 0.993633032
1311867211.769891 -0.121210881 -0.451622546 -0.155509353 0.032344088 -0.073643535 -0.079612799 0.993575513
1311867211.801052 -0.121065699 -0.450021893 -0.155321911 0.033644501 -0.073173858 -0.079817086 0.993550658
1311867211.838297 -0.120509870 -0.449814975 -0.157363847 0.034985960 -0.072585113 -0.080677658 0.993478000
1311867211.868798 -0.118938386 -0.446554899 -0.158915356 0.035811104 -0.072444417 -0.080618300 0.993463695
1311867211.901152 -0.120491475 -0.448014289 -0.158828959 0.035238214 -0.071981631 -0.081055969 0.993482232
1311867211.937348 -0.119413584 -0.448007554 -0.159461990 0.036418580 -0.072287016 -0.081642456 0.993369401
1311867211.971087 -0.118363515 -0.444451153 -0.159110725 0.037671681 -0.071715638 -0.081629455 0.993365228
1311867212.001054 -0.117519356 -0.442516446 -0.160356075 0.037499219 -0.070681140 -0.081906117 0.993423045
1311867212.037396 -0.120808825 -0.444768012 -0.162417680 0.036690507 -0.069706082 -0.081964485 0.993517339
1311867212.068925 -0.116776705 -0.439717531 -0.160201281 0.038744304 -0.071270652 -0.081285983 0.993384123
1311867212.100836 -0.117551610 -0.436752647 -0.160530552 0.037895259 -0.071274213 -0.081355684 0.993410945
1311867212.137104 -0.116420045 -0.435945153 -0.160957113 0.036628865 -0.070936128 -0.081443481 0.993475437
1311867212.168899 -0.118179768 -0.436444819 -0.160960838 0.036734354 -0.070456930 -0.081624359 0.993490756
1311867212.201292 -0.115755625 -0.433352202 -0.162366495 0.037157375 -0.070764355 -0.080772683 0.993522823
1311867212.236828 -0.116541132 -0.431871533 -0.163232803 0.036809556 -0.069835752 -0.081036866 0.993579924
1311867212.269660 -0.116825007 -0.432825327 -0.163731173 0.037359357 -0.069664247 -0.081233799 0.993555367
1311867212.300798 -0.116716094 -0.430518389 -0.165308028 0.039202131 -0.070116073 -0.080891490 0.993480504
1311867212.336980 -0.114502773 -0.424407065 -0.164763153 0.040323377 -0.070596725 -0.080653407 0.993420959
1311867212.369121 -0.115496591 -0.424354911 -0.167373627 0.039680053 -0.070270404 -0.080590203 0.993475139
1311867212.400874 -0.114038996 -0.424176723 -0.166884452 0.039717913 -0.070887886 -0.079637453 0.993506610
1311867212.437295 -0.111812279 -0.420848817 -0.167229965 0.040026274 -0.071014144 -0.079182476 0.993521512
1311867212.468814 -0.113853149 -0.417850077 -0.168032855 0.039700173 -0.070446074 -0.078141026 0.993657589
1311867212.500920 -0.112565279 -0.418678254 -0.168002874 0.039375778 -0.071426325 -0.077541493 0.993647456
1311867212.536991 -0.111027181 -0.417544693 -0.167781323 0.040628318 -0.071815096 -0.076593287 0.993642509
1311867212.568780 -0.110242859 -0.415105432 -0.171139181 0.041257117 -0.071859889 -0.075210750 0.993718982
1311867212.600775 -0.110595040 -0.416300714 -0.170878470 0.041465648 -0.071711153 -0.074865274 0.993747115
1311867212.636951 -0.111503296 -0.412889272 -0.172108293 0.043612842 -0.071899883 -0.073789738 0.993722081
1311867212.668874 -0.106408209 -0.409115106 -0.174550250 0.044764113 -0.072893530 -0.072279945 0.993709445
1311867212.701018 -0.108018085 -0.409426451 -0.175149858 0.044565558 -0.072330922 -0.072206534 0.993764818
1311867212.736989 -0.107053936 -0.408045053 -0.175217673 0.045561679 -0.072243668 -0.071476877 0.993778706
1311867212.768959 -0.106111243 -0.407283425 -0.176936194 0.045767404 -0.072312944 -0.070970327 0.993800521
1311867212.800808 -0.107843734 -0.406544626 -0.179375425 0.045080189 -0.071688436 -0.070867486 0.993884504
1311867212.837870 -0.105072103 -0.404985189 -0.176873550 0.045810167 -0.072676115 -0.069992252 0.993841410
1311867212.869033 -0.102997057 -0.404712379 -0.179482937 0.047368437 -0.072519906 -0.069627523 0.993805349
1311867212.900811 -0.103715345 -0.400968164 -0.179253846 0.048646726 -0.072136946 -0.069198959 0.993801475
1311867212.936948 -0.103585161 -0.399089158 -0.180989161 0.048891243 -0.072072029 -0.068782061 0.993823111
1311867212.969087 -0.105164737 -0.396566659 -0.182469070 0.048836671 -0.071565546 -0.068389274 0.993889451
1311867213.001064 -0.103589445 -0.396041900 -0.183367714 0.048852567 -0.071927108 -0.067752451 0.993906200
1311867213.036927 -0.101593770 -0.394970953 -0.184785351 0.049160264 -0.072373725 -0.067113221 0.993902028
1311867213.069051 -0.103344895 -0.392626762 -0.185483232 0.049962480 -0.072569281 -0.065755829 0.993938446
1311867213.101068 -0.099769399 -0.390296519 -0.184893891 0.050261512 -0.073785082 -0.065373637 0.993859112
1311867213.137000 -0.099755041 -0.390958250 -0.185618371 0.050720047 -0.072988518 -0.065308779 0.993898869
1311867213.169165 -0.098662660 -0.389759660 -0.186179191 0.051162954 -0.072346300 -0.064614065 0.993968546
1311867213.201431 -0.099926531 -0.389957041 -0.186558604 0.052812707 -0.071840100 -0.064612769 0.993919075
1311867213.236857 -0.097213082 -0.385538220 -0.188275203 0.054443859 -0.071407698 -0.064558581 0.993865728
1311867213.269223 -0.096745931 -0.386562526 -0.188298464 0.054073773 -0.070973352 -0.064724065 0.993906260
1311867213.301416 -0.096245088 -0.383084148 -0.189011365 0.055835512 -0.070673577 -0.064619422 0.993836999
1311867213.336896 -0.096648827 -0.379608214 -0.190336883 0.055980984 -0.070239499 -0.064850666 0.993844509
1311867213.369001 -0.096083216 -0.379554421 -0.189485610 0.055879325 -0.070619069 -0.065161861 0.993803024
1311867213.401378 -0.094874598 -0.377937138 -0.190281063 0.056528326 -0.070655063 -0.064909950 0.993780255
1311867213.437193 -0.094071411 -0.375132859 -0.191330940 0.056751125 -0.070650965 -0.064283416 0.993808568
1311867213.469040 -0.093692243 -0.372935742 -0.191791862 0.056969069 -0.070746355 -0.064457372 0.993777990
1311867213.500997 -0.092428461 -0.368613005 -0.193155363 0.056808665 -0.071116403 -0.064190835 0.993778050
1311867213.536881 -0.090423703 -0.366847634 -0.191512227 0.056043424 -0.072010852 -0.064565338 0.993732810
1311867213.569042 -0.089009881 -0.363362253 -0.193467498 0.055368628 -0.071705483 -0.064515978 0.993795931
1311867213.601011 -0.089666888 -0.362059087 -0.192500174 0.054686505 -0.071437091 -0.065371931 0.993797123
1311867213.636923 -0.087676153 -0.358929992 -0.191824466 0.054238111 -0.070196830 -0.065501779 0.993901491
1311867213.668995 -0.087704629 -0.356871486 -0.188916221 0.053449571 -0.069235936 -0.065166980 0.994033575
1311867213.701300 -0.085907228 -0.353527397 -0.189995870 0.051587664 -0.069033369 -0.065258317 0.994140089
1311867213.737146 -0.084349707 -0.351100236 -0.190051064 0.050377838 -0.068556003 -0.064819895 0.994263828
1311867213.769090 -0.084420852 -0.348831028 -0.189079508 0.049301911 -0.067814603 -0.065593682 0.994317889
1311867213.801664 -0.082528487 -0.344693005 -0.188160688 0.048254725 -0.067402266 -0.065717846 0.994389057
1311867213.837348 -0.083801337 -0.345255584 -0.187377617 0.046130516 -0.066446818 -0.066234753 0.994519889
1311867213.868914 -0.081878871 -0.346838534 -0.188384637 0.045898739 -0.065522723 -0.066635214 0.994565189
1311867213.900969 -0.081657499 -0.341710865 -0.187848777 0.047515675 -0.063938461 -0.066338561 0.994612157
1311867213.937067 -0.080348879 -0.339393020 -0.188717961 0.046727065 -0.063886419 -0.065506540 0.994708002
1311867213.968920 -0.081067562 -0.340551108 -0.189558402 0.046811201 -0.063844711 -0.065481529 0.994708359
1311867214.005161 -0.080268703 -0.335920364 -0.188324764 0.048426572 -0.063906245 -0.065592065 0.994619787
1311867214.037101 -0.077144213 -0.332857013 -0.190325961 0.048953086 -0.063374333 -0.066371374 0.994576395
1311867214.068910 -0.076075032 -0.331606179 -0.190214023 0.048639845 -0.062166467 -0.066762142 0.994641840
1311867214.104861 -0.074775100 -0.329273820 -0.190530866 0.048895173 -0.061166346 -0.066487238 0.994709730
1311867214.138206 -0.075149938 -0.326402903 -0.190712512 0.049164444 -0.060145196 -0.066655986 0.994747400
1311867214.169647 -0.074743576 -0.326026797 -0.191975191 0.048051637 -0.059973035 -0.066662416 0.994811714
1311867214.205217 -0.075103588 -0.324310869 -0.190812796 0.047979634 -0.059340484 -0.067562155 0.994792461
1311867214.239878 -0.073477551 -0.324443787 -0.191328183 0.047824942 -0.058843657 -0.067462556 0.994836211
1311867214.270552 -0.073711462 -0.321137190 -0.192224771 0.048214763 -0.058590040 -0.067245744 0.994847000
1311867214.305762 -0.075822957 -0.319659561 -0.191424355 0.047431361 -0.058039654 -0.067271307 0.994915187
1311867214.337669 -0.075875379 -0.319434702 -0.190802827 0.047533553 -0.058144230 -0.067588001 0.994882762
1311867214.369049 -0.074159689 -0.316532314 -0.192554593 0.047695212 -0.058374427 -0.067742325 0.994851053
1311867214.405033 -0.072732486 -0.315944076 -0.193538457 0.048318040 -0.058193743 -0.067764454 0.994830072
1311867214.437364 -0.076146290 -0.314214885 -0.193915531 0.048955180 -0.057350598 -0.068354033 0.994807601
1311867214.469778 -0.073667303 -0.311677068 -0.195486709 0.050353389 -0.057719201 -0.068791173 0.994686306
1311867214.505939 -0.071506031 -0.308258414 -0.195357949 0.050432466 -0.057021707 -0.069161743 0.994696856
1311867214.537369 -0.072035953 -0.306896687 -0.195910037 0.049953349 -0.056319114 -0.068983249 0.994773448
1311867214.569142 -0.071332328 -0.302137643 -0.196803361 0.050118469 -0.056481201 -0.068409935 0.994795561
1311867214.604864 -0.071200855 -0.301763475 -0.196776509 0.048456084 -0.056739196 -0.068446822 0.994860709
1311867214.636989 -0.069066249 -0.302361131 -0.198965892 0.048014175 -0.056899529 -0.068470329 0.994871318
1311867214.669101 -0.066381358 -0.298690915 -0.195677340 0.048570327 -0.056881689 -0.068067625 0.994872987
1311867214.704890 -0.066332616 -0.298669517 -0.195173249 0.048535969 -0.056502793 -0.067579262 0.994929552
1311867214.736964 -0.066782363 -0.296140611 -0.197806597 0.048711345 -0.056146286 -0.067392886 0.994953811
1311867214.769506 -0.066240370 -0.293756753 -0.197609320 0.047757447 -0.056152422 -0.066677503 0.995047927
1311867214.804993 -0.066110611 -0.292578816 -0.197428808 0.048982970 -0.056349885 -0.066647045 0.994979143
1311867214.836918 -0.064477973 -0.292392939 -0.198452577 0.049074315 -0.056850132 -0.066056758 0.994985580
1311867214.869998 -0.062608920 -0.287389636 -0.199722171 0.049547132 -0.056826185 -0.066037193 0.994964838
1311867214.904984 -0.064324006 -0.285808742 -0.198708624 0.048829570 -0.056259576 -0.066759080 0.994984329
1311867214.937253 -0.063561134 -0.285200179 -0.201167226 0.049566820 -0.055942331 -0.067496099 0.994916022
1311867214.969304 -0.060962606 -0.278263509 -0.201081991 0.050526060 -0.055659894 -0.067623310 0.994875014
1311867215.005064 -0.060811326 -0.274410784 -0.203908160 0.049423005 -0.055712517 -0.067360841 0.994945228
1311867215.037107 -0.060817733 -0.275167912 -0.202558905 0.048859805 -0.056286994 -0.067812614 0.994910061
1311867215.069291 -0.058335342 -0.269275039 -0.203503191 0.049370728 -0.056739412 -0.067942552 0.994850278
1311867215.105004 -0.058970015 -0.264793545 -0.203330547 0.047648832 -0.055994891 -0.068449892 0.994941652
1311867215.136914 -0.059706580 -0.267136395 -0.201508120 0.045018967 -0.056064226 -0.069122545 0.995013714
1311867215.169446 -0.059563506 -0.264559478 -0.200199634 0.044569004 -0.055649746 -0.069703653 0.995016634
1311867215.204946 -0.059210110 -0.261008859 -0.200238109 0.043550350 -0.055837933 -0.070284449 0.995010376
1311867215.236951 -0.058762878 -0.262988091 -0.200300202 0.042233188 -0.055523131 -0.071187295 0.995020628
1311867215.269082 -0.059901740 -0.259825528 -0.199238673 0.042591587 -0.055482056 -0.071094267 0.995014250
1311867215.304957 -0.058560610 -0.257181168 -0.199200034 0.042433631 -0.056069586 -0.070781350 0.995010376
1311867215.336962 -0.058416467 -0.255810916 -0.198950574 0.042639177 -0.055897180 -0.071236536 0.994978786
1311867215.369184 -0.056836184 -0.254537702 -0.199008971 0.043089662 -0.056268141 -0.071493506 0.994920075
1311867215.404952 -0.055471260 -0.249838665 -0.201413319 0.043168765 -0.055773176 -0.071696877 0.994929850
1311867215.437035 -0.056131151 -0.249247015 -0.200354591 0.042336598 -0.055234406 -0.071625665 0.995000780
1311867215.469090 -0.054987468 -0.247993872 -0.201549217 0.042509407 -0.054873992 -0.072141722 0.994976103
1311867215.504980 -0.053525958 -0.243181586 -0.201672807 0.042893760 -0.053976547 -0.072325014 0.994995356
1311867215.537123 -0.055886436 -0.241735309 -0.201602176 0.042235371 -0.053032558 -0.071895495 0.995105445
1311867215.569034 -0.054190688 -0.241386026 -0.201063305 0.042519603 -0.053176042 -0.071876794 0.995087028
1311867215.605085 -0.051009960 -0.235684112 -0.203498855 0.043134119 -0.052881792 -0.071887098 0.995075524
1311867215.637055 -0.051271603 -0.232467115 -0.203304932 0.041488118 -0.052023385 -0.071608961 0.995210767
1311867215.668922 -0.053458475 -0.233538896 -0.201944396 0.040514592 -0.051785015 -0.072260104 0.995216250
1311867215.704951 -0.050386544 -0.228653476 -0.201347426 0.041625462 -0.052705359 -0.071400657 0.995184124
1311867215.738883 -0.050448257 -0.226607278 -0.203454912 0.040372476 -0.052326817 -0.071242645 0.995267034
1311867215.769199 -0.051562436 -0.226047114 -0.201598033 0.039460734 -0.052126382 -0.071442433 0.995299816
1311867215.804883 -0.050946843 -0.225697547 -0.201351106 0.039845638 -0.052652646 -0.071449302 0.995256305
1311867215.837335 -0.049485866 -0.221463323 -0.201287419 0.040564299 -0.052847419 -0.071104281 0.995241642
1311867215.869167 -0.050786741 -0.222644746 -0.201728731 0.039852593 -0.052439492 -0.071821004 0.995240510
1311867215.905276 -0.049762864 -0.223547637 -0.202112645 0.040554065 -0.053050645 -0.071825668 0.995179415
1311867215.937088 -0.046734881 -0.218191698 -0.202818424 0.042076264 -0.052810915 -0.071272291 0.995168746
1311867215.970287 -0.048797984 -0.217448130 -0.203905836 0.041478608 -0.052070428 -0.071695901 0.995202482
1311867216.005079 -0.049565092 -0.216873080 -0.204414099 0.041432012 -0.052143253 -0.072305731 0.995156467
1311867216.036968 -0.047048718 -0.214299574 -0.204550356 0.041523654 -0.052505635 -0.071636572 0.995181978
1311867216.069483 -0.045736920 -0.213100806 -0.205002710 0.041086771 -0.052496247 -0.071160279 0.995234787
1311867216.105043 -0.045602024 -0.211052552 -0.205093652 0.040186923 -0.051881038 -0.071414009 0.995285630
1311867216.139295 -0.047432244 -0.210886642 -0.204516277 0.039027605 -0.051846795 -0.070993975 0.995363533
1311867216.169209 -0.044666294 -0.206335291 -0.203889936 0.039099146 -0.052491307 -0.070865668 0.995336115
1311867216.204961 -0.042381532 -0.203971744 -0.203987405 0.037499879 -0.052150268 -0.070661977 0.995430112
1311867216.237023 -0.042788737 -0.204361513 -0.202675939 0.036101170 -0.051243920 -0.071248464 0.995487094
1311867216.270663 -0.044746183 -0.199455440 -0.202375203 0.035951972 -0.051348437 -0.071308516 0.995482743
1311867216.305048 -0.042672124 -0.197764844 -0.201922342 0.033973325 -0.052366212 -0.070994556 0.995521665
1311867216.339542 -0.043392807 -0.196361765 -0.200671881 0.032601401 -0.051814146 -0.071516432 0.995559096
1311867216.369469 -0.043505702 -0.193982378 -0.201325238 0.031384841 -0.051871777 -0.071158603 0.995620847
1311867216.405512 -0.042251430 -0.193508804 -0.198323101 0.029173471 -0.052112728 -0.070927091 0.995692015
1311867216.437341 -0.041218564 -0.190275773 -0.196465477 0.028967448 -0.052383248 -0.069728658 0.995768487
1311867216.469753 -0.041240398 -0.188504726 -0.195868626 0.028601607 -0.053088550 -0.069199435 0.995778620
1311867216.504980 -0.038792718 -0.187462807 -0.193929464 0.027682746 -0.053242020 -0.069204234 0.995796025
1311867216.537226 -0.040158853 -0.187286764 -0.195292324 0.027086858 -0.051957954 -0.069230452 0.995878458
1311867216.569333 -0.039759628 -0.184295759 -0.196003735 0.028595557 -0.052445669 -0.068992458 0.995827198
1311867216.605032 -0.037065960 -0.182533115 -0.196711451 0.028233003 -0.052428115 -0.068992630 0.995838463
1311867216.637314 -0.038192879 -0.182482526 -0.197115302 0.027755233 -0.051788308 -0.069597520 0.995843291
1311867216.669119 -0.037679009 -0.182394311 -0.196358651 0.028012112 -0.051614370 -0.070103534 0.995809615
1311867216.705236 -0.037990764 -0.179090008 -0.196169198 0.027059615 -0.050698135 -0.070107967 0.995882750
1311867216.737208 -0.038419761 -0.178569436 -0.194603980 0.026403826 -0.050797891 -0.070153989 0.995892048
1311867216.769195 -0.038593143 -0.178604424 -0.193014756 0.026985561 -0.051229041 -0.070387706 0.995837867
1311867216.805002 -0.034732021 -0.176206931 -0.193860099 0.027305862 -0.051153731 -0.069726124 0.995879531
1311867216.837963 -0.036210570 -0.177576825 -0.195843905 0.026325999 -0.049885940 -0.069935158 0.995955527
1311867216.870340 -0.035980564 -0.175171331 -0.193727732 0.027431784 -0.050731517 -0.069514818 0.995912492
1311867216.904959 -0.033067688 -0.172550753 -0.194069326 0.028037535 -0.051065616 -0.069656864 0.995868564
1311867216.937407 -0.032886684 -0.172815889 -0.194190472 0.027650302 -0.049728941 -0.069833808 0.995934606
1311867216.969173 -0.033038717 -0.170658395 -0.197421610 0.028378185 -0.049163774 -0.069838688 0.995941937
1311867217.005327 -0.032014374 -0.168604359 -0.193967998 0.027393246 -0.049570303 -0.070120186 0.995929539
1311867217.037311 -0.030084427 -0.169761837 -0.194446146 0.026875045 -0.049023859 -0.070332192 0.995955765
1311867217.069129 -0.029903563 -0.166426137 -0.193765834 0.026105242 -0.048081908 -0.070241459 0.996028543
1311867217.105258 -0.030954394 -0.164963320 -0.194510669 0.025620492 -0.047731496 -0.070358969 0.996049702
1311867217.137085 -0.030321481 -0.168540686 -0.194855645 0.025911627 -0.048192624 -0.070366271 0.996019423
1311867217.169189 -0.030171167 -0.162652850 -0.194995776 0.026722290 -0.047672097 -0.070287339 0.996028662
1311867217.205792 -0.029879097 -0.161118820 -0.194362372 0.026146919 -0.047675036 -0.070314988 0.996041775
1311867217.237168 -0.029388104 -0.161948949 -0.195555061 0.025973000 -0.048256174 -0.070228063 0.996024489
1311867217.269228 -0.027478781 -0.158256948 -0.195738271 0.026811615 -0.048626442 -0.070596933 0.995958269
1311867217.305164 -0.027183933 -0.157052442 -0.194823802 0.026271271 -0.048338193 -0.070562109 0.995989144
1311867217.337405 -0.030834459 -0.155174762 -0.194861591 0.025522109 -0.048213363 -0.070319638 0.996031821
1311867217.369597 -0.031016799 -0.155032039 -0.197345152 0.024939129 -0.049956303 -0.070457168 0.995950937
1311867217.412045 -0.028006632 -0.153467596 -0.196133256 0.023869203 -0.050729074 -0.071342804 0.995875061
1311867217.437282 -0.029306440 -0.153702334 -0.196081877 0.023053596 -0.049649611 -0.072229490 0.995884717
1311867217.469419 -0.029122932 -0.148098633 -0.195697054 0.022584982 -0.049134854 -0.071878038 0.995946467
1311867217.505032 -0.029549373 -0.148236319 -0.194440424 0.021547010 -0.049650207 -0.072210841 0.995919824
1311867217.537068 -0.027982524 -0.146761715 -0.194553688 0.021331308 -0.049865291 -0.071973145 0.995930910
1311867217.569154 -0.029722773 -0.145499229 -0.194880769 0.021141540 -0.049583804 -0.072058477 0.995942831
1311867217.605054 -0.031010505 -0.142915860 -0.194680959 0.019682480 -0.049688112 -0.071183302 0.996030450
1311867217.637099 -0.030327989 -0.139817446 -0.193761975 0.018520372 -0.051787511 -0.070004456 0.996029317
1311867217.669100 -0.027008934 -0.138917640 -0.194234014 0.016655849 -0.053564649 -0.068862781 0.996047854
1311867217.705063 -0.026657214 -0.139413789 -0.192904487 0.014891322 -0.053490441 -0.068840399 0.996081352
1311867217.737154 -0.026553461 -0.138903871 -0.194062129 0.014488383 -0.053310029 -0.068314292 0.996133208
1311867217.769488 -0.026229959 -0.137436509 -0.192793414 0.014328794 -0.053308792 -0.067697518 0.996177673
1311867217.805184 -0.024128852 -0.137200907 -0.192663342 0.014146859 -0.053600036 -0.067140140 0.996202350
1311867217.837227 -0.024212044 -0.136749953 -0.192430675 0.014719096 -0.052949604 -0.066779815 0.996253073
1311867217.869085 -0.025144955 -0.132158414 -0.193991691 0.015219997 -0.052582264 -0.066062786 0.996312857
1311867217.905635 -0.024784163 -0.130524725 -0.193972483 0.014500078 -0.053325441 -0.065414831 0.996326864
1311867217.937258 -0.023649039 -0.129401237 -0.193378508 0.014300389 -0.053898051 -0.065167047 0.996315122
1311867217.971093 -0.022428270 -0.125786185 -0.193333775 0.013997044 -0.053847522 -0.065109693 0.996325970
1311867218.005224 -0.021846432 -0.126056165 -0.192688018 0.013012192 -0.053539924 -0.065353207 0.996339858
1311867218.037144 -0.022827161 -0.124846250 -0.192994148 0.013119427 -0.053289950 -0.065227166 0.996360183
1311867218.071085 -0.022244763 -0.122365102 -0.192991778 0.012941634 -0.053448681 -0.064869873 0.996377289
1311867218.105098 -0.022654036 -0.119353421 -0.192228794 0.013047281 -0.053684704 -0.064794317 0.996368110
1311867218.137118 -0.021276169 -0.117420115 -0.190990746 0.012667477 -0.054135673 -0.064783551 0.996349335
1311867218.171201 -0.020393433 -0.114087977 -0.191557646 0.012416990 -0.053599738 -0.065191425 0.996354818
1311867218.205035 -0.021792132 -0.112585500 -0.191768155 0.011699907 -0.053213164 -0.065871209 0.996339560
1311867218.237244 -0.020991985 -0.112012036 -0.190500721 0.011380462 -0.053093389 -0.066806175 0.996287405
1311867218.271553 -0.021967342 -0.109383762 -0.190152898 0.011198626 -0.052490402 -0.067775548 0.996255994
1311867218.305133 -0.021875039 -0.110316098 -0.190941289 0.010629531 -0.051753733 -0.069520339 0.996180475
1311867218.337365 -0.023507746 -0.108957134 -0.191000864 0.011675655 -0.050753146 -0.071001835 0.996115804
1311867218.373471 -0.023982024 -0.105101041 -0.193645477 0.012107677 -0.050393786 -0.072074912 0.996051729
1311867218.405269 -0.023991948 -0.104658939 -0.193238392 0.011375553 -0.050485726 -0.073565602 0.995946765
1311867218.437232 -0.024443345 -0.106514104 -0.192694500 0.012073986 -0.050090577 -0.074290067 0.995904744
1311867218.472952 -0.023039371 -0.104122624 -0.194149688 0.014251360 -0.049861170 -0.074339651 0.995883822
1311867218.505117 -0.025115909 -0.100814871 -0.194193348 0.014544091 -0.050171521 -0.074511252 0.995851099
1311867218.537273 -0.023158701 -0.098933518 -0.194766790 0.014094866 -0.051138971 -0.074427545 0.995814621
1311867218.571458 -0.022362204 -0.098802060 -0.193427742 0.013518781 -0.051323682 -0.074314870 0.995821536
1311867218.605932 -0.024719281 -0.095118076 -0.192911416 0.012897095 -0.050300892 -0.074289806 0.995883882
1311867218.637202 -0.024232943 -0.095406197 -0.192204341 0.011549721 -0.050748415 -0.074459605 0.995864928
1311867218.671051 -0.022728058 -0.093594208 -0.190740094 0.011088778 -0.051545300 -0.074593209 0.995819330
1311867218.705900 -0.022687238 -0.092918478 -0.191818118 0.009776649 -0.051178478 -0.075130068 0.995811582
1311867218.737849 -0.021510361 -0.092175066 -0.190081030 0.008872731 -0.050761644 -0.075214423 0.995835006
1311867218.771585 -0.024873914 -0.092706241 -0.189854831 0.008579151 -0.049820751 -0.075992770 0.995826006
1311867218.805242 -0.022999618 -0.089856565 -0.189757124 0.007705525 -0.050739098 -0.075602569 0.995816469
1311867218.837996 -0.023981974 -0.089379445 -0.188692242 0.006339351 -0.050526287 -0.075939082 0.995811343
1311867218.872727 -0.025583098 -0.090309657 -0.187368691 0.006354218 -0.050160486 -0.076760337 0.995766759
1311867218.905486 -0.027009923 -0.085658416 -0.187352285 0.005874480 -0.050729536 -0.076156370 0.995787263
1311867218.937220 -0.026194064 -0.086427934 -0.186759830 0.004363429 -0.051233884 -0.076464012 0.995745599
1311867218.973161 -0.027851500 -0.085077479 -0.186650977 0.004057805 -0.051202878 -0.076012850 0.995783091
1311867219.005183 -0.026296487 -0.083856799 -0.186737016 0.003061757 -0.051816594 -0.075861290 0.995766461
1311867219.037124 -0.026909212 -0.081565209 -0.185528964 0.002172328 -0.051464368 -0.075762212 0.995794535
1311867219.073837 -0.028093889 -0.082246445 -0.185925066 0.000407989 -0.051192991 -0.075585671 0.995824277
1311867219.105080 -0.027054492 -0.081923388 -0.184933767 -0.000307524 -0.051344670 -0.076033495 0.995782435
1311867219.138326 -0.025603788 -0.079285599 -0.184490606 -0.000724806 -0.050983347 -0.075861380 0.995813847
1311867219.170841 -0.025377007 -0.077732749 -0.183628112 -0.001411934 -0.050277360 -0.075767957 0.995856166
1311867219.205245 -0.024965610 -0.076987892 -0.183516577 -0.002642368 -0.050331205 -0.075513311 0.995870233
1311867219.239134 -0.027015381 -0.073413685 -0.182641596 -0.003264456 -0.050459661 -0.074357435 0.995948911
1311867219.270902 -0.025371958 -0.073125616 -0.181247294 -0.004424036 -0.051404975 -0.073593065 0.995952845
1311867219.305243 -0.023953067 -0.073334463 -0.182280928 -0.005039337 -0.051228449 -0.073151924 0.995991528
1311867219.340155 -0.022919886 -0.069070950 -0.182166606 -0.004570832 -0.050809857 -0.072372369 0.996072114
1311867219.371495 -0.024497276 -0.068804577 -0.181178600 -0.006031663 -0.050429277 -0.071947664 0.996114552
1311867219.405197 -0.022205338 -0.067858227 -0.180531248 -0.006357946 -0.051341470 -0.071267605 0.996114731
1311867219.439479 -0.019738879 -0.067352571 -0.180933401 -0.006925357 -0.051352028 -0.071631163 0.996084332
1311867219.471709 -0.019655863 -0.065292388 -0.180512950 -0.007668602 -0.050273482 -0.072264478 0.996088207
1311867219.505156 -0.021375135 -0.065923966 -0.179070026 -0.008659676 -0.049139515 -0.072942108 0.996087253
1311867219.539180 -0.019622603 -0.063242719 -0.179743052 -0.008640636 -0.049647570 -0.072908543 0.996064663
1311867219.574333 -0.019339489 -0.060784340 -0.179636583 -0.009716291 -0.049318895 -0.073135830 0.996054411
1311867219.608604 -0.017825522 -0.062372237 -0.180363059 -0.010638550 -0.048481237 -0.073748842 0.996040940
1311867219.642360 -0.018442668 -0.059911083 -0.179655641 -0.010909377 -0.047853462 -0.073249288 0.996105254
1311867219.671103 -0.016850479 -0.060161706 -0.179540768 -0.011622844 -0.047878847 -0.073335536 0.996089578
1311867219.705287 -0.015522401 -0.060781650 -0.178766564 -0.011284738 -0.047300346 -0.073634222 0.996099055
1311867219.739499 -0.016440941 -0.057867832 -0.179069504 -0.010513223 -0.045556072 -0.074134871 0.996151686
1311867219.773963 -0.017302582 -0.056739982 -0.180107877 -0.010926860 -0.044864044 -0.073419802 0.996231616
1311867219.805177 -0.015984211 -0.056552600 -0.180170506 -0.011078035 -0.045093760 -0.073117301 0.996241808
1311867219.839721 -0.012431301 -0.054097421 -0.180074096 -0.010695949 -0.045113362 -0.073227473 0.996236980
1311867219.875308 -0.011400824 -0.053537149 -0.179952428 -0.011920665 -0.044252843 -0.072893426 0.996286213
1311867219.910839 -0.013373432 -0.051352158 -0.178911358 -0.012095775 -0.043616340 -0.072362766 0.996350825
1311867219.941763 -0.012379951 -0.050764523 -0.178732097 -0.013235013 -0.044380896 -0.072780803 0.996272206
1311867219.973219 -0.009179589 -0.049431350 -0.178996652 -0.013757719 -0.044143289 -0.072687387 0.996282399
1311867220.006868 -0.009564661 -0.050971568 -0.178815037 -0.015031196 -0.042926859 -0.073016860 0.996293128
1311867220.042194 -0.010324438 -0.046640333 -0.180089027 -0.014682841 -0.042826410 -0.073022187 0.996302247
1311867220.074365 -0.011142273 -0.044998832 -0.179279163 -0.015393103 -0.043067910 -0.073151536 0.996271610
1311867220.105276 -0.009829960 -0.043758377 -0.179727271 -0.016400555 -0.042728487 -0.073178217 0.996268153
1311867220.142093 -0.010258180 -0.040468298 -0.179481402 -0.016725952 -0.042280111 -0.073574789 0.996252716
1311867220.171409 -0.011654672 -0.038458098 -0.179057673 -0.017785825 -0.042340457 -0.072700657 0.996295989
1311867220.206177 -0.010909227 -0.038094673 -0.177853674 -0.018891161 -0.043221671 -0.072884150 0.996224403
1311867220.242193 -0.008927458 -0.037698708 -0.178875312 -0.019542234 -0.043612175 -0.073474877 0.996151447
1311867220.274111 -0.011106714 -0.035848852 -0.178273499 -0.019822055 -0.042445783 -0.073498696 0.996194482
1311867220.306449 -0.011080639 -0.034486871 -0.177763104 -0.020320561 -0.042786486 -0.073380589 0.996178567
1311867220.342053 -0.010077531 -0.034210801 -0.178894222 -0.021200083 -0.043226056 -0.073841065 0.996107221
1311867220.371471 -0.009929001 -0.032573897 -0.178563654 -0.021110626 -0.042440262 -0.074108139 0.996123135
1311867220.406370 -0.011340294 -0.030295935 -0.176751807 -0.021824798 -0.041521944 -0.074481711 0.996118546
1311867220.440877 -0.009838880 -0.025357561 -0.177809894 -0.022104193 -0.042629134 -0.073624782 0.996129334
1311867220.472868 -0.009638363 -0.024576260 -0.177656040 -0.023392482 -0.042914603 -0.073182233 0.996120214
1311867220.509080 -0.010640903 -0.028199431 -0.176373392 -0.025686670 -0.042421352 -0.072711147 0.996119320
1311867220.541975 -0.011707674 -0.026423147 -0.178437144 -0.026346911 -0.042153407 -0.072901703 0.996099532
1311867220.571621 -0.010827880 -0.026919706 -0.177999780 -0.026612397 -0.042290941 -0.072166950 0.996140182
1311867220.610419 -0.011203581 -0.026778704 -0.179044813 -0.026498474 -0.041979283 -0.072063461 0.996163905
1311867220.639667 -0.009973343 -0.025712812 -0.179634959 -0.026259020 -0.042277325 -0.072132148 0.996152699
1311867220.671279 -0.008655748 -0.025063202 -0.180745974 -0.025751606 -0.041902948 -0.071770281 0.996207833
1311867220.707327 -0.008154635 -0.024143498 -0.180739343 -0.025259657 -0.041598443 -0.071501866 0.996252537
1311867220.739338 -0.005897430 -0.023848593 -0.180611968 -0.024400342 -0.042019498 -0.071044795 0.996288955
1311867220.771914 -0.007220159 -0.022108782 -0.182214245 -0.023834124 -0.041212387 -0.071008056 0.996338964
1311867220.809727 -0.004402404 -0.019320911 -0.181738973 -0.022482302 -0.041805383 -0.071204036 0.996331751
1311867220.841417 -0.003484549 -0.017702587 -0.180899441 -0.022005122 -0.042176321 -0.071790084 0.996284723
1311867220.871240 -0.002950298 -0.017199479 -0.181517065 -0.022796074 -0.041878667 -0.072104499 0.996256769
1311867220.907590 -0.002786871 -0.016657015 -0.180909202 -0.022540422 -0.042276397 -0.071807809 0.996267200
1311867220.939280 -0.002013500 -0.015614141 -0.180471152 -0.021885008 -0.043477960 -0.071483344 0.996253371
1311867220.971313 -0.000236584 -0.014340078 -0.181874946 -0.021190455 -0.044228327 -0.071354762 0.996244669
1311867221.008955 -0.001259872 -0.013636886 -0.181522340 -0.020947129 -0.044074543 -0.071122557 0.996273220
1311867221.039288 -0.000591968 -0.013670977 -0.180638745 -0.020375531 -0.045445167 -0.071707390 0.996181548
1311867221.072099 0.001060060 -0.011430651 -0.181251466 -0.019421834 -0.046946425 -0.072839700 0.996048808
1311867221.107750 0.000863409 -0.009296554 -0.178880513 -0.019870596 -0.047495663 -0.074172564 0.995915592
1311867221.139766 0.002673610 -0.010666063 -0.178939387 -0.020226080 -0.048437439 -0.075012647 0.995800138
1311867221.171684 0.003166473 -0.008626046 -0.179678619 -0.019507162 -0.049151946 -0.075867325 0.995714724
1311867221.208397 0.003989941 -0.004228202 -0.179649368 -0.019570548 -0.050530095 -0.075628147 0.995662689
1311867221.239750 0.003937102 -0.006809487 -0.178628802 -0.021597432 -0.050976541 -0.075885266 0.995578408
1311867221.271980 0.004144963 -0.004290455 -0.179388016 -0.020581882 -0.051902171 -0.076148234 0.995532095
1311867221.307576 0.007687644 0.000550934 -0.178612366 -0.019734507 -0.053665232 -0.076356195 0.995439827
1311867221.339333 0.009017533 -0.001280309 -0.179453075 -0.021201776 -0.054142985 -0.076595329 0.995365381
1311867221.371416 0.009845821 0.000649600 -0.179843187 -0.019500267 -0.054784164 -0.077074394 0.995328128
1311867221.407147 0.011253770 0.004911727 -0.180376261 -0.018083269 -0.055118680 -0.076750390 0.995361447
1311867221.440006 0.013831745 0.005111236 -0.181503430 -0.018879894 -0.053839188 -0.077556208 0.995354176
1311867221.471228 0.014776141 0.007526170 -0.182644770 -0.019230638 -0.052157275 -0.076488771 0.995519638
1311867221.508153 0.013977170 0.007604514 -0.183057696 -0.019603727 -0.050713543 -0.075045340 0.995696783
1311867221.539675 0.013244104 0.010159264 -0.184253126 -0.019528400 -0.048978716 -0.073990785 0.995864034
1311867221.571272 0.014441014 0.010867013 -0.184978262 -0.019934146 -0.048294440 -0.073296241 0.995940804
1311867221.607168 0.013897184 0.011147704 -0.186909080 -0.019244812 -0.047030199 -0.073430978 0.996004879
1311867221.640370 0.015537346 0.017465163 -0.188455507 -0.017699018 -0.045742754 -0.073106147 0.996117413
1311867221.669453 0.015469273 0.019460987 -0.189377263 -0.018271077 -0.045270093 -0.072651699 0.996161938
1311867221.707171 0.012149751 0.022184385 -0.192389622 -0.018398538 -0.044007245 -0.070911296 0.996341586
1311867221.742382 0.013839951 0.025465157 -0.193242267 -0.018231593 -0.044049993 -0.069886692 0.996415138
1311867221.769386 0.011919256 0.030614497 -0.194226176 -0.018605258 -0.042861097 -0.068449259 0.996559858
1311867221.807422 0.010586901 0.032141421 -0.195990548 -0.020722305 -0.042458389 -0.066397049 0.996674120
1311867221.839645 0.012059531 0.031560756 -0.196282625 -0.020660289 -0.042640954 -0.066454992 0.996663809
1311867221.869580 0.012091257 0.033493225 -0.200720519 -0.019550322 -0.041245967 -0.067035109 0.996706069
1311867221.907739 0.011127077 0.036782078 -0.200303972 -0.018952053 -0.040315989 -0.067319751 0.996736467
1311867221.942361 0.011158804 0.037098609 -0.201716930 -0.018995332 -0.040467646 -0.067925207 0.996688426
1311867221.969578 0.009129032 0.039416622 -0.204518765 -0.018841835 -0.040047482 -0.069417477 0.996605515
1311867222.009006 0.011159604 0.042562697 -0.204074368 -0.019257512 -0.040247101 -0.070653558 0.996502638
1311867222.042876 0.007965940 0.042749949 -0.206170842 -0.019101053 -0.039728571 -0.071944468 0.996434093
1311867222.069362 0.007384147 0.046843473 -0.205873340 -0.018374357 -0.040491927 -0.072607480 0.996368885
1311867222.111094 0.009387867 0.050903067 -0.206635699 -0.019036140 -0.041590352 -0.073749475 0.996227324
1311867222.140683 0.007492746 0.052398875 -0.205285192 -0.021066705 -0.041711140 -0.073848188 0.996174097
1311867222.169399 0.008335033 0.055057619 -0.205328077 -0.021145301 -0.042542387 -0.075312942 0.996027589
1311867222.208160 0.006733566 0.058972478 -0.205963194 -0.022488065 -0.043256037 -0.076232135 0.995897591
1311867222.240073 0.006938289 0.062109288 -0.204479456 -0.025019683 -0.043697797 -0.076941095 0.995763361
1311867222.269681 0.004226808 0.062857054 -0.205009103 -0.025824813 -0.043978244 -0.077356033 0.995698333
1311867222.307736 0.005504000 0.067858711 -0.202610508 -0.026593149 -0.046384625 -0.077403598 0.995565176
1311867222.339630 0.005746433 0.069806747 -0.201836646 -0.028875057 -0.046703205 -0.078543663 0.995397449
1311867222.369496 0.005089279 0.070848420 -0.203104794 -0.031050384 -0.047102265 -0.079219468 0.995259523
1311867222.410190 0.003191391 0.074256502 -0.203747392 -0.031690426 -0.048112530 -0.080305018 0.995104074
1311867222.443636 0.004536285 0.075697280 -0.203357667 -0.034165718 -0.048993144 -0.081221141 0.994904816
1311867222.469409 0.002940289 0.078080356 -0.202083677 -0.036198117 -0.048779957 -0.081449687 0.994824708
1311867222.508688 0.004939632 0.082647383 -0.200212464 -0.037662368 -0.050027393 -0.081147172 0.994733155
1311867222.540167 0.004219505 0.085692078 -0.198980078 -0.039732162 -0.050257511 -0.080592424 0.994686067
1311867222.569671 0.006654845 0.082371041 -0.196017444 -0.041646086 -0.051908750 -0.078935340 0.994655848
1311867222.608424 0.005346807 0.084507145 -0.194411024 -0.042022415 -0.052439488 -0.077816106 0.994700432
1311867222.643296 0.008736758 0.088605642 -0.193139821 -0.041838817 -0.052786052 -0.076965198 0.994756043
1311867222.669574 0.005974766 0.088337138 -0.192631125 -0.042546388 -0.052186884 -0.076051310 0.994827926
1311867222.708011 0.007460882 0.091208324 -0.191288397 -0.042306930 -0.053433612 -0.074750476 0.994870603
1311867222.739992 0.009292507 0.092143059 -0.190094143 -0.043152295 -0.054489553 -0.073442221 0.994874418
1311867222.769457 0.009053523 0.090580426 -0.189389423 -0.043990951 -0.055187780 -0.072069854 0.994899571
1311867222.809321 0.006854374 0.094426684 -0.188562319 -0.042359795 -0.055546992 -0.071618848 0.994982898
1311867222.840258 0.008302562 0.095516674 -0.188173056 -0.042721190 -0.056385726 -0.070486918 0.995001078
1311867222.869499 0.006122066 0.096123807 -0.187810317 -0.042888645 -0.056368850 -0.069043800 0.995096028
1311867222.908232 0.007702920 0.096281603 -0.187081903 -0.042420987 -0.057677563 -0.068608396 0.995071232
1311867222.937591 0.007041952 0.096716687 -0.186580718 -0.042806529 -0.057281628 -0.068325423 0.995097041
1311867222.969488 0.007107984 0.098843336 -0.185562253 -0.042598963 -0.057314862 -0.066594288 0.995221376
1311867223.007824 0.006705075 0.098805264 -0.183118343 -0.042048313 -0.058123205 -0.066433042 0.995208681
1311867223.037495 0.006973968 0.102121331 -0.184857458 -0.041245703 -0.057728477 -0.065551274 0.995323718
1311867223.069417 0.006904451 0.101289861 -0.184218243 -0.041761059 -0.057514083 -0.064576432 0.995378375
1311867223.109412 0.006153086 0.102129281 -0.183122754 -0.041533969 -0.057973754 -0.063492730 0.995430946
1311867223.138136 0.006283176 0.102871552 -0.183483675 -0.041855041 -0.058051251 -0.063215666 0.995430589
1311867223.175852 0.005342962 0.106588341 -0.182823017 -0.041919783 -0.057357498 -0.063145198 0.995472550
1311867223.208002 0.003200285 0.106797993 -0.181980982 -0.042529128 -0.057382021 -0.061959282 0.995519817
1311867223.237463 0.000944180 0.107221551 -0.181107312 -0.043298014 -0.058276210 -0.061166666 0.995483756
1311867223.277936 0.003895148 0.113011330 -0.182330713 -0.043551125 -0.058933791 -0.061354816 0.995422363
1311867223.308589 0.004510148 0.115824707 -0.181473106 -0.044223316 -0.057662740 -0.061033651 0.995486975
1311867223.337625 0.003838251 0.115042508 -0.181338459 -0.046147533 -0.057566140 -0.060187802 0.995456696
1311867223.375432 0.001689862 0.118605629 -0.181236595 -0.047435626 -0.057648297 -0.058996830 0.995462716
1311867223.407361 0.000150321 0.119596019 -0.180909693 -0.048536010 -0.057601281 -0.058315981 0.995452523
1311867223.437562 -0.000751884 0.118657179 -0.178882942 -0.049012873 -0.057516396 -0.058778971 0.995406806
1311867223.475825 -0.001913833 0.122384988 -0.179671660 -0.048329327 -0.057055146 -0.057869744 0.995519996
1311867223.507732 0.000060448 0.123359837 -0.179015324 -0.049197894 -0.057790283 -0.058184754 0.995416760
1311867223.537550 0.000028958 0.124249764 -0.179760143 -0.049088903 -0.057956666 -0.057680104 0.995441794
1311867223.575919 -0.003183714 0.126681119 -0.180178642 -0.048704308 -0.057496093 -0.057279382 0.995510578
1311867223.607790 -0.002907984 0.127720743 -0.180989146 -0.049078871 -0.057700727 -0.057415515 0.995472431
1311867223.637449 -0.005742086 0.127607554 -0.180996314 -0.049146052 -0.057093468 -0.057673216 0.995489240
1311867223.675382 -0.006394467 0.131103665 -0.183446452 -0.047958165 -0.056584544 -0.057799675 0.995568931
1311867223.708839 -0.006109169 0.131466627 -0.184864089 -0.049123771 -0.056517884 -0.057882298 0.995511055
1311867223.737594 -0.007044420 0.134199932 -0.183885679 -0.049404450 -0.056148037 -0.057909880 0.995516479
1311867223.776066 -0.006207852 0.136848494 -0.183780462 -0.049717270 -0.055956986 -0.058361433 0.995485306
1311867223.807750 -0.006287980 0.139217213 -0.184097677 -0.051025428 -0.055282082 -0.058603570 0.995442629
1311867223.837481 -0.007942573 0.144064739 -0.183995858 -0.051530547 -0.054483250 -0.057867948 0.995503664
1311867223.876077 -0.009690290 0.144772008 -0.184640750 -0.052153401 -0.053395033 -0.058724117 0.995480061
1311867223.907813 -0.006529305 0.147367567 -0.186060593 -0.052932139 -0.053381294 -0.058971863 0.995425045
1311867223.938926 -0.005373831 0.149508134 -0.185263291 -0.053930048 -0.052828282 -0.058552034 0.995425761
1311867223.976047 -0.004911860 0.150304973 -0.187162921 -0.054360166 -0.052185263 -0.059143897 0.995401263
1311867224.009213 -0.003717064 0.155497447 -0.187311411 -0.053886887 -0.051632274 -0.059231885 0.995450675
1311867224.037596 -0.004541310 0.157516897 -0.188716576 -0.054936506 -0.050565884 -0.058655314 0.995482147
1311867224.076133 -0.003843319 0.159789786 -0.187930137 -0.054629844 -0.049881287 -0.058093403 0.995566487
1311867224.108128 -0.002282802 0.160322264 -0.189197123 -0.053876981 -0.049953543 -0.057619158 0.995631516
1311867224.137526 -0.002421343 0.160735324 -0.190047950 -0.053988207 -0.048899274 -0.057504326 0.995684385
1311867224.176888 -0.001579751 0.165342540 -0.191163853 -0.053201441 -0.048037820 -0.056174718 0.995844603
1311867224.205512 0.000164576 0.166787222 -0.190724805 -0.052798051 -0.048406143 -0.055930082 0.995862007
1311867224.237792 -0.000122362 0.169436544 -0.192983389 -0.051999886 -0.047264837 -0.055867251 0.995962262
1311867224.276855 0.002787126 0.172958702 -0.192678988 -0.051991779 -0.046562016 -0.056415942 0.995964944
1311867224.305465 0.002307281 0.176517248 -0.193628892 -0.050422978 -0.045594573 -0.056010343 0.996113241
1311867224.337546 0.002855884 0.178180858 -0.193540260 -0.049107932 -0.045473199 -0.056145553 0.996176898
1311867224.376913 0.001496158 0.180423394 -0.194529369 -0.047977056 -0.044289235 -0.056928270 0.996240854
1311867224.405603 0.002547637 0.182811722 -0.194845930 -0.045941241 -0.043743409 -0.057684921 0.996317387
1311867224.437516 0.001088546 0.182879508 -0.197183385 -0.043707140 -0.043078676 -0.058690902 0.996388197
1311867224.477686 0.003678579 0.187078416 -0.196178243 -0.041615013 -0.043097682 -0.058495875 0.996488333
1311867224.505660 0.003534268 0.187373996 -0.197052598 -0.039418388 -0.042842496 -0.058512155 0.996587753
1311867224.537809 0.001129453 0.186712265 -0.199919015 -0.036198724 -0.041762911 -0.058560953 0.996752858
1311867224.585912 0.002294218 0.189699739 -0.201021776 -0.034654617 -0.041748252 -0.057730056 0.996856749
1311867224.605597 0.000208369 0.191794306 -0.200809598 -0.034751356 -0.041345190 -0.057990722 0.996855080
1311867224.637806 0.002019044 0.192343712 -0.201427370 -0.033934228 -0.041993316 -0.058672346 0.996816278
1311867224.678501 0.000920170 0.195144087 -0.202068225 -0.032510146 -0.041251261 -0.059874456 0.996823251
1311867224.705493 -0.000654110 0.198877886 -0.202975169 -0.032878131 -0.040691152 -0.060370866 0.996804237
1311867224.737612 -0.000338502 0.199595630 -0.201646358 -0.033028759 -0.041192777 -0.060523812 0.996769369
1311867224.786626 -0.000972161 0.201656550 -0.202114344 -0.031981781 -0.041252345 -0.060872916 0.996779799
1311867224.805654 0.000598689 0.204118595 -0.203511462 -0.032021422 -0.041135896 -0.061401233 0.996750891
1311867224.837824 0.002283987 0.207522467 -0.202431783 -0.032535143 -0.041136060 -0.061156463 0.996749341
1311867224.877943 0.001181232 0.206836402 -0.202020973 -0.033378664 -0.041050594 -0.061038241 0.996732235
1311867224.905651 0.001711857 0.209406227 -0.202060342 -0.033727795 -0.040817313 -0.061075423 0.996727765
1311867224.937570 0.002104108 0.214307129 -0.200421244 -0.033541601 -0.040423665 -0.060017891 0.996814311
1311867224.979735 0.004181345 0.215124533 -0.197728872 -0.032344133 -0.040705308 -0.059573680 0.996869087
1311867225.006618 0.002940154 0.220073909 -0.200930998 -0.030508107 -0.040339570 -0.057575103 0.997059226
1311867225.037681 0.000328256 0.223346829 -0.198897719 -0.031565089 -0.039418276 -0.057699330 0.997056067
1311867225.079869 0.004100453 0.222273141 -0.197939202 -0.032711003 -0.039784729 -0.058355123 0.996966422
1311867225.105549 -0.002206414 0.225399286 -0.199015737 -0.032725319 -0.038110077 -0.057131272 0.997102201
1311867225.137763 0.001655809 0.229765877 -0.198814139 -0.032971684 -0.038724806 -0.057704400 0.997037351
1311867225.180820 0.001916151 0.231740728 -0.197197765 -0.033696555 -0.038865481 -0.057252806 0.997033656
1311867225.205557 0.000577505 0.232907966 -0.196789384 -0.033867650 -0.038085490 -0.056612700 0.997094572
1311867225.237668 0.001717763 0.236034647 -0.196955934 -0.032835178 -0.037754059 -0.056361087 0.997155905
1311867225.279255 0.000066808 0.238533810 -0.196584791 -0.032671649 -0.036718532 -0.054930609 0.997279823
1311867225.305777 0.000435194 0.238457903 -0.195569277 -0.032521080 -0.036567811 -0.054990698 0.997286975
1311867225.337676 -0.000413168 0.239729136 -0.194695964 -0.031034488 -0.036326233 -0.054116156 0.997390985
1311867225.373693 0.000359143 0.243747219 -0.195960209 -0.029604338 -0.037011374 -0.053503465 0.997442365
1311867225.405582 -0.001817661 0.243407756 -0.196056426 -0.029357547 -0.037018158 -0.053046945 0.997473776
1311867225.437602 0.000057194 0.246818498 -0.195767239 -0.027301464 -0.037790295 -0.052583583 0.997527659
1311867225.473714 -0.000911600 0.247668579 -0.195703387 -0.026588753 -0.037543524 -0.052669443 0.997551739
1311867225.505610 -0.002419682 0.250002056 -0.196836308 -0.023902735 -0.036216922 -0.052970529 0.997652888
1311867225.537795 -0.002587308 0.253345788 -0.197131008 -0.021867046 -0.036027424 -0.052649118 0.997723401
1311867225.573788 -0.001553033 0.254242957 -0.197440729 -0.021033674 -0.037719633 -0.052194044 0.997702718
1311867225.605520 -0.008641158 0.257192582 -0.198304310 -0.019529870 -0.037217949 -0.053593453 0.997677922
1311867225.637625 -0.010381883 0.256544083 -0.201579407 -0.016701585 -0.037071601 -0.056528106 0.997572780
1311867225.673806 -0.010727197 0.261013925 -0.202485904 -0.013726160 -0.036437348 -0.058104418 0.997550905
1311867225.705642 -0.013057828 0.261812687 -0.204004973 -0.012055090 -0.035503179 -0.059775218 0.997507513
1311867225.737747 -0.012155594 0.258485317 -0.205371380 -0.009711789 -0.036526918 -0.060824685 0.997432649
1311867225.773659 -0.012834235 0.262002170 -0.208990753 -0.008610450 -0.037201762 -0.060938936 0.997410893
1311867225.805618 -0.013518998 0.265697122 -0.207367525 -0.007942112 -0.038832352 -0.061204083 0.997337997
1311867225.837804 -0.011021329 0.267396122 -0.209312454 -0.006917788 -0.040353835 -0.062150974 0.997226715
1311867225.873778 -0.015606350 0.268595606 -0.210771352 -0.008212088 -0.039631803 -0.061027158 0.997315168
1311867225.905632 -0.015113970 0.266991973 -0.210868463 -0.009934448 -0.041308071 -0.059479635 0.997325003
1311867225.937904 -0.015600882 0.270614952 -0.210425302 -0.008649280 -0.043423235 -0.059291851 0.997258365
1311867225.973591 -0.014314773 0.275226921 -0.211616650 -0.007628026 -0.044672672 -0.059425864 0.997203529
1311867226.005870 -0.016259404 0.275022268 -0.211326748 -0.007344489 -0.045155529 -0.059074126 0.997204781
1311867226.037807 -0.016462188 0.277848333 -0.213114917 -0.006466134 -0.045756292 -0.058884006 0.997194767
1311867226.073737 -0.018530631 0.278446674 -0.215196252 -0.008454447 -0.046137564 -0.057958756 0.997216463
1311867226.105587 -0.018652881 0.283387214 -0.211023450 -0.007474357 -0.047270697 -0.058421183 0.997144222
1311867226.137702 -0.019364920 0.281661332 -0.214474455 -0.007234348 -0.047672853 -0.058062267 0.997147799
1311867226.173782 -0.016404711 0.288530946 -0.216424152 -0.006497047 -0.048756208 -0.057714667 0.997120738
1311867226.205652 -0.016002476 0.291228175 -0.214184001 -0.005699762 -0.049076915 -0.057313621 0.997133017
1311867226.237839 -0.015828663 0.292630941 -0.215026066 -0.005110261 -0.049164243 -0.057142377 0.997141719
1311867226.273639 -0.017508378 0.296861053 -0.216485620 -0.003494959 -0.047639284 -0.057681073 0.997191668
1311867226.305637 -0.014063954 0.296870500 -0.216344342 -0.002707351 -0.047400884 -0.055731956 0.997316301
1311867226.337609 -0.015851423 0.300038278 -0.215903550 -0.002758329 -0.047156770 -0.054368246 0.997403026
1311867226.373734 -0.017041847 0.297350705 -0.218010589 -0.005208750 -0.047218833 -0.053594679 0.997432113
1311867226.405602 -0.018551698 0.304013342 -0.216748968 -0.004471949 -0.047239929 -0.052343432 0.997501194
1311867226.437644 -0.019793494 0.304470927 -0.218592405 -0.005827413 -0.047331646 -0.052398279 0.997487009
1311867226.473717 -0.015809249 0.309635311 -0.217473090 -0.005828708 -0.047846392 -0.053183611 0.997420788
1311867226.505750 -0.020442214 0.310156167 -0.218694806 -0.006918820 -0.046495143 -0.052294049 0.997524798
1311867226.537741 -0.015956268 0.307050735 -0.219971359 -0.008140630 -0.047873870 -0.052668393 0.997430682
1311867226.573767 -0.017942823 0.311832219 -0.222408518 -0.007924222 -0.047330245 -0.052808657 0.997450888
1311867226.605613 -0.015704764 0.314677864 -0.220588952 -0.008492311 -0.048247177 -0.052264772 0.997430921
1311867226.637797 -0.018317007 0.317703813 -0.221010774 -0.008345293 -0.047904883 -0.052791648 0.997420967
1311867226.673676 -0.015966203 0.318444937 -0.221513003 -0.008444716 -0.048286006 -0.053164419 0.997381985
1311867226.705658 -0.015267897 0.321086973 -0.221562445 -0.008710593 -0.048585910 -0.053387351 0.997353196
1311867226.737728 -0.018836178 0.322929621 -0.220618501 -0.007273303 -0.048506081 -0.053730000 0.997350216
1311867226.773860 -0.020298023 0.319303334 -0.223863468 -0.008313105 -0.048522774 -0.053682268 0.997343838
1311867226.805637 -0.019428143 0.324669987 -0.223588929 -0.008985024 -0.049373139 -0.053055920 0.997329772
1311867226.837753 -0.017363604 0.327410847 -0.222204953 -0.008705623 -0.050778817 -0.053284161 0.997249484
1311867226.873821 -0.019405756 0.327729434 -0.224166334 -0.008621177 -0.050728090 -0.053753395 0.997227609
1311867226.905774 -0.022893878 0.329705626 -0.224906787 -0.009481694 -0.049751606 -0.053924467 0.997259855
1311867226.937813 -0.021090124 0.329991639 -0.226221636 -0.010274908 -0.050074682 -0.053748399 0.997245252
1311867226.973631 -0.020081243 0.330826640 -0.226821929 -0.010409435 -0.050290931 -0.053388644 0.997252345
1311867227.005676 -0.018783944 0.332455605 -0.228076145 -0.011497359 -0.050446849 -0.053941675 0.997202754
1311867227.037802 -0.021803437 0.334776849 -0.226943836 -0.011242981 -0.049563028 -0.053420432 0.997278035
1311867227.073659 -0.021440158 0.337102503 -0.229284376 -0.011756605 -0.049752742 -0.053806834 0.997241855
1311867227.105662 -0.021359481 0.337054491 -0.228542894 -0.013788107 -0.048674546 -0.054371964 0.997238398
1311867227.137793 -0.023464642 0.340059221 -0.226007730 -0.013250605 -0.047532380 -0.053580139 0.997343659
1311867227.173840 -0.022158941 0.342337042 -0.227991506 -0.013374025 -0.047176421 -0.053426042 0.997367144
1311867227.205749 -0.020665951 0.342403829 -0.224950820 -0.014900822 -0.047308143 -0.052867018 0.997369111
1311867227.237947 -0.020674840 0.344911158 -0.224444687 -0.013976682 -0.047802579 -0.052386850 0.997384191
1311867227.273709 -0.022338875 0.347999245 -0.226929039 -0.012963839 -0.047474749 -0.053689584 0.997344255
1311867227.305822 -0.023441741 0.347400576 -0.226231202 -0.014046342 -0.046983033 -0.053913064 0.997340858
1311867227.337747 -0.023763750 0.350518793 -0.224944606 -0.013697430 -0.047271099 -0.052826159 0.997390211
1311867227.373776 -0.022840261 0.350974172 -0.225006461 -0.013819345 -0.047590192 -0.054008804 0.997310042
1311867227.405700 -0.022290828 0.352100194 -0.225546151 -0.013206826 -0.047268655 -0.054103334 0.997328460
1311867227.437755 -0.025189370 0.355276257 -0.225689471 -0.013565303 -0.047049500 -0.053789053 0.997351050
1311867227.473739 -0.027132235 0.354415417 -0.223304003 -0.013913941 -0.046753068 -0.054496743 0.997321784
1311867227.505780 -0.026858795 0.355483830 -0.226423904 -0.012800809 -0.046573482 -0.054407123 0.997349977
1311867227.537934 -0.026082337 0.355982184 -0.226784378 -0.012418367 -0.046916042 -0.054626510 0.997326791
1311867227.573742 -0.027211029 0.357888997 -0.224962652 -0.011888835 -0.046788737 -0.054148689 0.997365236
1311867227.605850 -0.029620092 0.358541965 -0.225837857 -0.011788468 -0.046359748 -0.053826008 0.997403979
1311867227.637919 -0.026675615 0.358901918 -0.224915415 -0.011662804 -0.047219310 -0.053755168 0.997368932
1311867227.673930 -0.027105814 0.358610421 -0.224058196 -0.011169386 -0.047233220 -0.053669102 0.997378528
1311867227.705960 -0.027218742 0.361630887 -0.225868151 -0.010278392 -0.047419664 -0.053646550 0.997380495
1311867227.737825 -0.028907195 0.358361512 -0.225698411 -0.012506945 -0.046981290 -0.053813122 0.997366786
1311867227.773732 -0.029376917 0.363009661 -0.223662749 -0.011524465 -0.047009632 -0.053690322 0.997383893
1311867227.805861 -0.024349716 0.357897133 -0.223849118 -0.013563255 -0.049045917 -0.054544888 0.997213840
1311867227.837774 -0.029987559 0.363466948 -0.224893674 -0.013872910 -0.047124494 -0.054877058 0.997284055
1311867227.873834 -0.024387641 0.367889673 -0.223042533 -0.014246722 -0.048009094 -0.054777507 0.997242033
1311867227.905791 -0.024978206 0.370891273 -0.221872479 -0.013366064 -0.047608435 -0.054821752 0.997271001
1311867227.937974 -0.023192009 0.371313900 -0.225352153 -0.014194753 -0.047256470 -0.055627722 0.997231603
1311867227.973753 -0.026527693 0.373258948 -0.222479597 -0.014827561 -0.044925708 -0.053620093 0.997440100
1311867228.005723 -0.029992517 0.375507534 -0.224092022 -0.015449083 -0.043752901 -0.053355865 0.997496963
1311867228.037953 -0.023634303 0.374276787 -0.222003371 -0.017756645 -0.044921823 -0.053701278 0.997388124
1311867228.073892 -0.025137573 0.377139777 -0.221661180 -0.019071614 -0.044118680 -0.051497884 0.997515857
1311867228.105804 -0.024029883 0.380218983 -0.221812859 -0.019115059 -0.044985164 -0.051434040 0.997479618
1311867228.137844 -0.027001480 0.382428557 -0.222682491 -0.019454010 -0.043845918 -0.051640894 0.997513115
1311867228.173814 -0.022991745 0.384847105 -0.223039657 -0.019768594 -0.044341028 -0.052172616 0.997457385
1311867228.205739 -0.020081861 0.387878418 -0.221302271 -0.018807130 -0.044902954 -0.051403500 0.997490704
1311867228.237933 -0.021867249 0.386436284 -0.223393977 -0.018982377 -0.044177722 -0.052088749 0.997484207
1311867228.273761 -0.019977869 0.389575422 -0.220030814 -0.018191267 -0.044421088 -0.052517533 0.997465730
1311867228.305921 -0.021600563 0.392866701 -0.221003428 -0.016900547 -0.044233032 -0.052658211 0.997489333
1311867228.337798 -0.022100382 0.391559005 -0.222634584 -0.017244156 -0.043899048 -0.052835178 0.997488856
1311867228.373868 -0.019501794 0.394994140 -0.223245516 -0.017161950 -0.044451799 -0.052317414 0.997493148
1311867228.405817 -0.019219026 0.395672709 -0.222401023 -0.017427953 -0.044611331 -0.051878314 0.997504294
1311867228.437784 -0.022887662 0.394426316 -0.222852260 -0.018276107 -0.043452781 -0.051797207 0.997544467
1311867228.473891 -0.024688333 0.395489067 -0.222631633 -0.018753089 -0.042745233 -0.051942986 0.997558594
1311867228.505808 -0.021827457 0.393753618 -0.223462835 -0.018626487 -0.043404840 -0.052158881 0.997521222
1311867228.537902 -0.020833563 0.396236390 -0.223277405 -0.016961787 -0.043575794 -0.052916143 0.997503579
1311867228.573967 -0.022269076 0.394507468 -0.223766118 -0.016769165 -0.043288101 -0.053190134 0.997504830
1311867228.605785 -0.024454292 0.394429177 -0.224726677 -0.014953197 -0.042909734 -0.052824397 0.997569501
1311867228.638238 -0.021532204 0.390130669 -0.225725815 -0.014689746 -0.043925393 -0.053360052 0.997500658
1311867228.674148 -0.023484671 0.388672024 -0.223812893 -0.012960080 -0.043433823 -0.053513326 0.997537971
1311867228.705963 -0.023625124 0.387365252 -0.226312146 -0.011204090 -0.043652304 -0.053677477 0.997540832
1311867228.738100 -0.025219420 0.382666707 -0.226151958 -0.011912337 -0.043668032 -0.053803094 0.997525215
1311867228.773802 -0.024633490 0.384684175 -0.226299599 -0.010745420 -0.044186104 -0.053657167 0.997523487
1311867228.805984 -0.026671944 0.380684823 -0.228148490 -0.009940785 -0.043940447 -0.053519048 0.997550130
1311867228.838559 -0.023619546 0.378905445 -0.230675995 -0.010955893 -0.044843223 -0.054874193 0.997425675
1311867228.873961 -0.026621861 0.381025285 -0.229706854 -0.010612558 -0.043496843 -0.054770686 0.997494698
1311867228.906015 -0.026810937 0.379665822 -0.230345353 -0.008447904 -0.044064004 -0.053744245 0.997546315
1311867228.937917 -0.027223149 0.374610841 -0.234273776 -0.009395084 -0.043669369 -0.054294333 0.997525394
1311867228.974031 -0.026142476 0.375122786 -0.230068013 -0.009376706 -0.043383837 -0.054659925 0.997518063
1311867229.006218 -0.026849825 0.371232867 -0.230656236 -0.007516591 -0.043460656 -0.053525105 0.997592032
1311867229.037895 -0.027115420 0.369508773 -0.233781248 -0.006776173 -0.044212334 -0.052945014 0.997595251
1311867229.073863 -0.026429217 0.367161214 -0.234338805 -0.007523897 -0.044198934 -0.052022811 0.997638941
1311867229.106048 -0.025129663 0.364158481 -0.232115492 -0.007202957 -0.044989113 -0.051505435 0.997632921
1311867229.138415 -0.026239762 0.365145177 -0.233878747 -0.005219867 -0.045537330 -0.050839655 0.997654557
1311867229.173882 -0.027222203 0.360435188 -0.235096589 -0.006363224 -0.045047443 -0.050178338 0.997703552
1311867229.205881 -0.025418550 0.359986037 -0.232495457 -0.005339155 -0.045832422 -0.048845943 0.997739971
1311867229.237989 -0.024514886 0.357257754 -0.233632669 -0.003664893 -0.047092587 -0.047895528 0.997734904
1311867229.273846 -0.026215544 0.353695929 -0.234943300 -0.003319208 -0.047193214 -0.047932584 0.997729599
1311867229.305876 -0.025874559 0.350987852 -0.235864729 -0.003448488 -0.047176760 -0.048160680 0.997718930
1311867229.338430 -0.026131596 0.347216636 -0.235572025 -0.002764086 -0.047195174 -0.046328459 0.997806966
1311867229.373891 -0.027793132 0.343048453 -0.237478778 -0.002422150 -0.047321372 -0.043899048 0.997911692
1311867229.405824 -0.028543653 0.340947956 -0.238783747 -0.003298905 -0.047231268 -0.042918153 0.997956157
1311867229.438754 -0.027532922 0.340570182 -0.237849295 -0.002649154 -0.047884937 -0.042168260 0.997958899
1311867229.473780 -0.027227242 0.336926013 -0.238766626 -0.001893397 -0.048592634 -0.042059083 0.997931004
1311867229.505914 -0.028517339 0.335133761 -0.239554137 -0.001109996 -0.049107213 -0.042479098 0.997889161
1311867229.538044 -0.026242711 0.332442909 -0.239714727 0.001344143 -0.050033618 -0.043133210 0.997814834
1311867229.573925 -0.029012714 0.328190744 -0.242151901 0.001538369 -0.049875773 -0.043357637 0.997812688
1311867229.605773 -0.027802136 0.327599496 -0.241883442 0.001850333 -0.050621156 -0.043826029 0.997754216
1311867229.637979 -0.026127681 0.326020420 -0.242378816 0.003070133 -0.051587310 -0.044966724 0.997650921
1311867229.673818 -0.027116902 0.324027508 -0.244912326 0.004246912 -0.051802605 -0.045193113 0.997625232
1311867229.705799 -0.029712362 0.321294546 -0.246502057 0.003288921 -0.051782504 -0.045529421 0.997614622
1311867229.737926 -0.029526338 0.319823235 -0.245185792 0.003569633 -0.052138358 -0.046230663 0.997562826
1311867229.773985 -0.029519554 0.317296892 -0.247036681 0.004571241 -0.052724052 -0.046404824 0.997519910
1311867229.805829 -0.030362910 0.315904558 -0.247982964 0.004538661 -0.052508444 -0.046823028 0.997511864
1311867229.837864 -0.029361304 0.314918637 -0.245776817 0.005792192 -0.053096734 -0.047178973 0.997457445
1311867229.874033 -0.032399110 0.311547369 -0.248932347 0.007041480 -0.052804634 -0.047252290 0.997461498
1311867229.905852 -0.032246694 0.308831513 -0.250786573 0.007382466 -0.053202882 -0.048286453 0.997388303
1311867229.938195 -0.031395279 0.306852132 -0.249836564 0.007249980 -0.053303503 -0.048926875 0.997352719
1311867229.973952 -0.032282341 0.304627061 -0.250375837 0.009475876 -0.053215951 -0.049142487 0.997328103
1311867230.005885 -0.029717715 0.301668227 -0.252422482 0.010886207 -0.054274246 -0.049671784 0.997230470
1311867230.037850 -0.030587897 0.300683141 -0.252627879 0.011790274 -0.053852681 -0.049261782 0.997263372
1311867230.074069 -0.032456733 0.297552943 -0.251668602 0.013041849 -0.054177560 -0.048467733 0.997269094
1311867230.105927 -0.032155160 0.294415385 -0.252834350 0.014481085 -0.055273075 -0.048505988 0.997187257
1311867230.138081 -0.031348348 0.290919930 -0.255639404 0.014288237 -0.054995149 -0.049772844 0.997142971
1311867230.173877 -0.032920819 0.291274726 -0.257081032 0.015276950 -0.053766109 -0.048980717 0.997234643
1311867230.206050 -0.033416938 0.288439840 -0.256772310 0.015818132 -0.053957045 -0.049378939 0.997196198
1311867230.238178 -0.034609277 0.286077648 -0.258035183 0.015515747 -0.053223744 -0.049576856 0.997230470
1311867230.274102 -0.032990482 0.284711689 -0.257612079 0.015467968 -0.053574886 -0.048985697 0.997241616
1311867230.305950 -0.035577226 0.282256365 -0.259906858 0.015465621 -0.053842112 -0.048395108 0.997256100
1311867230.337872 -0.034509446 0.279434264 -0.259938896 0.015337504 -0.054268152 -0.047814574 0.997263074
1311867230.374067 -0.035249025 0.278249562 -0.261363268 0.015559618 -0.054080632 -0.047905862 0.997265399
1311867230.406184 -0.035912838 0.276303023 -0.260643840 0.016384432 -0.054273222 -0.047540154 0.997259200
1311867230.437986 -0.035800535 0.274448782 -0.263176054 0.016750509 -0.054884631 -0.047227442 0.997234523
1311867230.474028 -0.037747860 0.273725390 -0.263465226 0.017341074 -0.054665126 -0.046954744 0.997249424
1311867230.506080 -0.037826423 0.271215916 -0.265452117 0.018026074 -0.054699402 -0.046637736 0.997250259
1311867230.537901 -0.036728431 0.270333380 -0.265224308 0.018243764 -0.055590812 -0.046163525 0.997219026
1311867230.574088 -0.039933424 0.270377964 -0.265756220 0.018127201 -0.054897238 -0.046040274 0.997265279
1311867230.605959 -0.039008897 0.268123955 -0.265421569 0.018447023 -0.055346046 -0.046229355 0.997225881
1311867230.638052 -0.037137229 0.265184879 -0.267225862 0.018648179 -0.055808779 -0.045764536 0.997217774
1311867230.674058 -0.037839066 0.264392197 -0.267015100 0.019494534 -0.055972457 -0.046053667 0.997179151
1311867230.705904 -0.037732512 0.262582123 -0.266646504 0.020115109 -0.056471951 -0.045223542 0.997176588
1311867230.737957 -0.040029503 0.262109756 -0.267623603 0.019859232 -0.056416642 -0.043968931 0.997241020
1311867230.774137 -0.043724332 0.261107951 -0.267448455 0.019686433 -0.056328140 -0.043487731 0.997270465
1311867230.805901 -0.038919341 0.259883732 -0.268142253 0.019863522 -0.058145195 -0.043539129 0.997160494
1311867230.838169 -0.040449400 0.259529978 -0.269482434 0.019594939 -0.057859913 -0.042814389 0.997213781
1311867230.874133 -0.041613046 0.261217922 -0.269488007 0.019562868 -0.057509057 -0.042489294 0.997248590
1311867230.905947 -0.042332105 0.256375760 -0.270057082 0.017932536 -0.057322506 -0.042766493 0.997278094
1311867230.938299 -0.041887466 0.257374585 -0.268725753 0.017562179 -0.057525277 -0.042386036 0.997289300
1311867230.973924 -0.042403042 0.257050633 -0.270336956 0.017071305 -0.057403065 -0.042779230 0.997288048
1311867231.006219 -0.042409435 0.255857795 -0.269062370 0.016104273 -0.056907076 -0.043244936 0.997312427
1311867231.038122 -0.043815799 0.256843477 -0.268663049 0.016941566 -0.056081288 -0.043242093 0.997345507
1311867231.074099 -0.043163858 0.253456712 -0.271928310 0.015973821 -0.056616053 -0.043228935 0.997331858
1311867231.105954 -0.043922313 0.251437992 -0.270356357 0.014925114 -0.056298420 -0.043969166 0.997333705
1311867231.138242 -0.044425331 0.252227753 -0.269872785 0.016802112 -0.056266990 -0.043784149 0.997313797
1311867231.174250 -0.045357537 0.248601109 -0.271656275 0.017070118 -0.055939581 -0.044832420 0.997281015
1311867231.205918 -0.043592922 0.245720610 -0.272898883 0.017145306 -0.056160387 -0.044668734 0.997274697
1311867231.238184 -0.049300525 0.244873762 -0.273683429 0.018865561 -0.055036638 -0.044534177 0.997312307
1311867231.274090 -0.048797399 0.241943851 -0.276380718 0.020224115 -0.055123623 -0.044189002 0.997296274
1311867231.306019 -0.047450602 0.242917284 -0.274629384 0.022173030 -0.055538431 -0.045458976 0.997174740
1311867231.338149 -0.053355701 0.242773771 -0.275718659 0.023812491 -0.054539543 -0.044801388 0.997221768
1311867231.374183 -0.050837345 0.240529314 -0.277559698 0.024432348 -0.056008067 -0.044576805 0.997135401
1311867231.405990 -0.048536167 0.236887768 -0.277546763 0.023796435 -0.056804959 -0.043137133 0.997169077
1311867231.438072 -0.049865108 0.236454010 -0.277037859 0.024120256 -0.057042390 -0.042898089 0.997158051
1311867231.474140 -0.050558675 0.234611750 -0.277399153 0.023659538 -0.057467114 -0.042536613 0.997160256
1311867231.505980 -0.053896528 0.237641782 -0.277305096 0.023709878 -0.057294756 -0.042224094 0.997182190
1311867231.538096 -0.053065173 0.233710214 -0.276542634 0.021531522 -0.057727959 -0.041051239 0.997255623
1311867231.574153 -0.052638847 0.231219143 -0.277018934 0.021710401 -0.057913180 -0.040859327 0.997248888
1311867231.605955 -0.055048462 0.229597241 -0.276468575 0.020558197 -0.057255320 -0.040482800 0.997326612
1311867231.638125 -0.054443192 0.231217489 -0.275652856 0.020865126 -0.057110451 -0.041471619 0.997287929
1311867231.674142 -0.056005664 0.230203226 -0.276716232 0.021168228 -0.057431679 -0.040904522 0.997286499
1311867231.705921 -0.052948073 0.227912903 -0.280485868 0.020200374 -0.058871567 -0.040395513 0.997243345
1311867231.738011 -0.050763812 0.227199167 -0.279526293 0.019365199 -0.058811542 -0.040189911 0.997271776
1311867231.774173 -0.051742405 0.224609971 -0.279427201 0.019887308 -0.057946626 -0.040627774 0.997294366
1311867231.805931 -0.052796818 0.222911283 -0.282635063 0.020100007 -0.057341900 -0.039999813 0.997350514
1311867231.838039 -0.048272740 0.223138466 -0.281983078 0.019998740 -0.058567982 -0.039902296 0.997285128
1311867231.873920 -0.048918325 0.219845355 -0.282014102 0.020190712 -0.058749299 -0.039724894 0.997277737
1311867231.905983 -0.051895171 0.218298033 -0.283279985 0.020836366 -0.057704914 -0.040081933 0.997311115
1311867231.938028 -0.051508963 0.215985492 -0.282948226 0.020885535 -0.057998214 -0.039860114 0.997301996
1311867231.974086 -0.050905515 0.214787841 -0.283709913 0.021316823 -0.058871675 -0.039977551 0.997236967
1311867232.006124 -0.051467445 0.213203192 -0.284803569 0.022315644 -0.058942053 -0.040361617 0.997195482
1311867232.038052 -0.051462818 0.211899787 -0.286154717 0.022502853 -0.059039854 -0.040548630 0.997177899
1311867232.074075 -0.050965555 0.210691199 -0.285719961 0.022653995 -0.059280738 -0.041076500 0.997138619
1311867232.106162 -0.053116065 0.207205325 -0.286049604 0.022867423 -0.059448481 -0.040524110 0.997146308
1311867232.138161 -0.053114343 0.208684802 -0.287423611 0.022958957 -0.059933927 -0.041043736 0.997093916
1311867232.173947 -0.051760200 0.205486864 -0.287024170 0.021790905 -0.060143765 -0.040978562 0.997110188
1311867232.206061 -0.054550812 0.203489006 -0.289418876 0.022920050 -0.059807524 -0.040726315 0.997115433
1311867232.241970 -0.055612113 0.200890541 -0.289498091 0.022520917 -0.060570259 -0.040938683 0.997069776
1311867232.273986 -0.054090392 0.198762089 -0.289086998 0.022906298 -0.061144527 -0.041234735 0.997013748
1311867232.305979 -0.053850651 0.199031308 -0.291138083 0.024597706 -0.061622880 -0.040146466 0.996988475
1311867232.342085 -0.053922616 0.199621126 -0.290689260 0.024862504 -0.061922673 -0.040892381 0.996932924
1311867232.374074 -0.055376310 0.197748125 -0.290050983 0.024607645 -0.061230123 -0.040248137 0.997008264
1311867232.405964 -0.056408867 0.194959730 -0.291269690 0.025140479 -0.062148497 -0.039991129 0.996948481
1311867232.442125 -0.051333956 0.195090115 -0.291910291 0.025201412 -0.063699476 -0.040967427 0.996809423
1311867232.473958 -0.053207867 0.192084387 -0.291198224 0.024374157 -0.062763825 -0.041198310 0.996879816
1311867232.505952 -0.054395072 0.191634595 -0.292997867 0.024570821 -0.062820524 -0.040812485 0.996887326
1311867232.542122 -0.053242918 0.191704080 -0.293266803 0.023700571 -0.063628405 -0.040690172 0.996862113
1311867232.573937 -0.051143035 0.190617964 -0.292348653 0.022866840 -0.063688479 -0.041039396 0.996863425
1311867232.606133 -0.050765779 0.189646363 -0.292406827 0.023730496 -0.063672356 -0.040827714 0.996852994
1311867232.642128 -0.052494232 0.188487977 -0.293022454 0.023160152 -0.063469738 -0.040720433 0.996883690
1311867232.674004 -0.050696053 0.185814247 -0.292641312 0.021646705 -0.063993134 -0.040679228 0.996885955
1311867232.706009 -0.051496569 0.182990789 -0.291818202 0.022370702 -0.063947298 -0.040223874 0.996891379
1311867232.742111 -0.053772543 0.182012752 -0.293722659 0.022700161 -0.064127296 -0.040247492 0.996871412
1311867232.774049 -0.049842160 0.181215629 -0.293086737 0.022185856 -0.065298550 -0.039995868 0.996817052
1311867232.805985 -0.051610861 0.174785286 -0.292906880 0.022055382 -0.065491989 -0.040301606 0.996794999
1311867232.842129 -0.048895754 0.174190462 -0.294406056 0.023905091 -0.067245744 -0.040142816 0.996641994
1311867232.874052 -0.050270908 0.171761349 -0.295525193 0.024067121 -0.067027472 -0.040268492 0.996647716
1311867232.906135 -0.050887160 0.168460712 -0.294374138 0.025126358 -0.067572199 -0.039721444 0.996606708
1311867232.942097 -0.049682058 0.168719023 -0.294706553 0.027470348 -0.068070628 -0.040200099 0.996491730
1311867232.974275 -0.050626818 0.166894779 -0.296006829 0.027815981 -0.067910753 -0.039962560 0.996502638
1311867233.006058 -0.051805504 0.165542692 -0.295976281 0.027956413 -0.067559905 -0.040656522 0.996494472
1311867233.042232 -0.050706413 0.165301606 -0.297162294 0.028901013 -0.067968510 -0.040261988 0.996455789
1311867233.074204 -0.052249350 0.164234594 -0.297228932 0.027797855 -0.067959905 -0.040375505 0.996483147
1311867233.108859 -0.049149524 0.160796776 -0.295469314 0.026456777 -0.069018625 -0.040556621 0.996439517
1311867233.142135 -0.049894508 0.159632772 -0.296112418 0.027337806 -0.069294199 -0.040312383 0.996406496
1311867233.174057 -0.048469942 0.157903746 -0.297924310 0.027120534 -0.069568187 -0.040800586 0.996373534
1311867233.206774 -0.049717832 0.156008139 -0.296468616 0.026385192 -0.068852216 -0.040515322 0.996454537
1311867233.242253 -0.049839109 0.153419137 -0.295963943 0.026914187 -0.068952024 -0.040825211 0.996420860
1311867233.274216 -0.048469208 0.153966561 -0.296337634 0.028186841 -0.069998883 -0.040960673 0.996307194
1311867233.306062 -0.048712935 0.150742456 -0.295933694 0.027246216 -0.069587037 -0.041592319 0.996336043
1311867233.342453 -0.050446667 0.146297365 -0.296161830 0.027444297 -0.069161952 -0.041319117 0.996371508
1311867233.374066 -0.050487537 0.146533862 -0.296772152 0.029229319 -0.069743365 -0.041580975 0.996269286
1311867233.406026 -0.050383888 0.145468548 -0.297321618 0.029301850 -0.069837995 -0.041799262 0.996251464
1311867233.442194 -0.047352582 0.140409783 -0.296823144 0.029786112 -0.070737913 -0.042004969 0.996164978
1311867233.474076 -0.047662858 0.139890119 -0.298231304 0.031578615 -0.070891269 -0.041667163 0.996113002
1311867233.506601 -0.048437234 0.139586657 -0.298150480 0.032190476 -0.070883550 -0.041169360 0.996114731
1311867233.542082 -0.047714327 0.134481609 -0.298063874 0.031666711 -0.070773214 -0.040934935 0.996149004
1311867233.574217 -0.050193422 0.134638920 -0.297605604 0.032898661 -0.070172578 -0.040958166 0.996150613
1311867233.606173 -0.048457474 0.134096831 -0.298061222 0.033264913 -0.070921272 -0.040328339 0.996111095
1311867233.642267 -0.050040081 0.131901920 -0.298607260 0.033259891 -0.070777252 -0.040403102 0.996118486
1311867233.674202 -0.052246429 0.132474780 -0.299240291 0.033990905 -0.070731975 -0.040472608 0.996094227
1311867233.706461 -0.050139699 0.132170856 -0.298909962 0.033995513 -0.071481422 -0.041390549 0.996002793
1311867233.742420 -0.050979558 0.128843039 -0.299097002 0.032865379 -0.071238533 -0.041859165 0.996038616
1311867233.774073 -0.051049259 0.128583044 -0.299273968 0.033813071 -0.071685776 -0.041949678 0.995970905
1311867233.806227 -0.049347103 0.127855629 -0.299666256 0.033656716 -0.072007716 -0.042536352 0.995928109
1311867233.842183 -0.050153345 0.122060202 -0.297981590 0.033223871 -0.071160026 -0.043392181 0.995966613
1311867233.874229 -0.053255290 0.125924110 -0.299126208 0.034925099 -0.071099386 -0.043811526 0.995894432
1311867233.906084 -0.052416828 0.125506401 -0.299011827 0.035025317 -0.071483925 -0.044606712 0.995828092
1311867233.942192 -0.052901294 0.122439325 -0.299119353 0.034708787 -0.071678832 -0.044914100 0.995811343
1311867233.974249 -0.052368030 0.120434284 -0.299010396 0.035347272 -0.072139524 -0.045606628 0.995724142
1311867234.006205 -0.055196129 0.121470913 -0.298749924 0.035656516 -0.071347438 -0.046504635 0.995728612
1311867234.042205 -0.055543598 0.116195731 -0.300071090 0.034396563 -0.071298376 -0.046672273 0.995768666
1311867234.074349 -0.056910604 0.115927078 -0.298553646 0.035743449 -0.071592554 -0.046695448 0.995698988
1311867234.106175 -0.056013312 0.115167625 -0.299135476 0.036646560 -0.072082728 -0.046598144 0.995635390
1311867234.142473 -0.055176094 0.113689050 -0.299197853 0.037222363 -0.071200676 -0.047921732 0.995614648
1311867234.174383 -0.057083320 0.107201092 -0.296550035 0.038422067 -0.070593365 -0.048138268 0.995601892
1311867234.206312 -0.055748306 0.104933977 -0.296885908 0.039688211 -0.071627520 -0.048770566 0.995447516
1311867234.242292 -0.060114995 0.107598707 -0.298418581 0.040200807 -0.070570454 -0.049626224 0.995460212
1311867234.274294 -0.060389720 0.105539903 -0.300341249 0.040561609 -0.071157783 -0.050063767 0.995381892
1311867234.306469 -0.058400765 0.106716894 -0.299307525 0.041591935 -0.071967937 -0.050483305 0.995259821
1311867234.342355 -0.059905857 0.104315847 -0.299799025 0.041022856 -0.071782328 -0.051162675 0.995262206
1311867234.374159 -0.061636262 0.101473518 -0.296226829 0.040800326 -0.071533814 -0.052068364 0.995242298
1311867234.406260 -0.062342010 0.100132264 -0.295794815 0.042480294 -0.072229959 -0.051808961 0.995135188
1311867234.442238 -0.061899636 0.100653879 -0.295459479 0.041880645 -0.072228946 -0.052364025 0.995131671
1311867234.474248 -0.065151170 0.097957321 -0.295054317 0.040795326 -0.071607649 -0.051859718 0.995248079
1311867234.506308 -0.066710323 0.097392313 -0.295089185 0.042084735 -0.072455302 -0.051354099 0.995159209
1311867234.542293 -0.064500526 0.095081612 -0.297074944 0.040465165 -0.073963411 -0.051278386 0.995119333
1311867234.574192 -0.063536204 0.092631586 -0.297134161 0.039299466 -0.074244112 -0.051086236 0.995155096
1311867234.606098 -0.062914096 0.090089656 -0.296278000 0.038979288 -0.075175084 -0.050150830 0.995145321
1311867234.642267 -0.064244524 0.090922654 -0.295917034 0.039611127 -0.075662076 -0.049061060 0.995137811
1311867234.674096 -0.063411638 0.091078699 -0.293493390 0.038775463 -0.076351479 -0.047860447 0.995176554
1311867234.706095 -0.063492484 0.088013589 -0.292873979 0.037591089 -0.076509394 -0.046260465 0.995285511
1311867234.742287 -0.062136587 0.089275777 -0.293002367 0.038215887 -0.077127822 -0.044769216 0.995282173
1311867234.774140 -0.059966806 0.092158549 -0.292846143 0.038356204 -0.077685550 -0.042961862 0.995313048
1311867234.806072 -0.060549263 0.090583690 -0.290512204 0.037471935 -0.077872388 -0.041513499 0.995393574
1311867234.842326 -0.063434467 0.090831093 -0.289559036 0.037744503 -0.077544704 -0.040647302 0.995444655
1311867234.874157 -0.059420392 0.091884367 -0.288291603 0.036890090 -0.077442102 -0.039546121 0.995529056
1311867234.906187 -0.061111353 0.090344734 -0.287534565 0.036041755 -0.076792039 -0.039154038 0.995625973
1311867234.942270 -0.060526732 0.088448077 -0.287557125 0.036156327 -0.076826327 -0.038839977 0.995631397
1311867234.974155 -0.059801381 0.088523202 -0.286197066 0.036540657 -0.076105610 -0.038586713 0.995682597
1311867235.006175 -0.058738127 0.086044356 -0.286199421 0.036653377 -0.075866014 -0.039017502 0.995679975
1311867235.042326 -0.059678368 0.085665427 -0.285618693 0.038044989 -0.075359374 -0.038977336 0.995667815
1311867235.074182 -0.060374182 0.086170800 -0.285786808 0.039412394 -0.074766062 -0.038977474 0.995659351
1311867235.106252 -0.060082421 0.082792394 -0.286088228 0.039495986 -0.074353069 -0.039501850 0.995666325
1311867235.142245 -0.063070565 0.083699368 -0.285901040 0.040655609 -0.073634036 -0.039267834 0.995682299
1311867235.174301 -0.063054100 0.083849937 -0.285845488 0.039736595 -0.074107036 -0.039426524 0.995678067
1311867235.206197 -0.063243628 0.080838680 -0.286359459 0.039810322 -0.074581496 -0.040205009 0.995608509
1311867235.242257 -0.064802013 0.081741601 -0.286716849 0.040359829 -0.074062124 -0.041290499 0.995580733
1311867235.274183 -0.064478137 0.080712035 -0.285123229 0.039867725 -0.073682584 -0.042101707 0.995594740
1311867235.306202 -0.067841411 0.079459742 -0.285246104 0.039854098 -0.073410653 -0.042262353 0.995608568
1311867235.342289 -0.067530394 0.079524606 -0.286612689 0.040287085 -0.073159032 -0.042688027 0.995591521
1311867235.374391 -0.066197671 0.079692900 -0.284466863 0.040703576 -0.073022582 -0.043131545 0.995565534
1311867235.406214 -0.069165006 0.078823902 -0.281859487 0.040908214 -0.072339810 -0.043731280 0.995580733
1311867235.442222 -0.067910902 0.079923794 -0.283322603 0.041152045 -0.072736286 -0.043604404 0.995547414
1311867235.474167 -0.069145612 0.080691591 -0.281709820 0.040182821 -0.072098657 -0.043649450 0.995631397
1311867235.506159 -0.069696575 0.079431795 -0.279586136 0.039629631 -0.071763851 -0.043230318 0.995696068
1311867235.542321 -0.068550237 0.080668941 -0.280153990 0.039963879 -0.071937636 -0.042844214 0.995686829
1311867235.574193 -0.068214379 0.080912434 -0.279747754 0.039373349 -0.071606472 -0.041867115 0.995775819
1311867235.606195 -0.070365787 0.077451102 -0.279414564 0.039208036 -0.070734449 -0.041856062 0.995845139
1311867235.642444 -0.070254691 0.078765042 -0.280651182 0.041028213 -0.070542194 -0.042198870 0.995770991
1311867235.674238 -0.069142915 0.078484863 -0.279092610 0.040945515 -0.070052981 -0.042224772 0.995807827
1311867235.706367 -0.070136935 0.076311648 -0.277126104 0.041452572 -0.069677308 -0.041584689 0.995840132
1311867235.742311 -0.068075947 0.078673318 -0.276834220 0.042064764 -0.070170864 -0.041028447 0.995802820
1311867235.774339 -0.068761937 0.076019123 -0.277531177 0.041082140 -0.068721451 -0.042387262 0.995888054
1311867235.806313 -0.070363224 0.073975615 -0.276926219 0.041800182 -0.067162104 -0.042361319 0.995965660
1311867235.842280 -0.071953833 0.076197878 -0.275744021 0.042297095 -0.066447511 -0.042668451 0.995979488
1311867235.874209 -0.071026608 0.076612428 -0.275289387 0.041253466 -0.066572651 -0.042734459 0.996012092
1311867235.906374 -0.072006822 0.075637735 -0.273135990 0.041470703 -0.066537358 -0.042722333 0.996005952
1311867235.942343 -0.070942186 0.077537827 -0.273913622 0.041696597 -0.066331394 -0.042535279 0.996018291
1311867235.974196 -0.071502037 0.076589733 -0.271024257 0.041057024 -0.065970160 -0.043036699 0.996047318
1311867236.006374 -0.073091879 0.074217625 -0.273200393 0.041332785 -0.065769091 -0.042996436 0.996050894
1311867236.042378 -0.073939227 0.075151056 -0.272201717 0.041652068 -0.065700516 -0.043374680 0.996025741
1311867236.074226 -0.076319560 0.075625487 -0.269537270 0.041341275 -0.065535963 -0.043757867 0.996032774
1311867236.106358 -0.074295163 0.074259460 -0.269040972 0.041319430 -0.066642851 -0.043934088 0.995952427
1311867236.142358 -0.075465865 0.074794911 -0.267472684 0.041227229 -0.066317707 -0.044660922 0.995945632
1311867236.174242 -0.077887654 0.073963381 -0.266685247 0.040914394 -0.065552607 -0.044932485 0.995997012
1311867236.206222 -0.077097140 0.074740857 -0.264818490 0.041213609 -0.066076674 -0.045063648 0.995944142
1311867236.242343 -0.079151377 0.074744105 -0.263340443 0.041290186 -0.066185214 -0.045725081 0.995903552
1311867236.274266 -0.082540654 0.074826978 -0.261645913 0.040854614 -0.065775774 -0.046134021 0.995929837
1311867236.306429 -0.081133090 0.074760184 -0.261612862 0.040538572 -0.066663265 -0.046824809 0.995851457
1311867236.342291 -0.080234639 0.073304527 -0.260234743 0.039938610 -0.066670448 -0.047401302 0.995848000
1311867236.374298 -0.081898339 0.072662480 -0.258206725 0.040294703 -0.066115215 -0.047629904 0.995859683
1311867236.406251 -0.081375115 0.071777374 -0.256426424 0.039971378 -0.066803053 -0.047851384 0.995816171
1311867236.442391 -0.082040519 0.072215199 -0.254625231 0.039500881 -0.065979414 -0.048208561 0.995872676
1311867236.474385 -0.082188837 0.072379366 -0.253645748 0.039339680 -0.065249056 -0.048099078 0.995932460
1311867236.506314 -0.082464583 0.074252546 -0.251439124 0.039262038 -0.065157004 -0.047922615 0.995950043
1311867236.542354 -0.083927520 0.072332054 -0.249797240 0.037692312 -0.064751193 -0.047763471 0.996044874
1311867236.574217 -0.082647093 0.072509594 -0.247219920 0.037091617 -0.064491473 -0.047676176 0.996088445
1311867236.606288 -0.084281899 0.071045533 -0.244464442 0.036849987 -0.063437246 -0.047766574 0.996160746
1311867236.642388 -0.083002955 0.072021231 -0.243913054 0.037023623 -0.063174143 -0.048002701 0.996159673
1311867236.674478 -0.084221482 0.071998432 -0.239599943 0.035741590 -0.062237110 -0.047453351 0.996291816
1311867236.706587 -0.082775868 0.072551705 -0.237113833 0.035023525 -0.062855646 -0.047315445 0.996284962
1311867236.742471 -0.082891323 0.071200319 -0.234551594 0.034020700 -0.062725954 -0.047428746 0.996322513
1311867236.774407 -0.080472559 0.072394617 -0.231470168 0.033976901 -0.062359087 -0.047334418 0.996351600
1311867236.806389 -0.083647087 0.070694596 -0.231321052 0.032941476 -0.061438337 -0.047834437 0.996419668
1311867236.842397 -0.081431657 0.072755568 -0.227706507 0.032981046 -0.062362414 -0.047602542 0.996371984
1311867236.874475 -0.080979176 0.071066573 -0.224895597 0.032184884 -0.062303051 -0.047446422 0.996409237
1311867236.906286 -0.081537358 0.070331194 -0.222331271 0.032063592 -0.061996352 -0.048190895 0.996396542
1311867236.942486 -0.082034990 0.069273561 -0.220832601 0.032379646 -0.061928179 -0.048961926 0.996353030
1311867236.974310 -0.085228719 0.070623361 -0.217125982 0.032013178 -0.060991779 -0.049381070 0.996401906
1311867237.006457 -0.086047262 0.069975823 -0.214932472 0.030423084 -0.061358728 -0.048511673 0.996471882
1311867237.042352 -0.086340092 0.070087902 -0.213426352 0.030269884 -0.062065795 -0.047641125 0.996474743
1311867237.074287 -0.086797312 0.072076261 -0.210632026 0.028958909 -0.062049270 -0.047427271 0.996524930
1311867237.106376 -0.088188894 0.069458127 -0.207423255 0.026336309 -0.062525786 -0.046815995 0.996596813
1311867237.142401 -0.089133412 0.070295021 -0.206119463 0.026344957 -0.063635878 -0.046855524 0.996524453
1311867237.174337 -0.088801280 0.071594022 -0.203982949 0.025905266 -0.063955449 -0.047814932 0.996469975
1311867237.206351 -0.091432728 0.068363801 -0.200754881 0.024333814 -0.063449398 -0.047811240 0.996542096
1311867237.242389 -0.092063658 0.067506798 -0.200584844 0.025259502 -0.063747980 -0.048608147 0.996461451
1311867237.274485 -0.093470633 0.070245571 -0.199290082 0.026581192 -0.063166775 -0.049287204 0.996430755
1311867237.306833 -0.093124926 0.068985939 -0.196603328 0.025499836 -0.063240632 -0.050005034 0.996418536
1311867237.342478 -0.093593925 0.068603478 -0.195112437 0.025778260 -0.063396879 -0.050440863 0.996379495
1311867237.374428 -0.094810471 0.068344586 -0.192677349 0.025130702 -0.063439034 -0.050803512 0.996374905
1311867237.406529 -0.095306851 0.069379143 -0.191281363 0.024087310 -0.063296556 -0.050863143 0.996406674
1311867237.442502 -0.094340019 0.066356182 -0.187889978 0.023470286 -0.063468643 -0.051113404 0.996397674
1311867237.474434 -0.095753245 0.068160370 -0.186660826 0.023818847 -0.062702514 -0.051882662 0.996398151
1311867237.506364 -0.097964503 0.066893607 -0.184823811 0.021924390 -0.062502623 -0.051569346 0.996470451
1311867237.542505 -0.096492842 0.065361604 -0.180435538 0.022239206 -0.062989086 -0.052099343 0.996405303
1311867237.574303 -0.095966861 0.066110991 -0.180346087 0.022391565 -0.062651835 -0.052385993 0.996408165
1311867237.606410 -0.097127706 0.066564396 -0.177091464 0.021358769 -0.061972901 -0.052839484 0.996449351
1311867237.642379 -0.096015938 0.063750230 -0.174736932 0.021062229 -0.062459551 -0.052957095 0.996419013
1311867237.674412 -0.098259412 0.064667456 -0.172233433 0.021262128 -0.061844163 -0.053531088 0.996422410
1311867237.706366 -0.097057931 0.064738877 -0.170037657 0.021046611 -0.061395343 -0.053832136 0.996438563
1311867237.742584 -0.097731709 0.062085547 -0.167329118 0.020522278 -0.060670599 -0.054317113 0.996467590
1311867237.774590 -0.098847061 0.064462699 -0.164909810 0.021223573 -0.060714610 -0.054602627 0.996434629
1311867237.806458 -0.100313731 0.065693364 -0.162119061 0.020211648 -0.060736537 -0.054582659 0.996455371
1311867237.842501 -0.101445623 0.063528121 -0.158820242 0.018745236 -0.061152149 -0.054869764 0.996442914
1311867237.874551 -0.100840434 0.064765096 -0.156171352 0.018366748 -0.061422881 -0.055157073 0.996417403
1311867237.906433 -0.100068904 0.064453617 -0.153566301 0.016492205 -0.061537541 -0.054879531 0.996458471
1311867237.942660 -0.101023182 0.063950606 -0.149868473 0.015913976 -0.061264858 -0.055025153 0.996476650
1311867237.974431 -0.101303019 0.062353104 -0.147418559 0.015755037 -0.061590724 -0.055601161 0.996427059
1311867238.006500 -0.101741858 0.062716506 -0.143142179 0.015277752 -0.061813705 -0.054965463 0.996455967
1311867238.042572 -0.100285277 0.062241204 -0.139480785 0.014145001 -0.061460782 -0.055824693 0.996446729
1311867238.074515 -0.103163727 0.057310998 -0.138240457 0.013596539 -0.060588535 -0.056300767 0.996481061
1311867238.106429 -0.101320885 0.058524616 -0.136910006 0.015523218 -0.060869280 -0.056574848 0.996420205
1311867238.142402 -0.098559082 0.061706685 -0.131771699 0.015708139 -0.060619291 -0.056764640 0.996421814
1311867238.174577 -0.101563781 0.060401276 -0.128053814 0.014482065 -0.059781905 -0.055777304 0.996546686
1311867238.206467 -0.100492261 0.061239615 -0.126143664 0.014861220 -0.061209802 -0.054164626 0.996543467
1311867238.242454 -0.097261816 0.063147180 -0.123298451 0.013711838 -0.061509959 -0.053511962 0.996576667
1311867238.274552 -0.096198678 0.059228864 -0.119081609 0.012128096 -0.060335424 -0.052754994 0.996709347
1311867238.306377 -0.097204886 0.056904111 -0.117344216 0.012816585 -0.058607709 -0.053477187 0.996765316
1311867238.342532 -0.096806958 0.058547020 -0.114050590 0.012985242 -0.058302790 -0.052629653 0.996826112
1311867238.374439 -0.094948359 0.056328192 -0.111857936 0.012479766 -0.058685277 -0.052701186 0.996806383
1311867238.406474 -0.094858781 0.054166779 -0.108419210 0.012891150 -0.058476705 -0.052845191 0.996805787
1311867238.442421 -0.093210690 0.054064773 -0.106596753 0.013377946 -0.057780776 -0.053799670 0.996788919
1311867238.474426 -0.094607070 0.052171517 -0.103578985 0.012294586 -0.057184994 -0.053305712 0.996863723
1311867238.506473 -0.092724957 0.050886065 -0.099673092 0.012726374 -0.058570843 -0.053394604 0.996773064
1311867238.542703 -0.090603337 0.050482709 -0.098063946 0.012771903 -0.058335651 -0.053629629 0.996773660
1311867238.574615 -0.093132116 0.049859133 -0.095181517 0.012209677 -0.057080381 -0.054325435 0.996815681
1311867238.606413 -0.093062505 0.049056992 -0.092234679 0.012113637 -0.057985157 -0.053430438 0.996812999
1311867238.642378 -0.093213663 0.049202792 -0.088445686 0.012112832 -0.059097681 -0.052762631 0.996783316
1311867238.674405 -0.089678183 0.047843259 -0.084956333 0.010984150 -0.059743557 -0.053403936 0.996723711
1311867238.706486 -0.090301752 0.047294278 -0.081349880 0.010545359 -0.058781072 -0.053192466 0.996797025
1311867238.742522 -0.091251858 0.047077816 -0.077936016 0.009980789 -0.059256982 -0.052979257 0.996785998
1311867238.774397 -0.090001099 0.047080200 -0.073866770 0.008724046 -0.060720999 -0.052515998 0.996734142
1311867238.806422 -0.087478511 0.046240371 -0.069876589 0.007544208 -0.061551481 -0.052619718 0.996687353
1311867238.842541 -0.088186622 0.046501581 -0.066277318 0.007506903 -0.060847048 -0.053270631 0.996696353
1311867238.874418 -0.088405736 0.047474332 -0.062238880 0.006764541 -0.061041582 -0.053184859 0.996694386
1311867238.906451 -0.087421998 0.045196678 -0.059490930 0.004810887 -0.061287146 -0.052941926 0.996703565
1311867238.942510 -0.089153029 0.042681612 -0.053466685 0.004611960 -0.061945215 -0.053300358 0.996644676
1311867238.974527 -0.086875565 0.044041902 -0.051144611 0.006734590 -0.062688753 -0.053437535 0.996578813
1311867239.006405 -0.087811574 0.044709940 -0.048225131 0.006754980 -0.061977196 -0.054022711 0.996591568
1311867239.042587 -0.088534757 0.041051105 -0.042542648 0.005993858 -0.062316529 -0.053257372 0.996616483
1311867239.074592 -0.086513124 0.040463556 -0.037903052 0.007064022 -0.064064845 -0.051924370 0.996568978
1311867239.106416 -0.086642452 0.041767392 -0.035681568 0.007293227 -0.064276010 -0.051854171 0.996557355
1311867239.143039 -0.084919721 0.039841268 -0.031346802 0.006423849 -0.064847194 -0.051756695 0.996531427
1311867239.174559 -0.083525449 0.038186867 -0.026753178 0.006365690 -0.064707369 -0.052092969 0.996523321
1311867239.206507 -0.083704807 0.038816877 -0.023213709 0.006412708 -0.063863769 -0.052142814 0.996574879
1311867239.242615 -0.085596941 0.036226183 -0.018849283 0.005429494 -0.063665405 -0.051893465 0.996606410
1311867239.274466 -0.081747800 0.033713363 -0.015100981 0.006021883 -0.064744860 -0.052023970 0.996526659
1311867239.306409 -0.082441650 0.035170369 -0.010489422 0.007469810 -0.063629001 -0.051332459 0.996624649
1311867239.342486 -0.081159875 0.033296850 -0.007327698 0.006965863 -0.063504890 -0.051587623 0.996623039
1311867239.374562 -0.079899453 0.030776577 -0.002686810 0.007304428 -0.063587733 -0.051512975 0.996619105
1311867239.406592 -0.079627320 0.028391397 0.000738964 0.008056268 -0.063438475 -0.051400043 0.996628642
1311867239.442634 -0.079013854 0.025052037 0.002876202 0.008240688 -0.062371541 -0.052366592 0.996644199
1311867239.474517 -0.076699585 0.022769969 0.007823179 0.007350121 -0.063557737 -0.051274735 0.996633053
1311867239.506556 -0.076551691 0.020655692 0.011261597 0.008160087 -0.063089333 -0.051458787 0.996647000
1311867239.542637 -0.077504203 0.019656803 0.013144184 0.009260105 -0.060941964 -0.052130345 0.996736109
1311867239.574603 -0.077865869 0.017527113 0.015775787 0.007815017 -0.060811210 -0.051753514 0.996776104
1311867239.606412 -0.077439107 0.014464821 0.019003933 0.007849772 -0.060488965 -0.051836617 0.996791124
1311867239.642581 -0.072355077 0.012899225 0.023161402 0.008930836 -0.060687426 -0.051277220 0.996798873
1311867239.674585 -0.072798453 0.013720144 0.025688959 0.008572203 -0.059265189 -0.050951887 0.996904254
1311867239.706420 -0.072397895 0.013087703 0.030207038 0.007241075 -0.059610162 -0.050665006 0.996908903
1311867239.742532 -0.070819825 0.012239958 0.032571629 0.005898780 -0.060307331 -0.050489400 0.996884704
1311867239.774489 -0.068495646 0.015497784 0.038054280 0.006329336 -0.061552275 -0.049853079 0.996837974
1311867239.806512 -0.069951542 0.013809757 0.039547652 0.003508056 -0.060829710 -0.050584659 0.996859431
1311867239.842582 -0.071709082 0.014076347 0.044810429 0.002386832 -0.062756389 -0.050289758 0.996758223
1311867239.874576 -0.068540402 0.013885936 0.046864934 0.001828114 -0.063213639 -0.051314320 0.996678293
1311867239.906569 -0.071079843 0.011678908 0.051421594 0.001120905 -0.061980207 -0.051869880 0.996728003
1311867239.942408 -0.070341729 0.013241434 0.056835022 -0.000038316 -0.063880265 -0.050795268 0.996664047
1311867239.976213 -0.069910690 0.014960319 0.060168348 -0.000111953 -0.064921729 -0.050215747 0.996626079
1311867240.006746 -0.071892552 0.011722215 0.061292790 -0.001859641 -0.063997455 -0.051327165 0.996627569
1311867240.042506 -0.071671218 0.010644258 0.066451862 -0.001805692 -0.064690486 -0.051654521 0.996565998
1311867240.074598 -0.073341623 0.011371137 0.069039576 -0.002479265 -0.064340375 -0.051582489 0.996590912
1311867240.106559 -0.069971666 0.009348548 0.072951570 -0.003402815 -0.065395847 -0.051005013 0.996549249
1311867240.142844 -0.069827758 0.012455571 0.075731516 -0.002719095 -0.064196229 -0.050408222 0.996659636
1311867240.174466 -0.071341500 0.010374148 0.079632156 -0.004020182 -0.063957751 -0.049830608 0.996699691
1311867240.206552 -0.068694741 0.008635023 0.082502596 -0.004504887 -0.065060370 -0.050068829 0.996614277
1311867240.242433 -0.067091219 0.010455719 0.087761901 -0.004216377 -0.064587168 -0.049693085 0.996665120
1311867240.274677 -0.066964589 0.008365678 0.091120452 -0.005388262 -0.064112671 -0.049878407 0.996680856
1311867240.306544 -0.068123132 0.008173782 0.093843639 -0.005318933 -0.064207360 -0.050425950 0.996647596
1311867240.342481 -0.067006171 0.005632723 0.097062990 -0.005587840 -0.065272324 -0.050695777 0.996563256
1311867240.374466 -0.067220792 0.006668877 0.100421734 -0.005175816 -0.065842047 -0.051209703 0.996501684
1311867240.406662 -0.067398056 0.004078057 0.103369310 -0.005813617 -0.066277012 -0.052164644 0.996419847
1311867240.442598 -0.067465112 0.002844806 0.105789378 -0.005195634 -0.067153998 -0.052912623 0.996325076
1311867240.474536 -0.068193145 0.001325257 0.107045397 -0.005123063 -0.068010345 -0.054464750 0.996183753
1311867240.506469 -0.067317307 -0.001103200 0.109844394 -0.005530488 -0.069475397 -0.055454236 0.996025801
1311867240.542590 -0.065457672 -0.002750052 0.112525299 -0.005297121 -0.070777074 -0.056836978 0.995857477
1311867240.574511 -0.068764016 -0.000833266 0.115027033 -0.005149752 -0.070778899 -0.057709459 0.995807946
1311867240.606557 -0.066876903 -0.004893437 0.116866879 -0.006181146 -0.072920613 -0.058536176 0.995599270
1311867240.642795 -0.066311881 -0.005167004 0.118741378 -0.005342106 -0.072899729 -0.059876967 0.995525956
1311867240.674613 -0.067007251 -0.006653548 0.119513415 -0.005345396 -0.073923782 -0.059728567 0.995459318
1311867240.706562 -0.067065589 -0.007161961 0.121158332 -0.005426453 -0.074980684 -0.060536146 0.995331049
1311867240.742631 -0.067878276 -0.004899510 0.122913606 -0.005293669 -0.075416371 -0.060193263 0.995319605
1311867240.774678 -0.069565937 -0.005148517 0.124603599 -0.006470379 -0.076179810 -0.060318008 0.995247006
1311867240.806605 -0.069566682 -0.003247107 0.127158985 -0.006579787 -0.077372670 -0.059704199 0.995191276
1311867240.842940 -0.069516934 -0.003124194 0.128999680 -0.008076178 -0.078507200 -0.058539167 0.995160639
1311867240.874843 -0.069430590 -0.004335262 0.131256759 -0.009488036 -0.079465918 -0.058892604 0.995051205
1311867240.906548 -0.071743749 -0.002259136 0.133614838 -0.010083951 -0.078821026 -0.059184216 0.995079279
1311867240.942559 -0.073599413 0.000190743 0.135833830 -0.010891539 -0.078517921 -0.059793659 0.995058358
1311867240.974622 -0.072786689 -0.001002288 0.139971823 -0.012505234 -0.078930266 -0.060420707 0.994968891
1311867241.006716 -0.074580833 0.000268982 0.142705813 -0.012359884 -0.078279376 -0.060912900 0.994992077
1311867241.042623 -0.075534314 0.003546260 0.144543320 -0.012740119 -0.078449167 -0.061411794 0.994943202
1311867241.074792 -0.075484365 0.001113777 0.152073935 -0.015798746 -0.078348763 -0.061968639 0.994872749
1311867241.106779 -0.076094069 -0.000916418 0.154338151 -0.016255129 -0.078116104 -0.062651120 0.994840980
1311867241.142854 -0.077855773 0.001352424 0.158015624 -0.015088091 -0.077844530 -0.062222820 0.994907558
1311867241.174730 -0.077877313 -0.000542411 0.160708383 -0.015227985 -0.077209495 -0.062213529 0.994955480
1311867241.206721 -0.080153242 0.000292328 0.163909763 -0.013457328 -0.074607499 -0.061836693 0.995202899
1311867241.242631 -0.082360364 0.004053710 0.166874975 -0.012557838 -0.073485211 -0.060535494 0.995378256
1311867241.275069 -0.080804713 0.001434934 0.170222044 -0.013208045 -0.073354602 -0.059558529 0.995438337
1311867241.310769 -0.085202076 0.003536130 0.171408907 -0.011634731 -0.071305841 -0.059686985 0.995599091
1311867241.342582 -0.085761689 0.002058585 0.174112529 -0.012257579 -0.071845762 -0.060392261 0.995510280
1311867241.374677 -0.087049365 0.001153220 0.174717709 -0.012048352 -0.071965963 -0.062290091 0.995387256
1311867241.410635 -0.088074863 0.002062643 0.178562224 -0.010091623 -0.071992218 -0.063370101 0.995338917
1311867241.442620 -0.089651704 0.003004574 0.179998934 -0.009687552 -0.071989164 -0.064012133 0.995302081
1311867241.474896 -0.093580246 0.004389969 0.181323990 -0.009775006 -0.071725883 -0.064018600 0.995319784
1311867241.510751 -0.093802042 0.001938352 0.183072045 -0.010738092 -0.072865896 -0.063350908 0.995269835
1311867241.542602 -0.095346428 0.003033450 0.184932932 -0.010782084 -0.073285550 -0.062513083 0.995291471
1311867241.574823 -0.093470730 0.001424059 0.188256979 -0.011887266 -0.075566590 -0.062225714 0.995126307
1311867241.610604 -0.096046314 0.001612245 0.189951167 -0.011167703 -0.075326942 -0.061810199 0.995178699
1311867241.642627 -0.096361540 0.005755129 0.189524710 -0.010611142 -0.075006239 -0.061636485 0.995219827
1311867241.674668 -0.097162500 0.003430578 0.190422103 -0.012837488 -0.074918404 -0.060787052 0.995252430
1311867241.710757 -0.098468885 0.004165886 0.191925019 -0.013001557 -0.075024903 -0.060260948 0.995274305
1311867241.742749 -0.100342497 0.005958241 0.192334756 -0.013428112 -0.074560814 -0.060336087 0.995298982
1311867241.774620 -0.097655475 0.003278783 0.194598794 -0.015064976 -0.075877577 -0.060374379 0.995173693
1311867241.810714 -0.098790213 0.002985218 0.196096659 -0.015018506 -0.075477682 -0.060873348 0.995174348
1311867241.842840 -0.099237107 0.003424503 0.197361946 -0.014856245 -0.075850047 -0.060708813 0.995158613
1311867241.874966 -0.102248900 0.003540878 0.199160472 -0.015056903 -0.074587695 -0.061567359 0.995198250
1311867241.910597 -0.102345824 0.004025077 0.201989517 -0.014874402 -0.074649930 -0.061621096 0.995193005
1311867241.942934 -0.103387445 0.004718690 0.202107057 -0.015566324 -0.074249551 -0.062372178 0.995165527
1311867241.974655 -0.107012361 0.004971270 0.204611570 -0.016978571 -0.073364921 -0.062349025 0.995209515
1311867242.010806 -0.105962530 0.004717140 0.207297444 -0.017043011 -0.073756345 -0.062564373 0.995165944
1311867242.042670 -0.106565326 0.007064782 0.209894255 -0.017335050 -0.073161729 -0.062506869 0.995208442
1311867242.074787 -0.107242264 0.006038402 0.212780818 -0.019627592 -0.073548205 -0.062371697 0.995145857
1311867242.110732 -0.108974911 0.006658128 0.213827997 -0.019972531 -0.073569104 -0.061982483 0.995161772
1311867242.142880 -0.107439540 0.008541840 0.216845259 -0.020642215 -0.073922150 -0.061573740 0.995147288
1311867242.174884 -0.108981021 0.006242456 0.217718869 -0.021809865 -0.073016830 -0.061830577 0.995173275
1311867242.210643 -0.109306864 0.007516025 0.219365671 -0.020959618 -0.072942317 -0.061334874 0.995227754
1311867242.242719 -0.111465774 0.009213446 0.221287891 -0.021330087 -0.072202064 -0.061390858 0.995270431
1311867242.275028 -0.109562710 0.007674139 0.224263102 -0.021956693 -0.072660878 -0.060607467 0.995271385
1311867242.310756 -0.112124182 0.008084572 0.226676747 -0.021764204 -0.071085878 -0.060901158 0.995371401
1311867242.342625 -0.113993153 0.008500312 0.227924138 -0.022006372 -0.070407569 -0.060617428 0.995431602
1311867242.374628 -0.113752440 0.007420769 0.230329454 -0.022085194 -0.070576221 -0.060576692 0.995420396
1311867242.410601 -0.112346835 0.007400508 0.232587606 -0.022180891 -0.070564300 -0.060311243 0.995435238
1311867242.442670 -0.119504556 0.007934324 0.233556151 -0.022385221 -0.067525066 -0.060759611 0.995614231
1311867242.474794 -0.113284603 0.005885821 0.235185489 -0.021967106 -0.068621360 -0.060325179 0.995574951
1311867242.510745 -0.112518944 0.006125172 0.236983821 -0.021659207 -0.068288669 -0.060088743 0.995618880
1311867242.542677 -0.116686285 0.006161277 0.239067361 -0.020821806 -0.066176832 -0.060231492 0.995770752
1311867242.574755 -0.118027605 0.003923195 0.240560338 -0.020660937 -0.064699449 -0.060423993 0.995859444
1311867242.610840 -0.114062637 0.004170346 0.241827056 -0.019948959 -0.064902253 -0.061190952 0.995813966
1311867242.642862 -0.115211129 0.001534314 0.243074208 -0.020211721 -0.062660828 -0.062334191 0.995881319
1311867242.674755 -0.116842896 0.002683644 0.245600015 -0.019053277 -0.060865279 -0.062214870 0.996022999
1311867242.710770 -0.116412967 0.004492007 0.247640163 -0.019296531 -0.060432591 -0.061840694 0.996068001
1311867242.742836 -0.118715078 0.001824006 0.249500901 -0.020808099 -0.058217607 -0.062458731 0.996130884
1311867242.774742 -0.118702568 0.001707758 0.251445532 -0.020251008 -0.057170387 -0.061203886 0.996280909
1311867242.810922 -0.119509980 0.004188361 0.254851401 -0.020243416 -0.056683239 -0.060128525 0.996374309
1311867242.842725 -0.118316442 0.001490067 0.258179963 -0.022026436 -0.057028115 -0.059530701 0.996352732
1311867242.874716 -0.118732281 0.001634127 0.259849489 -0.021849155 -0.055299107 -0.059388015 0.996462643
1311867242.910777 -0.117099397 0.003149762 0.262918115 -0.022005795 -0.055104874 -0.058681607 0.996511757
1311867242.942636 -0.117703378 0.002154295 0.266285300 -0.023180246 -0.054319620 -0.057739194 0.996583283
1311867242.974656 -0.117576413 0.002234994 0.268262446 -0.023758996 -0.054829519 -0.056533020 0.996610940
1311867243.010665 -0.119152434 0.002064494 0.269138455 -0.024149161 -0.054167561 -0.056693304 0.996628642
1311867243.042682 -0.117490798 0.000513267 0.272181004 -0.025478434 -0.054215111 -0.055978611 0.996633351
1311867243.074944 -0.119208284 0.001321308 0.274337500 -0.025740875 -0.053391084 -0.056105796 0.996663988
1311867243.110760 -0.119599216 -0.000182383 0.276903540 -0.027216429 -0.053332433 -0.055686906 0.996651351
1311867243.142942 -0.122575901 -0.001413161 0.279057711 -0.027843630 -0.051828809 -0.056127302 0.996688724
1311867243.174792 -0.121172972 -0.001382525 0.281046659 -0.028265307 -0.052383367 -0.055577185 0.996678591
1311867243.210671 -0.125117242 -0.000837564 0.283778250 -0.028904205 -0.050890554 -0.055808127 0.996724725
1311867243.242923 -0.126320109 -0.002829399 0.285228968 -0.029413264 -0.050726660 -0.055437755 0.996738851
1311867243.274872 -0.127073050 -0.003555341 0.287349641 -0.029465651 -0.050370231 -0.055702481 0.996740639
1311867243.310909 -0.125826523 -0.005177386 0.290556639 -0.030007867 -0.050757140 -0.055168793 0.996734500
1311867243.342681 -0.129616454 -0.004479310 0.291737437 -0.029711284 -0.049239464 -0.055233099 0.996815979
1311867243.375787 -0.128468454 -0.004671284 0.295101523 -0.030100878 -0.050167624 -0.054505270 0.996798038
1311867243.412082 -0.128683835 -0.004452703 0.297427326 -0.029936489 -0.049699925 -0.054345362 0.996835232
1311867243.442886 -0.131318301 -0.003296669 0.297995269 -0.029880349 -0.048537955 -0.053327344 0.996949077
1311867243.474884 -0.131794274 -0.003199482 0.301509500 -0.031289563 -0.048653547 -0.052434731 0.996947587
1311867243.510986 -0.130995676 -0.003934645 0.304118156 -0.031924617 -0.048955098 -0.052250616 0.996922314
1311867243.543026 -0.131394178 -0.004335299 0.304186463 -0.032865766 -0.048282593 -0.051580846 0.996959448
1311867243.574697 -0.133739948 -0.006066261 0.306718528 -0.034008302 -0.047038950 -0.051715791 0.996973634
1311867243.610776 -0.130170628 -0.006453604 0.310013354 -0.033721872 -0.048176248 -0.051482607 0.996941090
1311867243.642685 -0.130489632 -0.005037729 0.310422659 -0.033934087 -0.047494117 -0.050992895 0.996991813
1311867243.674867 -0.133386374 -0.006607637 0.312086791 -0.034839679 -0.046161406 -0.051154871 0.997014821
1311867243.710902 -0.133953840 -0.007445090 0.314089268 -0.034968972 -0.045630105 -0.050558414 0.997065246
1311867243.742761 -0.131081060 -0.005413432 0.316516966 -0.034998324 -0.045780167 -0.050205406 0.997075081
1311867243.774837 -0.132256612 -0.006490001 0.319626778 -0.035863008 -0.044316243 -0.049485430 0.997146547
1311867243.810755 -0.129072517 -0.006644294 0.320876509 -0.036117017 -0.045150287 -0.048396889 0.997153401
1311867243.842825 -0.131003171 -0.008377344 0.320908219 -0.037962511 -0.043865930 -0.048840810 0.997120500
1311867243.874795 -0.132289812 -0.009467968 0.323710114 -0.038762875 -0.042969175 -0.048813440 0.997130096
1311867243.911010 -0.131617144 -0.010269023 0.324496120 -0.039038334 -0.042499911 -0.049303290 0.997115314
1311867243.942765 -0.130023852 -0.009992694 0.327476174 -0.039527096 -0.042264707 -0.048982911 0.997121930
1311867243.974939 -0.130713433 -0.010749601 0.329005659 -0.039519057 -0.041977827 -0.049223885 0.997122467
1311867244.010938 -0.129765481 -0.010011215 0.331345588 -0.039272811 -0.041781712 -0.049207438 0.997141242
1311867244.042874 -0.132067636 -0.012386036 0.333603352 -0.040664997 -0.040727414 -0.048883736 0.997144997
1311867244.074729 -0.132016450 -0.012514054 0.336156636 -0.040599905 -0.040593158 -0.049388807 0.997128248
1311867244.110737 -0.129488364 -0.011282437 0.338673234 -0.040425114 -0.041339651 -0.049275938 0.997110188
1311867244.142752 -0.129710555 -0.013659950 0.340296179 -0.041616898 -0.041507710 -0.048923209 0.997071624
1311867244.174960 -0.131082490 -0.013803283 0.343169838 -0.041565649 -0.040837254 -0.049466509 0.997074604
1311867244.210998 -0.130136892 -0.012852523 0.346081614 -0.042002823 -0.041221347 -0.049564429 0.997035623
1311867244.242837 -0.130771190 -0.014831324 0.346845388 -0.043230239 -0.041050553 -0.049993169 0.996968806
1311867244.274849 -0.129181832 -0.014570510 0.349527270 -0.042861737 -0.041500304 -0.050501540 0.996940494
1311867244.311019 -0.127517596 -0.011765429 0.353494108 -0.042850651 -0.042470194 -0.050309848 0.996909797
1311867244.342945 -0.128380850 -0.014678610 0.355761915 -0.044750068 -0.042391609 -0.050820906 0.996803761
1311867244.374807 -0.127482384 -0.013483860 0.358610302 -0.044197280 -0.043123037 -0.051068578 0.996784389
1311867244.410917 -0.127362698 -0.013360849 0.361410767 -0.045185834 -0.043771002 -0.050519548 0.996739805
1311867244.442939 -0.127971187 -0.014653979 0.364011645 -0.045519192 -0.044685844 -0.050043616 0.996708035
1311867244.474845 -0.124997646 -0.011358515 0.366349310 -0.043934111 -0.046135910 -0.049946580 0.996717989
1311867244.510909 -0.123358265 -0.010761678 0.368977576 -0.044234768 -0.045394611 -0.049025837 0.996784389
1311867244.543087 -0.125067294 -0.011061343 0.373019785 -0.044708200 -0.043462344 -0.048485886 0.996875763
1311867244.574880 -0.120917916 -0.009713601 0.375181228 -0.044585783 -0.044607092 -0.047970422 0.996855676
1311867244.610794 -0.120440893 -0.008486032 0.377905637 -0.045793954 -0.044007014 -0.048018735 0.996825278
1311867244.642828 -0.120623790 -0.009487245 0.380555898 -0.046852529 -0.042582754 -0.047701772 0.996853173
1311867244.674838 -0.117910825 -0.009326410 0.383843958 -0.047041263 -0.042513732 -0.047226306 0.996869862
1311867244.710970 -0.118488662 -0.010114850 0.387542725 -0.047391154 -0.041803554 -0.046681166 0.996908963
1311867244.742796 -0.116320178 -0.009895006 0.389782280 -0.047423188 -0.042228244 -0.046453480 0.996900141
1311867244.774974 -0.116196446 -0.007435687 0.393474549 -0.047481533 -0.041322935 -0.046599712 0.996928513
1311867244.810910 -0.116656490 -0.010112442 0.397080690 -0.048877329 -0.040969267 -0.046240598 0.996892393
1311867244.842820 -0.115880631 -0.009048880 0.399325460 -0.048430081 -0.040281817 -0.046302166 0.996939361
1311867244.874902 -0.114156269 -0.008581315 0.402231723 -0.049167179 -0.040260762 -0.046746943 0.996883392
1311867244.910805 -0.113202348 -0.009431312 0.405670226 -0.049751144 -0.039522253 -0.047483873 0.996849120
1311867244.942839 -0.113284849 -0.008119239 0.407184720 -0.050028618 -0.039265938 -0.047124702 0.996862471
1311867244.974988 -0.114270091 -0.007004641 0.410666317 -0.051059421 -0.038687367 -0.046693064 0.996853113
1311867245.010872 -0.113326199 -0.008292669 0.413203269 -0.051633507 -0.038440827 -0.046649978 0.996835053
1311867245.042993 -0.115262121 -0.008369990 0.415757686 -0.052459963 -0.036844544 -0.045893870 0.996887326
1311867245.074920 -0.116303593 -0.008435316 0.417509466 -0.053470507 -0.036341414 -0.045493037 0.996870399
1311867245.111116 -0.115924396 -0.009080144 0.420705587 -0.053766482 -0.036266416 -0.045445364 0.996859431
1311867245.142920 -0.115131192 -0.008418350 0.422687829 -0.053591330 -0.036032155 -0.045415234 0.996878743
1311867245.174913 -0.117362931 -0.009334300 0.425917804 -0.054932810 -0.034727748 -0.044940751 0.996873498
1311867245.210898 -0.120406590 -0.009242897 0.429033846 -0.054619461 -0.034003813 -0.044689339 0.996926963
1311867245.242901 -0.116764784 -0.008708396 0.431668967 -0.054555602 -0.035169132 -0.044661187 0.996891320
1311867245.275567 -0.119021147 -0.009615531 0.434607595 -0.055228509 -0.033594940 -0.044937920 0.996896088
1311867245.312009 -0.121431418 -0.009672604 0.437272787 -0.054928608 -0.033351839 -0.045157127 0.996910930
1311867245.343010 -0.120776676 -0.011581553 0.440140873 -0.055032864 -0.033871919 -0.046328340 0.996833861
1311867245.374937 -0.121332653 -0.008754519 0.443682462 -0.053943444 -0.033858176 -0.046121072 0.996903539
1311867245.412235 -0.122567482 -0.010493288 0.446922302 -0.054962281 -0.033504866 -0.046805698 0.996827841
1311867245.442883 -0.123967811 -0.009488114 0.450861424 -0.054646257 -0.032740775 -0.047300365 0.996847332
1311867245.475145 -0.123976804 -0.007368285 0.453126907 -0.055343691 -0.033028133 -0.047375772 0.996795774
1311867245.510882 -0.125493079 -0.009077628 0.456943244 -0.056953788 -0.032993443 -0.047195610 0.996714771
1311867245.542961 -0.124335647 -0.006891046 0.459809721 -0.057040513 -0.032875989 -0.046826236 0.996731162
1311867245.574941 -0.128148735 -0.007531458 0.463652909 -0.059510283 -0.031299669 -0.046894528 0.996634245
1311867245.610913 -0.127016127 -0.010091265 0.467683256 -0.059870891 -0.032382701 -0.047691002 0.996540248
1311867245.642819 -0.125471368 -0.008442854 0.470051974 -0.059029512 -0.032630641 -0.048145682 0.996560514
1311867245.675175 -0.127861440 -0.010428944 0.472470760 -0.060483072 -0.031157626 -0.049095470 0.996474087
1311867245.710917 -0.130750090 -0.009857466 0.475759864 -0.059504181 -0.030378997 -0.048952073 0.996564209
1311867245.742982 -0.131458595 -0.009347717 0.478733003 -0.059961244 -0.031136874 -0.048573893 0.996531844
1311867245.775252 -0.131712392 -0.011175139 0.481157780 -0.061129175 -0.031093771 -0.048999727 0.996441424
1311867245.811035 -0.132678270 -0.010611653 0.481767654 -0.060280442 -0.030459512 -0.049118567 0.996506810
1311867245.842823 -0.132738128 -0.009858006 0.483731955 -0.060170807 -0.030468281 -0.048984703 0.996519804
1311867245.875777 -0.135245547 -0.011222297 0.486223847 -0.060949992 -0.030228503 -0.049805690 0.996439040
1311867245.911075 -0.135916144 -0.011129475 0.488268137 -0.060594063 -0.030147541 -0.050021525 0.996452391
1311867245.942887 -0.136566147 -0.010149520 0.490762174 -0.060788129 -0.030193105 -0.050440311 0.996418059
1311867245.975135 -0.136648580 -0.009723488 0.493301272 -0.061019979 -0.030770730 -0.051396307 0.996337414
1311867246.011242 -0.139025405 -0.009860286 0.497276783 -0.062052291 -0.030261090 -0.052368537 0.996238649
1311867246.042923 -0.139471471 -0.009600637 0.501207173 -0.063007936 -0.030654617 -0.053244095 0.996120155
1311867246.075233 -0.141478106 -0.008120135 0.503872931 -0.063723139 -0.030300397 -0.054580610 0.996013165
1311867246.110925 -0.142765030 -0.006913716 0.507814229 -0.065242730 -0.030066174 -0.055343188 0.995879829
1311867246.143089 -0.145873979 -0.006511333 0.510314584 -0.065878384 -0.029237550 -0.055934977 0.995829523
1311867246.174981 -0.145148441 -0.003849478 0.512788534 -0.066314518 -0.029535044 -0.056855824 0.995739639
1311867246.210964 -0.145115435 -0.003069843 0.515024841 -0.067788295 -0.029075840 -0.058095843 0.995582402
1311867246.242940 -0.146597132 -0.002394865 0.518454134 -0.069375403 -0.028078746 -0.058425117 0.995482445
1311867246.275065 -0.149479136 0.001167437 0.520205617 -0.069695681 -0.026873033 -0.058517516 0.995487869
1311867246.310872 -0.149700731 0.001620232 0.524006486 -0.071463645 -0.026443578 -0.058865737 0.995353520
1311867246.342932 -0.147595197 0.000336499 0.528425097 -0.073165752 -0.027491525 -0.058981422 0.995194554
1311867246.375297 -0.149676964 0.003147727 0.530146122 -0.072898947 -0.026026888 -0.059706807 0.995210290
1311867246.410931 -0.148627073 0.003935174 0.533129632 -0.073401630 -0.025649745 -0.059721544 0.995182276
1311867246.443077 -0.148968086 0.002959617 0.536754906 -0.075221986 -0.025605736 -0.059397947 0.995066822
1311867246.475133 -0.151857436 0.005062480 0.535200059 -0.074671060 -0.024239479 -0.059931863 0.995110512
1311867246.510968 -0.151557446 0.005795280 0.537349701 -0.075874798 -0.024197020 -0.059516080 0.995045483
1311867246.543113 -0.154112995 0.006424621 0.539753675 -0.076401442 -0.023218693 -0.059229001 0.995045543
1311867246.575204 -0.152940199 0.005310991 0.541806400 -0.076692499 -0.024032740 -0.059137996 0.995009303
1311867246.611125 -0.151618659 0.005784651 0.542741299 -0.076460660 -0.024098994 -0.059099734 0.995027721
1311867246.643187 -0.155214518 0.005588296 0.544473767 -0.076859787 -0.022636281 -0.058691341 0.995055556
1311867246.675169 -0.155056462 0.004394541 0.546921968 -0.076764390 -0.023223193 -0.058268193 0.995074272
1311867246.711056 -0.154943898 0.005288119 0.547929406 -0.076111577 -0.023281174 -0.058083430 0.995133877
1311867246.743305 -0.155650377 0.003658735 0.549021006 -0.076360799 -0.023313642 -0.058588985 0.995084345
1311867246.774986 -0.155288100 0.004143075 0.549567521 -0.075657636 -0.023474112 -0.058343984 0.995148659
1311867246.811193 -0.154756173 0.003130962 0.551100135 -0.076099761 -0.023589307 -0.058213089 0.995119929
1311867246.843092 -0.156893462 0.002930525 0.551469088 -0.075436257 -0.022471961 -0.058395896 0.995185614
1311867246.875078 -0.156293049 0.003066825 0.552029490 -0.075168923 -0.023000227 -0.058419894 0.995192349
1311867246.911155 -0.156746686 0.001704379 0.553479910 -0.075598896 -0.022622909 -0.058599208 0.995157838
1311867246.943061 -0.156840861 0.001029207 0.553640187 -0.074956097 -0.022505214 -0.059313953 0.995166838
1311867246.975124 -0.156599328 0.000258966 0.553994834 -0.075219736 -0.022371477 -0.059563391 0.995135009
1311867247.010909 -0.157985210 0.002175399 0.555269182 -0.074058287 -0.021188537 -0.059866987 0.995229840
1311867247.044073 -0.156994492 0.001801995 0.555651486 -0.073983081 -0.021400861 -0.060231552 0.995208919
1311867247.075192 -0.158232436 0.002052396 0.555465162 -0.074387826 -0.020287497 -0.060567338 0.995181680
1311867247.111215 -0.158399746 0.001526863 0.556694925 -0.074794978 -0.020211216 -0.060706131 0.995144248
1311867247.143044 -0.158390597 0.001111673 0.556820154 -0.075392738 -0.019677343 -0.059657168 0.995173275
1311867247.175163 -0.158399284 0.001356526 0.557897449 -0.075911403 -0.019612120 -0.057586908 0.995257139
1311867247.211319 -0.161615446 -0.001768988 0.558365524 -0.076515995 -0.019764133 -0.056327373 0.995279849
1311867247.243728 -0.160579354 -0.001491871 0.557291627 -0.074583851 -0.020559259 -0.056889888 0.995378435
1311867247.277719 -0.160552993 -0.001271936 0.556890488 -0.074226163 -0.021013372 -0.057722893 0.995347738
1311867247.310969 -0.163613528 -0.004669933 0.555845857 -0.074838616 -0.020817053 -0.058450561 0.995263517
1311867247.343205 -0.161554158 -0.002208991 0.554938555 -0.072854817 -0.023349531 -0.057999764 0.995380878
1311867247.375307 -0.162522748 -0.004634517 0.554149389 -0.074158721 -0.024315493 -0.058274563 0.995245397
1311867247.411675 -0.163441911 -0.006283779 0.551937163 -0.073350221 -0.024982758 -0.058762040 0.995260119
1311867247.444093 -0.163304612 -0.005844914 0.549062490 -0.072040275 -0.025646849 -0.058989760 0.995325446
1311867247.475103 -0.162576362 -0.008205738 0.548525035 -0.072349906 -0.026451329 -0.059507888 0.995251060
1311867247.511045 -0.162558138 -0.011054798 0.546351075 -0.071295209 -0.026495721 -0.059920646 0.995301247
1311867247.543085 -0.161809221 -0.010637149 0.543239713 -0.070102356 -0.026834751 -0.059756581 0.995386779
1311867247.575121 -0.161701828 -0.013290370 0.540659845 -0.070098497 -0.026583949 -0.060674969 0.995338202
1311867247.611460 -0.160229862 -0.014102684 0.537272036 -0.068349339 -0.026974780 -0.060837731 0.995439351
1311867247.643111 -0.159404963 -0.015069380 0.534294069 -0.067811936 -0.027370535 -0.060826112 0.995466053
1311867247.675076 -0.161266685 -0.017923566 0.529822111 -0.067165263 -0.026634134 -0.060779516 0.995532751
1311867247.711237 -0.158751935 -0.020468658 0.525038600 -0.065410592 -0.027024379 -0.060838092 0.995635450
1311867247.743122 -0.155617550 -0.018928090 0.521411002 -0.062940516 -0.026431214 -0.061253641 0.995785117
1311867247.775041 -0.154629827 -0.021655941 0.517058194 -0.063163683 -0.024948139 -0.061658375 0.995784283
1311867247.811163 -0.153397292 -0.022387354 0.513104022 -0.062303293 -0.024083938 -0.061828211 0.995849192
1311867247.843889 -0.153613016 -0.021194091 0.509254694 -0.061693564 -0.022987181 -0.061635476 0.995925009
1311867247.875244 -0.151206151 -0.022783743 0.507217824 -0.062695473 -0.023951758 -0.061882958 0.995824337
1311867247.911329 -0.150235623 -0.024457233 0.504395604 -0.062226057 -0.024155000 -0.062395174 0.995816946
1311867247.943062 -0.149351180 -0.023072235 0.501242697 -0.061151542 -0.023865273 -0.062554747 0.995880485
1311867247.976983 -0.147616029 -0.024422249 0.498040497 -0.062139485 -0.024106644 -0.063246690 0.995769799
1311867248.010991 -0.148332506 -0.026334103 0.494751960 -0.060714014 -0.023966258 -0.063621975 0.995837152
1311867248.043197 -0.146023437 -0.025848672 0.490927011 -0.059328757 -0.024735404 -0.063328922 0.995920539
1311867248.075142 -0.144127056 -0.026121952 0.488096386 -0.059055764 -0.025524240 -0.063568637 0.995901644
1311867248.112183 -0.144036204 -0.028089056 0.485207707 -0.058476731 -0.025960110 -0.062805772 0.995972931
1311867248.143172 -0.142742619 -0.027843555 0.481536537 -0.057336308 -0.026342621 -0.062409539 0.996054113
1311867248.175750 -0.143652633 -0.028692005 0.477415770 -0.056674071 -0.025359837 -0.062951036 0.996083438
1311867248.211186 -0.142290965 -0.027905948 0.474446505 -0.055501584 -0.026065886 -0.062643826 0.996150553
1311867248.243143 -0.140230507 -0.027869381 0.471276671 -0.054891925 -0.026598524 -0.062548473 0.996176243
1311867248.275529 -0.140834972 -0.027108466 0.468505383 -0.054145448 -0.026396032 -0.062412601 0.996231019
1311867248.311223 -0.138840124 -0.028711814 0.464159578 -0.053802501 -0.027077271 -0.062259536 0.996240914
1311867248.343459 -0.138610661 -0.027414370 0.459745854 -0.053187232 -0.026586786 -0.061809052 0.996315181
1311867248.375222 -0.138145551 -0.025725441 0.457650602 -0.053705674 -0.026394052 -0.061281029 0.996325076
1311867248.411556 -0.134981871 -0.025077026 0.454505026 -0.054146290 -0.027169872 -0.061046343 0.996294796
1311867248.443137 -0.134213060 -0.023239734 0.452173740 -0.053613130 -0.027156860 -0.061263490 0.996310711
1311867248.475923 -0.135806680 -0.023038175 0.448888689 -0.054010354 -0.025784295 -0.061653361 0.996301651
1311867248.511151 -0.134345919 -0.022009585 0.446104079 -0.054375112 -0.025764858 -0.061399247 0.996298015
1311867248.543189 -0.134430081 -0.022708779 0.443776339 -0.054832678 -0.025813032 -0.060663771 0.996316731
1311867248.575187 -0.131986767 -0.022856114 0.439733624 -0.055067379 -0.026801487 -0.060320701 0.996298492
1311867248.611439 -0.131708205 -0.022430766 0.436561435 -0.055336058 -0.026638212 -0.060179397 0.996296585
1311867248.643245 -0.132571459 -0.022167470 0.432982296 -0.054977797 -0.026858574 -0.060307276 0.996302783
1311867248.675309 -0.130208626 -0.019855544 0.429784775 -0.054071862 -0.027908863 -0.060488768 0.996312439
1311867248.711283 -0.126614675 -0.019634003 0.427624553 -0.054991025 -0.029645240 -0.060162187 0.996231794
1311867248.743299 -0.128813952 -0.020670841 0.422509670 -0.055653799 -0.029026860 -0.059254929 0.996267557
1311867248.776222 -0.128136963 -0.018543441 0.418747246 -0.054721054 -0.029198641 -0.058870494 0.996336997
1311867248.811190 -0.128595144 -0.018474035 0.416261166 -0.055658028 -0.029659580 -0.058430471 0.996297359
1311867248.843319 -0.127023399 -0.019546134 0.412465513 -0.055347614 -0.030649198 -0.058027297 0.996308267
1311867248.875531 -0.125260398 -0.018771360 0.408140004 -0.054034308 -0.030402441 -0.057708126 0.996406436
1311867248.911170 -0.123843096 -0.017452670 0.403819770 -0.053946011 -0.030145299 -0.058046572 0.996399343
1311867248.943097 -0.123867810 -0.019847287 0.401089817 -0.054458190 -0.030239826 -0.058564093 0.996338427
1311867248.976589 -0.121310405 -0.019260099 0.397358119 -0.052678753 -0.031103758 -0.058374658 0.996418536
1311867249.011260 -0.118618302 -0.016945617 0.392752945 -0.051756978 -0.030768918 -0.059136622 0.996432304
1311867249.043231 -0.116166800 -0.018798873 0.389775723 -0.052624892 -0.029486625 -0.059571084 0.996399760
1311867249.079906 -0.115979828 -0.017464668 0.386423141 -0.051491100 -0.029146392 -0.058782369 0.996515870
1311867249.112055 -0.113208681 -0.016539810 0.380992264 -0.051809084 -0.029329939 -0.058079470 0.996535242
1311867249.143598 -0.110169284 -0.016496468 0.378463656 -0.052471511 -0.028800551 -0.057825953 0.996530712
1311867249.178513 -0.107704394 -0.019213451 0.374766618 -0.051946096 -0.028161688 -0.058149073 0.996557713
1311867249.211358 -0.104801826 -0.016077174 0.369740367 -0.050402459 -0.027897086 -0.057801966 0.996664643
1311867249.243278 -0.102972284 -0.018972643 0.365871876 -0.052109368 -0.027484531 -0.058037724 0.996574581
1311867249.277340 -0.103967540 -0.019530753 0.362180173 -0.049926475 -0.025739685 -0.059351724 0.996655524
1311867249.311292 -0.100945979 -0.016438439 0.358378410 -0.048314802 -0.025935167 -0.059355989 0.996729612
1311867249.343725 -0.099077426 -0.016154991 0.354932219 -0.049121570 -0.026279716 -0.058982488 0.996703327
1311867249.376845 -0.097940400 -0.019208198 0.351184607 -0.048846904 -0.026950346 -0.058949325 0.996700883
1311867249.411217 -0.094387427 -0.017843155 0.346759737 -0.047362611 -0.026883544 -0.059162349 0.996761739
1311867249.443221 -0.095217496 -0.016777853 0.343927443 -0.047541033 -0.025956929 -0.059465863 0.996759713
1311867249.476410 -0.095529929 -0.020293927 0.339524716 -0.048158202 -0.025985509 -0.059753630 0.996712148
1311867249.511134 -0.093889348 -0.018067827 0.336288989 -0.045923248 -0.026869837 -0.059510536 0.996808767
1311867249.543230 -0.090414546 -0.017822009 0.331397682 -0.046335623 -0.027523233 -0.059811138 0.996753871
1311867249.575910 -0.093341507 -0.018497881 0.326817185 -0.046739269 -0.025632447 -0.060287524 0.996756673
1311867249.611223 -0.091411158 -0.019486900 0.327118814 -0.046111565 -0.027338753 -0.059377115 0.996795237
1311867249.643378 -0.090202995 -0.017415471 0.323710531 -0.046495568 -0.028572723 -0.058967270 0.996767104
1311867249.675103 -0.088505164 -0.019741230 0.320267618 -0.047946371 -0.029171217 -0.059060264 0.996675551
1311867249.711139 -0.087190688 -0.019796791 0.316020399 -0.046776507 -0.029140802 -0.058829479 0.996745646
1311867249.743247 -0.088182449 -0.015130445 0.309723556 -0.045458384 -0.028556477 -0.058966167 0.996815503
1311867249.775158 -0.088070236 -0.015776232 0.308412760 -0.047473785 -0.029491445 -0.059046131 0.996689558
1311867249.811149 -0.085223585 -0.016287545 0.304875135 -0.047645889 -0.030597307 -0.059643675 0.996612430
1311867249.843325 -0.083386309 -0.012399158 0.302075684 -0.047337167 -0.030990032 -0.059583638 0.996618629
1311867249.878395 -0.082787782 -0.012191819 0.299375296 -0.048596218 -0.030971374 -0.059641182 0.996555150
1311867249.911240 -0.083374642 -0.011981463 0.296054661 -0.048844542 -0.030981377 -0.059561130 0.996547520
1311867249.943277 -0.082262978 -0.011401139 0.292880714 -0.048234615 -0.031451914 -0.058808971 0.996607125
1311867249.975170 -0.083494052 -0.010984912 0.288801193 -0.048178535 -0.031138793 -0.059039682 0.996606052
1311867250.011711 -0.081442155 -0.009728853 0.284934670 -0.047656555 -0.031818870 -0.058385834 0.996648192
1311867250.043427 -0.082140997 -0.007563135 0.286892265 -0.046339158 -0.032766458 -0.057930503 0.996706128
1311867250.076673 -0.080288827 -0.007955690 0.283689439 -0.045435768 -0.033556562 -0.057881214 0.996724308
1311867250.111610 -0.079016224 -0.004787870 0.279907435 -0.044032082 -0.033542443 -0.058124214 0.996773660
1311867250.143222 -0.076444373 -0.007518028 0.276547313 -0.045225430 -0.034068119 -0.058246382 0.996695280
1311867250.175891 -0.076670267 -0.007678917 0.271798223 -0.044091102 -0.033517741 -0.058249742 0.996764541
1311867250.213337 -0.076984435 -0.006012886 0.269352466 -0.043092355 -0.033481322 -0.058655743 0.996785641
1311867250.245669 -0.075780742 -0.005081793 0.264779031 -0.043199413 -0.033796728 -0.057948124 0.996811748
1311867250.275168 -0.074010789 -0.006936361 0.259677738 -0.044231158 -0.033926871 -0.058710333 0.996717453
1311867250.311441 -0.072803371 -0.007109959 0.256117284 -0.044573169 -0.033537045 -0.059373759 0.996676147
1311867250.343197 -0.076627426 -0.005726377 0.253356457 -0.044663735 -0.031870008 -0.059663512 0.996709466
1311867250.378064 -0.074119382 -0.005738154 0.250823408 -0.045084354 -0.033172742 -0.058752231 0.996702194
1311867250.411649 -0.073588125 -0.006621229 0.247640133 -0.044813626 -0.033991966 -0.058622953 0.996694386
1311867250.444170 -0.070111655 -0.003293037 0.244322851 -0.043297477 -0.034612291 -0.057576712 0.996801019
1311867250.479325 -0.069126472 -0.001710778 0.242548436 -0.043910831 -0.034121118 -0.057879042 0.996773660
1311867250.511322 -0.067998357 -0.003632445 0.239103749 -0.044403270 -0.033914156 -0.057923332 0.996756256
1311867250.544330 -0.067362368 -0.002994170 0.236147359 -0.043192223 -0.033933453 -0.057644762 0.996824980
1311867250.579349 -0.067098185 -0.001544454 0.233746946 -0.043656714 -0.033870041 -0.057387788 0.996821761
1311867250.611488 -0.067022495 -0.003913915 0.232245684 -0.044559028 -0.033454001 -0.057571568 0.996785283
1311867250.643376 -0.066446200 -0.000965088 0.231318414 -0.042095352 -0.033406276 -0.057210643 0.996914744
1311867250.679554 -0.065010406 -0.000409008 0.229072079 -0.041963607 -0.033366133 -0.057061240 0.996930182
1311867250.711292 -0.065374315 -0.001625045 0.226148561 -0.042683601 -0.033338126 -0.056483071 0.996933520
1311867250.744545 -0.063831694 -0.003310420 0.219655588 -0.042003196 -0.033440422 -0.057167970 0.996919930
1311867250.779283 -0.062935665 -0.002530816 0.219494313 -0.041048974 -0.033350110 -0.056620061 0.996993959
1311867250.814558 -0.062868081 -0.003058192 0.218837321 -0.041732699 -0.033549391 -0.056514848 0.996964812
1311867250.843347 -0.063861109 -0.006121652 0.213189855 -0.041969936 -0.033238363 -0.056901991 0.996943295
1311867250.879276 -0.061673161 -0.005235355 0.209571958 -0.040432390 -0.034211859 -0.056568537 0.996992886
1311867250.911636 -0.062780730 -0.004254375 0.206235707 -0.039565936 -0.033140976 -0.056772143 0.997052252
1311867250.943372 -0.061977763 -0.004628440 0.207554638 -0.038566604 -0.034421440 -0.056244869 0.997077942
1311867250.979305 -0.060955293 -0.004205753 0.204427138 -0.038285591 -0.035204228 -0.056010995 0.997074544
1311867251.011246 -0.059174746 -0.001418047 0.204366237 -0.037972398 -0.035385173 -0.055726476 0.997096121
1311867251.043774 -0.059388835 -0.004333194 0.199917495 -0.038479365 -0.035023369 -0.056109618 0.997067988
1311867251.079316 -0.060423627 -0.003385571 0.196754009 -0.037375484 -0.034547161 -0.056224477 0.997120023
1311867251.111584 -0.059422467 -0.002149821 0.195060417 -0.037531897 -0.035371453 -0.055608876 0.997119784
1311867251.143281 -0.059860129 -0.003684919 0.193521395 -0.038610939 -0.035240669 -0.056160875 0.997052252
1311867251.179425 -0.059791472 -0.004392227 0.192637414 -0.037452199 -0.035301473 -0.056752644 0.997060895
1311867251.211383 -0.060960554 -0.001243204 0.192437008 -0.037469201 -0.034931168 -0.056678597 0.997077525
1311867251.247232 -0.062980868 -0.005831028 0.188662842 -0.039811213 -0.034808729 -0.056987129 0.996973395
1311867251.279370 -0.061696462 -0.004937625 0.187689409 -0.037962906 -0.035825841 -0.056295644 0.997048795
1311867251.313387 -0.063082777 -0.003921035 0.185376287 -0.037942655 -0.036110297 -0.056015920 0.997054994
1311867251.343242 -0.061492324 -0.006205994 0.183094203 -0.038499013 -0.037287515 -0.056163792 0.996982038
1311867251.380182 -0.061879922 -0.005061897 0.180928513 -0.037011031 -0.036992215 -0.056338545 0.997039497
1311867251.411345 -0.061621953 -0.005674896 0.178431243 -0.037099175 -0.037730511 -0.055826627 0.997037411
1311867251.443379 -0.063185453 -0.006174549 0.174853951 -0.036992662 -0.037497684 -0.055301845 0.997079313
1311867251.479338 -0.063381746 -0.006968369 0.173080549 -0.037193179 -0.037723482 -0.055513967 0.997051597
1311867251.513641 -0.064126804 -0.007030240 0.170230448 -0.036693580 -0.037466723 -0.055912562 0.997057498
1311867251.543175 -0.062542856 -0.006880141 0.168024316 -0.036574222 -0.037323419 -0.056142848 0.997054279
1311867251.579534 -0.062683679 -0.006472090 0.166302174 -0.036371727 -0.036636546 -0.056418791 0.997071624
1311867251.611953 -0.061957408 -0.006497382 0.163594827 -0.036569051 -0.036249012 -0.056778204 0.997058153
1311867251.643296 -0.064096823 -0.007555588 0.162112534 -0.036801573 -0.035505760 -0.057104439 0.997057736
1311867251.679728 -0.062955759 -0.007785199 0.159353629 -0.036142129 -0.036378864 -0.057017352 0.997055352
1311867251.712294 -0.062374573 -0.006144166 0.156183034 -0.035742689 -0.036552161 -0.057012230 0.997063756
1311867251.743499 -0.061560631 -0.006527740 0.153444901 -0.037390552 -0.036648370 -0.057570320 0.996967733
1311867251.779744 -0.063247822 -0.009287189 0.151069805 -0.037671693 -0.036600314 -0.057646908 0.996954501
1311867251.811253 -0.062525019 -0.006355099 0.148823977 -0.035531972 -0.037256747 -0.057457481 0.997019649
1311867251.843328 -0.061407845 -0.006111588 0.147889704 -0.036545344 -0.038185265 -0.057234008 0.996960759
1311867251.880542 -0.061202012 -0.006677735 0.146010220 -0.036463592 -0.039536014 -0.057470765 0.996897459
1311867251.911249 -0.061392896 -0.004929539 0.142730504 -0.035657227 -0.039638653 -0.057347462 0.996929586
1311867251.943218 -0.059578285 -0.003853851 0.140806571 -0.036664147 -0.040216740 -0.056499004 0.996918440
1311867251.980011 -0.060961716 -0.005443488 0.139997184 -0.037887536 -0.039589006 -0.056994140 0.996869564
1311867252.011886 -0.059132274 -0.004454417 0.137374729 -0.037805501 -0.040347666 -0.056435727 0.996874034
1311867252.044103 -0.059365638 -0.004299810 0.135646135 -0.038081527 -0.040860910 -0.056353927 0.996847272
1311867252.079454 -0.057776816 -0.005541783 0.132901251 -0.038585074 -0.041275565 -0.056527600 0.996800959
1311867252.112225 -0.058273435 -0.006421577 0.129159108 -0.038912710 -0.040540822 -0.057224121 0.996778727
1311867252.143295 -0.057366680 -0.006831991 0.127638415 -0.038135935 -0.040690526 -0.057491366 0.996787250
1311867252.179436 -0.057426710 -0.007347649 0.122327752 -0.037745561 -0.040823169 -0.057869244 0.996774733
1311867252.211346 -0.058503799 -0.008422828 0.119327851 -0.038389232 -0.040440414 -0.058331709 0.996738851
1311867252.243281 -0.059151787 -0.011056114 0.116139442 -0.038530804 -0.040771913 -0.059218079 0.996667564
1311867252.279411 -0.058116741 -0.012180358 0.110288665 -0.037171777 -0.041429326 -0.060022295 0.996643960
1311867252.311267 -0.057816658 -0.012878876 0.107812017 -0.036922913 -0.042136312 -0.059398849 0.996660948
1311867252.345029 -0.059504054 -0.014487345 0.105033882 -0.037191622 -0.042436592 -0.058966666 0.996663928
1311867252.379459 -0.062880933 -0.019133907 0.101091266 -0.036545008 -0.043180313 -0.058007136 0.996712148
1311867252.411197 -0.059459206 -0.019371502 0.096710332 -0.033986017 -0.046376012 -0.056855924 0.996725500
1311867252.445597 -0.056770179 -0.017851591 0.093824267 -0.032908104 -0.047648381 -0.056444772 0.996725023
1311867252.479290 -0.058582727 -0.021000033 0.091490895 -0.033445533 -0.047762606 -0.056604750 0.996692598
1311867252.511225 -0.057994146 -0.022838727 0.087473460 -0.032177847 -0.048208505 -0.057001490 0.996690273
1311867252.543282 -0.056417730 -0.021217275 0.083656177 -0.031311482 -0.048911009 -0.057172943 0.996673822
1311867252.579180 -0.055823691 -0.021852447 0.080742933 -0.031558599 -0.048963167 -0.057968043 0.996617496
1311867252.611280 -0.056966595 -0.025689472 0.074751541 -0.031592146 -0.049097404 -0.057589170 0.996631801
1311867252.643277 -0.056570515 -0.024565011 0.069659099 -0.030395709 -0.050673354 -0.056735545 0.996639073
1311867252.679249 -0.054792363 -0.024302075 0.066173568 -0.029991532 -0.051780127 -0.056200989 0.996624768
1311867252.711249 -0.056732565 -0.027104206 0.059832714 -0.030142298 -0.051373847 -0.056038752 0.996650338
1311867252.743241 -0.056410175 -0.028972225 0.059483696 -0.029054018 -0.053284802 -0.054996628 0.996640384
1311867252.779273 -0.054776993 -0.027897097 0.054783225 -0.027922085 -0.054953810 -0.053799003 0.996647477
1311867252.811278 -0.053910244 -0.027587947 0.051611315 -0.028628403 -0.055783693 -0.053560875 0.996594131
1311867252.843319 -0.055609234 -0.030653059 0.050307695 -0.029018305 -0.056666769 -0.053383343 0.996542513
1311867252.879266 -0.053963151 -0.029094622 0.046777338 -0.028855698 -0.057400692 -0.052991018 0.996526241
1311867252.911219 -0.052816462 -0.027582612 0.044986937 -0.030047793 -0.058654293 -0.052225213 0.996458471
1311867252.944692 -0.054564565 -0.032036379 0.032887653 -0.031555254 -0.058611352 -0.053030472 0.996371806
1311867252.980602 -0.051002175 -0.027112242 0.030024476 -0.029057268 -0.060575891 -0.052901451 0.996337175
1311867253.011381 -0.049765114 -0.028582707 0.030647557 -0.031227887 -0.061974179 -0.052323084 0.996216059
1311867253.043431 -0.048331559 -0.032478999 0.027377049 -0.032517917 -0.062715366 -0.053201906 0.996081829
1311867253.079921 -0.046749584 -0.031813748 0.023138128 -0.030878114 -0.063057937 -0.053968221 0.996071160
1311867253.111303 -0.047144629 -0.029263344 0.014658186 -0.030811051 -0.062203791 -0.054892991 0.996076405
1311867253.144056 -0.048690967 -0.032338765 0.012332782 -0.032692332 -0.061471097 -0.054999679 0.996056080
1311867253.179405 -0.049334340 -0.031358615 0.012114706 -0.031240609 -0.062392268 -0.054746967 0.996059239
1311867253.211216 -0.044780780 -0.032952532 0.008019095 -0.031133952 -0.064414039 -0.054901939 0.995925426
1311867253.245841 -0.044527184 -0.031950265 0.004615500 -0.031270184 -0.064462535 -0.056075368 0.995852590
1311867253.279395 -0.043220904 -0.033509590 0.003333318 -0.032110713 -0.065398768 -0.055715866 0.995784998
1311867253.311408 -0.041688930 -0.032527287 -0.000149701 -0.032183208 -0.066048302 -0.055767316 0.995736837
1311867253.344521 -0.040914852 -0.033027168 -0.003558113 -0.032853648 -0.066203028 -0.055480503 0.995720744
1311867253.379408 -0.040391650 -0.035440013 -0.006945906 -0.033588719 -0.066767760 -0.054603290 0.995706975
1311867253.412926 -0.037888743 -0.034892973 -0.009187789 -0.033234034 -0.067221932 -0.054128788 0.995714247
1311867253.444491 -0.035792246 -0.034619913 -0.011797999 -0.033349253 -0.067514710 -0.054303195 0.995681107
1311867253.480478 -0.034198724 -0.033210177 -0.013916179 -0.034421425 -0.066945478 -0.055038340 0.995642662
1311867253.511374 -0.033560634 -0.037218530 -0.016004983 -0.036247559 -0.065683119 -0.055362627 0.995643973
1311867253.544163 -0.031285167 -0.037954092 -0.020263229 -0.035916954 -0.065480515 -0.056153443 0.995624959
1311867253.579407 -0.027951177 -0.038337052 -0.022575494 -0.036186587 -0.065156884 -0.057717673 0.995547056
1311867253.611802 -0.029723594 -0.041191310 -0.025741693 -0.037052158 -0.064272717 -0.058040075 0.995553911
1311867253.644463 -0.028036179 -0.041246608 -0.028443854 -0.036958400 -0.063755117 -0.058383793 0.995570600
1311867253.679979 -0.029539503 -0.042373870 -0.031188095 -0.037977517 -0.062895305 -0.057900880 0.995615125
1311867253.711529 -0.030480748 -0.045750689 -0.033794913 -0.039451718 -0.063431747 -0.057836577 0.995527506
1311867253.743537 -0.029987751 -0.049892981 -0.039623238 -0.039377045 -0.064129010 -0.057857413 0.995484531
1311867253.780402 -0.030957488 -0.051172648 -0.043515839 -0.038503889 -0.064216264 -0.057573337 0.995529592
1311867253.811301 -0.032603387 -0.052339312 -0.048435092 -0.038230315 -0.065258734 -0.057465773 0.995478511
1311867253.846601 -0.032707695 -0.053583499 -0.051986627 -0.037956882 -0.066876963 -0.056869574 0.995415807
1311867253.879206 -0.035491828 -0.056146726 -0.057863612 -0.037064731 -0.067526437 -0.057040513 0.995395839
1311867253.911446 -0.036144901 -0.058265720 -0.062461045 -0.035849061 -0.068998352 -0.056589596 0.995365143
1311867253.946104 -0.038205363 -0.057102423 -0.067059025 -0.035164788 -0.069616564 -0.056189470 0.995369196
1311867253.979415 -0.040617943 -0.059963599 -0.070715204 -0.035884712 -0.069969498 -0.055585261 0.995352685
1311867254.011966 -0.043398298 -0.060262449 -0.072702400 -0.034391072 -0.070828512 -0.055864923 0.995328963
1311867254.045767 -0.042788163 -0.058791004 -0.077675574 -0.032925446 -0.072537348 -0.056399353 0.995225310
1311867254.079374 -0.044610225 -0.060543604 -0.081669874 -0.032078393 -0.072251029 -0.056325220 0.995278001
1311867254.111352 -0.046387967 -0.062113225 -0.087060452 -0.030067446 -0.071929060 -0.056018431 0.995381415
1311867254.147685 -0.046952665 -0.060742758 -0.090485975 -0.027614478 -0.071687259 -0.056446221 0.995445728
1311867254.179513 -0.046672922 -0.061898991 -0.094733596 -0.026878005 -0.071371913 -0.056810059 0.995467842
1311867254.211494 -0.046616845 -0.061684076 -0.098491564 -0.024928633 -0.069510140 -0.057828978 0.995591700
1311867254.246904 -0.046949338 -0.061737794 -0.101706952 -0.022936324 -0.067063496 -0.058600739 0.995762229
1311867254.279857 -0.046874084 -0.055802509 -0.106666714 -0.021668021 -0.064401165 -0.058733806 0.995958507
1311867254.311463 -0.048518386 -0.053221069 -0.111266337 -0.023154093 -0.062322840 -0.057915743 0.996105194
1311867254.347540 -0.052316643 -0.061126836 -0.114330366 -0.025042696 -0.060298756 -0.059241138 0.996106207
1311867254.379449 -0.051918417 -0.060369764 -0.118094578 -0.022432145 -0.059623145 -0.060592912 0.996127665
1311867254.411535 -0.053160079 -0.059516404 -0.124240652 -0.021807576 -0.058380727 -0.061896678 0.996135056
1311867254.448323 -0.055123582 -0.060360316 -0.128809273 -0.022278909 -0.058139019 -0.061401099 0.996169388
1311867254.479448 -0.058302689 -0.062794589 -0.133818299 -0.021919528 -0.059589546 -0.060774580 0.996130109
1311867254.511443 -0.058975928 -0.059892252 -0.138880730 -0.020287406 -0.060948987 -0.060303450 0.996110976
1311867254.550046 -0.058047827 -0.058908254 -0.143964455 -0.019776264 -0.063723199 -0.059636407 0.995987833
1311867254.579487 -0.058821127 -0.059863783 -0.146945417 -0.019362969 -0.064931408 -0.059701022 0.995914042
1311867254.611481 -0.058427699 -0.053246822 -0.153943703 -0.017397199 -0.065150373 -0.059786521 0.995930970
1311867254.645227 -0.058607012 -0.052385535 -0.158741876 -0.018366765 -0.065190822 -0.059625916 0.995920479
1311867254.679490 -0.059916582 -0.051758412 -0.162421435 -0.018825464 -0.065403722 -0.059434701 0.995909393
1311867254.711323 -0.060195241 -0.053437203 -0.166766658 -0.017673336 -0.065776296 -0.059927572 0.995876431
1311867254.745273 -0.056286678 -0.051440634 -0.171099618 -0.016402856 -0.065523267 -0.059883863 0.995917499
1311867254.779465 -0.060295414 -0.049971040 -0.175406709 -0.015893877 -0.064396679 -0.059049077 0.996049106
1311867254.811574 -0.058413073 -0.052210569 -0.180010527 -0.015926801 -0.065215237 -0.058972530 0.995999813
1311867254.848265 -0.059124514 -0.049642105 -0.183594987 -0.014548208 -0.064916782 -0.058842767 0.996048093
1311867254.879491 -0.055516586 -0.045646165 -0.187996611 -0.013961768 -0.065583274 -0.058253031 0.996047497
1311867254.913881 -0.054471523 -0.046433732 -0.191844508 -0.013808920 -0.065112479 -0.058241956 0.996081114
1311867254.949070 -0.058063667 -0.049096808 -0.194836169 -0.013139141 -0.064282648 -0.058520298 0.996127784
1311867254.981925 -0.057450641 -0.046238746 -0.198333114 -0.012327692 -0.064162210 -0.058643699 0.996138632
1311867255.015430 -0.057084754 -0.048261143 -0.201022848 -0.012198395 -0.064115934 -0.059032563 0.996120274
1311867255.049418 -0.056826044 -0.046854276 -0.205022067 -0.010464876 -0.064181931 -0.059277102 0.996121168
1311867255.082194 -0.056910872 -0.044516578 -0.208505794 -0.009824906 -0.063531905 -0.059238460 0.996171713
1311867255.117684 -0.056243543 -0.046044230 -0.211608887 -0.009861534 -0.063608460 -0.059453193 0.996153653
1311867255.151015 -0.055940952 -0.045366801 -0.214579791 -0.008557297 -0.063813984 -0.059326433 0.996160090
1311867255.183783 -0.053322695 -0.040155604 -0.217211545 -0.005983226 -0.063512385 -0.059915159 0.996162951
1311867255.216913 -0.054052640 -0.042366348 -0.220045045 -0.006469844 -0.063132688 -0.059909567 0.996184349
1311867255.245906 -0.055980217 -0.043351058 -0.223631203 -0.006312030 -0.063145533 -0.059481137 0.996210277
1311867255.279366 -0.057044003 -0.043310910 -0.226452291 -0.005601996 -0.063715637 -0.059658520 0.996167600
1311867255.313847 -0.054296181 -0.043279752 -0.229468197 -0.004862256 -0.064320602 -0.060271986 0.996095657
1311867255.346831 -0.050643917 -0.043417439 -0.232556134 -0.004101147 -0.063560620 -0.060100477 0.996158242
1311867255.379475 -0.052437305 -0.043101773 -0.235540554 -0.002462891 -0.061757501 -0.060184967 0.996271908
1311867255.413757 -0.054056402 -0.042154573 -0.239942729 -0.001388563 -0.061374508 -0.060058575 0.996305346
1311867255.445540 -0.049403328 -0.039585087 -0.244664133 -0.000099947 -0.061639439 -0.059615780 0.996316493
1311867255.479482 -0.047609363 -0.039057873 -0.247003749 0.000696675 -0.060832627 -0.059442800 0.996376157
1311867255.515585 -0.047928806 -0.038125217 -0.251083881 0.000874127 -0.059652761 -0.058768924 0.996487379
1311867255.545730 -0.046866715 -0.040752824 -0.253565192 0.000416231 -0.058664661 -0.058770746 0.996546209
1311867255.579442 -0.048017345 -0.041211057 -0.257758856 0.001237094 -0.057219312 -0.059079677 0.996611297
1311867255.615323 -0.046562791 -0.041102748 -0.261039108 0.002181714 -0.056636684 -0.059095584 0.996641994
1311867255.645642 -0.047081795 -0.038131304 -0.264661014 0.002015226 -0.055591904 -0.058992524 0.996707261
1311867255.680081 -0.045081906 -0.038024794 -0.267667592 0.000878820 -0.055273820 -0.058885206 0.996733010
1311867255.718269 -0.046615548 -0.040107403 -0.271905035 0.001529239 -0.054806925 -0.059228666 0.996737599
1311867255.745767 -0.045235276 -0.035311483 -0.275807321 0.003065536 -0.054530401 -0.059606068 0.996726751
1311867255.780996 -0.044326585 -0.036672868 -0.278134495 0.000296655 -0.054165974 -0.059435178 0.996761501
1311867255.817593 -0.043553907 -0.037137479 -0.281585455 -0.001136029 -0.053817734 -0.059012882 0.996804833
1311867255.845687 -0.044487048 -0.039344974 -0.282603025 -0.001641192 -0.054221734 -0.058576476 0.996807992
1311867255.879379 -0.043145429 -0.033459034 -0.288836241 -0.002351905 -0.055009570 -0.058073644 0.996792793
1311867255.914024 -0.042042375 -0.034313444 -0.291227728 -0.004572576 -0.055313721 -0.058273476 0.996756673
1311867255.945901 -0.043829679 -0.038153317 -0.292998314 -0.005475318 -0.055614516 -0.058148202 0.996742666
1311867255.979486 -0.044206057 -0.039014954 -0.297660708 -0.004900896 -0.055771798 -0.058362372 0.996724308
1311867256.017783 -0.045913376 -0.042739589 -0.301354975 -0.005648863 -0.056071281 -0.058473215 0.996697068
1311867256.046004 -0.047983795 -0.042218130 -0.305397660 -0.005668399 -0.056881487 -0.059617598 0.996583223
1311867256.079590 -0.046088584 -0.039214898 -0.309231192 -0.004386439 -0.058918688 -0.059437606 0.996482074
1311867256.116730 -0.046888493 -0.036690362 -0.312785327 -0.003857816 -0.058886237 -0.060288802 0.996435046
1311867256.145219 -0.047791637 -0.038335856 -0.316363931 -0.004953790 -0.059279379 -0.061401658 0.996338904
1311867256.179506 -0.049342338 -0.039030902 -0.318319678 -0.004806602 -0.061106551 -0.062532030 0.996158957
1311867256.217737 -0.048437897 -0.038982704 -0.322474033 -0.003709253 -0.063842364 -0.063849583 0.995908439
1311867256.245462 -0.048511729 -0.041115724 -0.325531363 -0.003676669 -0.064996295 -0.064921193 0.995764673
1311867256.284698 -0.052559908 -0.043062210 -0.329237759 -0.004116119 -0.065858178 -0.065142021 0.995691895
1311867256.314334 -0.055307049 -0.044099141 -0.335359782 -0.002573311 -0.068663247 -0.065606728 0.995477021
1311867256.347169 -0.053136982 -0.042255536 -0.342623383 -0.000869689 -0.070327476 -0.065267786 0.995386064
1311867256.384803 -0.054305788 -0.043949008 -0.346295446 -0.000585199 -0.070249192 -0.065262020 0.995392203
1311867256.415853 -0.054504357 -0.044202305 -0.349828959 0.000804281 -0.070905477 -0.066249169 0.995280266
1311867256.445283 -0.056308359 -0.043161631 -0.354832172 0.001566773 -0.071298569 -0.066418536 0.995239973
1311867256.484375 -0.060435355 -0.041872360 -0.358599991 0.000604499 -0.072141752 -0.065891892 0.995215297
1311867256.513577 -0.063427769 -0.045486312 -0.361224830 -0.000846210 -0.074898295 -0.065920368 0.995009601
1311867256.547861 -0.058430120 -0.046726674 -0.365127832 -0.000668771 -0.077900939 -0.066568360 0.994736016
1311867256.583591 -0.056405168 -0.046058748 -0.370220155 -0.000612388 -0.077597007 -0.066193879 0.994784772
1311867256.616028 -0.054842245 -0.048570491 -0.373716444 -0.001676447 -0.076828070 -0.065889880 0.994863391
1311867256.645225 -0.055115912 -0.052479722 -0.377260625 -0.001454673 -0.076588877 -0.064464748 0.994975507
1311867256.683263 -0.057412084 -0.051179055 -0.382068127 0.000189623 -0.076746091 -0.062969491 0.995060265
1311867256.714018 -0.056368597 -0.047712550 -0.384436220 0.001051316 -0.078341611 -0.062244132 0.994980991
1311867256.746329 -0.055126216 -0.048479397 -0.388817966 0.000573421 -0.080113523 -0.061944228 0.994859040
1311867256.782735 -0.052406486 -0.047526743 -0.391532838 0.000480401 -0.080922917 -0.060784396 0.994865119
1311867256.814038 -0.050302748 -0.048293997 -0.394715846 -0.000966743 -0.080355577 -0.058176331 0.995066702
1311867256.847722 -0.058658954 -0.054606702 -0.400317013 -0.001192855 -0.079488747 -0.057437900 0.995178878
1311867256.883890 -0.055414762 -0.053397305 -0.402579516 0.001899252 -0.082518928 -0.056782119 0.994968772
1311867256.914798 -0.053468071 -0.053704906 -0.409253240 0.003096092 -0.082647078 -0.057159100 0.994933605
1311867256.946531 -0.051533222 -0.054671519 -0.412711084 0.003489576 -0.082850248 -0.057460934 0.994897902
1311867256.981447 -0.051767718 -0.056379221 -0.416242421 0.004877853 -0.083196469 -0.059242006 0.994758785
1311867257.012988 -0.051217414 -0.058651470 -0.421270788 0.006965393 -0.082794338 -0.059974186 0.994736075
1311867257.045185 -0.047924824 -0.053452138 -0.424063474 0.009369866 -0.082284346 -0.060483504 0.994727731
1311867257.084110 -0.044332579 -0.051308028 -0.428779930 0.008499694 -0.081846409 -0.061823193 0.994689345
1311867257.113385 -0.048397072 -0.053173237 -0.432433248 0.006798146 -0.080421433 -0.062869638 0.994753063
1311867257.147422 -0.048656166 -0.053539809 -0.436014414 0.006353490 -0.080660284 -0.063923076 0.994669557
1311867257.182069 -0.047293723 -0.049593482 -0.440806001 0.005754334 -0.081017546 -0.063617945 0.994663715
1311867257.214758 -0.045779306 -0.053048123 -0.444932193 0.004011948 -0.080727220 -0.064210907 0.994657755
1311867257.245697 -0.046222467 -0.052020337 -0.446566284 0.005414218 -0.080083802 -0.065142594 0.994642496
1311867257.282412 -0.045757264 -0.050575584 -0.452456892 0.005809218 -0.078987636 -0.065217018 0.994723082
1311867257.313334 -0.040716596 -0.047351785 -0.457274854 0.005419036 -0.077406175 -0.064886354 0.994871259
1311867257.345279 -0.044410400 -0.050775580 -0.459562629 0.004785572 -0.074022263 -0.065017469 0.995123446
1311867257.383951 -0.042679258 -0.049583986 -0.463864446 0.005965200 -0.072627634 -0.064757094 0.995236814
1311867257.416062 -0.038478624 -0.048121121 -0.468071550 0.006140623 -0.070652947 -0.064157262 0.995416701
1311867257.445852 -0.041561209 -0.049094167 -0.471675009 0.005499234 -0.067307994 -0.064295687 0.995643318
1311867257.485117 -0.043496825 -0.048601639 -0.475989372 0.006522031 -0.064965725 -0.064480744 0.995780706
1311867257.516611 -0.038428161 -0.042051226 -0.478274763 0.007628688 -0.063997276 -0.063873313 0.995874643
1311867257.543702 -0.035775159 -0.043854278 -0.479760766 0.005951421 -0.061809208 -0.063854620 0.996025503
1311867257.583609 -0.038988307 -0.047089398 -0.484527618 0.005581880 -0.058801413 -0.063918658 0.996205688
1311867257.615413 -0.039548520 -0.041695550 -0.487612695 0.006797578 -0.058051683 -0.062720500 0.996318221
1311867257.643749 -0.035076827 -0.037477490 -0.488087624 0.005864734 -0.058428802 -0.061585963 0.996372879
1311867257.684241 -0.036274824 -0.037593629 -0.491068900 0.004040235 -0.057016909 -0.060949579 0.996502876
1311867257.718778 -0.034845103 -0.039828084 -0.493800133 0.002577042 -0.057068713 -0.061116464 0.996494532
1311867257.743747 -0.029726798 -0.043222599 -0.498289078 0.002121567 -0.056226294 -0.060235113 0.996597171
1311867257.783800 -0.034381788 -0.040263370 -0.500212550 0.002864534 -0.052704498 -0.059236415 0.996847570
1311867257.818099 -0.037391491 -0.041413065 -0.501013219 0.002893323 -0.051157150 -0.058652755 0.996962607
1311867257.843575 -0.032174408 -0.039432451 -0.504165709 0.003269667 -0.052737821 -0.057555243 0.996943057
1311867257.885458 -0.028871885 -0.042102441 -0.504383206 0.003208956 -0.052462712 -0.057371620 0.996968389
1311867257.915235 -0.025748070 -0.041725662 -0.507128775 0.003713816 -0.051504288 -0.056572143 0.997062266
1311867257.943765 -0.031189527 -0.042291779 -0.510597527 0.003798821 -0.049493309 -0.056597125 0.997162402
1311867257.985062 -0.028951552 -0.042084455 -0.511360347 0.004193841 -0.050830055 -0.056021072 0.997126043
1311867258.013561 -0.029457565 -0.044000074 -0.514824867 0.004018654 -0.050385121 -0.055817544 0.997160792
1311867258.043623 -0.027784668 -0.046745900 -0.516705871 0.004700522 -0.050979476 -0.055244163 0.997159541
1311867258.083652 -0.024648823 -0.046665970 -0.516828001 0.006210642 -0.051910944 -0.054667402 0.997134984
1311867258.113782 -0.029508689 -0.046281524 -0.521384358 0.007792668 -0.050970547 -0.054632202 0.997174382
1311867258.143714 -0.027914591 -0.044583298 -0.522083342 0.008361693 -0.050940257 -0.053836983 0.997214556
1311867258.184833 -0.025833206 -0.048512045 -0.526031733 0.007746962 -0.051134653 -0.054255951 0.997186840
1311867258.216268 -0.024336699 -0.048364002 -0.524824440 0.007911113 -0.051425599 -0.053758819 0.997197509
1311867258.243624 -0.025204482 -0.049326301 -0.525772214 0.008490058 -0.051433422 -0.053555809 0.997203290
1311867258.285010 -0.025383094 -0.049656406 -0.529576361 0.009004313 -0.051234126 -0.052925974 0.997242630
1311867258.313274 -0.024977390 -0.050730053 -0.531018972 0.009470304 -0.050287224 -0.053944711 0.997231901
1311867258.343642 -0.030195788 -0.051131502 -0.533933401 0.010000430 -0.048661292 -0.054756723 0.997263193
1311867258.381205 -0.025941987 -0.051799193 -0.532172382 0.009692046 -0.050414003 -0.054344397 0.997201741
1311867258.414263 -0.024169318 -0.049989559 -0.532727957 0.009472333 -0.051647864 -0.053631194 0.997179270
1311867258.443907 -0.026876286 -0.051864125 -0.534311593 0.008356307 -0.052126493 -0.053953882 0.997146964
1311867258.482546 -0.024700893 -0.053859483 -0.534051239 0.007132321 -0.053417590 -0.053529978 0.997110963
1311867258.513980 -0.025391117 -0.055052627 -0.536398351 0.006781966 -0.053733513 -0.053110752 0.997118831
1311867258.543595 -0.024885749 -0.056694090 -0.538433254 0.007235625 -0.054030880 -0.053513013 0.997078121
1311867258.583598 -0.024355017 -0.057498783 -0.537398338 0.007458241 -0.054995921 -0.053018611 0.997050047
1311867258.614160 -0.025217801 -0.057643373 -0.539595425 0.007847599 -0.055250674 -0.054310065 0.996963501
1311867258.643778 -0.023146512 -0.058885857 -0.541138113 0.007953512 -0.056274109 -0.054798059 0.996878743
1311867258.685220 -0.021047220 -0.060595643 -0.543431044 0.008380133 -0.057330009 -0.054465253 0.996833324
1311867258.713406 -0.023321100 -0.063553981 -0.546923399 0.010448332 -0.057719521 -0.054686531 0.996779144
1311867258.743665 -0.018525777 -0.061290704 -0.553280652 0.013196051 -0.059000190 -0.056664124 0.996561110
1311867258.784349 -0.016170572 -0.059114739 -0.556471765 0.013320149 -0.058933612 -0.057326734 0.996525526
1311867258.811690 -0.018904151 -0.064090513 -0.557302237 0.012030894 -0.058834102 -0.057222802 0.996553779
1311867258.843893 -0.020308893 -0.063617185 -0.561510801 0.012796378 -0.059284445 -0.059435923 0.996387959
1311867258.884560 -0.013249128 -0.065425135 -0.561873317 0.012138692 -0.060474172 -0.060461950 0.996263027
1311867258.911750 -0.011830145 -0.065622844 -0.563548386 0.012168843 -0.059661195 -0.061158720 0.996269107
1311867258.944000 -0.017334498 -0.067859948 -0.564512372 0.012711220 -0.058612008 -0.062822580 0.996221066
1311867258.984155 -0.015228977 -0.066015661 -0.569924235 0.013268596 -0.059730709 -0.064038455 0.996069908
1311867259.011907 -0.009392651 -0.069066249 -0.572393954 0.012220772 -0.061221015 -0.065034442 0.995928347
1311867259.043970 -0.005716851 -0.070950717 -0.574024141 0.013108692 -0.061035518 -0.066009551 0.995864272
1311867259.084547 -0.005721232 -0.068916164 -0.577577829 0.014522994 -0.060455319 -0.065970644 0.995882630
1311867259.111734 -0.002494650 -0.066092186 -0.579111218 0.014470375 -0.061059602 -0.066259176 0.995827317
1311867259.143877 0.000069920 -0.072385572 -0.584128797 0.012979975 -0.060856614 -0.066308744 0.995857060
1311867259.183764 0.000002327 -0.071655564 -0.584614217 0.014006917 -0.060883921 -0.065705813 0.995881379
1311867259.211951 0.003155860 -0.069354847 -0.586932302 0.014698382 -0.061702993 -0.065451995 0.995837748
1311867259.243853 0.005821111 -0.073193230 -0.591497719 0.015178008 -0.062048603 -0.064342342 0.995881379
1311867259.281587 0.008221330 -0.071578354 -0.593855679 0.017840924 -0.062531389 -0.062747739 0.995908737
1311867259.311928 0.011058053 -0.070542552 -0.598213494 0.019766739 -0.062813200 -0.061078615 0.995958507
1311867259.343762 0.011292152 -0.070921227 -0.602431655 0.020519139 -0.063567512 -0.059953734 0.995963752
1311867259.383911 0.014891431 -0.072233960 -0.602904141 0.022127664 -0.065470129 -0.058892038 0.995869339
1311867259.411722 0.014803778 -0.072786011 -0.607627213 0.024609612 -0.065294348 -0.058819711 0.995826960
1311867259.443793 0.018999994 -0.070652865 -0.610895932 0.026673490 -0.064991228 -0.057529297 0.995868981
1311867259.481615 0.018243665 -0.073128738 -0.617184818 0.027051385 -0.063904755 -0.056596093 0.995982647
1311867259.511730 0.018767996 -0.074603394 -0.622872889 0.028771425 -0.064005233 -0.056613825 0.995926976
1311867259.550578 0.019565754 -0.073503412 -0.626279712 0.030994892 -0.064750925 -0.055760406 0.995860100
1311867259.582216 0.025864838 -0.074243858 -0.629110336 0.032955047 -0.064862959 -0.055671006 0.995794952
1311867259.611739 0.028777231 -0.073078588 -0.632978082 0.034770969 -0.064023532 -0.055286195 0.995808959
1311867259.649471 0.025334910 -0.073085427 -0.637083828 0.035592321 -0.063697957 -0.054929402 0.995820582
1311867259.682849 0.025562588 -0.069849521 -0.641381204 0.035188500 -0.064659305 -0.054635465 0.995789111
1311867259.711827 0.030687729 -0.069010183 -0.644088924 0.033517789 -0.065138243 -0.054702353 0.995811880
1311867259.752007 0.033549473 -0.070008442 -0.645399153 0.032507837 -0.064552873 -0.055116605 0.995860636
1311867259.781780 0.028532477 -0.071898811 -0.650988162 0.031483289 -0.063654378 -0.056074977 0.995897949
1311867259.811817 0.029968433 -0.067413159 -0.653887868 0.030659091 -0.064710125 -0.056325585 0.995841384
1311867259.850399 0.033346232 -0.068034969 -0.656951129 0.028148970 -0.064114422 -0.056759492 0.995929420
1311867259.881835 0.030619465 -0.071000002 -0.658830941 0.026897140 -0.062288269 -0.057304949 0.996048629
1311867259.912113 0.031094506 -0.069570281 -0.663133085 0.026976436 -0.062950902 -0.057802498 0.995976090
1311867259.952003 0.036055591 -0.066783860 -0.665167391 0.025434390 -0.063314326 -0.057498887 0.996011257
1311867259.979767 0.034132157 -0.071006395 -0.669024050 0.024522176 -0.061917119 -0.058066074 0.996088982
1311867260.012691 0.035862722 -0.067673460 -0.670351863 0.025926093 -0.061662171 -0.058007319 0.996072710
1311867260.049315 0.036557291 -0.065216951 -0.671538055 0.025820401 -0.061471522 -0.057068340 0.996141493
1311867260.079913 0.038699884 -0.064530194 -0.674957871 0.025210455 -0.060462322 -0.056596708 0.996245742
1311867260.111941 0.038387425 -0.066165432 -0.680578947 0.024984896 -0.059155956 -0.056051567 0.996360719
1311867260.151371 0.041084465 -0.065816432 -0.681829453 0.025625467 -0.058506869 -0.055780925 0.996397913
1311867260.179934 0.040223759 -0.064999759 -0.688312471 0.026078111 -0.057003018 -0.055129532 0.996509612
1311867260.211913 0.038348466 -0.064009987 -0.688675821 0.026637353 -0.055939276 -0.054502353 0.996589601
1311867260.249637 0.041202366 -0.066190794 -0.693288326 0.027566399 -0.056202151 -0.053730492 0.996591449
1311867260.279865 0.043208912 -0.061051257 -0.698694289 0.029741766 -0.056038171 -0.053371780 0.996557415
1311867260.312068 0.049958274 -0.056880184 -0.699862421 0.029227924 -0.055944864 -0.053127434 0.996590912
1311867260.350508 0.046369046 -0.059052929 -0.700158656 0.029003918 -0.053797837 -0.053481169 0.996696770
1311867260.380002 0.050339662 -0.053813927 -0.706052244 0.030176001 -0.053678684 -0.053586956 0.996662736
1311867260.412000 0.048478413 -0.050894663 -0.710934520 0.029170424 -0.053022865 -0.053273227 0.996744514
1311867260.452169 0.048775449 -0.051417410 -0.714655280 0.027256893 -0.052422561 -0.052687932 0.996861577
1311867260.479772 0.048659854 -0.052703388 -0.719187379 0.026213320 -0.051997837 -0.052834868 0.996904016
1311867260.512102 0.052704249 -0.047898181 -0.722735345 0.026208058 -0.052036550 -0.052640211 0.996912420
1311867260.552766 0.058504947 -0.046096284 -0.725559950 0.024419747 -0.051292665 -0.052282292 0.997015238
1311867260.579905 0.054572772 -0.045894422 -0.728185892 0.023444390 -0.049832869 -0.052470576 0.997102797
1311867260.612014 0.054852691 -0.049780808 -0.728522778 0.022488074 -0.050599784 -0.052845638 0.997066379
1311867260.649334 0.058043331 -0.047334552 -0.731917024 0.022769690 -0.051124580 -0.052877046 0.997031510
1311867260.679860 0.062100850 -0.050770670 -0.738440931 0.022704199 -0.050462522 -0.052785423 0.997071624
1311867260.711867 0.056779962 -0.053737793 -0.741331041 0.023734586 -0.048637103 -0.053139031 0.997119546
1311867260.749329 0.057677224 -0.050386239 -0.748624682 0.024517428 -0.049015433 -0.052312169 0.997125804
1311867260.780035 0.057697374 -0.051850434 -0.746608496 0.023592720 -0.050657380 -0.053539790 0.997000933
1311867260.812146 0.055758256 -0.057190835 -0.753224015 0.023581708 -0.050784849 -0.053951774 0.996972442
1311867260.851416 0.064104110 -0.056740969 -0.753056347 0.025074141 -0.052473485 -0.054211907 0.996834457
1311867260.879809 0.064326309 -0.060292695 -0.756549358 0.026828883 -0.052401051 -0.054667268 0.996767700
1311867260.912017 0.066605978 -0.058697108 -0.761333227 0.028493373 -0.052599706 -0.054564916 0.996716678
1311867260.949439 0.064177640 -0.057719734 -0.767473638 0.028992416 -0.052045833 -0.054062244 0.996758759
1311867260.979950 0.068162054 -0.059530303 -0.772322774 0.029608296 -0.052400343 -0.054146416 0.996717513
1311867261.011875 0.066633314 -0.062778443 -0.778017759 0.031193446 -0.052304994 -0.054249223 0.996668577
1311867261.051950 0.065342396 -0.063553803 -0.778794825 0.033405729 -0.053296339 -0.053946078 0.996560812
1311867261.079805 0.068477221 -0.066288404 -0.783096611 0.035381336 -0.054183543 -0.052911412 0.996500313
1311867261.111871 0.065449387 -0.071991012 -0.788788557 0.037590798 -0.054380067 -0.052972209 0.996405423
1311867261.153079 0.063349560 -0.065844581 -0.797203183 0.041831605 -0.053714097 -0.053111345 0.996265054
1311867261.179986 0.060997020 -0.066682875 -0.799181998 0.043645002 -0.053659700 -0.052218515 0.996237397
1311867261.211987 0.061445691 -0.071356840 -0.802634835 0.046030998 -0.054912653 -0.051808372 0.996083200
1311867261.247791 0.064094059 -0.069054238 -0.806788683 0.049141124 -0.055958636 -0.051699180 0.995881975
1311867261.280012 0.064806566 -0.068571582 -0.810694396 0.051214330 -0.054933570 -0.051900361 0.995824158
1311867261.312072 0.066764317 -0.066762708 -0.813823402 0.052483667 -0.053842992 -0.051521618 0.995837331
1311867261.347781 0.063472241 -0.065986812 -0.814903677 0.053047866 -0.052606404 -0.051503647 0.995874405
1311867261.379963 0.063490398 -0.063169070 -0.817072332 0.053154822 -0.052565757 -0.052156411 0.995836914
1311867261.412118 0.066308253 -0.062027097 -0.823903978 0.050919153 -0.052159391 -0.052877381 0.995937049
1311867261.448088 0.061198413 -0.064340107 -0.823343694 0.049423605 -0.051177938 -0.053572897 0.996026158
1311867261.479857 0.061529279 -0.066064678 -0.827385187 0.049185514 -0.051858764 -0.054503191 0.995952249
1311867261.512250 0.061375335 -0.065194555 -0.827254772 0.048809640 -0.051719915 -0.054583933 0.995973527
1311867261.547863 0.061610863 -0.064263009 -0.830744445 0.047510214 -0.051005196 -0.054341342 0.996086538
1311867261.579903 0.059466284 -0.066221386 -0.830709696 0.046997812 -0.049621616 -0.054666098 0.996162891
1311867261.612131 0.056142390 -0.063750707 -0.835532725 0.047471836 -0.048837133 -0.054220401 0.996203542
1311867261.648078 0.055666495 -0.065305337 -0.837148666 0.046679448 -0.048973959 -0.053808887 0.996256649
1311867261.680301 0.058618918 -0.066465937 -0.838730812 0.047599711 -0.048932899 -0.053806160 0.996215284
1311867261.712383 0.055900685 -0.065683633 -0.846450508 0.048834305 -0.047362097 -0.053600889 0.996242464
1311867261.748085 0.056280065 -0.059953928 -0.848490655 0.050734974 -0.047004811 -0.052933924 0.996200085
1311867261.779918 0.056198265 -0.058326323 -0.850922823 0.050758339 -0.046758279 -0.052458432 0.996235609
1311867261.811956 0.057726126 -0.056074198 -0.857914984 0.050000932 -0.045896783 -0.052035451 0.996336162
1311867261.848006 0.054456096 -0.057509016 -0.860098720 0.049541768 -0.045878302 -0.051429480 0.996391416
1311867261.880073 0.056287117 -0.051028833 -0.865057290 0.049332425 -0.047255371 -0.051192686 0.996349633
1311867261.912163 0.057966955 -0.050099652 -0.865846753 0.047169615 -0.046937332 -0.050636571 0.996497810
1311867261.948000 0.056786612 -0.050133880 -0.872412264 0.046441227 -0.045953352 -0.051164497 0.996550918
1311867261.980242 0.058074735 -0.046556335 -0.872987926 0.045848086 -0.046024669 -0.051309094 0.996567607
1311867262.011962 0.056235880 -0.046363924 -0.877557755 0.044372387 -0.045239497 -0.051040880 0.996684194
1311867262.047907 0.053909410 -0.048194330 -0.880979300 0.043300766 -0.045179758 -0.051413167 0.996714890
1311867262.080301 0.059455462 -0.045771960 -0.883978069 0.043768026 -0.046223748 -0.050852481 0.996675432
1311867262.117955 0.059072759 -0.042025201 -0.888708770 0.043906514 -0.046004504 -0.050401647 0.996702373
1311867262.147860 0.056974038 -0.040267445 -0.893504500 0.042937472 -0.045508128 -0.050620608 0.996756196
1311867262.180119 0.057656389 -0.041252211 -0.893743753 0.042377502 -0.045752991 -0.050492853 0.996775508
1311867262.212167 0.058688700 -0.041679371 -0.901249886 0.043013211 -0.045421608 -0.050029982 0.996786773
1311867262.247855 0.059164125 -0.039825283 -0.902966738 0.044091158 -0.044851381 -0.050110091 0.996761441
1311867262.279909 0.060541205 -0.034471169 -0.909529746 0.045267474 -0.043869350 -0.049479965 0.996783912
1311867262.312207 0.061062615 -0.034131519 -0.916395128 0.045225289 -0.043143172 -0.049177274 0.996832490
1311867262.347903 0.058443293 -0.032106839 -0.918373883 0.046469308 -0.042602055 -0.049247243 0.996795058
1311867262.379904 0.061426636 -0.029377183 -0.923399091 0.047114693 -0.042293802 -0.049105357 0.996784925
1311867262.411961 0.059851613 -0.029515976 -0.930513084 0.047271669 -0.041647762 -0.048787691 0.996820271
1311867262.448089 0.057885103 -0.028256968 -0.934173048 0.048967671 -0.041594662 -0.049239818 0.996718347
1311867262.479872 0.060080335 -0.022962250 -0.944757104 0.050055753 -0.040668532 -0.049101513 0.996709347
1311867262.512133 0.061959259 -0.023448903 -0.950521052 0.050743051 -0.039081331 -0.048734926 0.996756136
1311867262.547912 0.058517043 -0.022555547 -0.956178069 0.052449461 -0.037130296 -0.048590638 0.996749401
1311867262.579872 0.058741245 -0.017296692 -0.959708571 0.054165013 -0.037371535 -0.048124824 0.996671200
1311867262.612224 0.057859484 -0.013254492 -0.964724958 0.053869884 -0.037303615 -0.048165016 0.996687829
1311867262.647862 0.060867626 -0.013584540 -0.968566000 0.053129394 -0.036821924 -0.047720857 0.996766865
1311867262.680238 0.057185367 -0.010601522 -0.974052191 0.053169724 -0.036548201 -0.045941375 0.996858358
1311867262.712055 0.055901445 -0.009324946 -0.976265311 0.052774016 -0.038165241 -0.044802971 0.996870637
1311867262.748013 0.060461409 -0.011958034 -0.981721222 0.052369367 -0.039325148 -0.043996647 0.996882796
1311867262.780047 0.063815221 -0.010584217 -0.982572675 0.053370845 -0.038653057 -0.043429624 0.996880829
1311867262.812118 0.063783698 -0.012190297 -0.984066069 0.054430060 -0.037441723 -0.043057121 0.996885955
1311867262.847972 0.064533673 -0.011724968 -0.989667356 0.055351701 -0.035851236 -0.042398736 0.996921897
1311867262.880083 0.064533651 -0.010195934 -0.990783572 0.056652546 -0.035092436 -0.041503996 0.996913433
1311867262.912008 0.068095870 -0.010389330 -0.995967686 0.057312302 -0.034474086 -0.040803779 0.996926248
1311867262.947979 0.069066629 -0.010105991 -1.000627637 0.058435142 -0.033030581 -0.040505052 0.996922135
1311867262.979967 0.066667408 -0.010746650 -1.002548575 0.059838414 -0.031968087 -0.040965911 0.996854663
1311867263.012291 0.068737112 -0.011267380 -1.006651044 0.061173286 -0.031762015 -0.041832138 0.996744275
1311867263.048000 0.067280255 -0.010907944 -1.008639336 0.063494392 -0.031326793 -0.042450793 0.996586740
1311867263.079930 0.068901449 -0.008631800 -1.013595700 0.065879777 -0.031982251 -0.042841781 0.996394336
1311867263.111968 0.068899639 -0.008852169 -1.015825510 0.068258524 -0.032388519 -0.043674789 0.996184886
1311867263.148043 0.070635796 -0.005722980 -1.017049313 0.070325352 -0.033027884 -0.044621535 0.995978177
1311867263.180026 0.065653488 -0.005794325 -1.019163370 0.072038785 -0.033138189 -0.045275886 0.995822489
1311867263.212088 0.064921871 -0.001137210 -1.021535277 0.073035516 -0.034626894 -0.046209253 0.995656371
1311867263.248034 0.070327267 -0.001801475 -1.024381638 0.072916724 -0.036655147 -0.046739284 0.995567739
1311867263.280002 0.065155737 -0.001749173 -1.023742914 0.073306471 -0.036566466 -0.047833364 0.995490372
1311867263.312094 0.066364832 -0.001206554 -1.026754022 0.073779210 -0.037570253 -0.049700078 0.995326638
1311867263.348120 0.069713734 -0.000277915 -1.034728765 0.073514372 -0.038621463 -0.051256090 0.995227098
1311867263.380039 0.067595445 -0.004427480 -1.033202291 0.073512718 -0.038581070 -0.052469853 0.995165527
1311867263.412375 0.066723242 -0.002510305 -1.033104539 0.075482205 -0.039346412 -0.054658663 0.994870245
1311867263.448153 0.070471406 0.000484963 -1.040435195 0.076042302 -0.039695166 -0.055816524 0.994749427
1311867263.480018 0.068397053 -0.002429597 -1.040370464 0.075964056 -0.039189767 -0.056339003 0.994746029
1311867263.511993 0.068769649 0.000332917 -1.047400117 0.077383444 -0.039561637 -0.056935005 0.994587958
1311867263.547977 0.070600413 0.000008489 -1.047968864 0.077430509 -0.040098790 -0.057144135 0.994550765
1311867263.580059 0.071287900 -0.000017201 -1.045780897 0.077628516 -0.039458435 -0.058058169 0.994507968
1311867263.612205 0.074934423 0.000651321 -1.059502363 0.077889010 -0.039590117 -0.057309136 0.994525850
1311867263.648021 0.078658506 0.001970140 -1.063179016 0.077882960 -0.040555149 -0.056874815 0.994512379
1311867263.679956 0.083036825 0.003217931 -1.065374017 0.078183129 -0.040808622 -0.056558393 0.994496465
1311867263.712221 0.082316644 0.003379947 -1.068324566 0.078517787 -0.040633500 -0.056742366 0.994466841
1311867263.748100 0.084677517 0.003981479 -1.071045995 0.078274861 -0.041156873 -0.056236520 0.994493186
1311867263.780318 0.083366185 0.004568070 -1.074825883 0.078052141 -0.041825082 -0.056215513 0.994484007
1311867263.812318 0.086626142 0.005815720 -1.078641534 0.077799462 -0.042979524 -0.056527957 0.994436860
1311867263.848119 0.089925177 0.005992943 -1.081412554 0.077796698 -0.043378316 -0.056833982 0.994402289
1311867263.880150 0.088595502 0.005014628 -1.084972858 0.077863999 -0.043040864 -0.057276994 0.994386315
1311867263.912334 0.089357547 0.005321519 -1.087581277 0.079246983 -0.042857818 -0.058165006 0.994233370
1311867263.948206 0.092043050 0.009062301 -1.089259863 0.079354830 -0.042690165 -0.058579996 0.994207621
1311867263.979999 0.094322547 0.010129376 -1.091475725 0.078389600 -0.042015746 -0.058852434 0.994296789
1311867264.012231 0.093310304 0.008181952 -1.092780948 0.078197911 -0.041812513 -0.059785713 0.994264781
1311867264.048127 0.096222766 0.012226032 -1.094139814 0.078467481 -0.042127129 -0.060177159 0.994206667
1311867264.080210 0.095952228 0.011169044 -1.098229289 0.076937214 -0.041421745 -0.060528107 0.994334638
1311867264.112282 0.097398125 0.010021131 -1.101893306 0.076284595 -0.041013800 -0.061260879 0.994356930
1311867264.147983 0.097750999 0.013021644 -1.102597713 0.076517306 -0.041344956 -0.061673045 0.994299889
1311867264.180145 0.099707514 0.015646871 -1.105590820 0.075221784 -0.042135112 -0.061498892 0.994376302
1311867264.212109 0.099879444 0.011809008 -1.108762622 0.074225627 -0.042267554 -0.061948031 0.994417667
1311867264.248024 0.098294988 0.013047366 -1.108115673 0.075110912 -0.042774830 -0.062102571 0.994319856
1311867264.280169 0.100041285 0.015163814 -1.111255050 0.075790592 -0.043928754 -0.062207550 0.994211376
1311867264.312006 0.102361381 0.014484020 -1.115740418 0.076062389 -0.044855531 -0.062087830 0.994156778
1311867264.348192 0.102056585 0.014401389 -1.117664576 0.077399701 -0.045607235 -0.062514395 0.993992567
1311867264.380241 0.101581365 0.016463619 -1.117768407 0.078523293 -0.047093105 -0.062469445 0.993837953
1311867264.412214 0.101695575 0.016653402 -1.120424390 0.078757539 -0.048743319 -0.063340090 0.993684769
1311867264.448004 0.099561706 0.017613851 -1.123798728 0.080297977 -0.050233953 -0.064327501 0.993423760
1311867264.480074 0.103460513 0.022492792 -1.127238393 0.080941901 -0.052369356 -0.064086482 0.993276894
1311867264.512227 0.103492916 0.020745385 -1.127903581 0.081296645 -0.054013431 -0.064930096 0.993104994
1311867264.548155 0.101524740 0.021936309 -1.128251910 0.082193248 -0.055497099 -0.065859325 0.992888153
1311867264.580092 0.104740903 0.021186683 -1.130663872 0.082717359 -0.057166643 -0.066624716 0.992698848
1311867264.612330 0.105142809 0.021570209 -1.136510968 0.083058521 -0.058437813 -0.067476906 0.992538750
1311867264.648092 0.106321812 0.021430830 -1.136639953 0.084139243 -0.059966542 -0.068327174 0.992298365
1311867264.680199 0.105232589 0.023163512 -1.137657166 0.084862776 -0.061333798 -0.068829209 0.992118478
1311867264.712454 0.109818324 0.021439811 -1.144829154 0.084954917 -0.062593713 -0.068896346 0.992027283
1311867264.747965 0.109205075 0.023580059 -1.145590305 0.086241014 -0.063199475 -0.069868572 0.991809905
1311867264.780125 0.108007587 0.025762673 -1.147411704 0.086674511 -0.064300247 -0.070643082 0.991646409
1311867264.812115 0.107615151 0.025345728 -1.146381855 0.086071052 -0.064872108 -0.071101390 0.991628945
1311867264.848189 0.111101367 0.022480890 -1.154939413 0.084797941 -0.064646341 -0.071473941 0.991726637
1311867264.880141 0.111704178 0.022061933 -1.159043670 0.084504627 -0.064756602 -0.071319073 0.991755605
1311867264.912230 0.112106621 0.023450803 -1.160383940 0.084587872 -0.065129183 -0.071238756 0.991729915
1311867264.948186 0.114956833 0.021888169 -1.160671473 0.084276296 -0.065101795 -0.070861652 0.991785228
1311867264.980433 0.113544717 0.022212980 -1.159379244 0.084777705 -0.064125851 -0.070845678 0.991807282
1311867265.012192 0.114754021 0.023854384 -1.161434054 0.085068122 -0.064313382 -0.069961391 0.991833031
1311867265.048128 0.114973001 0.023251178 -1.161650538 0.085076846 -0.063694336 -0.069398209 0.991911769
1311867265.080210 0.115892150 0.024163920 -1.161888480 0.085393079 -0.063308552 -0.068837717 0.991948307
1311867265.112164 0.114960104 0.022843581 -1.161806583 0.085517541 -0.063267037 -0.068054624 0.991994321
1311867265.148104 0.115196556 0.022946656 -1.161600947 0.086167119 -0.063093938 -0.067134529 0.992011786
1311867265.180303 0.117102511 0.021684989 -1.164750457 0.086592607 -0.062459026 -0.066468641 0.992059767
1311867265.212300 0.116230115 0.021287728 -1.164995909 0.087349132 -0.060956601 -0.065989152 0.992118895
1311867265.248214 0.117421597 0.021424055 -1.165829301 0.088518962 -0.059925724 -0.065770082 0.992092609
1311867265.280318 0.115566604 0.022274893 -1.170014024 0.089842729 -0.058838151 -0.065659516 0.992045999
1311867265.312310 0.116964109 0.021461891 -1.169542789 0.090988062 -0.058144871 -0.065134987 0.992017090
1311867265.348200 0.117046557 0.020322846 -1.173771024 0.092641532 -0.056606870 -0.064866848 0.991970539
1311867265.380133 0.117474183 0.023847930 -1.176062584 0.094393797 -0.055931948 -0.064267546 0.991882622
1311867265.412207 0.116465911 0.023941601 -1.177873492 0.094803415 -0.055590022 -0.063639693 0.991903245
1311867265.448180 0.113836624 0.022778597 -1.178594232 0.095897458 -0.055457391 -0.063059434 0.991842628
1311867265.480231 0.115528613 0.025934285 -1.183098435 0.097045884 -0.055837803 -0.062509097 0.991744399
1311867265.512277 0.115144446 0.025771830 -1.183741450 0.096877761 -0.055736963 -0.061689291 0.991817832
1311867265.548378 0.116471462 0.023484262 -1.188678503 0.096685864 -0.055482253 -0.060622808 0.991916597
1311867265.580223 0.116078012 0.022681635 -1.188164473 0.097679593 -0.055372123 -0.059713118 0.991880596
1311867265.612065 0.119117081 0.022824015 -1.188561797 0.098826252 -0.055020228 -0.058955964 0.991831899
1311867265.648285 0.116544217 0.025364012 -1.188697457 0.100101709 -0.054663736 -0.057905588 0.991785586
1311867265.680305 0.123248428 0.028930150 -1.192069292 0.100426003 -0.054578077 -0.056476418 0.991839886
1311867265.712166 0.119084314 0.027355490 -1.194891334 0.100471005 -0.053294312 -0.056214735 0.991919994
1311867265.748225 0.119130850 0.029760510 -1.195493102 0.100795597 -0.053655710 -0.055603184 0.991902053
1311867265.780694 0.120807543 0.032991521 -1.196412444 0.099800296 -0.053717539 -0.054429259 0.992064416
1311867265.812278 0.120505065 0.031627312 -1.194468737 0.098593779 -0.052967828 -0.053529277 0.992274344
1311867265.848187 0.118038893 0.034591883 -1.196530461 0.098508172 -0.052520867 -0.053109858 0.992329180
1311867265.880193 0.119386919 0.036174349 -1.198351502 0.097447097 -0.052987479 -0.052367672 0.992448509
1311867265.912326 0.119428881 0.033779792 -1.199538708 0.096543305 -0.052677777 -0.052163657 0.992564082
1311867265.948259 0.119215727 0.032692686 -1.201214314 0.096907884 -0.051964223 -0.052061774 0.992571473
1311867265.980599 0.116794102 0.033838578 -1.200939655 0.097635560 -0.052164122 -0.051649250 0.992511332
1311867266.012180 0.117909841 0.033246186 -1.201367378 0.097583398 -0.052639529 -0.051420912 0.992503166
1311867266.048362 0.117372729 0.031869560 -1.200834155 0.097687118 -0.052588578 -0.050942555 0.992520332
1311867266.080451 0.116372019 0.031661294 -1.203014016 0.098114707 -0.053111300 -0.050263498 0.992484927
1311867266.112239 0.117038161 0.031823277 -1.201784253 0.098964080 -0.053832438 -0.050545443 0.992347419
1311867266.148464 0.121045202 0.032027900 -1.206614494 0.099525034 -0.054416552 -0.050258592 0.992274046
1311867266.180282 0.119471587 0.033293363 -1.209371805 0.099986851 -0.053943448 -0.050178550 0.992257476
1311867266.212181 0.118049294 0.033464346 -1.208018064 0.100725025 -0.054116048 -0.050068393 0.992179036
1311867266.248205 0.117881134 0.034480374 -1.210550189 0.101235919 -0.054500815 -0.050203696 0.992099106
1311867266.280227 0.119024254 0.034237202 -1.211742043 0.102130808 -0.054458074 -0.049963512 0.992021799
1311867266.312311 0.118227303 0.033442855 -1.214029670 0.103166752 -0.054407034 -0.049810361 0.991925180
1311867266.348175 0.117074281 0.034800194 -1.215842366 0.104221128 -0.054875281 -0.050392292 0.991759777
1311867266.380379 0.116953507 0.036241665 -1.217635393 0.105326906 -0.055229023 -0.050572559 0.991614103
1311867266.412323 0.114356779 0.033258457 -1.217149019 0.106480792 -0.055533014 -0.050682504 0.991468191
1311867266.448402 0.112946562 0.035258573 -1.220858932 0.108263716 -0.056021083 -0.050722130 0.991245687
1311867266.480472 0.115764655 0.034520853 -1.220572472 0.109218501 -0.057280801 -0.050811756 0.991064250
1311867266.512523 0.114419706 0.032006692 -1.220822215 0.110615864 -0.057366610 -0.051158458 0.990886569
1311867266.548233 0.114695445 0.031840283 -1.221778631 0.112748586 -0.057778835 -0.051462606 0.990606427
1311867266.580375 0.117269568 0.032387700 -1.223183990 0.113968387 -0.058004480 -0.051794093 0.990436375
1311867266.612250 0.115580566 0.032762248 -1.224138856 0.115369484 -0.057662502 -0.052107871 0.990277588
1311867266.648261 0.115472436 0.035144735 -1.225633502 0.116878867 -0.057808436 -0.052367304 0.990078390
1311867266.680311 0.117862970 0.035386138 -1.224964142 0.116817012 -0.057440843 -0.052465852 0.990101874
1311867266.712145 0.116568580 0.031877022 -1.228415608 0.116896912 -0.056850068 -0.052881822 0.990104437
1311867266.748428 0.115909547 0.032335408 -1.232256174 0.118131146 -0.056617334 -0.053198978 0.989954293
1311867266.780320 0.119938686 0.037989870 -1.229197264 0.118532695 -0.056627452 -0.052943375 0.989919364
1311867266.812282 0.120773420 0.035803720 -1.231426358 0.118356347 -0.056254204 -0.052969102 0.989960372
1311867266.848160 0.118589252 0.036743060 -1.228564858 0.118814662 -0.055632502 -0.053521834 0.989910901
1311867266.880318 0.118086442 0.038632907 -1.228741050 0.118376836 -0.055168096 -0.053415235 0.989995122
1311867266.912179 0.117226057 0.038277272 -1.227130651 0.117144182 -0.054355353 -0.053925812 0.990158975
1311867266.948171 0.116988927 0.039441414 -1.228023052 0.115933336 -0.054008108 -0.054007966 0.990316033
1311867266.980363 0.115844794 0.042440109 -1.227352858 0.113596581 -0.053807646 -0.054141283 0.990590394
1311867267.012371 0.114987031 0.040306896 -1.225109696 0.110578403 -0.053559586 -0.054879159 0.990904689
1311867267.048343 0.113987789 0.038122322 -1.226390600 0.107605986 -0.053233232 -0.055265609 0.991228044
1311867267.080246 0.112586290 0.034189459 -1.223340750 0.105418026 -0.052482057 -0.055115961 0.991511405
1311867267.112351 0.110546730 0.034117233 -1.224016309 0.104952864 -0.052902520 -0.055368878 0.991524339
1311867267.148264 0.110125124 0.034612067 -1.221970677 0.103790008 -0.053716958 -0.055496052 0.991595924
1311867267.180231 0.110412769 0.030112296 -1.220367670 0.102946155 -0.053587064 -0.056203399 0.991650999
1311867267.212337 0.110826656 0.031890742 -1.222696185 0.103315331 -0.053751100 -0.056592323 0.991581678
1311867267.248213 0.114001215 0.033868242 -1.220337152 0.102350980 -0.053906489 -0.056802846 0.991661191
1311867267.280459 0.111372285 0.031491313 -1.220309138 0.100706048 -0.053223893 -0.057125803 0.991847873
1311867267.312219 0.110399194 0.030907650 -1.220642447 0.100747935 -0.052329447 -0.057566419 0.991865754
1311867267.348391 0.108927563 0.031792540 -1.220399022 0.100549340 -0.052036416 -0.057914764 0.991881073
1311867267.380442 0.110582337 0.032577764 -1.218777299 0.099497706 -0.051645707 -0.057822600 0.992012858
1311867267.412292 0.110534050 0.029664084 -1.220674038 0.098190494 -0.050358132 -0.057966556 0.992200911
1311867267.448184 0.110200137 0.029128246 -1.219276786 0.098023735 -0.049463809 -0.057930704 0.992264509
1311867267.480293 0.109009199 0.028587969 -1.216827869 0.097811207 -0.048784174 -0.057839803 0.992324412
1311867267.512328 0.109421425 0.030455466 -1.214544296 0.097201362 -0.048659753 -0.057277165 0.992423058
1311867267.548255 0.110640481 0.030532047 -1.217987061 0.095631294 -0.047214620 -0.057206348 0.992649496
1311867267.580291 0.107299596 0.029263217 -1.212240815 0.095227808 -0.045778047 -0.057454452 0.992741227
1311867267.612361 0.106431931 0.031326015 -1.210696459 0.094282307 -0.045749281 -0.056592636 0.992882252
1311867267.648438 0.107763313 0.027680559 -1.209411860 0.092316203 -0.045663908 -0.056798439 0.993059218
1311867267.680321 0.106697969 0.025642296 -1.205846190 0.092445366 -0.044942908 -0.057469103 0.993041515
1311867267.712540 0.105906114 0.028531810 -1.205805659 0.092160039 -0.044778559 -0.057214186 0.993090153
1311867267.748385 0.105091244 0.025038004 -1.206092358 0.090935551 -0.044984832 -0.056770846 0.993219137
1311867267.780391 0.105001986 0.023552299 -1.206722379 0.091732346 -0.045056436 -0.056717958 0.993145645
1311867267.812725 0.105467886 0.025415417 -1.203653932 0.092272572 -0.045422342 -0.056878500 0.993069708
1311867267.848368 0.101993762 0.027846973 -1.199475408 0.091270819 -0.045261558 -0.056905076 0.993168116
1311867267.883594 0.102383345 0.023978638 -1.199320793 0.089976989 -0.045279492 -0.056738090 0.993294895
1311867267.912736 0.102234580 0.023756243 -1.198918581 0.090503268 -0.045710605 -0.056739967 0.993227243
1311867267.948451 0.102298923 0.026564384 -1.196631074 0.090781234 -0.046420310 -0.056653760 0.993173897
1311867267.980316 0.102202989 0.024196839 -1.194563031 0.089590110 -0.046601430 -0.056589942 0.993277192
1311867268.012300 0.100834832 0.020876268 -1.191285014 0.089802146 -0.046355505 -0.056592882 0.993269384
1311867268.048405 0.100769527 0.021824760 -1.188560128 0.090482980 -0.046383042 -0.056519542 0.993210495
1311867268.080313 0.101141199 0.022089915 -1.189334512 0.089645863 -0.046624798 -0.056189649 0.993293762
1311867268.112446 0.101386428 0.019419765 -1.186388135 0.089342810 -0.045973841 -0.056638766 0.993325949
1311867268.148507 0.099579655 0.019830020 -1.182790160 0.089508161 -0.044865433 -0.056559503 0.993366241
1311867268.180509 0.098732986 0.020926068 -1.179903984 0.088915236 -0.044272684 -0.056565009 0.993445694
1311867268.212453 0.099235095 0.019585969 -1.180829883 0.087262839 -0.043826468 -0.056387924 0.993622124
1311867268.248305 0.097798571 0.017374437 -1.177784204 0.086708292 -0.043006662 -0.056645375 0.993691862
1311867268.280500 0.095499232 0.019011855 -1.172246099 0.086553745 -0.042513039 -0.056538247 0.993732631
1311867268.312510 0.094685979 0.015149624 -1.171098828 0.085260838 -0.042410742 -0.056690261 0.993840098
1311867268.348270 0.094037563 0.013736885 -1.168877125 0.085667461 -0.042382535 -0.057129681 0.993781149
1311867268.380493 0.096461289 0.015280290 -1.171011686 0.085523687 -0.042459179 -0.056878593 0.993804693
1311867268.412369 0.095621206 0.013186284 -1.169499278 0.084458828 -0.042205941 -0.056480430 0.993929327
1311867268.448606 0.092152692 0.012167602 -1.166145086 0.084167302 -0.042074483 -0.056732085 0.993945241
1311867268.480858 0.093189940 0.013433378 -1.163971424 0.083645426 -0.042398926 -0.057018984 0.993959069
1311867268.512523 0.089653775 0.010855108 -1.158445120 0.082721055 -0.041699201 -0.057184465 0.994056523
1311867268.548506 0.089040883 0.008753309 -1.159938216 0.082403980 -0.040935241 -0.057818066 0.994078040
1311867268.580494 0.090277188 0.011075459 -1.157606959 0.082306221 -0.040971782 -0.057472013 0.994104624
1311867268.616531 0.088235594 0.009534180 -1.150190949 0.081512436 -0.040452827 -0.058023125 0.994159281
1311867268.648346 0.086315297 0.007279325 -1.148294330 0.081192650 -0.040144347 -0.057945494 0.994202495
1311867268.680446 0.084362008 0.008136341 -1.147691250 0.080995582 -0.040150724 -0.058214329 0.994202554
1311867268.716434 0.083677411 0.004588561 -1.145027518 0.080546223 -0.039909478 -0.057954445 0.994264007
1311867268.748466 0.081779361 0.004364081 -1.140229702 0.081046924 -0.039225757 -0.058036219 0.994245708
1311867268.780581 0.082294837 0.005962028 -1.138185263 0.081194162 -0.038758155 -0.057982229 0.994255185
1311867268.816596 0.079912007 0.004175809 -1.133028984 0.080556467 -0.038276725 -0.057913613 0.994329810
1311867268.848629 0.078505345 0.003489361 -1.135112405 0.080370300 -0.037984982 -0.058192380 0.994339705
1311867268.880642 0.077774920 0.005280955 -1.130517960 0.080364801 -0.037916280 -0.058048122 0.994351208
1311867268.916457 0.074942268 0.003414810 -1.126840830 0.078644902 -0.037415851 -0.057884973 0.994517207
1311867268.948366 0.074146271 0.002664722 -1.121644855 0.078035288 -0.037090369 -0.058225039 0.994557559
1311867268.980529 0.072236814 0.003722711 -1.118045211 0.077230811 -0.037003670 -0.057684135 0.994655132
1311867269.016581 0.071398661 0.000530121 -1.117040277 0.076009519 -0.037028428 -0.057342116 0.994768023
1311867269.048325 0.070036709 -0.001450769 -1.109862924 0.075649492 -0.036913849 -0.056709532 0.994836032
1311867269.082135 0.068915337 -0.001401968 -1.108142138 0.075232588 -0.036503043 -0.056562744 0.994891107
1311867269.116536 0.067398101 -0.003402251 -1.104697108 0.075064100 -0.036093075 -0.056879606 0.994900703
1311867269.148627 0.066123210 -0.002528450 -1.102802873 0.074782588 -0.035910111 -0.056513105 0.994949400
1311867269.180463 0.062825218 -0.003334198 -1.095597982 0.073955685 -0.035309240 -0.056519154 0.995032430
1311867269.216287 0.061921492 -0.002855542 -1.095144510 0.073354684 -0.035231069 -0.056491703 0.995081246
1311867269.248318 0.058592029 -0.003663499 -1.089477420 0.072365128 -0.034661792 -0.056461569 0.995175302
1311867269.280464 0.056244891 -0.004002726 -1.087370038 0.071712933 -0.034390707 -0.056541722 0.995227456
1311867269.316373 0.055546753 -0.003834052 -1.082859278 0.070999905 -0.034141187 -0.056828935 0.995270789
1311867269.348345 0.058117900 -0.004404877 -1.082880497 0.069745712 -0.033821400 -0.056882396 0.995367289
1311867269.380431 0.050449628 -0.004139474 -1.075908780 0.068110190 -0.032863367 -0.056276042 0.995547175
1311867269.416552 0.050181903 -0.002460731 -1.072092533 0.066861920 -0.033532139 -0.056256164 0.995610595
1311867269.448314 0.049874712 -0.003839503 -1.067186475 0.064780943 -0.033657108 -0.056133833 0.995750844
1311867269.480591 0.047837324 -0.002298528 -1.064629912 0.063313700 -0.033138681 -0.055365566 0.995905578
1311867269.516521 0.044761106 -0.002011258 -1.060291767 0.060864910 -0.032924231 -0.054828446 0.996095002
1311867269.548348 0.047402162 -0.001189570 -1.057503939 0.058926001 -0.033113346 -0.054910198 0.996200919
1311867269.580494 0.044407338 -0.002751042 -1.053586721 0.056477096 -0.032110978 -0.055323776 0.996352613
1311867269.616429 0.041685980 -0.004800043 -1.050443888 0.054944314 -0.031181796 -0.054861713 0.996493340
1311867269.648449 0.039050307 -0.005018790 -1.048437357 0.054562449 -0.031168427 -0.055228967 0.996494532
1311867269.680483 0.036965955 -0.001362332 -1.042314410 0.053234745 -0.031366616 -0.055889115 0.996523321
1311867269.716488 0.039436515 -0.004451402 -1.042801023 0.050469469 -0.031281207 -0.056268360 0.996648490
1311867269.748333 0.038025193 -0.006372525 -1.042093992 0.049543876 -0.031419192 -0.056317899 0.996687770
1311867269.780366 0.036591657 -0.005810853 -1.039534450 0.048974086 -0.031748060 -0.056841366 0.996675849
1311867269.816455 0.033520404 -0.004832665 -1.034350157 0.048086997 -0.031554900 -0.056883745 0.996722758
1311867269.848489 0.032420725 -0.008402856 -1.035823822 0.046512332 -0.031409405 -0.057842623 0.996746898
1311867269.880365 0.032268092 -0.008592249 -1.030546308 0.046469525 -0.031076172 -0.058859721 0.996699810
1311867269.916502 0.030421732 -0.009277440 -1.028059006 0.045744024 -0.030655993 -0.058552206 0.996764481
1311867269.948447 0.028021034 -0.010529833 -1.025166273 0.044983238 -0.029689601 -0.058826718 0.996812165
1311867269.980791 0.029670902 -0.010509594 -1.023867846 0.044853080 -0.029548617 -0.059131321 0.996804237
1311867270.016606 0.030219559 -0.012041611 -1.023245096 0.044329971 -0.029165788 -0.058922973 0.996851265
1311867270.048449 0.029023401 -0.013579833 -1.018926024 0.043960087 -0.028085319 -0.058804568 0.996905565
1311867270.080609 0.027056340 -0.012727641 -1.014663100 0.043749366 -0.026821434 -0.059482649 0.996909440
1311867270.116645 0.030798806 -0.013952749 -1.017263174 0.042434696 -0.025947338 -0.059802655 0.996970236
1311867270.148642 0.027024414 -0.015078887 -1.010459781 0.041452661 -0.024980275 -0.059440654 0.997057974
1311867270.180528 0.026258169 -0.014528416 -1.008547187 0.040432721 -0.024267705 -0.059316952 0.997124791
1311867270.216437 0.025816200 -0.015145736 -1.004993200 0.038993545 -0.024112545 -0.059031498 0.997202754
1311867270.248393 0.027619943 -0.016854336 -1.005469203 0.037533283 -0.024055645 -0.058915090 0.997267127
1311867270.280555 0.025982523 -0.021232206 -1.001173019 0.036841430 -0.023950577 -0.058977280 0.997291744
1311867270.316658 0.026517726 -0.018561054 -0.998495936 0.036774453 -0.024214480 -0.059194271 0.997274935
1311867270.348361 0.027563849 -0.020321248 -0.994160414 0.035395596 -0.023721032 -0.059032109 0.997346342
1311867270.380591 0.026958499 -0.023443196 -0.991979659 0.035331458 -0.023055041 -0.059352927 0.997345209
1311867270.416411 0.025538636 -0.020219509 -0.989732683 0.035479091 -0.023310101 -0.059356935 0.997333765
1311867270.448370 0.025026353 -0.020910103 -0.984213173 0.033569649 -0.023623120 -0.059392061 0.997390449
1311867270.480611 0.021754898 -0.027162071 -0.980894089 0.032535631 -0.023045095 -0.060419463 0.997376561
1311867270.516588 0.024747932 -0.026472853 -0.979264915 0.032255691 -0.023447299 -0.059765846 0.997415602
1311867270.548435 0.024031809 -0.026959006 -0.975436985 0.031091409 -0.023869038 -0.059705708 0.997446179
1311867270.580811 0.024797805 -0.031970449 -0.973031521 0.030606436 -0.024280610 -0.059868269 0.997441471
1311867270.616443 0.024242764 -0.032499298 -0.973406792 0.030843249 -0.024514545 -0.060221847 0.997407258
1311867270.648558 0.026254172 -0.032835014 -0.967985451 0.030565558 -0.024424655 -0.060110372 0.997424722
1311867270.680625 0.024729744 -0.033725433 -0.965826273 0.030277396 -0.023731615 -0.060260277 0.997441113
1311867270.716482 0.024218250 -0.035269946 -0.962203324 0.029972784 -0.023773048 -0.060252000 0.997449875
1311867270.748564 0.024807394 -0.033651747 -0.959464073 0.029733043 -0.023883648 -0.060247142 0.997454703
1311867270.780573 0.023445213 -0.036894083 -0.955107987 0.028499750 -0.023334609 -0.060692508 0.997476697
1311867270.816524 0.026074976 -0.036893275 -0.956454635 0.028538324 -0.023448156 -0.060421571 0.997489333
1311867270.848467 0.026733581 -0.035808440 -0.954377294 0.027711930 -0.023713809 -0.060613081 0.997494757
1311867270.880574 0.027786281 -0.038147125 -0.951628506 0.026398607 -0.023674985 -0.060670946 0.997527778
1311867270.916494 0.023309451 -0.040633462 -0.946386993 0.026717814 -0.023110975 -0.061681144 0.997470617
1311867270.948425 0.028528804 -0.036555387 -0.946609259 0.025840325 -0.023762073 -0.061105341 0.997513831
1311867270.980570 0.027660010 -0.040165950 -0.942337155 0.022539325 -0.023501191 -0.060499888 0.997636974
1311867271.016615 0.025586721 -0.045346130 -0.940092027 0.022169936 -0.023837151 -0.060679596 0.997626364
1311867271.048583 0.026273889 -0.043640524 -0.939638913 0.022135124 -0.024923692 -0.060377117 0.997618914
1311867271.080591 0.027901299 -0.048460942 -0.935088634 0.021069072 -0.024921924 -0.060879432 0.997611523
1311867271.116562 0.027492944 -0.050185099 -0.932195544 0.021583891 -0.024083730 -0.061148062 0.997604668
1311867271.152897 0.030254411 -0.050304458 -0.932858706 0.022192117 -0.023819793 -0.060946986 0.997609973
1311867271.180582 0.031343274 -0.050354626 -0.930529416 0.021796487 -0.023652047 -0.060640067 0.997641385
1311867271.216570 0.030063270 -0.056042112 -0.929091156 0.022062989 -0.023109162 -0.061050374 0.997623205
1311867271.248477 0.031446844 -0.055860225 -0.927089989 0.022765230 -0.022917042 -0.060061328 0.997671962
1311867271.280629 0.032013562 -0.056098927 -0.923745811 0.021853941 -0.022838505 -0.060076591 0.997693181
1311867271.316655 0.029421054 -0.061523005 -0.918760717 0.021451307 -0.023102572 -0.059639793 0.997722030
1311867271.348780 0.031408593 -0.060315121 -0.916604221 0.022258820 -0.024939736 -0.059037711 0.997695923
1311867271.380667 0.033027284 -0.063036740 -0.912315309 0.021749055 -0.025782229 -0.058822535 0.997698426
1311867271.416663 0.031295471 -0.066204086 -0.910603642 0.022257103 -0.026260417 -0.058438066 0.997697353
1311867271.448701 0.032702211 -0.068457589 -0.905760050 0.022913866 -0.027725179 -0.058333937 0.997648954
1311867271.480623 0.033725735 -0.070680447 -0.903536081 0.024051065 -0.029020268 -0.057922382 0.997609377
1311867271.516531 0.034035452 -0.069618389 -0.902429223 0.024748709 -0.029558182 -0.057858318 0.997580230
1311867271.548770 0.032867052 -0.075108901 -0.896336675 0.025018422 -0.029594613 -0.057735197 0.997579515
1311867271.580572 0.032706205 -0.073558159 -0.894087076 0.026212901 -0.030150348 -0.057563614 0.997542143
1311867271.616650 0.032179408 -0.075155377 -0.889403343 0.025809217 -0.030896459 -0.057122558 0.997555256
1311867271.648669 0.034491841 -0.077599727 -0.882943511 0.025356827 -0.031696416 -0.057100441 0.997543037
1311867271.680718 0.032526784 -0.078416079 -0.878642678 0.024589071 -0.031480797 -0.057595000 0.997540653
1311867271.716588 0.032910440 -0.079274945 -0.872659504 0.023396473 -0.031687248 -0.057439916 0.997571647
1311867271.749245 0.031213477 -0.082610622 -0.869960964 0.022723688 -0.032674961 -0.058077894 0.997518420
1311867271.780613 0.026797602 -0.083678633 -0.863312125 0.022387294 -0.033382662 -0.058987096 0.997449279
1311867271.816503 0.026829118 -0.085112624 -0.857621968 0.021439305 -0.034643900 -0.059621263 0.997389376
1311867271.848511 0.025842566 -0.091035418 -0.852481127 0.020483728 -0.036225580 -0.060133211 0.997322559
1311867271.880653 0.024100050 -0.093926460 -0.845484972 0.021309029 -0.037564788 -0.060454767 0.997236192
1311867271.916677 0.027691884 -0.093134552 -0.844659448 0.021647707 -0.038533121 -0.060276549 0.997202754
1311867271.948723 0.027155751 -0.093265735 -0.837130904 0.020860961 -0.037858095 -0.060459141 0.997234344
1311867271.980726 0.025496034 -0.096934579 -0.829003572 0.019834980 -0.038359053 -0.060140286 0.997255445
1311867272.016678 0.024152765 -0.093360350 -0.820890605 0.018737204 -0.039086856 -0.060100991 0.997250736
1311867272.048486 0.025879258 -0.097406141 -0.815257013 0.016458519 -0.040275656 -0.059783902 0.997262716
1311867272.080587 0.027181018 -0.100048177 -0.806332052 0.015654730 -0.039812203 -0.060359091 0.997259617
1311867272.116570 0.025220426 -0.100908607 -0.800733805 0.015453967 -0.038912583 -0.060143396 0.997311294
1311867272.148719 0.026065033 -0.106772795 -0.797047436 0.014742956 -0.038973026 -0.060371421 0.997305870
1311867272.180820 0.029060194 -0.107725002 -0.792578638 0.014710832 -0.039254256 -0.060179926 0.997306943
1311867272.216614 0.029619891 -0.112208560 -0.789687335 0.014921554 -0.038813125 -0.060231291 0.997317970
1311867272.248840 0.030540742 -0.111240119 -0.784281492 0.015994418 -0.038547948 -0.060700506 0.997283220
1311867272.280675 0.028581871 -0.113523349 -0.779752791 0.015260714 -0.038348593 -0.060910407 0.997289598
1311867272.316580 0.031857364 -0.117184468 -0.776076019 0.014921435 -0.039462287 -0.061235249 0.997231364
1311867272.348617 0.032222353 -0.116985485 -0.771540940 0.015210466 -0.039252166 -0.061568938 0.997214794
1311867272.380604 0.031568449 -0.117945977 -0.765072525 0.014872160 -0.039750386 -0.061657581 0.997194648
1311867272.416575 0.031298827 -0.117827751 -0.757338345 0.014894768 -0.041269582 -0.062697075 0.997067750
1311867272.448579 0.031311780 -0.119863607 -0.754972219 0.014433907 -0.042461403 -0.063410148 0.996979415
1311867272.481087 0.033460714 -0.122026332 -0.752755702 0.014075316 -0.043210220 -0.063647792 0.996937215
1311867272.516777 0.033069044 -0.123064913 -0.750847220 0.014150670 -0.044022821 -0.064151198 0.996868312
1311867272.548588 0.032405138 -0.123589307 -0.746796131 0.014191924 -0.044802662 -0.064659029 0.996800125
1311867272.580582 0.035005804 -0.123710155 -0.742120206 0.013438665 -0.045574035 -0.064070217 0.996813655
1311867272.616652 0.033467267 -0.128814787 -0.741137624 0.012548595 -0.045729671 -0.064965203 0.996760190
1311867272.648589 0.036432903 -0.125457674 -0.734611213 0.012966708 -0.046447709 -0.065456755 0.996689498
1311867272.680692 0.035611045 -0.125950366 -0.731020331 0.012164350 -0.046797853 -0.066644996 0.996604502
1311867272.716489 0.035733156 -0.128534064 -0.728632689 0.011553722 -0.047684688 -0.067158945 0.996535182
1311867272.748655 0.037381727 -0.130625948 -0.727224410 0.011747728 -0.048181109 -0.068493769 0.996418178
1311867272.780656 0.040540308 -0.130209208 -0.721340418 0.013023850 -0.048577979 -0.068577498 0.996377289
1311867272.816623 0.041086350 -0.129078612 -0.717282057 0.013365950 -0.048390493 -0.068497151 0.996387422
1311867272.848505 0.038915887 -0.128087014 -0.712480187 0.013538554 -0.048689727 -0.068186983 0.996391833
1311867272.880537 0.043113407 -0.128177077 -0.710118294 0.013581837 -0.050211091 -0.067697354 0.996349037
1311867272.916603 0.046600848 -0.130896583 -0.707433403 0.013321552 -0.050722338 -0.068038538 0.996303439
1311867272.948743 0.046199147 -0.131341085 -0.706327736 0.014102323 -0.050344970 -0.067368947 0.996357381
1311867272.980676 0.048735850 -0.131599113 -0.705357075 0.014579375 -0.050975699 -0.066891648 0.996350586
1311867273.016608 0.051127683 -0.132038668 -0.700195909 0.015040236 -0.052155368 -0.066675551 0.996297181
1311867273.048578 0.054022536 -0.132083923 -0.699267268 0.016026473 -0.052881762 -0.066299856 0.996268570
1311867273.080754 0.057674795 -0.130577281 -0.697792828 0.016994758 -0.053292084 -0.066621222 0.996209204
1311867273.116731 0.058651723 -0.129274830 -0.696136773 0.016845921 -0.053221181 -0.066311836 0.996236205
1311867273.148641 0.056530792 -0.130867705 -0.694609761 0.015841458 -0.054171231 -0.066434242 0.996193290
1311867273.180697 0.057382401 -0.129627049 -0.692221820 0.015503754 -0.056048986 -0.067051262 0.996053398
1311867273.216838 0.060917098 -0.133211598 -0.689318359 0.014640253 -0.057520207 -0.067124866 0.995977581
1311867273.248544 0.060294244 -0.135259718 -0.689806759 0.014872265 -0.057990279 -0.067715347 0.995906949
1311867273.280714 0.060155675 -0.133323610 -0.687242806 0.015889440 -0.059328772 -0.068594612 0.995752215
1311867273.316838 0.063683018 -0.131401628 -0.683092058 0.015390949 -0.060888723 -0.068598963 0.995665610
1311867273.348732 0.065140739 -0.133486509 -0.677621663 0.014644501 -0.060884140 -0.068639822 0.995674253
1311867273.380697 0.066462837 -0.132163554 -0.675249577 0.015030746 -0.060915913 -0.068060651 0.995706320
1311867273.416830 0.066226199 -0.130640805 -0.677666605 0.014474458 -0.060161866 -0.068393230 0.995737612
1311867273.448644 0.069989577 -0.129407406 -0.671935022 0.012755060 -0.059476294 -0.067680299 0.995851099
1311867273.480769 0.070887163 -0.131146416 -0.668194354 0.011453133 -0.058525767 -0.067417823 0.995940983
1311867273.516690 0.072774909 -0.130063593 -0.663196862 0.009995316 -0.057234310 -0.067055516 0.996056199
1311867273.548807 0.072736867 -0.129276201 -0.662395179 0.007825280 -0.055254299 -0.065719739 0.996276438
1311867273.580631 0.074341685 -0.130572096 -0.653750837 0.006005807 -0.053608026 -0.064787522 0.996440053
1311867273.616742 0.074474417 -0.133547693 -0.650536180 0.006017383 -0.051221047 -0.063710883 0.996634901
1311867273.648674 0.074197538 -0.131856203 -0.646073222 0.006097974 -0.049569309 -0.062111001 0.996818900
1311867273.680974 0.077498361 -0.132098690 -0.642193496 0.005388142 -0.048870731 -0.060437337 0.996960342
1311867273.716707 0.075159371 -0.132476717 -0.639824331 0.004595175 -0.047804642 -0.059840087 0.997052073
1311867273.748711 0.080664165 -0.128912956 -0.633907318 0.002909330 -0.047812831 -0.058711439 0.997125089
1311867273.780735 0.080627926 -0.132770941 -0.631489217 0.000105827 -0.046050604 -0.058336440 0.997234285
1311867273.816639 0.080365822 -0.134472102 -0.624106407 -0.001533003 -0.044229086 -0.058482334 0.997307003
1311867273.849123 0.080132134 -0.135749549 -0.620859027 -0.002216649 -0.042875513 -0.058716040 0.997351110
1311867273.880737 0.081139937 -0.136955306 -0.618911266 -0.002520874 -0.042000759 -0.058666639 0.997390568
1311867273.916618 0.079893731 -0.137382835 -0.616244972 -0.002545368 -0.040987320 -0.059886586 0.997360110
1311867273.949213 0.081311375 -0.136013612 -0.611278296 -0.002685744 -0.040959474 -0.060653359 0.997314572
1311867273.980666 0.072655506 -0.138065949 -0.603928566 -0.003855681 -0.040297922 -0.061865930 0.997263193
1311867274.016822 0.074637294 -0.138225302 -0.605807841 -0.003909433 -0.041710217 -0.063062795 0.997129977
1311867274.048756 0.075047210 -0.137442544 -0.599718153 -0.005332038 -0.043252971 -0.064248867 0.996981919
1311867274.080678 0.069641687 -0.140755847 -0.596108139 -0.006916520 -0.043668769 -0.065170221 0.996894240
1311867274.116619 0.067029186 -0.139407173 -0.587345600 -0.007319186 -0.045088802 -0.066212438 0.996759415
1311867274.149224 0.068053134 -0.139496803 -0.583002150 -0.008355784 -0.046606079 -0.067148097 0.996618927
1311867274.180919 0.068009727 -0.144556701 -0.580003381 -0.009536970 -0.047421437 -0.068048544 0.996508777
1311867274.216954 0.064280555 -0.145615339 -0.567281723 -0.008517197 -0.047952104 -0.069551177 0.996388853
1311867274.248965 0.060914468 -0.143505394 -0.564282298 -0.006619967 -0.047950819 -0.069489121 0.996407628
1311867274.280784 0.063021928 -0.146730214 -0.562578440 -0.007175630 -0.048545852 -0.069325604 0.996386349
1311867274.317121 0.055479322 -0.148793414 -0.554740310 -0.007006360 -0.048088644 -0.070205711 0.996348143
1311867274.348830 0.056797106 -0.149499565 -0.552935421 -0.005742286 -0.049026169 -0.070490047 0.996290445
1311867274.380862 0.054556753 -0.149174586 -0.544264674 -0.005055455 -0.048494242 -0.070226729 0.996338844
1311867274.416837 0.051228393 -0.152732044 -0.539370000 -0.004465596 -0.048288010 -0.069977798 0.996369123
1311867274.448780 0.050133601 -0.151915103 -0.533059478 -0.003291560 -0.048281558 -0.068530068 0.996474683
1311867274.480661 0.050724078 -0.155535981 -0.530771434 -0.003012438 -0.048195153 -0.067639209 0.996540606
1311867274.516798 0.045182373 -0.158279762 -0.528491795 -0.002150980 -0.047309607 -0.067712232 0.996580303
1311867274.548944 0.044439141 -0.161193430 -0.520623803 -0.000611947 -0.047888283 -0.067748643 0.996552289
1311867274.580883 0.045297764 -0.161762893 -0.519080102 0.001075897 -0.048044387 -0.067454226 0.996564448
1311867274.616863 0.044731405 -0.163038656 -0.516190827 0.002304766 -0.047429435 -0.067135550 0.996613264
1311867274.649010 0.042271961 -0.163961440 -0.512660265 0.004047362 -0.046532761 -0.066919573 0.996664464
1311867274.680804 0.042926814 -0.164150193 -0.507799327 0.005363110 -0.046093125 -0.065708973 0.996759295
1311867274.716711 0.042779636 -0.165650785 -0.507509649 0.005841707 -0.045680031 -0.065620773 0.996781409
1311867274.748763 0.038629599 -0.167809889 -0.499782264 0.007069557 -0.045153618 -0.064880386 0.996845901
1311867274.780646 0.038326845 -0.166356355 -0.495445281 0.008601158 -0.045235936 -0.064400569 0.996861279
1311867274.816702 0.037893206 -0.169652835 -0.492336869 0.008977696 -0.045094658 -0.064890482 0.996832550
1311867274.848794 0.036031410 -0.168782577 -0.487475544 0.010295141 -0.044415843 -0.065123104 0.996835172
1311867274.880821 0.033264481 -0.169317782 -0.483162493 0.011046360 -0.044036601 -0.065555505 0.996815622
1311867274.916628 0.031341370 -0.168462366 -0.478166252 0.011815377 -0.044573236 -0.065529443 0.996784627
1311867274.948646 0.032166004 -0.168022469 -0.472677797 0.011340488 -0.045077834 -0.065296173 0.996782720
1311867274.980903 0.031763148 -0.173470065 -0.469198763 0.011561100 -0.044173721 -0.065661795 0.996796727
1311867275.016675 0.029491061 -0.170144439 -0.464617610 0.013290951 -0.043951962 -0.064894125 0.996835232
1311867275.048721 0.027384885 -0.170842588 -0.460117936 0.012969580 -0.044569127 -0.064898774 0.996811688
1311867275.080754 0.027949214 -0.173342720 -0.455205113 0.012654969 -0.044717964 -0.065067545 0.996798098
1311867275.116833 0.027116716 -0.176044792 -0.449918807 0.013247874 -0.044047154 -0.065505370 0.996791601
1311867275.148689 0.023624735 -0.177176818 -0.447390079 0.014063793 -0.043910440 -0.064990342 0.996820152
1311867275.180701 0.023417233 -0.175235316 -0.441279411 0.014481299 -0.044318266 -0.064755410 0.996811450
1311867275.216737 0.022563709 -0.177701205 -0.438233912 0.014514318 -0.044113405 -0.065202281 0.996790946
1311867275.248735 0.022796698 -0.176409841 -0.432842463 0.014816822 -0.043423463 -0.064688534 0.996850193
1311867275.280811 0.023291497 -0.175331265 -0.429383636 0.014138107 -0.042076562 -0.064989299 0.996898234
1311867275.316666 0.018300697 -0.175322324 -0.425654650 0.012795471 -0.040462662 -0.066096447 0.996910453
1311867275.348709 0.017429093 -0.176709250 -0.419852376 0.011326508 -0.041032813 -0.066568516 0.996873498
1311867275.381040 0.015396049 -0.175685525 -0.416398048 0.010273480 -0.040713105 -0.066724941 0.996887565
1311867275.416695 0.015561294 -0.178290412 -0.409867853 0.007903164 -0.040076729 -0.066048697 0.996979952
1311867275.448851 0.012151885 -0.179610491 -0.404391825 0.007071855 -0.039138034 -0.066573240 0.996988595
1311867275.480860 0.009044783 -0.179001763 -0.401081473 0.006262364 -0.038906887 -0.066695124 0.996994913
1311867275.516817 0.009593517 -0.178005457 -0.393707216 0.004823183 -0.039443370 -0.066361085 0.997004092
1311867275.548814 0.007531835 -0.182103738 -0.386986881 0.002806759 -0.038812481 -0.066812262 0.997006536
1311867275.580874 0.003401302 -0.182095647 -0.381480783 0.002608554 -0.038066134 -0.066994883 0.997023463
1311867275.616794 0.000291821 -0.183207437 -0.384097815 0.001683687 -0.038062543 -0.067053527 0.997021735
1311867275.648733 -0.001747287 -0.184783190 -0.379940540 0.000954922 -0.038255721 -0.067341298 0.996995926
1311867275.680883 -0.004228627 -0.187357545 -0.376130998 0.001199564 -0.038211007 -0.067558944 0.996982634
1311867275.716827 -0.006799534 -0.186179474 -0.373147637 0.001755592 -0.038302261 -0.067205213 0.997002184
1311867275.749216 -0.007928825 -0.187096491 -0.361615568 0.001817002 -0.038313508 -0.067221142 0.997000575
1311867275.780810 -0.009605829 -0.189488515 -0.365257442 0.001869667 -0.038278665 -0.067598544 0.996976316
1311867275.816772 -0.011382705 -0.188080907 -0.362973422 0.002162860 -0.038000762 -0.067150362 0.997016609
1311867275.848840 -0.014889627 -0.186387956 -0.350673527 0.001178903 -0.038147930 -0.066751868 0.997039437
1311867275.880760 -0.017068446 -0.189090207 -0.348085284 -0.000067654 -0.038643174 -0.067445874 0.996974289
1311867275.917061 -0.018495690 -0.189747810 -0.342849791 -0.000179718 -0.039167430 -0.067630619 0.996941388
1311867275.948821 -0.019215001 -0.186362922 -0.338836163 -0.000029287 -0.038692303 -0.066860519 0.997011900
1311867275.980896 -0.023697693 -0.187012449 -0.341686636 -0.001521774 -0.038401045 -0.066416502 0.997051656
1311867276.016817 -0.025287915 -0.190299764 -0.330439240 -0.002921812 -0.038811985 -0.066891827 0.997000813
1311867276.048985 -0.027348986 -0.189330488 -0.326033920 -0.002793855 -0.038529236 -0.066564001 0.997034073
1311867276.081061 -0.029300014 -0.188152269 -0.323905706 -0.003889622 -0.037733413 -0.066656038 0.997054696
1311867276.117046 -0.030574519 -0.190596968 -0.320255071 -0.004614057 -0.037388474 -0.067285530 0.997022331
1311867276.148911 -0.033346031 -0.192922711 -0.317484200 -0.004391767 -0.036713265 -0.068191752 0.996986926
1311867276.180826 -0.034819629 -0.194353238 -0.312000126 -0.003855360 -0.036438484 -0.067694925 0.997033000
1311867276.216827 -0.033796411 -0.190900132 -0.308581352 -0.004702441 -0.035885077 -0.066282965 0.997144341
1311867276.248954 -0.035078071 -0.190705851 -0.306067765 -0.005809364 -0.035671715 -0.065162212 0.997219980
1311867276.281034 -0.035754111 -0.191237450 -0.308664203 -0.007276245 -0.034857847 -0.064081781 0.997309208
1311867276.316847 -0.036988921 -0.192137256 -0.304852873 -0.008524125 -0.033816218 -0.062885836 0.997411311
1311867276.348823 -0.038764995 -0.193571314 -0.293919265 -0.009623609 -0.032744255 -0.061777897 0.997506261
1311867276.380997 -0.038044419 -0.194120750 -0.300349176 -0.009736925 -0.031680923 -0.060959581 0.997589827
1311867276.416760 -0.041786224 -0.196609244 -0.296270967 -0.010101359 -0.030003127 -0.060687263 0.997654676
1311867276.449013 -0.043542612 -0.198416248 -0.295203447 -0.009920669 -0.028616317 -0.060746711 0.997693658
1311867276.481045 -0.044829581 -0.196868703 -0.286095053 -0.009342766 -0.027905462 -0.060528494 0.997732580
1311867276.516812 -0.043020960 -0.195811883 -0.283304602 -0.009490002 -0.027456125 -0.059635065 0.997797489
1311867276.548975 -0.045808531 -0.197110459 -0.280501992 -0.010168037 -0.025645191 -0.059532158 0.997845113
1311867276.581007 -0.045272104 -0.193589315 -0.277140766 -0.010621183 -0.025526164 -0.058682028 0.997893870
1311867276.616955 -0.047415178 -0.195934966 -0.273934662 -0.012553897 -0.024502445 -0.057702783 0.997954130
1311867276.648797 -0.049003605 -0.196507916 -0.270728141 -0.012840994 -0.024461089 -0.057120502 0.997985005
1311867276.680881 -0.049878407 -0.195666865 -0.267501473 -0.013707384 -0.024410324 -0.056936368 0.997985303
1311867276.716834 -0.052247681 -0.198079124 -0.263668329 -0.015299774 -0.024245745 -0.056682322 0.997980595
1311867276.749007 -0.053927921 -0.200174972 -0.260983437 -0.015436228 -0.024393758 -0.057126407 0.997949541
1311867276.781174 -0.054385360 -0.197983488 -0.259563476 -0.014500461 -0.024873562 -0.057087090 0.997954011
1311867276.816885 -0.055350758 -0.199308604 -0.257607222 -0.015291358 -0.024696358 -0.057434306 0.997926712
1311867276.849154 -0.057122253 -0.202224508 -0.254642308 -0.015386787 -0.024273911 -0.058214437 0.997890353
1311867276.880864 -0.060110237 -0.199596211 -0.252573520 -0.014108930 -0.024638714 -0.058106493 0.997906566
1311867276.916961 -0.059142672 -0.200516507 -0.250565469 -0.014784328 -0.025355279 -0.058621798 0.997848690
1311867276.948866 -0.061692409 -0.201534227 -0.246464342 -0.014871419 -0.025064733 -0.059149083 0.997823715
1311867276.980866 -0.065873720 -0.205130383 -0.244947582 -0.014195335 -0.025407823 -0.060016878 0.997773051
1311867277.016880 -0.065512046 -0.198401630 -0.241696149 -0.014568056 -0.026118943 -0.060221341 0.997736931
1311867277.049009 -0.066848278 -0.200231925 -0.238111749 -0.017144918 -0.026266947 -0.060618900 0.997668028
1311867277.081265 -0.068183288 -0.202237293 -0.234206989 -0.018450301 -0.026378306 -0.060612269 0.997642219
1311867277.116824 -0.065992415 -0.200930819 -0.229965433 -0.018523224 -0.027223550 -0.060361076 0.997633338
1311867277.148834 -0.067350186 -0.197670966 -0.226436660 -0.019917725 -0.027247038 -0.060970422 0.997568846
1311867277.180831 -0.066956520 -0.197586969 -0.222571313 -0.022353394 -0.027480608 -0.060912888 0.997514307
1311867277.216967 -0.070920356 -0.199715167 -0.218909174 -0.024041444 -0.026881620 -0.061301749 0.997467518
1311867277.248926 -0.069823176 -0.199918464 -0.215393722 -0.024003603 -0.028195994 -0.061071411 0.997446358
1311867277.280849 -0.068079323 -0.197737381 -0.212181062 -0.023736956 -0.028737284 -0.061277796 0.997424603
1311867277.316929 -0.068775266 -0.196492612 -0.210681394 -0.024287531 -0.027839163 -0.060641017 0.997475743
1311867277.349051 -0.070090093 -0.197578609 -0.202219814 -0.025600048 -0.026428903 -0.060472578 0.997491479
1311867277.384209 -0.071372934 -0.206196338 -0.199782938 -0.026342494 -0.025517927 -0.061762970 0.997416794
1311867277.416922 -0.075253494 -0.204529360 -0.195615798 -0.024643980 -0.023754876 -0.061661780 0.997510016
1311867277.450161 -0.076235957 -0.198776528 -0.192907244 -0.023376014 -0.024530575 -0.060069598 0.997618914
1311867277.480901 -0.073935844 -0.198473245 -0.187624529 -0.024274332 -0.025631115 -0.059343331 0.997613251
1311867277.517078 -0.077130549 -0.201994866 -0.183215559 -0.024467099 -0.026764072 -0.058562044 0.997624934
1311867277.548828 -0.077810369 -0.200513482 -0.182076216 -0.022465039 -0.028802231 -0.058259889 0.997633040
1311867277.580920 -0.075560100 -0.202242211 -0.181215078 -0.022364417 -0.029486662 -0.057345498 0.997668266
1311867277.616897 -0.077146627 -0.205140248 -0.177131772 -0.022823665 -0.029217344 -0.057230171 0.997672439
1311867277.649076 -0.077450141 -0.206699103 -0.174745739 -0.021538228 -0.029372510 -0.057990048 0.997652590
1311867277.681057 -0.075944312 -0.204359025 -0.173549771 -0.019124964 -0.029648678 -0.057167064 0.997740984
1311867277.717139 -0.076782838 -0.204323709 -0.170719504 -0.020593189 -0.029121634 -0.057029162 0.997735202
1311867277.748909 -0.078548916 -0.205192029 -0.166509628 -0.021673072 -0.028570931 -0.057591178 0.997695982
1311867277.784818 -0.076680392 -0.204836398 -0.163295135 -0.022040578 -0.028816784 -0.057285711 0.997698426
1311867277.816868 -0.075011879 -0.203073651 -0.158465311 -0.023512073 -0.028533537 -0.056621566 0.997710884
1311867277.848906 -0.075282902 -0.206578150 -0.153493494 -0.025185993 -0.027869655 -0.057226565 0.997654319
1311867277.884896 -0.075259328 -0.207879767 -0.148633450 -0.024336705 -0.027906466 -0.056866147 0.997694969
1311867277.916858 -0.075832494 -0.206542403 -0.145679250 -0.023182167 -0.026966603 -0.056374311 0.997776210
1311867277.948933 -0.075278372 -0.205962092 -0.139855623 -0.023612503 -0.026071344 -0.055230889 0.997853875
1311867277.985092 -0.075393818 -0.208341971 -0.135835782 -0.023442909 -0.026003858 -0.053758796 0.997940004
1311867278.016848 -0.071961083 -0.209843010 -0.131899670 -0.021989796 -0.026811020 -0.051696271 0.998060703
1311867278.049001 -0.073124453 -0.209031180 -0.128461257 -0.019522065 -0.025922107 -0.051373120 0.998152196
1311867278.084826 -0.071650453 -0.207978129 -0.125433505 -0.018064247 -0.025766287 -0.050429612 0.998231769
1311867278.116862 -0.070854358 -0.210857436 -0.118724748 -0.016667500 -0.026276121 -0.050184034 0.998255134
1311867278.149018 -0.069487713 -0.208873451 -0.114186913 -0.014128606 -0.026643487 -0.050353020 0.998276055
1311867278.184865 -0.069367476 -0.208697721 -0.110632151 -0.012843151 -0.027262233 -0.050724220 0.998257935
1311867278.216940 -0.069769017 -0.209058464 -0.106070556 -0.012009878 -0.027976908 -0.050803881 0.998244464
1311867278.248940 -0.068849355 -0.210510969 -0.102181986 -0.010399241 -0.028643319 -0.051017318 0.998232782
1311867278.284908 -0.067624897 -0.207934156 -0.099726230 -0.008267186 -0.029591499 -0.051201403 0.998215616
1311867278.317404 -0.066946641 -0.208281860 -0.094109923 -0.008242915 -0.029921416 -0.050573189 0.998238027
1311867278.349011 -0.068258971 -0.211076796 -0.090215325 -0.007163025 -0.030297421 -0.050164286 0.998255670
1311867278.384931 -0.067189954 -0.209759369 -0.086582392 -0.004170181 -0.032077748 -0.049205031 0.998264730
1311867278.416856 -0.067101426 -0.208042219 -0.082812794 -0.002750565 -0.032898225 -0.048477937 0.998278558
1311867278.448914 -0.065618195 -0.209013864 -0.079362027 -0.001869223 -0.034597982 -0.047509685 0.998269677
1311867278.485032 -0.069695830 -0.212894469 -0.074012138 0.000322549 -0.035482857 -0.048209969 0.998206794
1311867278.516899 -0.069245920 -0.213996172 -0.070257127 0.004469756 -0.037614860 -0.047342170 0.998160243
1311867278.549265 -0.064799301 -0.210277006 -0.068786204 0.007975229 -0.039721914 -0.048110597 0.998020053
1311867278.584923 -0.066602819 -0.211101651 -0.065222740 0.008748943 -0.039806403 -0.049530428 0.997940719
1311867278.616874 -0.066587090 -0.214595154 -0.059756551 0.009706065 -0.041469239 -0.050484620 0.997816324
1311867278.649080 -0.065048426 -0.212469578 -0.057105247 0.011689194 -0.043784805 -0.050484240 0.997696221
1311867278.684905 -0.061808359 -0.209746167 -0.053348083 0.011788682 -0.044675849 -0.051267020 0.997615576
1311867278.717052 -0.063856803 -0.213219628 -0.049167473 0.010086425 -0.044111714 -0.051923558 0.997625411
1311867278.749117 -0.064600006 -0.216847643 -0.043149646 0.011381095 -0.045080759 -0.052639939 0.997530580
1311867278.785013 -0.061005808 -0.212754607 -0.041307412 0.013772839 -0.046140056 -0.052889012 0.997438788
1311867278.816933 -0.059005301 -0.211622715 -0.039122228 0.012666538 -0.045952957 -0.053814799 0.997412622
1311867278.848909 -0.060881075 -0.216561824 -0.032935482 0.012021123 -0.045322351 -0.054787055 0.997396529
1311867278.884953 -0.061976023 -0.216090053 -0.030695407 0.014437107 -0.045271840 -0.055182252 0.997344971
1311867278.916959 -0.058375347 -0.206716701 -0.027672173 0.014516509 -0.045311086 -0.054582335 0.997375071
1311867278.949082 -0.060751557 -0.210179940 -0.023220867 0.010815553 -0.044632755 -0.054521415 0.997455955
1311867278.985050 -0.062445655 -0.213900417 -0.017971223 0.010427483 -0.045782153 -0.054639094 0.997401595
1311867279.016951 -0.057766672 -0.211644337 -0.016219338 0.012032490 -0.046544585 -0.054469977 0.997357488
1311867279.049207 -0.059815504 -0.209564060 -0.011557048 0.010752052 -0.045393355 -0.054104060 0.997445107
1311867279.085000 -0.062796876 -0.211289987 -0.007845041 0.009298502 -0.045936767 -0.054976840 0.997387052
1311867279.117024 -0.061842319 -0.211567983 -0.004070972 0.009476511 -0.047176011 -0.054532565 0.997351944
1311867279.149152 -0.059681699 -0.209647641 -0.002992534 0.009208349 -0.047477752 -0.054254457 0.997355342
1311867279.185056 -0.060065646 -0.208512679 0.001451165 0.007141491 -0.047204379 -0.054521259 0.997370660
1311867279.216910 -0.063271306 -0.211421669 0.006541124 0.005694754 -0.048122879 -0.055715304 0.997270107
1311867279.249252 -0.060458556 -0.209045187 0.009336365 0.006746025 -0.049442247 -0.056177579 0.997173071
1311867279.284982 -0.058719546 -0.207754239 0.012712847 0.005502170 -0.048859511 -0.057011653 0.997162104
1311867279.317001 -0.062764376 -0.210597321 0.016529666 0.003612186 -0.047729291 -0.058073822 0.997164130
1311867279.349109 -0.062683716 -0.209980667 0.019948343 0.003303156 -0.048169680 -0.060045432 0.997027278
1311867279.385350 -0.061749395 -0.207058772 0.022874923 0.002550998 -0.048300467 -0.060913041 0.996970534
1311867279.417132 -0.063239023 -0.207349733 0.027372917 -0.000418626 -0.047939468 -0.062079124 0.996919215
1311867279.448972 -0.063246161 -0.209543556 0.031781301 -0.001847271 -0.048769522 -0.062872380 0.996827543
1311867279.485178 -0.061702665 -0.208747834 0.034524888 -0.001441404 -0.049087003 -0.063808031 0.996753275
1311867279.517352 -0.064123690 -0.205192044 0.038391672 -0.002647812 -0.048509121 -0.063668422 0.996787965
1311867279.549112 -0.063905202 -0.209100559 0.041586213 -0.005069118 -0.049448259 -0.063753136 0.996727049
1311867279.585000 -0.064149708 -0.209108144 0.045841835 -0.004622011 -0.050362073 -0.063224219 0.996717155
1311867279.617658 -0.063450828 -0.205836415 0.047437552 -0.004608350 -0.051233549 -0.063060082 0.996683180
1311867279.649149 -0.064063117 -0.208522961 0.052804250 -0.006727288 -0.051243126 -0.063367806 0.996651113
1311867279.685122 -0.064037047 -0.208917171 0.056195520 -0.006627565 -0.051377222 -0.063692719 0.996624231
1311867279.717608 -0.065030940 -0.205669820 0.058975503 -0.007021248 -0.051269576 -0.063182175 0.996659517
1311867279.749168 -0.063390896 -0.205879778 0.061579101 -0.009271487 -0.052036051 -0.062178612 0.996664524
1311867279.785184 -0.062930219 -0.208810657 0.066301227 -0.010887288 -0.051866066 -0.061685950 0.996687651
1311867279.817277 -0.061729331 -0.207112774 0.069334991 -0.010805462 -0.051497530 -0.060909260 0.996755421
1311867279.849225 -0.060620107 -0.206895903 0.071946494 -0.012702350 -0.051149040 -0.060005367 0.996805787
1311867279.885430 -0.060245294 -0.208725363 0.077746950 -0.014339422 -0.050347924 -0.060103480 0.996818483
1311867279.917304 -0.058863185 -0.209558368 0.081166469 -0.013815996 -0.049944665 -0.059863962 0.996860623
1311867279.952401 -0.057324931 -0.205776244 0.084116265 -0.013639659 -0.049185995 -0.059367009 0.996930420
1311867279.985229 -0.058171418 -0.206243083 0.088456124 -0.016066346 -0.047837108 -0.059083674 0.996976733
1311867280.018481 -0.057100974 -0.206549034 0.093035780 -0.016557710 -0.047750834 -0.058580063 0.997002542
1311867280.049281 -0.054814879 -0.202100158 0.094679229 -0.017361054 -0.047330797 -0.057875577 0.997050107
1311867280.085300 -0.054797202 -0.205413342 0.100819394 -0.021238664 -0.045542877 -0.057439718 0.997083485
1311867280.117762 -0.054469690 -0.207704186 0.103734791 -0.021646719 -0.044463508 -0.057410877 0.997125089
1311867280.149143 -0.053875960 -0.205169857 0.104916885 -0.021449737 -0.043637406 -0.057169754 0.997179747
1311867280.185202 -0.054277193 -0.202611759 0.109277949 -0.024158370 -0.043081213 -0.056753635 0.997165740
1311867280.218467 -0.054481536 -0.207016036 0.114117630 -0.026243048 -0.042372588 -0.057498466 0.997100711
1311867280.249139 -0.053732242 -0.202629358 0.115833066 -0.025931375 -0.041504093 -0.056323964 0.997212470
1311867280.285235 -0.052024715 -0.203434944 0.120910950 -0.029966723 -0.041105408 -0.055897675 0.997139812
1311867280.317120 -0.050506234 -0.207912937 0.126540571 -0.032043245 -0.041525420 -0.055787809 0.997064054
1311867280.349364 -0.049157951 -0.201608911 0.127084896 -0.032419059 -0.040451370 -0.056085572 0.997079313
1311867280.384986 -0.051162224 -0.204877451 0.131128818 -0.036153805 -0.038929470 -0.056665737 0.996978641
1311867280.417089 -0.050845966 -0.205186084 0.133124202 -0.037218198 -0.038436051 -0.056406189 0.996973395
1311867280.449359 -0.047898062 -0.203345522 0.136920825 -0.039233852 -0.038422406 -0.055837300 0.996928632
1311867280.485243 -0.049593180 -0.203930005 0.140586257 -0.041954212 -0.036487143 -0.056086369 0.996876597
1311867280.517164 -0.048401590 -0.204028368 0.144752324 -0.043305051 -0.035967607 -0.055938397 0.996846020
1311867280.549209 -0.047479056 -0.201824397 0.146488205 -0.044569802 -0.035362653 -0.054777600 0.996876419
1311867280.585098 -0.048308715 -0.198476568 0.149721071 -0.046758946 -0.035293255 -0.054439452 0.996797025
1311867280.619113 -0.046973161 -0.201522917 0.154039606 -0.048652165 -0.035263509 -0.055170871 0.996667325
1311867280.649186 -0.046961799 -0.199708536 0.155516163 -0.048483934 -0.034483265 -0.055980273 0.996657670
1311867280.685076 -0.048945349 -0.201103032 0.157526940 -0.050404906 -0.033155054 -0.056917854 0.996554375
1311867280.717291 -0.047794174 -0.202463403 0.160776392 -0.051046267 -0.032595802 -0.057889342 0.996484160
1311867280.749156 -0.048105314 -0.200590715 0.164325193 -0.050816912 -0.031576443 -0.058552489 0.996489942
1311867280.785051 -0.046840448 -0.203804806 0.166670457 -0.052470777 -0.031194244 -0.059453622 0.996362865
1311867280.817244 -0.049102880 -0.204122350 0.170001879 -0.053656299 -0.030132281 -0.060195033 0.996287942
1311867280.849336 -0.049330249 -0.203854144 0.173795000 -0.054917414 -0.029506674 -0.060677413 0.996208668
1311867280.885032 -0.048142243 -0.202913031 0.176592097 -0.055406716 -0.029641604 -0.060646784 0.996179461
1311867280.917146 -0.048204690 -0.201962754 0.179590061 -0.056874126 -0.029698040 -0.061028827 0.996071756
1311867280.949429 -0.047682356 -0.200678542 0.183186591 -0.057859730 -0.029774090 -0.061222259 0.996000886
1311867280.985057 -0.049249448 -0.201179489 0.185856089 -0.059824202 -0.029141886 -0.062037524 0.995853007
1311867281.017255 -0.048370898 -0.201605543 0.190194279 -0.061087914 -0.029788367 -0.061924484 0.995764196
1311867281.049159 -0.048303571 -0.202212632 0.192086577 -0.062057287 -0.029927898 -0.062736489 0.995649219
1311867281.085147 -0.045382079 -0.200670972 0.195553154 -0.063466556 -0.030109795 -0.063045807 0.995535374
1311867281.117112 -0.048184898 -0.200283408 0.200420097 -0.065792128 -0.028677346 -0.063186243 0.995417833
1311867281.149430 -0.046159189 -0.201940060 0.201700658 -0.067122355 -0.029768718 -0.063396275 0.995283544
1311867281.185052 -0.044883892 -0.199484155 0.204168737 -0.068554744 -0.029287683 -0.063259140 0.995208919
1311867281.217252 -0.044517234 -0.200791121 0.207628071 -0.071474798 -0.028278239 -0.063367389 0.995025754
1311867281.250106 -0.044327360 -0.201529846 0.210796610 -0.072396651 -0.027649989 -0.063064247 0.994996071
1311867281.285102 -0.044164859 -0.199816734 0.213529229 -0.072952621 -0.027108252 -0.063460983 0.994945109
1311867281.317215 -0.041834388 -0.198951393 0.216000900 -0.075064659 -0.027550548 -0.062225524 0.994853914
1311867281.349217 -0.042171955 -0.203093424 0.220151410 -0.076953478 -0.027638443 -0.062542930 0.994687200
1311867281.385101 -0.041056775 -0.200472280 0.222614765 -0.076332174 -0.028431632 -0.062688939 0.994703591
1311867281.417074 -0.040792525 -0.200439334 0.224215776 -0.077873498 -0.027698178 -0.063065216 0.994580984
1311867281.449183 -0.041297447 -0.204483986 0.228149727 -0.079636037 -0.027763471 -0.063085772 0.994438291
1311867281.485107 -0.040504020 -0.202183336 0.230220273 -0.078576066 -0.028661778 -0.062659651 0.994524062
1311867281.517167 -0.039977830 -0.201224148 0.233264774 -0.079898857 -0.029030155 -0.062364750 0.994426548
1311867281.549207 -0.041402753 -0.204896420 0.237894773 -0.081580028 -0.029393094 -0.062938169 0.994243264
1311867281.585193 -0.040741380 -0.202216625 0.239220619 -0.079793088 -0.030174520 -0.062668912 0.994381845
1311867281.617286 -0.038767353 -0.202749446 0.241755262 -0.080803782 -0.031088581 -0.062057555 0.994310379
1311867281.649274 -0.038300533 -0.203387141 0.245760038 -0.081268482 -0.031879526 -0.062438384 0.994223595
1311867281.685142 -0.038601141 -0.205081016 0.248445854 -0.080937058 -0.032521553 -0.062243335 0.994242132
1311867281.717170 -0.037237220 -0.200296223 0.249410346 -0.079794548 -0.033176109 -0.061201610 0.994377494
1311867281.749309 -0.038893051 -0.204398200 0.252312064 -0.081770003 -0.033034384 -0.060875237 0.994241774
1311867281.785115 -0.034749296 -0.203239694 0.255254537 -0.080190822 -0.035441000 -0.059756707 0.994355381
1311867281.817105 -0.035787992 -0.203003600 0.255135566 -0.080117784 -0.035031784 -0.059130896 0.994413137
1311867281.849170 -0.033672802 -0.203957215 0.256538779 -0.080243260 -0.036021784 -0.058103725 0.994428217
1311867281.885079 -0.032118734 -0.203771532 0.258846223 -0.079355441 -0.036958214 -0.057718545 0.994487524
1311867281.917153 -0.030198539 -0.201202318 0.259763569 -0.079324216 -0.037528548 -0.056285597 0.994550824
1311867281.949198 -0.030154750 -0.204018727 0.262631238 -0.081653669 -0.037844077 -0.054510713 0.994449198
1311867281.985074 -0.027656222 -0.204137757 0.264636964 -0.080909960 -0.038695272 -0.054515876 0.994476914
1311867282.017320 -0.025284559 -0.204790190 0.264353901 -0.080731302 -0.038821105 -0.053226911 0.994556308
1311867282.049154 -0.025058581 -0.204951152 0.266344994 -0.082098790 -0.038713939 -0.052295763 0.994498014
1311867282.085212 -0.023758857 -0.208025187 0.268580884 -0.082921974 -0.039746951 -0.051704627 0.994419813
1311867282.117596 -0.021503480 -0.206329077 0.271189868 -0.082423173 -0.040189337 -0.050809439 0.994489670
1311867282.154864 -0.020137593 -0.204770058 0.274096876 -0.083389781 -0.040186908 -0.049892191 0.994455636
1311867282.188493 -0.020903878 -0.206056967 0.278106838 -0.084465988 -0.040701404 -0.049624570 0.994357288
1311867282.219908 -0.019288978 -0.204580188 0.279126376 -0.083767831 -0.041948467 -0.049652431 0.994363070
1311867282.253156 -0.017691284 -0.203957558 0.282040656 -0.084213421 -0.042286456 -0.049717333 0.994307935
1311867282.288070 -0.015256457 -0.205091447 0.283904433 -0.085078321 -0.042978104 -0.049730938 0.994203925
1311867282.322429 -0.015265039 -0.203192964 0.284154475 -0.083750427 -0.043247554 -0.050277106 0.994277537
1311867282.350083 -0.013284532 -0.204761669 0.286117733 -0.084803835 -0.043257371 -0.050282262 0.994187534
1311867282.390746 -0.014293066 -0.204331160 0.291249901 -0.085396148 -0.042273883 -0.050778095 0.994153976
1311867282.417372 -0.013332303 -0.203205392 0.291748345 -0.084566459 -0.042669859 -0.051377095 0.994177163
1311867282.449215 -0.011765894 -0.203023508 0.291906565 -0.084621958 -0.042786367 -0.051861260 0.994142294
1311867282.485251 -0.011002242 -0.205629274 0.294993788 -0.086424112 -0.043472581 -0.051570386 0.993972659
1311867282.517375 -0.010825208 -0.208326697 0.297401816 -0.086159423 -0.043307781 -0.052217230 0.993969023
1311867282.549242 -0.008725034 -0.205896467 0.299081117 -0.084673606 -0.043217521 -0.052551989 0.994082987
1311867282.585190 -0.012365757 -0.206353664 0.300851405 -0.085078895 -0.042057317 -0.052350204 0.994108796
1311867282.617188 -0.009710441 -0.208753809 0.302026689 -0.084949300 -0.043853808 -0.051599346 0.994081497
1311867282.649230 -0.008962546 -0.206084684 0.303193361 -0.084041864 -0.044113349 -0.051268943 0.994164228
1311867282.685172 -0.008714196 -0.208706498 0.304219931 -0.085568696 -0.044517733 -0.051644143 0.993996561
1311867282.717391 -0.008467636 -0.212522417 0.307550192 -0.085545667 -0.045026425 -0.051640522 0.993975759
1311867282.749855 -0.008700925 -0.211825371 0.307515115 -0.084668152 -0.045165978 -0.052345734 0.994007766
1311867282.785198 -0.008572529 -0.212318525 0.309023976 -0.084574081 -0.044977389 -0.053419709 0.993967116
1311867282.817434 -0.008961287 -0.211568594 0.310291529 -0.083263576 -0.045020171 -0.054360416 0.994024813
1311867282.849193 -0.012040257 -0.208519012 0.311452329 -0.083117411 -0.045058329 -0.055259340 0.993985772
1311867282.885734 -0.012065816 -0.209848046 0.314348489 -0.085261188 -0.046099238 -0.055513382 0.993742287
1311867282.917314 -0.011126364 -0.210480869 0.316032559 -0.085952893 -0.046894271 -0.055576708 0.993641973
1311867282.950235 -0.012777572 -0.207810029 0.317382753 -0.085802965 -0.046760213 -0.056050424 0.993634641
1311867282.985476 -0.015231572 -0.205419227 0.320251077 -0.086994655 -0.046655715 -0.056928597 0.993485928
1311867283.017555 -0.013485373 -0.207574695 0.322696894 -0.088203229 -0.047893416 -0.057766549 0.993272185
1311867283.049392 -0.015365917 -0.207852051 0.323932022 -0.087626301 -0.047551434 -0.058740165 0.993282497
1311867283.085258 -0.013786035 -0.203950495 0.324254274 -0.087109700 -0.048219528 -0.058768518 0.993294060
1311867283.117441 -0.015598636 -0.208461776 0.326788694 -0.089228086 -0.047678452 -0.058991071 0.993118942
1311867283.149532 -0.015487887 -0.209403068 0.327215016 -0.088156097 -0.048076987 -0.059186418 0.993183851
1311867283.185409 -0.015343416 -0.205098346 0.326567471 -0.087087549 -0.048089515 -0.058760669 0.993302763
1311867283.217286 -0.016184079 -0.211223558 0.329520643 -0.089965202 -0.048043966 -0.058468327 0.993065715
1311867283.249357 -0.016945677 -0.209837645 0.330980688 -0.087435491 -0.047878310 -0.058039993 0.993324757
1311867283.285375 -0.014995132 -0.207934365 0.331151485 -0.086520597 -0.048212584 -0.057799675 0.993402719
1311867283.317623 -0.015349335 -0.208867788 0.332073361 -0.086789757 -0.047674224 -0.057857085 0.993401945
1311867283.349796 -0.015507089 -0.210039571 0.333638936 -0.086314052 -0.047382887 -0.057991575 0.993449450
1311867283.385222 -0.016629249 -0.209936187 0.334848404 -0.085554957 -0.047226526 -0.057683080 0.993540466
1311867283.417308 -0.014099729 -0.208545357 0.336582392 -0.084880657 -0.048241124 -0.057731591 0.993546724
1311867283.449265 -0.015224759 -0.210982591 0.337079287 -0.085554607 -0.047688439 -0.058443844 0.993474007
1311867283.485337 -0.014142011 -0.213258624 0.337887704 -0.084708460 -0.048167501 -0.059218217 0.993477523
1311867283.517216 -0.013955292 -0.210068420 0.338430494 -0.082813099 -0.046982791 -0.059158750 0.993697643
1311867283.549561 -0.013263051 -0.212155432 0.340359032 -0.083547316 -0.047023121 -0.059214622 0.993630886
1311867283.585388 -0.015440987 -0.212269604 0.340505332 -0.082277119 -0.045913666 -0.058567185 0.993827164
1311867283.617318 -0.014770997 -0.208033442 0.339709133 -0.080934182 -0.046151001 -0.057981540 0.993960738
1311867283.649382 -0.013480395 -0.210854769 0.341751337 -0.083034210 -0.046417158 -0.057280626 0.993815780
1311867283.685288 -0.013857393 -0.209774569 0.341929376 -0.082827032 -0.045671243 -0.057246603 0.993869543
1311867283.717915 -0.011631360 -0.208243638 0.343016267 -0.082999893 -0.045685768 -0.056896079 0.993874550
1311867283.749208 -0.013806210 -0.207954779 0.343864709 -0.084200874 -0.044644345 -0.057023615 0.993813574
1311867283.785317 -0.014192801 -0.209925905 0.345688790 -0.084594056 -0.044883884 -0.056613032 0.993792892
1311867283.817413 -0.013378066 -0.207633361 0.344528943 -0.083455063 -0.045097012 -0.056527264 0.993884444
1311867283.849452 -0.013910873 -0.205913052 0.345453560 -0.083712272 -0.044709180 -0.056241728 0.993896484
1311867283.885346 -0.016286418 -0.207209915 0.347381681 -0.084090866 -0.044424344 -0.055953067 0.993893623
1311867283.917540 -0.015781635 -0.207069233 0.347208053 -0.083299130 -0.045222092 -0.055568438 0.993945897
1311867283.949890 -0.016434811 -0.207334831 0.349006653 -0.083692148 -0.045315202 -0.055265520 0.993925512
1311867283.985663 -0.018530285 -0.207808405 0.349582493 -0.083252735 -0.044857666 -0.055647925 0.993961871
1311867284.017300 -0.020027071 -0.208616897 0.349212527 -0.081791669 -0.045258652 -0.055951126 0.994047940
1311867284.049779 -0.019984601 -0.204999834 0.349057078 -0.080758333 -0.045490414 -0.055314854 0.994157434
1311867284.085373 -0.020796606 -0.206096724 0.349971831 -0.082329601 -0.045889176 -0.055255704 0.994013488
1311867284.117504 -0.023241596 -0.206894964 0.350382239 -0.082089819 -0.045293111 -0.055506513 0.994046688
1311867284.149411 -0.021112945 -0.202310786 0.350398630 -0.081872471 -0.045680165 -0.055452105 0.994049966
1311867284.187489 -0.023018967 -0.204206109 0.351602644 -0.084261812 -0.044943012 -0.056379247 0.993831754
1311867284.217337 -0.023400115 -0.204632550 0.351689458 -0.084167033 -0.044856776 -0.056629218 0.993829429
1311867284.249431 -0.021726333 -0.201786548 0.351047456 -0.084548466 -0.045188874 -0.056626309 0.993782222
1311867284.285316 -0.023194067 -0.202442735 0.352976799 -0.085796647 -0.044346005 -0.057349734 0.993671656
1311867284.317835 -0.022665890 -0.202151328 0.352336198 -0.085894912 -0.044534475 -0.057101738 0.993669093
1311867284.349424 -0.022455169 -0.197873369 0.352272123 -0.086013116 -0.043776561 -0.057087395 0.993693292
1311867284.385433 -0.019658605 -0.201508775 0.353231281 -0.088329233 -0.044778880 -0.057005327 0.993450165
1311867284.417580 -0.022252427 -0.198981792 0.352887064 -0.087871835 -0.043506932 -0.057615913 0.993512034
1311867284.449514 -0.022200674 -0.199966177 0.355357558 -0.089537293 -0.043127250 -0.057176773 0.993405223
1311867284.485419 -0.021807501 -0.199000344 0.355568171 -0.088914178 -0.043503113 -0.057229541 0.993441820
1311867284.517730 -0.021983391 -0.199023753 0.355325848 -0.088526517 -0.043277185 -0.057217911 0.993486941
1311867284.549454 -0.021287112 -0.196222872 0.356039256 -0.087904327 -0.043613523 -0.056116879 0.993590236
1311867284.585418 -0.020513961 -0.197451666 0.357126266 -0.088981047 -0.043758348 -0.055572409 0.993518651
1311867284.617494 -0.018828107 -0.198682174 0.357104659 -0.088569537 -0.044331007 -0.054343428 0.993598044
1311867284.649523 -0.019804737 -0.195526004 0.358278364 -0.088393785 -0.044676382 -0.053256117 0.993657053
1311867284.685378 -0.017108263 -0.196530536 0.358753800 -0.089399755 -0.045299161 -0.053547423 0.993523240
1311867284.717486 -0.016713245 -0.199062675 0.358966887 -0.089121245 -0.044969182 -0.053327125 0.993575096
1311867284.749751 -0.016028091 -0.195020556 0.358621567 -0.088195905 -0.045173455 -0.053135298 0.993658662
1311867284.785409 -0.017105559 -0.196676016 0.361325890 -0.090284809 -0.045391716 -0.054026440 0.993413031
1311867284.818692 -0.016219508 -0.197039813 0.361997843 -0.089533381 -0.046187203 -0.054086473 0.993441105
1311867284.849277 -0.012396104 -0.192873582 0.360180855 -0.088582911 -0.046614952 -0.054079082 0.993506789
1311867284.885385 -0.016256908 -0.195475683 0.362712473 -0.091082349 -0.045473114 -0.054897856 0.993288696
1311867284.917461 -0.012429721 -0.195622385 0.361597776 -0.089939125 -0.047436617 -0.054623112 0.993316233
1311867284.949247 -0.013123224 -0.194221035 0.361646265 -0.090363592 -0.046913195 -0.054557383 0.993306160
1311867284.985258 -0.015614769 -0.196739525 0.361451447 -0.091390349 -0.046272088 -0.054930866 0.993221700
1311867285.017539 -0.016211264 -0.198818371 0.360528171 -0.090683043 -0.046516929 -0.055670235 0.993233979
1311867285.049368 -0.016146632 -0.196724325 0.358667046 -0.089451209 -0.047064576 -0.055577755 0.993324995
1311867285.085326 -0.016446579 -0.198981032 0.360360980 -0.090450779 -0.047690265 -0.055622641 0.993202209
1311867285.117712 -0.016279645 -0.201392189 0.357679248 -0.089353539 -0.048700258 -0.055878390 0.993238091
1311867285.150212 -0.019005388 -0.199538052 0.354744166 -0.087594666 -0.048539877 -0.056103073 0.993389904
1311867285.185580 -0.017597236 -0.200877473 0.355205804 -0.088474333 -0.049433857 -0.056174286 0.993263841
1311867285.218761 -0.019480733 -0.203338310 0.355145246 -0.087881386 -0.049532227 -0.056671411 0.993283391
1311867285.249366 -0.018047102 -0.201705381 0.353512794 -0.086202450 -0.050051838 -0.056719467 0.993401706
1311867285.285362 -0.018128844 -0.201933742 0.352050006 -0.086105660 -0.049777117 -0.056744050 0.993422508
1311867285.317503 -0.018315103 -0.205559045 0.352878153 -0.086522318 -0.050000947 -0.057070903 0.993356347
1311867285.349345 -0.019410398 -0.202366531 0.350371987 -0.083934255 -0.048944313 -0.057209369 0.993622959
1311867285.385541 -0.019818928 -0.202507347 0.350365222 -0.085047744 -0.048665032 -0.056815911 0.993564606
1311867285.417581 -0.019690154 -0.204378232 0.351142466 -0.085539170 -0.049456615 -0.057657007 0.993434906
1311867285.449284 -0.019331275 -0.201562449 0.351377845 -0.084183745 -0.049197987 -0.057522282 0.993571341
1311867285.485380 -0.018638108 -0.199501187 0.351316750 -0.084578000 -0.049144417 -0.057287101 0.993554056
1311867285.517648 -0.021030741 -0.202884406 0.352585703 -0.086467788 -0.048912600 -0.057426326 0.993394732
1311867285.549451 -0.017890718 -0.200267449 0.352389753 -0.084443174 -0.049468078 -0.057376239 0.993544281
1311867285.585574 -0.020825353 -0.199572399 0.353344411 -0.086135097 -0.048247352 -0.057425167 0.993456244
1311867285.617551 -0.022632034 -0.201823711 0.354365289 -0.086919002 -0.047794726 -0.058105085 0.993370354
1311867285.649403 -0.023153372 -0.198884636 0.355070472 -0.085301153 -0.047790956 -0.057582490 0.993541181
1311867285.685653 -0.020960281 -0.197981670 0.356101364 -0.086571455 -0.048724078 -0.058165126 0.993352056
1311867285.717719 -0.022889681 -0.200653881 0.357102871 -0.087100752 -0.048049551 -0.058532856 0.993317008
1311867285.749708 -0.024289433 -0.198627144 0.356407672 -0.086073823 -0.047579508 -0.058434125 0.993434966
1311867285.785478 -0.023390405 -0.200744823 0.356601715 -0.087064929 -0.047661476 -0.058373645 0.993348241
1311867285.817971 -0.025976291 -0.201033905 0.357380033 -0.086299084 -0.046697006 -0.058842175 0.993433177
1311867285.849628 -0.025049699 -0.200864375 0.356946677 -0.085596308 -0.047568325 -0.058901384 0.993449092
1311867285.885286 -0.026119905 -0.201166540 0.357467413 -0.085695997 -0.047130346 -0.059127133 0.993448019
1311867285.918737 -0.025300128 -0.205319241 0.357374907 -0.084978916 -0.047124002 -0.059260756 0.993501961
1311867285.949513 -0.024186207 -0.201563224 0.356417894 -0.082231998 -0.046958614 -0.059418779 0.993731499
1311867285.985836 -0.025639385 -0.202299029 0.356846690 -0.083059229 -0.046518814 -0.059382934 0.993685484
1311867286.018456 -0.027658252 -0.205133691 0.357511938 -0.083637699 -0.047050044 -0.060545761 0.993541777
1311867286.049422 -0.027032671 -0.201799914 0.357627302 -0.082357973 -0.047074370 -0.060739286 0.993635774
1311867286.085402 -0.026978925 -0.201380521 0.358006746 -0.083157860 -0.046748962 -0.060153600 0.993620098
1311867286.124098 -0.027817234 -0.204205513 0.358154714 -0.083920196 -0.046726704 -0.061319120 0.993485808
1311867286.150632 -0.028228778 -0.201377437 0.358170152 -0.083298162 -0.046750002 -0.060959302 0.993559182
1311867286.185759 -0.029802579 -0.201604471 0.359532475 -0.085019246 -0.046980314 -0.061172102 0.993389428
1311867286.217983 -0.029402014 -0.201849312 0.361264199 -0.085029945 -0.047771178 -0.061134256 0.993353128
1311867286.252521 -0.027994674 -0.200708270 0.359866589 -0.084611148 -0.048646428 -0.061805617 0.993304908
1311867286.286163 -0.029432956 -0.198897675 0.360072106 -0.084632978 -0.048033495 -0.062405758 0.993295372
1311867286.320349 -0.030498907 -0.201367393 0.362283021 -0.085141212 -0.048061058 -0.062447943 0.993247926
1311867286.352378 -0.030728225 -0.201289937 0.361769736 -0.083792627 -0.048805833 -0.062823780 0.993302584
1311867286.385563 -0.030713122 -0.198254377 0.361119449 -0.082891144 -0.049479201 -0.062711015 0.993352056
1311867286.417777 -0.031812347 -0.199991822 0.362640113 -0.082859382 -0.050485931 -0.061420072 0.993384659
1311867286.449420 -0.029371547 -0.202678218 0.362374604 -0.082420111 -0.053933375 -0.060652196 0.993287206
1311867286.485571 -0.023449801 -0.199211210 0.362144530 -0.080557093 -0.056280211 -0.061010916 0.993287921
1311867286.519022 -0.025431588 -0.198873326 0.361903876 -0.080531053 -0.055598695 -0.061004885 0.993328750
1311867286.551199 -0.026368758 -0.201297462 0.362331182 -0.079968087 -0.055697538 -0.061207868 0.993356168
1311867286.585520 -0.024720421 -0.199902132 0.361718684 -0.078605354 -0.056152955 -0.061634008 0.993413031
1311867286.619073 -0.025404779 -0.197973341 0.362599999 -0.078825906 -0.056250975 -0.061949145 0.993370354
1311867286.649991 -0.025096597 -0.202538446 0.363053113 -0.079898886 -0.057322007 -0.062164318 0.993209958
1311867286.685643 -0.026030295 -0.201056957 0.363341779 -0.077542111 -0.057464518 -0.062081024 0.993393719
1311867286.717616 -0.023621324 -0.199153140 0.362528503 -0.076233767 -0.057470731 -0.062051915 0.993496418
1311867286.749549 -0.026463518 -0.200920925 0.363159925 -0.076792315 -0.056113798 -0.062621549 0.993495226
1311867286.785646 -0.025870441 -0.200109154 0.362653255 -0.076203957 -0.056419339 -0.063458413 0.993470192
1311867286.817626 -0.024496580 -0.199820012 0.362633675 -0.077022806 -0.056215964 -0.063642122 0.993406773
1311867286.853582 -0.027195616 -0.200407460 0.363509625 -0.077948578 -0.055833042 -0.063959442 0.993335783
1311867286.886815 -0.027631070 -0.201505423 0.364014506 -0.077657878 -0.057600658 -0.063991323 0.993255615
1311867286.917438 -0.022955270 -0.197835416 0.363944918 -0.076445118 -0.059749026 -0.063591316 0.993248403
1311867286.954361 -0.021747930 -0.197201878 0.363389820 -0.078007035 -0.059697777 -0.063919209 0.993108988
1311867286.985412 -0.023264328 -0.199886814 0.364944130 -0.079318330 -0.059604552 -0.064673707 0.992961884
1311867287.017431 -0.021287786 -0.199102223 0.364497036 -0.078040056 -0.060751468 -0.064924099 0.992977381
1311867287.054702 -0.020811541 -0.196226731 0.364019036 -0.077962823 -0.060191140 -0.064373173 0.993053377
1311867287.085686 -0.023210047 -0.196013883 0.364414215 -0.079633467 -0.060148094 -0.063696608 0.992967010
1311867287.117817 -0.021173164 -0.198742956 0.363540739 -0.080547616 -0.061300300 -0.064295255 0.992784202
1311867287.153705 -0.019863088 -0.195689261 0.363920718 -0.079598173 -0.060454112 -0.063813090 0.992943764
1311867287.187445 -0.018349167 -0.196438342 0.364686519 -0.080593355 -0.060958002 -0.064767085 0.992770910
1311867287.217558 -0.018774901 -0.198768198 0.363336504 -0.081129603 -0.059831984 -0.066132344 0.992705703
1311867287.253668 -0.019653141 -0.196742013 0.363876671 -0.079962246 -0.058714185 -0.066257179 0.992858827
1311867287.287011 -0.021566462 -0.195734441 0.363494009 -0.080210738 -0.058525953 -0.066454180 0.992836773
1311867287.317563 -0.020950008 -0.199074924 0.362982661 -0.080722623 -0.059404116 -0.066563070 0.992735803
1311867287.354094 -0.018741442 -0.197393373 0.363147795 -0.079470657 -0.060216762 -0.065143660 0.992882013
1311867287.385542 -0.019309107 -0.197481737 0.361512870 -0.079647258 -0.059902508 -0.065194100 0.992883563
1311867287.417576 -0.019746041 -0.199819982 0.362255841 -0.079867922 -0.060264163 -0.065228023 0.992841780
1311867287.453529 -0.019623239 -0.200013235 0.361630797 -0.078742892 -0.060234543 -0.064778775 0.992962837
1311867287.486720 -0.019426132 -0.196852118 0.361314446 -0.077766918 -0.060161181 -0.064753145 0.993045866
1311867287.517500 -0.019293671 -0.197900489 0.362029284 -0.078402676 -0.060315166 -0.064778574 0.992984891
1311867287.553487 -0.019411497 -0.196688831 0.361907750 -0.078290425 -0.060240857 -0.064273447 0.993031025
1311867287.586854 -0.020673443 -0.198224530 0.362646729 -0.079500645 -0.060987409 -0.063524552 0.992937505
1311867287.617657 -0.019072836 -0.199546352 0.362034410 -0.079032958 -0.061886840 -0.064090952 0.992882848
1311867287.653916 -0.017745653 -0.197407082 0.362117857 -0.077480406 -0.061436594 -0.064894870 0.992980897
1311867287.687566 -0.019657485 -0.195212722 0.362350255 -0.077531114 -0.060367852 -0.064966746 0.993037820
1311867287.717628 -0.019799599 -0.197056755 0.361771494 -0.078615598 -0.060986679 -0.065687165 0.992867231
1311867287.755391 -0.020056328 -0.196389079 0.361741811 -0.078061797 -0.060453162 -0.065558441 0.992952168
1311867287.787243 -0.018336276 -0.196494013 0.361395001 -0.079081014 -0.060746029 -0.064850189 0.992900074
1311867287.826010 -0.017559165 -0.195522234 0.362978399 -0.079743803 -0.060321260 -0.064983800 0.992864251
1311867287.853651 -0.019056767 -0.197284102 0.363531381 -0.080018282 -0.059632834 -0.064882711 0.992890358
1311867287.893111 -0.017804237 -0.195376679 0.362752378 -0.078838915 -0.059061583 -0.063999280 0.993076205
1311867287.917571 -0.015424250 -0.192292780 0.363320827 -0.079631798 -0.059167884 -0.063404977 0.993044734
1311867287.953561 -0.017072873 -0.198572189 0.364943683 -0.081460133 -0.058687974 -0.063674726 0.992907643
1311867287.986839 -0.012452696 -0.199802339 0.364621222 -0.079162970 -0.059520096 -0.063485801 0.993055999
1311867288.017882 -0.011904043 -0.196438670 0.363278449 -0.078030728 -0.057832178 -0.063485868 0.993245363
1311867288.053639 -0.013299393 -0.199084997 0.364736497 -0.079319462 -0.056370597 -0.063529395 0.993224442
1311867288.085418 -0.014595581 -0.199922815 0.364744782 -0.077481054 -0.056227636 -0.063709952 0.993366182
1311867288.117594 -0.011699251 -0.199360147 0.362846464 -0.077086158 -0.057324335 -0.062363807 0.993419588
1311867288.154082 -0.013223606 -0.202901676 0.364947826 -0.078167051 -0.056242894 -0.063019581 0.993355513
1311867288.185455 -0.014956482 -0.204031646 0.363409579 -0.075776435 -0.055736188 -0.063145243 0.993561327
1311867288.217534 -0.012762086 -0.198883176 0.362398356 -0.074147768 -0.056386199 -0.061433412 0.993754864
1311867288.253581 -0.013752020 -0.202196732 0.362902194 -0.076523036 -0.056339212 -0.061680712 0.993562102
1311867288.285472 -0.016112568 -0.205004677 0.361707121 -0.076121271 -0.056220502 -0.062185828 0.993568242
1311867288.317583 -0.015234104 -0.201282233 0.360335886 -0.073924661 -0.056098893 -0.061724149 0.993769765
1311867288.353521 -0.016276373 -0.203844398 0.360943675 -0.075895488 -0.055966780 -0.061159611 0.993663490
1311867288.385883 -0.017096456 -0.204288632 0.361628085 -0.075411640 -0.055951040 -0.061427478 0.993684709
1311867288.417761 -0.016892217 -0.201674730 0.361620843 -0.074116938 -0.056013413 -0.061526518 0.993772447
1311867288.456019 -0.018081289 -0.200960070 0.361672401 -0.075312130 -0.055954296 -0.061379947 0.993695021
1311867288.485465 -0.019198857 -0.203574568 0.362108737 -0.076555595 -0.055942595 -0.062576488 0.993525982
1311867288.517689 -0.019989710 -0.203237087 0.360815167 -0.075723976 -0.055210844 -0.063067995 0.993599594
1311867288.554472 -0.021265794 -0.201419979 0.361046970 -0.075826302 -0.054513279 -0.063288756 0.993616283
1311867288.586600 -0.022507317 -0.203136578 0.361189425 -0.076381095 -0.054905009 -0.063703828 0.993525684
1311867288.617541 -0.021427937 -0.203215078 0.361343890 -0.075967520 -0.054840144 -0.063956529 0.993544757
1311867288.655102 -0.021846896 -0.201297224 0.360409141 -0.075768404 -0.053861678 -0.063804716 0.993623197
1311867288.687379 -0.024990082 -0.201555982 0.360031545 -0.076137945 -0.052972913 -0.064213231 0.993616402
1311867288.717702 -0.024807073 -0.201411679 0.359293073 -0.075749762 -0.053589795 -0.064687468 0.993582249
1311867288.756022 -0.024456065 -0.199841186 0.358528823 -0.075912990 -0.052875914 -0.064269371 0.993635178
1311867288.785509 -0.024579624 -0.202457115 0.359455198 -0.076545946 -0.052556161 -0.064934656 0.993560314
1311867288.819223 -0.023614952 -0.201054335 0.358899802 -0.075716354 -0.052174002 -0.064875729 0.993647873
1311867288.854331 -0.023669442 -0.200833812 0.358288467 -0.076350898 -0.051387317 -0.064442679 0.993668437
1311867288.885556 -0.024208566 -0.200384960 0.357700378 -0.076572992 -0.051072143 -0.064409241 0.993669808
1311867288.917612 -0.022929642 -0.199720591 0.357000977 -0.076068647 -0.050580934 -0.064358152 0.993736982
1311867288.954939 -0.026030267 -0.198085681 0.356307209 -0.076344937 -0.048939332 -0.064465560 0.993791044
1311867288.985592 -0.024692139 -0.201362252 0.358415008 -0.078164250 -0.049935337 -0.063336685 0.993672609
1311867289.017656 -0.023760164 -0.200190410 0.357206434 -0.077708907 -0.050242640 -0.063072316 0.993709743
1311867289.053512 -0.022379691 -0.201495856 0.356774718 -0.077817254 -0.049506415 -0.063363567 0.993719637
1311867289.085511 -0.024293175 -0.199698105 0.356420875 -0.077275008 -0.048018936 -0.063259847 0.993841588
1311867289.117543 -0.024550231 -0.199916258 0.357560486 -0.077696308 -0.048105605 -0.063226238 0.993806601
1311867289.154583 -0.024820736 -0.201280817 0.357735008 -0.077848725 -0.048102945 -0.062827043 0.993820131
1311867289.185640 -0.024226503 -0.201034516 0.357076943 -0.077325523 -0.048342008 -0.062208802 0.993888319
1311867289.218482 -0.023986209 -0.200145587 0.357199311 -0.077072591 -0.048318841 -0.062037729 0.993919790
1311867289.255039 -0.025064934 -0.200912297 0.358107805 -0.077302486 -0.048342612 -0.061511192 0.993933499
1311867289.285387 -0.023619270 -0.201061383 0.357517272 -0.076298960 -0.048995439 -0.061349366 0.993989050
1311867289.317629 -0.024315998 -0.200201705 0.357164443 -0.076003090 -0.048687465 -0.061226111 0.994034410
1311867289.353909 -0.024832668 -0.201391324 0.357271910 -0.076827541 -0.049413022 -0.060881391 0.993956387
1311867289.386185 -0.026300559 -0.201860949 0.357511461 -0.076358892 -0.050184790 -0.060822196 0.993957460
1311867289.417704 -0.024062121 -0.199800864 0.356819302 -0.076111987 -0.051399924 -0.060619887 0.993926704
1311867289.453606 -0.025467549 -0.200192422 0.357105345 -0.077410862 -0.050607026 -0.061804093 0.993794143
1311867289.485961 -0.027075667 -0.202399164 0.358034313 -0.077710018 -0.050448272 -0.063113943 0.993696511
1311867289.518318 -0.026207011 -0.197975323 0.357554406 -0.076796696 -0.050959583 -0.062957913 0.993751347
1311867289.554869 -0.027732017 -0.200194344 0.358487546 -0.079419002 -0.051161233 -0.063414395 0.993505776
1311867289.585613 -0.027664572 -0.201432019 0.359938085 -0.078937203 -0.051948432 -0.063957475 0.993468523
1311867289.617649 -0.027769068 -0.198068142 0.358657271 -0.077373050 -0.051486988 -0.064150468 0.993603170
1311867289.653639 -0.028924296 -0.197444424 0.358818263 -0.079038575 -0.051240791 -0.064542830 0.993459404
1311867289.685685 -0.028428331 -0.198437795 0.361172706 -0.080219954 -0.052303016 -0.065502442 0.993246496
1311867289.720426 -0.029020423 -0.195700854 0.360796124 -0.080090582 -0.052524924 -0.066472925 0.993180811
1311867289.756408 -0.029839829 -0.195961878 0.361138523 -0.082330413 -0.052729946 -0.067555860 0.992913663
1311867289.785568 -0.031807400 -0.198620588 0.362830818 -0.083966471 -0.052557535 -0.069258891 0.992668390
1311867289.824026 -0.032166962 -0.198014110 0.363091588 -0.082851999 -0.052896630 -0.069772258 0.992708087
1311867289.854176 -0.030666847 -0.195832551 0.363354087 -0.083332650 -0.053616591 -0.069003247 0.992682993
1311867289.885568 -0.032918032 -0.199238718 0.364411443 -0.085099608 -0.053003419 -0.069938466 0.992500544
1311867289.920046 -0.034342691 -0.198242128 0.364855468 -0.083902113 -0.052878600 -0.070982344 0.992535055
1311867289.953641 -0.034279250 -0.197178468 0.365095615 -0.084014095 -0.053412504 -0.070289657 0.992546260
1311867289.985528 -0.034586512 -0.199643731 0.367154390 -0.085325249 -0.054106776 -0.070531078 0.992379725
1311867290.020153 -0.035738580 -0.202700794 0.366360694 -0.084372006 -0.054067608 -0.070655257 0.992454469
1311867290.053575 -0.033787839 -0.199497879 0.366234004 -0.082517758 -0.053701174 -0.069424480 0.992717147
1311867290.085474 -0.035993122 -0.200991914 0.367591679 -0.083097063 -0.053181816 -0.068691634 0.992747724
1311867290.124880 -0.033968851 -0.202720657 0.366942167 -0.082545243 -0.053638380 -0.067472927 0.992852807
1311867290.153612 -0.032266613 -0.199687093 0.366713047 -0.081739552 -0.053395618 -0.066194400 0.993018568
1311867290.185638 -0.034954876 -0.200317785 0.367574871 -0.083293371 -0.052465416 -0.065559670 0.992981195
1311867290.222529 -0.034181766 -0.198850170 0.369825840 -0.082460374 -0.052998334 -0.064844862 0.993069351
1311867290.254027 -0.031872418 -0.198294878 0.368764907 -0.083283789 -0.053472079 -0.064666718 0.992986798
1311867290.286994 -0.034478866 -0.200767323 0.369892061 -0.084785305 -0.052514281 -0.064975999 0.992890716
1311867290.322046 -0.036454566 -0.201453924 0.370489597 -0.083942771 -0.052416787 -0.065097637 0.992959440
1311867290.354777 -0.033554256 -0.198675215 0.369975954 -0.083149269 -0.053190645 -0.064353257 0.993033528
1311867290.386415 -0.036294714 -0.200602621 0.370495379 -0.084134139 -0.052491426 -0.064492464 0.992978752
1311867290.421620 -0.037681259 -0.201168984 0.369742662 -0.083012544 -0.053064059 -0.065166384 0.992998779
1311867290.457663 -0.036035266 -0.198110253 0.369436055 -0.082221925 -0.053804029 -0.064836338 0.993046343
1311867290.485984 -0.037228223 -0.199535474 0.370208055 -0.082960397 -0.053593159 -0.065243445 0.992969692
1311867290.522328 -0.038128711 -0.202170163 0.368802845 -0.082241945 -0.053339779 -0.066296384 0.992973328
1311867290.553706 -0.037852153 -0.197543308 0.368952781 -0.080777504 -0.053056177 -0.065902539 0.993134916
1311867290.585554 -0.039357696 -0.200337484 0.368552357 -0.082270809 -0.053279124 -0.066016398 0.992992818
1311867290.620155 -0.037894458 -0.199390188 0.367960960 -0.081273228 -0.054171819 -0.065800808 0.993040979
1311867290.653602 -0.036992628 -0.196982697 0.367354780 -0.080987930 -0.054059796 -0.065725088 0.993075430
1311867290.685718 -0.038445789 -0.199315250 0.367958367 -0.082748443 -0.053832788 -0.066059805 0.992920399
1311867290.725606 -0.038833633 -0.200947210 0.367391080 -0.082230955 -0.053719517 -0.066109158 0.992966235
1311867290.753974 -0.037388779 -0.198093161 0.367044836 -0.080949247 -0.053864785 -0.065377384 0.993112087
1311867290.786574 -0.036926102 -0.200365171 0.366294652 -0.082263790 -0.054274414 -0.065077975 0.993001461
1311867290.823128 -0.037407879 -0.202134535 0.365872532 -0.081556909 -0.054282159 -0.065799192 0.993011773
1311867290.855586 -0.034522403 -0.200331897 0.365634859 -0.080523714 -0.055096459 -0.065189011 0.993091524
1311867290.887678 -0.034982115 -0.200332507 0.364845455 -0.080681875 -0.055090889 -0.065269113 0.993073761
1311867290.922693 -0.033233136 -0.201786473 0.365525901 -0.080856837 -0.055736866 -0.065189555 0.993028700
1311867290.953711 -0.033658437 -0.201911852 0.364082456 -0.080055669 -0.054879948 -0.065496214 0.993121088
1311867290.990676 -0.032296181 -0.201500922 0.363912612 -0.079888768 -0.055313021 -0.065285943 0.993124425
1311867291.023910 -0.032607153 -0.203563571 0.364031404 -0.080496848 -0.055115946 -0.065890513 0.993046343
1311867291.055820 -0.031657659 -0.202805609 0.362047613 -0.079093330 -0.055025533 -0.065690026 0.993177354
1311867291.090338 -0.031697035 -0.201281264 0.362071663 -0.079322755 -0.054363362 -0.065790303 0.993188918
1311867291.120272 -0.031870574 -0.203587085 0.362894833 -0.080157600 -0.054464579 -0.065657370 0.993125141
1311867291.154182 -0.030992262 -0.202450559 0.361462027 -0.078891836 -0.055016495 -0.065869197 0.993182063
1311867291.189179 -0.028422624 -0.201964498 0.360056132 -0.079354554 -0.055292021 -0.065482378 0.993155479
1311867291.221074 -0.029779555 -0.203844607 0.361400008 -0.079616971 -0.055188108 -0.065259591 0.993154943
1311867291.254380 -0.027797218 -0.201942235 0.360617191 -0.078687318 -0.056383964 -0.064860165 0.993187964
1311867291.287791 -0.028849555 -0.202243149 0.360053927 -0.079380214 -0.056163192 -0.064785101 0.993150234
1311867291.321060 -0.027237153 -0.204184160 0.360298783 -0.079414085 -0.056901202 -0.065145448 0.993081987
1311867291.354784 -0.026708117 -0.203185633 0.358665943 -0.078201711 -0.057187930 -0.065268025 0.993153632
1311867291.387834 -0.027436115 -0.201843545 0.358590215 -0.077976912 -0.057457376 -0.065198995 0.993160307
1311867291.422316 -0.027859716 -0.204331875 0.357668072 -0.078210488 -0.057986859 -0.065567732 0.993086934
1311867291.453656 -0.025832212 -0.203859925 0.357754767 -0.077078663 -0.058379717 -0.065583967 0.993151307
1311867291.488381 -0.025796067 -0.202001423 0.357172430 -0.076867320 -0.058559027 -0.064650595 0.993218303
1311867291.520140 -0.026153473 -0.203070968 0.356906533 -0.077349365 -0.059176285 -0.065505907 0.993088245
1311867291.553645 -0.024313575 -0.202212065 0.356520236 -0.076562740 -0.059787389 -0.065585986 0.993107319
1311867291.589498 -0.024560990 -0.203069091 0.356338888 -0.077466324 -0.059846543 -0.065880254 0.993014216
1311867291.620673 -0.025746915 -0.204379335 0.356629044 -0.077525407 -0.059779800 -0.066259161 0.992988408
1311867291.653970 -0.024527222 -0.203255653 0.355835974 -0.076088190 -0.060914643 -0.066200390 0.993034542
1311867291.689647 -0.024065757 -0.202618212 0.355174541 -0.076184891 -0.060837857 -0.066149861 0.993035138
1311867291.720251 -0.025995776 -0.204384714 0.354815513 -0.076079920 -0.060078889 -0.066607349 0.993058920
1311867291.753718 -0.026418563 -0.202991605 0.354191929 -0.074725635 -0.060822926 -0.065830193 0.993168175
1311867291.788985 -0.024497652 -0.201925620 0.353963107 -0.074659944 -0.061658598 -0.065776467 0.993125200
1311867291.821719 -0.024122197 -0.204307154 0.354710072 -0.074967913 -0.061409250 -0.065907717 0.993108749
1311867291.853864 -0.024643980 -0.203926533 0.353002608 -0.074258737 -0.060362540 -0.066059522 0.993216097
1311867291.887943 -0.023269251 -0.203561813 0.354577988 -0.074591190 -0.060171206 -0.065523855 0.993238270
1311867291.920685 -0.022788202 -0.204246908 0.354386717 -0.074389853 -0.060035251 -0.065584280 0.993257582
1311867291.953720 -0.020537665 -0.203678817 0.355286092 -0.074485317 -0.060053296 -0.065808527 0.993234575
1311867291.990091 -0.021466143 -0.204925179 0.355243146 -0.074868523 -0.058589876 -0.065029345 0.993344426
1311867292.022520 -0.022136638 -0.203435943 0.355458558 -0.074254893 -0.057849675 -0.064461589 0.993470907
1311867292.053683 -0.020993399 -0.204529434 0.355506897 -0.074674875 -0.057782717 -0.064487152 0.993441641
1311867292.092254 -0.022505313 -0.204833925 0.355592519 -0.074702606 -0.056748848 -0.064659640 0.993487954
1311867292.124382 -0.021617206 -0.203667283 0.356311589 -0.074590914 -0.057141121 -0.064007610 0.993516088
1311867292.160249 -0.021620709 -0.203502759 0.356973171 -0.075516954 -0.057409748 -0.063738711 0.993447900
1311867292.189973 -0.020775793 -0.203410015 0.356974214 -0.075686142 -0.057414517 -0.063360237 0.993458986
1311867292.220732 -0.021961140 -0.203105912 0.357079834 -0.075496495 -0.056971930 -0.063747801 0.993474066
1311867292.257685 -0.023192696 -0.202998966 0.357916534 -0.075561412 -0.056954212 -0.063951276 0.993457139
1311867292.287816 -0.023794262 -0.203566343 0.358529150 -0.075852610 -0.057199232 -0.063641056 0.993440688
1311867292.321387 -0.023429777 -0.203191072 0.358603507 -0.075411282 -0.057537869 -0.064066775 0.993427396
1311867292.362160 -0.023675280 -0.204153329 0.358873546 -0.075807139 -0.057580557 -0.064277418 0.993381262
1311867292.395350 -0.024425467 -0.203747854 0.359196216 -0.075382456 -0.057712313 -0.064181343 0.993412137
1311867292.425930 -0.023683803 -0.206378967 0.358800977 -0.076028802 -0.058630656 -0.064496681 0.993288636
1311867292.456448 -0.024341701 -0.206161723 0.358270347 -0.075562358 -0.058176797 -0.064884119 0.993325710
1311867292.488351 -0.023905484 -0.205827877 0.358337224 -0.075058736 -0.058629278 -0.064971559 0.993331552
1311867292.522883 -0.024826044 -0.206214696 0.358696193 -0.074699037 -0.058742791 -0.064907894 0.993356109
1311867292.558104 -0.024435721 -0.205098584 0.357473433 -0.074891023 -0.059066072 -0.064725935 0.993334413
1311867292.588222 -0.025485056 -0.204979569 0.358533561 -0.075211093 -0.058883049 -0.065169729 0.993292034
1311867292.623076 -0.024677323 -0.203965351 0.358962327 -0.075136542 -0.059081957 -0.064731367 0.993314505
1311867292.659508 -0.025033783 -0.204351515 0.360502779 -0.076291792 -0.058727488 -0.064592704 0.993256509
1311867292.688015 -0.025993507 -0.206842840 0.360269606 -0.076492168 -0.058492303 -0.065051861 0.993225038
1311867292.720644 -0.023881463 -0.205040231 0.359771401 -0.075296514 -0.059033412 -0.064384855 0.993327796
1311867292.756178 -0.022890711 -0.205664083 0.359897882 -0.076370224 -0.058407031 -0.063881926 0.993315339
